solid Dabo_109085Per
facet normal -0.5528754471014158 -0.22905541627977016 0.8011631271253756
  outer loop
    vertex 0.20101595973951605 0.7499834031821672 1.8499699957429174
    vertex 1.355246396073086 1.461170675564947 2.8498198533172263
    vertex 0.051165326679210706 1.111754835491271 1.8499923224368464
  endloop
endfacet
facet normal -0.5528754471014158 -0.22905541627977016 0.8011631271253756
  outer loop
    vertex 1.355246396073086 1.461170675564947 2.8498198533172263
    vertex 0.20101595973951605 0.7499834031821672 1.8499699957429174
    vertex 1.370231461026659 1.4249935323340381 2.8498291827308058
  endloop
endfacet
facet normal 0.3644376861893073 0.47484358299210494 0.8010672534664015
  outer loop
    vertex 1.606201304270785 1.6060595494934433 2.8499287283118604
    vertex 2.2500540596556298 2.7990215086485932 1.8498610974718201
    vertex 1.5751352844587274 1.6298973428806809 2.849912615031439
  endloop
endfacet
facet normal 0.3644376861893073 0.47484358299210494 0.8010672534664015
  outer loop
    vertex 2.2500540596556298 2.7990215086485932 1.8498610974718201
    vertex 1.606201304270785 1.6060595494934433 2.8499287283118604
    vertex 2.5607142302665675 2.5606435747762135 1.8498291740094734
  endloop
endfacet
facet normal 0.5530616331793157 0.22903872716518717 0.8010393819055209
  outer loop
    vertex 1.6450241647943058 1.538816389087738 2.849951227832967
    vertex 2.7990921631977472 2.2499834030282684 1.8498010920621846
    vertex 1.6300390998407357 1.5749935323186466 2.8499418984193916
  endloop
endfacet
facet normal 0.5530616331793157 0.22903872716518717 0.8010393819055209
  outer loop
    vertex 2.7990921631977472 2.2499834030282684 1.8498010920621846
    vertex 1.6450241647943058 1.538816389087738 2.849951227832967
    vertex 2.9489427962580432 1.8882119707191676 1.849778765368254
  endloop
endfacet
facet normal -0.36428485250181925 -0.4748461251102363 0.8011352593073916
  outer loop
    vertex 0.7500540632816314 0.20094529756184148 1.8499099903332805
    vertex 1.3940692565966073 1.3939275151592445 2.849842352838334
    vertex 0.4393938926706872 0.4393232314342216 1.8499419137956286
  endloop
endfacet
facet normal -0.36428485250181925 -0.4748461251102363 0.8011352593073916
  outer loop
    vertex 1.3940692565966073 1.3939275151592445 2.849842352838334
    vertex 0.7500540632816314 0.20094529756184148 1.8499099903332805
    vertex 1.4251352764086618 1.370089721772004 2.8498584661187545
  endloop
endfacet
facet normal -0.00047026786754685533 6.309005586637441e-05 0.9999998874338825
  outer loop
    vertex 1.355246396073086 1.461170675564947 2.8498198533172263
    vertex 1.355246395106235 1.538816389087738 2.849814954643815
    vertex 1.3501352691484834 1.4999935323263425 2.8498150003817195
  endloop
endfacet
facet normal -0.00047026786754685533 6.309005586637441e-05 0.9999998874338825
  outer loop
    vertex 1.355246395106235 1.538816389087738 2.849814954643815
    vertex 1.355246396073086 1.461170675564947 2.8498198533172263
    vertex 1.3702314591588458 1.5749935323186466 2.849819719220481
  endloop
endfacet
facet normal -0.00047026786754685533 6.309005586637441e-05 0.9999998874338825
  outer loop
    vertex 1.3702314591588458 1.5749935323186466 2.849819719220481
    vertex 1.355246396073086 1.461170675564947 2.8498198533172263
    vertex 1.370231461026659 1.4249935323340381 2.8498291827308058
  endloop
endfacet
facet normal -0.00047026786754685533 6.309005586637441e-05 0.9999998874338825
  outer loop
    vertex 1.3702314591588458 1.5749935323186466 2.849819719220481
    vertex 1.370231461026659 1.4249935323340381 2.8498291827308058
    vertex 1.394069253955122 1.6060595494934433 2.8498289694136885
  endloop
endfacet
facet normal -0.00047026786754685533 6.309005586637441e-05 0.9999998874338825
  outer loop
    vertex 1.394069253955122 1.6060595494934433 2.8498289694136885
    vertex 1.370231461026659 1.4249935323340381 2.8498291827308058
    vertex 1.3940692565966073 1.3939275151592445 2.849842352838334
  endloop
endfacet
facet normal -0.00047026786754685533 6.309005586637441e-05 0.9999998874338825
  outer loop
    vertex 1.394069253955122 1.6060595494934433 2.8498289694136885
    vertex 1.3940692565966073 1.3939275151592445 2.849842352838334
    vertex 1.4251352731735172 1.6298973428806809 2.849842074838059
  endloop
endfacet
facet normal -0.00047026786754685533 6.309005586637441e-05 0.9999998874338825
  outer loop
    vertex 1.4251352731735172 1.6298973428806809 2.849842074838059
    vertex 1.3940692565966073 1.3939275151592445 2.849842352838334
    vertex 1.4251352764086618 1.370089721772004 2.8498584661187545
  endloop
endfacet
facet normal -0.00047026786754685533 6.309005586637441e-05 0.9999998874338825
  outer loop
    vertex 1.4251352731735172 1.6298973428806809 2.849842074838059
    vertex 1.4251352764086618 1.370089721772004 2.8498584661187545
    vertex 1.461312418943327 1.6448824062548388 2.849858142380576
  endloop
endfacet
facet normal -0.00047026786754685533 6.309005586637441e-05 0.9999998874338825
  outer loop
    vertex 1.461312418943327 1.6448824062548388 2.849858142380576
    vertex 1.4251352764086618 1.370089721772004 2.8498584661187545
    vertex 1.4613124225516603 1.355104658397849 2.849876424478633
  endloop
endfacet
facet normal -0.00047026786754685533 6.309005586637441e-05 0.9999998874338825
  outer loop
    vertex 1.461312418943327 1.6448824062548388 2.849858142380576
    vertex 1.4613124225516603 1.355104658397849 2.849876424478633
    vertex 1.500135278565883 1.6499935323109538 2.849876077064776
  endloop
endfacet
facet normal -0.00047026786754685533 6.309005586637441e-05 0.9999998874338825
  outer loop
    vertex 1.500135278565883 1.6499935323109538 2.849876077064776
    vertex 1.4613124225516603 1.355104658397849 2.849876424478633
    vertex 1.5001352823015068 1.349993532341734 2.84989500408542
  endloop
endfacet
facet normal -0.00047026786754685533 6.309005586637441e-05 0.9999998874338825
  outer loop
    vertex 1.500135278565883 1.6499935323109538 2.849876077064776
    vertex 1.5001352823015068 1.349993532341734 2.84989500408542
    vertex 1.538958138315738 1.6448824062548388 2.849894656671559
  endloop
endfacet
facet normal -0.00047026786754685533 6.309005586637441e-05 0.9999998874338825
  outer loop
    vertex 1.538958138315738 1.6448824062548388 2.849894656671559
    vertex 1.5001352823015068 1.349993532341734 2.84989500408542
    vertex 1.5389581419240685 1.355104658397849 2.8499129387696143
  endloop
endfacet
facet normal -0.00047026786754685533 6.309005586637441e-05 0.9999998874338825
  outer loop
    vertex 1.538958138315738 1.6448824062548388 2.849894656671559
    vertex 1.5389581419240685 1.355104658397849 2.8499129387696143
    vertex 1.5751352844587274 1.6298973428806809 2.849912615031439
  endloop
endfacet
facet normal -0.00047026786754685533 6.309005586637441e-05 0.9999998874338825
  outer loop
    vertex 1.5751352844587274 1.6298973428806809 2.849912615031439
    vertex 1.5389581419240685 1.355104658397849 2.8499129387696143
    vertex 1.575135287693872 1.370089721772004 2.8499290063121356
  endloop
endfacet
facet normal -0.00047026786754685533 6.309005586637441e-05 0.9999998874338825
  outer loop
    vertex 1.5751352844587274 1.6298973428806809 2.849912615031439
    vertex 1.575135287693872 1.370089721772004 2.8499290063121356
    vertex 1.606201304270785 1.6060595494934433 2.8499287283118604
  endloop
endfacet
facet normal -0.00047026786754685533 6.309005586637441e-05 0.9999998874338825
  outer loop
    vertex 1.606201304270785 1.6060595494934433 2.8499287283118604
    vertex 1.575135287693872 1.370089721772004 2.8499290063121356
    vertex 1.6062013069122674 1.3939275151592445 2.849942111736505
  endloop
endfacet
facet normal -0.00047026786754685533 6.309005586637441e-05 0.9999998874338825
  outer loop
    vertex 1.606201304270785 1.6060595494934433 2.8499287283118604
    vertex 1.6062013069122674 1.3939275151592445 2.849942111736505
    vertex 1.6300390998407357 1.5749935323186466 2.8499418984193916
  endloop
endfacet
facet normal -0.00047026786754685533 6.309005586637441e-05 0.9999998874338825
  outer loop
    vertex 1.6300390998407357 1.5749935323186466 2.8499418984193916
    vertex 1.6062013069122674 1.3939275151592445 2.849942111736505
    vertex 1.630039101708546 1.4249935323340381 2.8499513619297163
  endloop
endfacet
facet normal -0.00047026786754685533 6.309005586637441e-05 0.9999998874338825
  outer loop
    vertex 1.6300390998407357 1.5749935323186466 2.8499418984193916
    vertex 1.630039101708546 1.4249935323340381 2.8499513619297163
    vertex 1.6450241647943058 1.538816389087738 2.849951227832967
  endloop
endfacet
facet normal -0.00047026786754685533 6.309005586637441e-05 0.9999998874338825
  outer loop
    vertex 1.6450241647943058 1.538816389087738 2.849951227832967
    vertex 1.630039101708546 1.4249935323340381 2.8499513619297163
    vertex 1.6450241657611568 1.461170675564947 2.8499561265063784
  endloop
endfacet
facet normal -0.00047026786754685533 6.309005586637441e-05 0.9999998874338825
  outer loop
    vertex 1.6450241647943058 1.538816389087738 2.849951227832967
    vertex 1.6450241657611568 1.461170675564947 2.8499561265063784
    vertex 1.6501352917189056 1.4999935323263425 2.849956080768476
  endloop
endfacet
facet normal -0.36428971189025033 0.47480892550985754 0.8011550973857016
  outer loop
    vertex 1.394069253955122 1.6060595494934433 2.8498289694136885
    vertex 0.7500540646799682 2.7990215086485932 1.849982925919398
    vertex 0.43939389381242394 2.5606435747762135 1.8500014654523194
  endloop
endfacet
facet normal -0.36428971189025033 0.47480892550985754 0.8011550973857016
  outer loop
    vertex 0.7500540646799682 2.7990215086485932 1.849982925919398
    vertex 1.394069253955122 1.6060595494934433 2.8498289694136885
    vertex 1.4251352731735172 1.6298973428806809 2.849842074838059
  endloop
endfacet
facet normal 0.0781856435274817 0.5933961646457189 0.8011042359955068
  outer loop
    vertex 1.500135278565883 1.6499935323109538 2.849876077064776
    vertex 1.8882826286018382 2.9488721423901625 1.849894686918022
    vertex 1.5000540622759622 2.9999834029513153 1.849927653282827
  endloop
endfacet
facet normal 0.0781856435274817 0.5933961646457189 0.8011042359955068
  outer loop
    vertex 1.8882826286018382 2.9488721423901625 1.849894686918022
    vertex 1.500135278565883 1.6499935323109538 2.849876077064776
    vertex 1.538958138315738 1.6448824062548388 2.849894656671559
  endloop
endfacet
facet normal 0.22911479344941293 0.5529637578669088 0.8010851976589878
  outer loop
    vertex 1.5751352844587274 1.6298973428806809 2.849912615031439
    vertex 1.8882826286018382 2.9488721423901625 1.849894686918022
    vertex 1.538958138315738 1.6448824062548388 2.849894656671559
  endloop
endfacet
facet normal 0.22911479344941293 0.5529637578669088 0.8010851976589878
  outer loop
    vertex 1.8882826286018382 2.9488721423901625 1.849894686918022
    vertex 1.5751352844587274 1.6298973428806809 2.849912615031439
    vertex 2.2500540596556298 2.7990215086485932 1.8498610974718201
  endloop
endfacet
facet normal -0.22897934574420736 -0.5529733296471648 0.8011173172023452
  outer loop
    vertex 1.1118254943354178 0.05109466382027509 1.84987640088708
    vertex 1.4251352764086618 1.370089721772004 2.8498584661187545
    vertex 0.7500540632816314 0.20094529756184148 1.8499099903332805
  endloop
endfacet
facet normal -0.22897934574420736 -0.5529733296471648 0.8011173172023452
  outer loop
    vertex 1.4251352764086618 1.370089721772004 2.8498584661187545
    vertex 1.1118254943354178 0.05109466382027509 1.84987640088708
    vertex 1.4613124225516603 1.355104658397849 2.849876424478633
  endloop
endfacet
facet normal -0.5933117294472857 -0.07814072940582896 0.8011711540664679
  outer loop
    vertex 0.051165326679210706 1.111754835491271 1.8499923224368464
    vertex 1.3501352691484834 1.4999935323263425 2.8498150003817195
    vertex 5.4066492969939006e-05 1.4999834031052188 1.8500073723501254
  endloop
endfacet
facet normal -0.5933117294472857 -0.07814072940582896 0.8011711540664679
  outer loop
    vertex 1.3501352691484834 1.4999935323263425 2.8498150003817195
    vertex 0.051165326679210706 1.111754835491271 1.8499923224368464
    vertex 1.355246396073086 1.461170675564947 2.8498198533172263
  endloop
endfacet
facet normal 0.9914448610516208 -0.1305261918426071 -2.7155104244155293e-05
  outer loop
    vertex 2.9488937245704245 1.1117669471232914 -7.326668986269158e-05
    vertex 3.0000540564442897 1.4999834031052188 1.849763715454975
    vertex 2.9489427958401357 1.111754835491271 1.8497569679490684
  endloop
endfacet
facet normal 0.9914448610516208 -0.1305261918426071 -2.7155104244155293e-05
  outer loop
    vertex 3.0000540564442897 1.4999834031052188 1.849763715454975
    vertex 2.9488937245704245 1.1117669471232914 -7.326668986269158e-05
    vertex 3.0000049850924504 1.4999955147372364 -7.029320829991247e-05
  endloop
endfacet
facet normal 0.608761429245837 0.7933533400336542 -1.0954964915344837e-05
  outer loop
    vertex 2.250004985037006 2.799033620280611 -5.115994389879308e-05
    vertex 2.5607142302665675 2.5606435747762135 1.8498291740094734
    vertex 2.5606651568095216 2.560655686408231 -5.639632682868378e-05
  endloop
endfacet
facet normal 0.608761429245837 0.7933533400336542 -1.0954964915344837e-05
  outer loop
    vertex 2.5607142302665675 2.5606435747762135 1.8498291740094734
    vertex 2.250004985037006 2.799033620280611 -5.115994389879308e-05
    vertex 2.2500540596556298 2.7990215086485932 1.8498610974718201
  endloop
endfacet
facet normal 0.5935036422298597 -0.07815001175210214 0.8010280908451569
  outer loop
    vertex 2.9489427958401357 1.111754835491271 1.8497569679490684
    vertex 1.6501352917189056 1.4999935323263425 2.849956080768476
    vertex 1.6450241657611568 1.461170675564947 2.8499561265063784
  endloop
endfacet
facet normal 0.5935036422298597 -0.07815001175210214 0.8010280908451569
  outer loop
    vertex 1.6501352917189056 1.4999935323263425 2.849956080768476
    vertex 2.9489427958401357 1.111754835491271 1.8497569679490684
    vertex 3.0000540564442897 1.4999834031052188 1.849763715454975
  endloop
endfacet
facet normal -0.13052619257433012 -0.9914448613225437 -3.028403098795415e-06
  outer loop
    vertex 1.5000540606613002 -1.6596740880224502e-05 1.849843434522275
    vertex 1.1117764177757459 0.05110677545229268 -6.446428886204003e-05
    vertex 1.5000049853954769 -4.4851088626271515e-06 -6.87940026670747e-05
  endloop
endfacet
facet normal -0.13052619257433012 -0.9914448613225437 -3.028403098795415e-06
  outer loop
    vertex 1.1117764177757459 0.05110677545229268 -6.446428886204003e-05
    vertex 1.5000540606613002 -1.6596740880224502e-05 1.849843434522275
    vertex 1.1118254943354178 0.05109466382027509 1.84987640088708
  endloop
endfacet
facet normal -0.5933130316149383 0.07809736512198172 0.8011744180120176
  outer loop
    vertex 1.3501352691484834 1.4999935323263425 2.8498150003817195
    vertex 0.05116532709711564 1.8882119707191676 1.8500141198560336
    vertex 5.4066492969939006e-05 1.4999834031052188 1.8500073723501254
  endloop
endfacet
facet normal -0.5933130316149383 0.07809736512198172 0.8011744180120176
  outer loop
    vertex 0.05116532709711564 1.8882119707191676 1.8500141198560336
    vertex 1.3501352691484834 1.4999935323263425 2.8498150003817195
    vertex 1.355246395106235 1.538816389087738 2.849814954643815
  endloop
endfacet
facet normal -0.9238795323188096 0.38268343187619686 2.701543729864678e-05
  outer loop
    vertex 0.20101596054684426 2.2499834030282657 1.8500121051231941
    vertex 0.051116245917515186 1.888224082351185 -3.740576685326846e-05
    vertex 0.05116532709711564 1.8882119707191676 1.8500141198560336
  endloop
endfacet
facet normal -0.9238795323188096 0.38268343187619686 2.701543729864678e-05
  outer loop
    vertex 0.051116245917515186 1.888224082351185 -3.740576685326846e-05
    vertex 0.20101596054684426 2.2499834030282657 1.8500121051231941
    vertex 0.20096687962278634 2.249995514660283 -3.56542166103313e-05
  endloop
endfacet
facet normal 0.36443282311857395 -0.47488077753422664 0.8010474171747354
  outer loop
    vertex 2.250054058257293 0.20094529756184432 1.849788161885704
    vertex 1.6062013069122674 1.3939275151592445 2.849942111736505
    vertex 1.575135287693872 1.370089721772004 2.8499290063121356
  endloop
endfacet
facet normal 0.36443282311857395 -0.47488077753422664 0.8010474171747354
  outer loop
    vertex 1.6062013069122674 1.3939275151592445 2.849942111736505
    vertex 2.250054058257293 0.20094529756184432 1.849788161885704
    vertex 2.5607142291248364 0.4393232314342244 1.8497696223527824
  endloop
endfacet
facet normal 0.3826834322909183 -0.9238795323999655 -1.6200726100776727e-05
  outer loop
    vertex 2.250054058257293 0.20094529756184432 1.849788161885704
    vertex 1.8882335530048773 0.05110677545229268 -7.22065913930453e-05
    vertex 2.2500049852994204 0.2009574091938619 -7.446949276050939e-05
  endloop
endfacet
facet normal 0.3826834322909183 -0.9238795323999655 -1.6200726100776727e-05
  outer loop
    vertex 1.8882335530048773 0.05110677545229268 -7.22065913930453e-05
    vertex 2.250054058257293 0.20094529756184432 1.849788161885704
    vertex 1.8882826270421935 0.05109466382027509 1.8498133378421453
  endloop
endfacet
facet normal -0.7933533402369389 0.6087614285648039 2.5032607464037284e-05
  outer loop
    vertex 0.43939389381242394 2.5606435747762135 1.8500014654523194
    vertex 0.20096687962278634 2.249995514660283 -3.56542166103313e-05
    vertex 0.20101596054684426 2.2499834030282657 1.8500121051231941
  endloop
endfacet
facet normal -0.7933533402369389 0.6087614285648039 2.5032607464037284e-05
  outer loop
    vertex 0.20096687962278634 2.249995514660283 -3.56542166103313e-05
    vertex 0.43939389381242394 2.5606435747762135 1.8500014654523194
    vertex 0.4393448134641693 2.560655686408231 -3.5243962942343994e-05
  endloop
endfacet
facet normal 0.22911123287659993 -0.5529986971450513 0.8010620974216919
  outer loop
    vertex 1.8882826270421935 0.05109466382027509 1.8498133378421453
    vertex 1.575135287693872 1.370089721772004 2.8499290063121356
    vertex 1.5389581419240685 1.355104658397849 2.8499129387696143
  endloop
endfacet
facet normal 0.22911123287659993 -0.5529986971450513 0.8010620974216919
  outer loop
    vertex 1.575135287693872 1.370089721772004 2.8499290063121356
    vertex 1.8882826270421935 0.05109466382027509 1.8498133378421453
    vertex 2.250054058257293 0.20094529756184432 1.849788161885704
  endloop
endfacet
facet normal -0.0780617376935219 -0.5934205172831549 0.8010982803474619
  outer loop
    vertex 1.5000540606613002 -1.6596740880224502e-05 1.849843434522275
    vertex 1.4613124225516603 1.355104658397849 2.849876424478633
    vertex 1.1118254943354178 0.05109466382027509 1.84987640088708
  endloop
endfacet
facet normal -0.0780617376935219 -0.5934205172831549 0.8010982803474619
  outer loop
    vertex 1.4613124225516603 1.355104658397849 2.849876424478633
    vertex 1.5000540606613002 -1.6596740880224502e-05 1.849843434522275
    vertex 1.5001352823015068 1.349993532341734 2.84989500408542
  endloop
endfacet
facet normal 0.793353340236972 -0.6087614285648035 -2.5031566596711767e-05
  outer loop
    vertex 2.5606651570237826 0.439335343066242 -7.542849377608351e-05
    vertex 2.799092162390413 0.7499834031821728 1.8497589826819079
    vertex 2.5607142291248364 0.4393232314342244 1.8497696223527824
  endloop
endfacet
facet normal 0.793353340236972 -0.6087614285648035 -2.5031566596711767e-05
  outer loop
    vertex 2.799092162390413 0.7499834031821728 1.8497589826819079
    vertex 2.5606651570237826 0.439335343066242 -7.542849377608351e-05
    vertex 2.7990430908651627 0.7499955148141904 -7.501824010739121e-05
  endloop
endfacet
facet normal 0.7933533402957378 0.608761428763803 -1.7060139666046218e-05
  outer loop
    vertex 2.7990430907136625 2.249995514660286 -6.156046579723906e-05
    vertex 2.5607142302665675 2.5606435747762135 1.8498291740094734
    vertex 2.7990921631977472 2.2499834030282684 1.8498010920621846
  endloop
endfacet
facet normal 0.7933533402957378 0.608761428763803 -1.7060139666046218e-05
  outer loop
    vertex 2.5607142302665675 2.5606435747762135 1.8498291740094734
    vertex 2.7990430907136625 2.249995514660286 -6.156046579723906e-05
    vertex 2.5606651568095216 2.560655686408231 -5.639632682868378e-05
  endloop
endfacet
facet normal 0.47492569049094374 -0.36439849770247273 0.8010364057793388
  outer loop
    vertex 2.5607142291248364 0.4393232314342244 1.8497696223527824
    vertex 1.630039101708546 1.4249935323340381 2.8499513619297163
    vertex 1.6062013069122674 1.3939275151592445 2.849942111736505
  endloop
endfacet
facet normal 0.47492569049094374 -0.36439849770247273 0.8010364057793388
  outer loop
    vertex 1.630039101708546 1.4249935323340381 2.8499513619297163
    vertex 2.5607142291248364 0.4393232314342244 1.8497696223527824
    vertex 2.799092162390413 0.7499834031821728 1.8497589826819079
  endloop
endfacet
facet normal -0.608761429005947 0.7933533400062526 2.1343875650710824e-05
  outer loop
    vertex 0.4393448134641693 2.560655686408231 -3.5243962942343994e-05
    vertex 0.7500540646799682 2.7990215086485932 1.849982925919398
    vertex 0.7500049851885265 2.799033620280611 -3.620296395509814e-05
  endloop
endfacet
facet normal -0.608761429005947 0.7933533400062526 2.1343875650710824e-05
  outer loop
    vertex 0.7500540646799682 2.7990215086485932 1.849982925919398
    vertex 0.4393448134641693 2.560655686408231 -3.5243962942343994e-05
    vertex 0.43939389381242394 2.5606435747762135 1.8500014654523194
  endloop
endfacet
facet normal 0.13052619199583831 -0.9914448613533621 -9.953810369627916e-06
  outer loop
    vertex 1.8882826270421935 0.05109466382027509 1.8498133378421453
    vertex 1.5000049853954769 -4.4851088626271515e-06 -6.87940026670747e-05
    vertex 1.8882335530048773 0.05110677545229268 -7.22065913930453e-05
  endloop
endfacet
facet normal 0.13052619199583831 -0.9914448613533621 -9.953810369627916e-06
  outer loop
    vertex 1.5000049853954769 -4.4851088626271515e-06 -6.87940026670747e-05
    vertex 1.8882826270421935 0.05109466382027509 1.8498133378421453
    vertex 1.5000540606613002 -1.6596740880224502e-05 1.849843434522275
  endloop
endfacet
facet normal 0.13052619257432008 0.9914448613225453 3.0283121568082447e-06
  outer loop
    vertex 1.5000049850924686 2.9999955145833326 -4.1878454049942834e-05
    vertex 1.8882826286018382 2.9488721423901625 1.849894686918022
    vertex 1.8882335527121987 2.9488842540221802 -4.62081678549775e-05
  endloop
endfacet
facet normal 0.13052619257432008 0.9914448613225453 3.0283121568082447e-06
  outer loop
    vertex 1.8882826286018382 2.9488721423901625 1.849894686918022
    vertex 1.5000049850924686 2.9999955145833326 -4.1878454049942834e-05
    vertex 1.5000540622759622 2.9999834029513153 1.849927653282827
  endloop
endfacet
facet normal 0.6087614290059584 -0.7933533400062551 -2.1343452113854715e-05
  outer loop
    vertex 2.5607142291248364 0.4393232314342244 1.8497696223527824
    vertex 2.2500049852994204 0.2009574091938619 -7.446949276050939e-05
    vertex 2.5606651570237826 0.439335343066242 -7.542849377608351e-05
  endloop
endfacet
facet normal 0.6087614290059584 -0.7933533400062551 -2.1343452113854715e-05
  outer loop
    vertex 2.2500049852994204 0.2009574091938619 -7.446949276050939e-05
    vertex 2.5607142291248364 0.4393232314342244 1.8497696223527824
    vertex 2.250054058257293 0.20094529756184432 1.849788161885704
  endloop
endfacet
facet normal -0.5528790046676866 0.22901335465400655 0.8011726964817178
  outer loop
    vertex 1.355246395106235 1.538816389087738 2.849814954643815
    vertex 0.20101596054684426 2.2499834030282657 1.8500121051231941
    vertex 0.05116532709711564 1.8882119707191676 1.8500141198560336
  endloop
endfacet
facet normal -0.5528790046676866 0.22901335465400655 0.8011726964817178
  outer loop
    vertex 0.20101596054684426 2.2499834030282657 1.8500121051231941
    vertex 1.355246395106235 1.538816389087738 2.849814954643815
    vertex 1.3702314591588458 1.5749935323186466 2.849819719220481
  endloop
endfacet
facet normal 0.4749305533145828 0.36435869856587166 0.8010516264933796
  outer loop
    vertex 1.6300390998407357 1.5749935323186466 2.8499418984193916
    vertex 2.5607142302665675 2.5606435747762135 1.8498291740094734
    vertex 1.606201304270785 1.6060595494934433 2.8499287283118604
  endloop
endfacet
facet normal 0.4749305533145828 0.36435869856587166 0.8010516264933796
  outer loop
    vertex 2.5607142302665675 2.5606435747762135 1.8498291740094734
    vertex 1.6300390998407357 1.5749935323186466 2.8499418984193916
    vertex 2.7990921631977472 2.2499834030282684 1.8498010920621846
  endloop
endfacet
facet normal 0.9914448610275299 0.13052619236998933 -2.5445915051852546e-05
  outer loop
    vertex 3.0000049850924504 1.4999955147372364 -7.029320829991247e-05
    vertex 2.9489427962580432 1.8882119707191676 1.849778765368254
    vertex 3.0000540564442897 1.4999834031052188 1.849763715454975
  endloop
endfacet
facet normal 0.9914448610275299 0.13052619236998933 -2.5445915051852546e-05
  outer loop
    vertex 2.9489427962580432 1.8882119707191676 1.849778765368254
    vertex 3.0000049850924504 1.4999955147372364 -7.029320829991247e-05
    vertex 2.9488937244920015 1.888224082351185 -6.630043327096602e-05
  endloop
endfacet
facet normal 0.9238795323188583 -0.38268343187619563 -2.7013792322647637e-05
  outer loop
    vertex 2.7990430908651627 0.7499955148141904 -7.501824010739121e-05
    vertex 2.9489427958401357 1.111754835491271 1.8497569679490684
    vertex 2.799092162390413 0.7499834031821728 1.8497589826819079
  endloop
endfacet
facet normal 0.9238795323188583 -0.38268343187619563 -2.7013792322647637e-05
  outer loop
    vertex 2.9489427958401357 1.111754835491271 1.8497569679490684
    vertex 2.7990430908651627 0.7499955148141904 -7.501824010739121e-05
    vertex 2.9488937245704245 1.1117669471232914 -7.326668986269158e-05
  endloop
endfacet
facet normal 0.07818433906743175 -0.5934298024545049 0.801079445924932
  outer loop
    vertex 1.8882826270421935 0.05109466382027509 1.8498133378421453
    vertex 1.5001352823015068 1.349993532341734 2.84989500408542
    vertex 1.5000540606613002 -1.6596740880224502e-05 1.849843434522275
  endloop
endfacet
facet normal 0.07818433906743175 -0.5934298024545049 0.801079445924932
  outer loop
    vertex 1.5001352823015068 1.349993532341734 2.84989500408542
    vertex 1.8882826270421935 0.05109466382027509 1.8498133378421453
    vertex 1.5389581419240685 1.355104658397849 2.8499129387696143
  endloop
endfacet
facet normal 0.5935049451872905 0.07810665430903625 0.8010313543119771
  outer loop
    vertex 1.6501352917189056 1.4999935323263425 2.849956080768476
    vertex 2.9489427962580432 1.8882119707191676 1.849778765368254
    vertex 1.6450241647943058 1.538816389087738 2.849951227832967
  endloop
endfacet
facet normal 0.5935049451872905 0.07810665430903625 0.8010313543119771
  outer loop
    vertex 2.9489427962580432 1.8882119707191676 1.849778765368254
    vertex 1.6501352917189056 1.4999935323263425 2.849956080768476
    vertex 3.0000540564442897 1.4999834031052188 1.849763715454975
  endloop
endfacet
facet normal -0.9914448610274684 -0.13052619237002497 2.5448128015815628e-05
  outer loop
    vertex 5.4066492969939006e-05 1.4999834031052188 1.8500073723501254
    vertex 0.051116245995938454 1.1117669471232885 -4.437202344569901e-05
    vertex 0.051165326679210706 1.111754835491271 1.8499923224368464
  endloop
endfacet
facet normal -0.9914448610274684 -0.13052619237002497 2.5448128015815628e-05
  outer loop
    vertex 0.051116245995938454 1.1117669471232885 -4.437202344569901e-05
    vertex 5.4066492969939006e-05 1.4999834031052188 1.8500073723501254
    vertex 4.98539549255092e-06 1.4999955147372364 -4.037924841781004e-05
  endloop
endfacet
facet normal 0.9238795322876059 0.38268343227257057 -2.200271704695856e-05
  outer loop
    vertex 2.9488937244920015 1.888224082351185 -6.630043327096602e-05
    vertex 2.7990921631977472 2.2499834030282684 1.8498010920621846
    vertex 2.9489427962580432 1.8882119707191676 1.849778765368254
  endloop
endfacet
facet normal 0.9238795322876059 0.38268343227257057 -2.200271704695856e-05
  outer loop
    vertex 2.7990921631977472 2.2499834030282684 1.8498010920621846
    vertex 2.9488937244920015 1.888224082351185 -6.630043327096602e-05
    vertex 2.7990430907136625 2.249995514660286 -6.156046579723906e-05
  endloop
endfacet
facet normal -0.6087614292457899 -0.7933533400336771 1.095590710032176e-05
  outer loop
    vertex 0.7500540632816314 0.20094529756184148 1.8499099903332805
    vertex 0.43934481367842476 0.43933534306623917 -5.427612988762875e-05
    vertex 0.7500049854509385 0.2009574091938619 -5.9512512817519456e-05
  endloop
endfacet
facet normal -0.6087614292457899 -0.7933533400336771 1.095590710032176e-05
  outer loop
    vertex 0.43934481367842476 0.43933534306623917 -5.427612988762875e-05
    vertex 0.7500540632816314 0.20094529756184148 1.8499099903332805
    vertex 0.4393938926706872 0.4393232314342216 1.8499419137956286
  endloop
endfacet
facet normal -0.7933533402956873 -0.6087614287638254 1.7061699183071403e-05
  outer loop
    vertex 0.20101595973951605 0.7499834031821672 1.8499699957429174
    vertex 0.43934481367842476 0.43933534306623917 -5.427612988762875e-05
    vertex 0.4393938926706872 0.4393232314342216 1.8499419137956286
  endloop
endfacet
facet normal -0.7933533402956873 -0.6087614287638254 1.7061699183071403e-05
  outer loop
    vertex 0.43934481367842476 0.43933534306623917 -5.427612988762875e-05
    vertex 0.20101595973951605 0.7499834031821672 1.8499699957429174
    vertex 0.20096687977428904 0.7499955148141876 -4.911199091907348e-05
  endloop
endfacet
facet normal -0.9238795322875292 -0.3826834322726395 2.2004741700021264e-05
  outer loop
    vertex 0.051165326679210706 1.111754835491271 1.8499923224368464
    vertex 0.20096687977428904 0.7499955148141876 -4.911199091907348e-05
    vertex 0.20101595973951605 0.7499834031821672 1.8499699957429174
  endloop
endfacet
facet normal -0.9238795322875292 -0.3826834322726395 2.2004741700021264e-05
  outer loop
    vertex 0.20096687977428904 0.7499955148141876 -4.911199091907348e-05
    vertex 0.051165326679210706 1.111754835491271 1.8499923224368464
    vertex 0.051116245995938454 1.1117669471232885 -4.437202344569901e-05
  endloop
endfacet
facet normal 0.3826834327349237 0.923879532348985 -4.103188682165703e-06
  outer loop
    vertex 1.8882335527121987 2.9488842540221802 -4.62081678549775e-05
    vertex 2.2500540596556298 2.7990215086485932 1.8498610974718201
    vertex 2.250004985037006 2.799033620280611 -5.115994389879308e-05
  endloop
endfacet
facet normal 0.3826834327349237 0.923879532348985 -4.103188682165703e-06
  outer loop
    vertex 2.2500540596556298 2.7990215086485932 1.8498610974718201
    vertex 1.8882335527121987 2.9488842540221802 -4.62081678549775e-05
    vertex 1.8882826286018382 2.9488721423901625 1.849894686918022
  endloop
endfacet
facet normal -0.38268343273490696 -0.9238795323489905 4.1035267571537925e-06
  outer loop
    vertex 1.1118254943354178 0.05109466382027509 1.84987640088708
    vertex 0.7500049854509385 0.2009574091938619 -5.9512512817519456e-05
    vertex 1.1117764177757459 0.05110677545229268 -6.446428886204003e-05
  endloop
endfacet
facet normal -0.38268343273490696 -0.9238795323489905 4.1035267571537925e-06
  outer loop
    vertex 0.7500049854509385 0.2009574091938619 -5.9512512817519456e-05
    vertex 1.1118254943354178 0.05109466382027509 1.84987640088708
    vertex 0.7500540632816314 0.20094529756184148 1.8499099903332805
  endloop
endfacet
facet normal -0.47475914809375364 -0.3643638458091787 0.8011508841463251
  outer loop
    vertex 0.4393938926706872 0.4393232314342216 1.8499419137956286
    vertex 1.370231461026659 1.4249935323340381 2.8498291827308058
    vertex 0.20101595973951605 0.7499834031821672 1.8499699957429174
  endloop
endfacet
facet normal -0.47475914809375364 -0.3643638458091787 0.8011508841463251
  outer loop
    vertex 1.370231461026659 1.4249935323340381 2.8498291827308058
    vertex 0.4393938926706872 0.4393232314342216 1.8499419137956286
    vertex 1.3940692565966073 1.3939275151592445 2.849842352838334
  endloop
endfacet
facet normal -0.3826834322909223 0.9238795323999647 1.6200684500048782e-05
  outer loop
    vertex 0.7500049851885265 2.799033620280611 -3.620296395509814e-05
    vertex 1.111825495895065 2.9488721423901625 1.8499577499629567
    vertex 1.1117764174830673 2.9488842540221802 -3.846586532361973e-05
  endloop
endfacet
facet normal -0.3826834322909223 0.9238795323999647 1.6200684500048782e-05
  outer loop
    vertex 1.111825495895065 2.9488721423901625 1.8499577499629567
    vertex 0.7500049851885265 2.799033620280611 -3.620296395509814e-05
    vertex 0.7500540646799682 2.7990215086485932 1.849982925919398
  endloop
endfacet
facet normal -0.0780630383585376 0.5933868782836101 0.8011230708967666
  outer loop
    vertex 1.461312418943327 1.6448824062548388 2.849858142380576
    vertex 1.5000540622759622 2.9999834029513153 1.849927653282827
    vertex 1.111825495895065 2.9488721423901625 1.8499577499629567
  endloop
endfacet
facet normal -0.0780630383585376 0.5933868782836101 0.8011230708967666
  outer loop
    vertex 1.5000540622759622 2.9999834029513153 1.849927653282827
    vertex 1.461312418943327 1.6448824062548388 2.849858142380576
    vertex 1.500135278565883 1.6499935323109538 2.849876077064776
  endloop
endfacet
facet normal -0.474764007729273 0.36432404055306505 0.8011661066470095
  outer loop
    vertex 1.3702314591588458 1.5749935323186466 2.849819719220481
    vertex 0.43939389381242394 2.5606435747762135 1.8500014654523194
    vertex 0.20101596054684426 2.2499834030282657 1.8500121051231941
  endloop
endfacet
facet normal -0.474764007729273 0.36432404055306505 0.8011661066470095
  outer loop
    vertex 0.43939389381242394 2.5606435747762135 1.8500014654523194
    vertex 1.3702314591588458 1.5749935323186466 2.849819719220481
    vertex 1.394069253955122 1.6060595494934433 2.8498289694136885
  endloop
endfacet
facet normal -0.9914448610515701 0.1305261918425593 2.715717823709088e-05
  outer loop
    vertex 0.05116532709711564 1.8882119707191676 1.8500141198560336
    vertex 4.98539549255092e-06 1.4999955147372364 -4.037924841781004e-05
    vertex 5.4066492969939006e-05 1.4999834031052188 1.8500073723501254
  endloop
endfacet
facet normal -0.9914448610515701 0.1305261918425593 2.715717823709088e-05
  outer loop
    vertex 4.98539549255092e-06 1.4999955147372364 -4.037924841781004e-05
    vertex 0.05116532709711564 1.8882119707191676 1.8500141198560336
    vertex 0.051116245917515186 1.888224082351185 -3.740576685326846e-05
  endloop
endfacet
facet normal 0.5530580734115021 -0.2290807821412119 0.8010298138570924
  outer loop
    vertex 2.799092162390413 0.7499834031821728 1.8497589826819079
    vertex 1.6450241657611568 1.461170675564947 2.8499561265063784
    vertex 1.630039101708546 1.4249935323340381 2.8499513619297163
  endloop
endfacet
facet normal 0.5530580734115021 -0.2290807821412119 0.8010298138570924
  outer loop
    vertex 1.6450241657611568 1.461170675564947 2.8499561265063784
    vertex 2.799092162390413 0.7499834031821728 1.8497589826819079
    vertex 2.9489427958401357 1.111754835491271 1.8497569679490684
  endloop
endfacet
facet normal -0.22898290250545913 0.5529383869918668 0.8011404187475554
  outer loop
    vertex 1.4251352731735172 1.6298973428806809 2.849842074838059
    vertex 1.111825495895065 2.9488721423901625 1.8499577499629567
    vertex 0.7500540646799682 2.7990215086485932 1.849982925919398
  endloop
endfacet
facet normal -0.22898290250545913 0.5529383869918668 0.8011404187475554
  outer loop
    vertex 1.111825495895065 2.9488721423901625 1.8499577499629567
    vertex 1.4251352731735172 1.6298973428806809 2.849842074838059
    vertex 1.461312418943327 1.6448824062548388 2.849858142380576
  endloop
endfacet
facet normal -0.13052619199584053 0.9914448613533642 9.95358045651395e-06
  outer loop
    vertex 1.1117764174830673 2.9488842540221802 -3.846586532361973e-05
    vertex 1.5000540622759622 2.9999834029513153 1.849927653282827
    vertex 1.5000049850924686 2.9999955145833326 -4.1878454049942834e-05
  endloop
endfacet
facet normal -0.13052619199584053 0.9914448613533642 9.95358045651395e-06
  outer loop
    vertex 1.5000540622759622 2.9999834029513153 1.849927653282827
    vertex 1.1117764174830673 2.9488842540221802 -3.846586532361973e-05
    vertex 1.111825495895065 2.9488721423901625 1.8499577499629567
  endloop
endfacet
facet normal -9.971319961377487e-06 8.97184953849753e-06 -0.9999999999100395
  outer loop
    vertex 0.051116245917515186 1.888224082351185 -3.740576685326846e-05
    vertex 0.051116245995938454 1.1117669471232885 -4.437202344569901e-05
    vertex 4.98539549255092e-06 1.4999955147372364 -4.037924841781004e-05
  endloop
endfacet
facet normal -9.971319961377487e-06 8.97184953849753e-06 -0.9999999999100395
  outer loop
    vertex 0.051116245995938454 1.1117669471232885 -4.437202344569901e-05
    vertex 0.051116245917515186 1.888224082351185 -3.740576685326846e-05
    vertex 0.20096687962278634 2.249995514660283 -3.56542166103313e-05
  endloop
endfacet
facet normal -9.971319961377487e-06 8.97184953849753e-06 -0.9999999999100395
  outer loop
    vertex 0.051116245995938454 1.1117669471232885 -4.437202344569901e-05
    vertex 0.20096687962278634 2.249995514660283 -3.56542166103313e-05
    vertex 0.20096687977428904 0.7499955148141876 -4.911199091907348e-05
  endloop
endfacet
facet normal -9.971319961377487e-06 8.97184953849753e-06 -0.9999999999100395
  outer loop
    vertex 0.20096687977428904 0.7499955148141876 -4.911199091907348e-05
    vertex 0.20096687962278634 2.249995514660283 -3.56542166103313e-05
    vertex 0.4393448134641693 2.560655686408231 -3.5243962942343994e-05
  endloop
endfacet
facet normal -9.971319961377487e-06 8.97184953849753e-06 -0.9999999999100395
  outer loop
    vertex 0.20096687977428904 0.7499955148141876 -4.911199091907348e-05
    vertex 0.4393448134641693 2.560655686408231 -3.5243962942343994e-05
    vertex 0.43934481367842476 0.43933534306623917 -5.427612988762875e-05
  endloop
endfacet
facet normal -9.971319961377487e-06 8.97184953849753e-06 -0.9999999999100395
  outer loop
    vertex 0.43934481367842476 0.43933534306623917 -5.427612988762875e-05
    vertex 0.4393448134641693 2.560655686408231 -3.5243962942343994e-05
    vertex 0.7500049851885265 2.799033620280611 -3.620296395509814e-05
  endloop
endfacet
facet normal -9.971319961377487e-06 8.97184953849753e-06 -0.9999999999100395
  outer loop
    vertex 0.43934481367842476 0.43933534306623917 -5.427612988762875e-05
    vertex 0.7500049851885265 2.799033620280611 -3.620296395509814e-05
    vertex 0.7500049854509385 0.2009574091938619 -5.9512512817519456e-05
  endloop
endfacet
facet normal -9.971319961377487e-06 8.97184953849753e-06 -0.9999999999100395
  outer loop
    vertex 0.7500049854509385 0.2009574091938619 -5.9512512817519456e-05
    vertex 0.7500049851885265 2.799033620280611 -3.620296395509814e-05
    vertex 1.1117764174830673 2.9488842540221802 -3.846586532361973e-05
  endloop
endfacet
facet normal -9.971319961377487e-06 8.97184953849753e-06 -0.9999999999100395
  outer loop
    vertex 0.7500049854509385 0.2009574091938619 -5.9512512817519456e-05
    vertex 1.1117764174830673 2.9488842540221802 -3.846586532361973e-05
    vertex 1.1117764177757459 0.05110677545229268 -6.446428886204003e-05
  endloop
endfacet
facet normal -9.971319961377487e-06 8.97184953849753e-06 -0.9999999999100395
  outer loop
    vertex 1.1117764177757459 0.05110677545229268 -6.446428886204003e-05
    vertex 1.1117764174830673 2.9488842540221802 -3.846586532361973e-05
    vertex 1.5000049850924686 2.9999955145833326 -4.1878454049942834e-05
  endloop
endfacet
facet normal -9.971319961377487e-06 8.97184953849753e-06 -0.9999999999100395
  outer loop
    vertex 1.1117764177757459 0.05110677545229268 -6.446428886204003e-05
    vertex 1.5000049850924686 2.9999955145833326 -4.1878454049942834e-05
    vertex 1.5000049853954769 -4.4851088626271515e-06 -6.87940026670747e-05
  endloop
endfacet
facet normal -9.971319961377487e-06 8.97184953849753e-06 -0.9999999999100395
  outer loop
    vertex 1.5000049853954769 -4.4851088626271515e-06 -6.87940026670747e-05
    vertex 1.5000049850924686 2.9999955145833326 -4.1878454049942834e-05
    vertex 1.8882335527121987 2.9488842540221802 -4.62081678549775e-05
  endloop
endfacet
facet normal -9.971319961377487e-06 8.97184953849753e-06 -0.9999999999100395
  outer loop
    vertex 1.5000049853954769 -4.4851088626271515e-06 -6.87940026670747e-05
    vertex 1.8882335527121987 2.9488842540221802 -4.62081678549775e-05
    vertex 1.8882335530048773 0.05110677545229268 -7.22065913930453e-05
  endloop
endfacet
facet normal -9.971319961377487e-06 8.97184953849753e-06 -0.9999999999100395
  outer loop
    vertex 1.8882335530048773 0.05110677545229268 -7.22065913930453e-05
    vertex 1.8882335527121987 2.9488842540221802 -4.62081678549775e-05
    vertex 2.250004985037006 2.799033620280611 -5.115994389879308e-05
  endloop
endfacet
facet normal -9.971319961377487e-06 8.97184953849753e-06 -0.9999999999100395
  outer loop
    vertex 1.8882335530048773 0.05110677545229268 -7.22065913930453e-05
    vertex 2.250004985037006 2.799033620280611 -5.115994389879308e-05
    vertex 2.2500049852994204 0.2009574091938619 -7.446949276050939e-05
  endloop
endfacet
facet normal -9.971319961377487e-06 8.97184953849753e-06 -0.9999999999100395
  outer loop
    vertex 2.2500049852994204 0.2009574091938619 -7.446949276050939e-05
    vertex 2.250004985037006 2.799033620280611 -5.115994389879308e-05
    vertex 2.5606651568095216 2.560655686408231 -5.639632682868378e-05
  endloop
endfacet
facet normal -9.971319961377487e-06 8.97184953849753e-06 -0.9999999999100395
  outer loop
    vertex 2.2500049852994204 0.2009574091938619 -7.446949276050939e-05
    vertex 2.5606651568095216 2.560655686408231 -5.639632682868378e-05
    vertex 2.5606651570237826 0.439335343066242 -7.542849377608351e-05
  endloop
endfacet
facet normal -9.971319961377487e-06 8.97184953849753e-06 -0.9999999999100395
  outer loop
    vertex 2.5606651570237826 0.439335343066242 -7.542849377608351e-05
    vertex 2.5606651568095216 2.560655686408231 -5.639632682868378e-05
    vertex 2.7990430907136625 2.249995514660286 -6.156046579723906e-05
  endloop
endfacet
facet normal -9.971319961377487e-06 8.97184953849753e-06 -0.9999999999100395
  outer loop
    vertex 2.5606651570237826 0.439335343066242 -7.542849377608351e-05
    vertex 2.7990430907136625 2.249995514660286 -6.156046579723906e-05
    vertex 2.7990430908651627 0.7499955148141904 -7.501824010739121e-05
  endloop
endfacet
facet normal -9.971319961377487e-06 8.97184953849753e-06 -0.9999999999100395
  outer loop
    vertex 2.7990430908651627 0.7499955148141904 -7.501824010739121e-05
    vertex 2.7990430907136625 2.249995514660286 -6.156046579723906e-05
    vertex 2.9488937244920015 1.888224082351185 -6.630043327096602e-05
  endloop
endfacet
facet normal -9.971319961377487e-06 8.97184953849753e-06 -0.9999999999100395
  outer loop
    vertex 2.7990430908651627 0.7499955148141904 -7.501824010739121e-05
    vertex 2.9488937244920015 1.888224082351185 -6.630043327096602e-05
    vertex 2.9488937245704245 1.1117669471232914 -7.326668986269158e-05
  endloop
endfacet
facet normal -9.971319961377487e-06 8.97184953849753e-06 -0.9999999999100395
  outer loop
    vertex 2.9488937245704245 1.1117669471232914 -7.326668986269158e-05
    vertex 2.9488937244920015 1.888224082351185 -6.630043327096602e-05
    vertex 3.0000049850924504 1.4999955147372364 -7.029320829991247e-05
  endloop
endfacet
facet normal -0.0004702678675468554 6.309005586637443e-05 0.9999998874338826
  outer loop
    vertex 6.369719723162273 1.465069150641455 2.7074073313799096
    vertex 6.369719722292108 1.534950292811967 2.70740292257384
    vertex 6.3651197089301315 1.500009721726711 2.707402963737954
  endloop
endfacet
facet normal -0.0004702678675468554 6.309005586637443e-05 0.9999998874338826
  outer loop
    vertex 6.369719722292108 1.534950292811967 2.70740292257384
    vertex 6.369719723162273 1.465069150641455 2.7074073313799096
    vertex 6.383206279939459 1.5675097217197849 2.707407210692839
  endloop
endfacet
facet normal -0.0004702678675468554 6.309005586637443e-05 0.9999998874338826
  outer loop
    vertex 6.383206279939459 1.5675097217197849 2.707407210692839
    vertex 6.369719723162273 1.465069150641455 2.7074073313799096
    vertex 6.383206281620489 1.4325097217336373 2.707415727852132
  endloop
endfacet
facet normal -0.0004702678675468554 6.309005586637443e-05 0.9999998874338826
  outer loop
    vertex 6.383206279939459 1.5675097217197849 2.707407210692839
    vertex 6.383206281620489 1.4325097217336373 2.707415727852132
    vertex 6.4046602952561065 1.5954691371771017 2.7074155358667253
  endloop
endfacet
facet normal -0.0004702678675468554 6.309005586637443e-05 0.9999998874338826
  outer loop
    vertex 6.4046602952561065 1.5954691371771017 2.7074155358667253
    vertex 6.383206281620489 1.4325097217336373 2.707415727852132
    vertex 6.404660297633442 1.404550306276323 2.707427580948907
  endloop
endfacet
facet normal -0.0004702678675468554 6.309005586637443e-05 0.9999998874338826
  outer loop
    vertex 6.4046602952561065 1.5954691371771017 2.7074155358667253
    vertex 6.404660297633442 1.404550306276323 2.707427580948907
    vertex 6.432619712552663 1.6169231512256155 2.7074273307486596
  endloop
endfacet
facet normal -0.0004702678675468554 6.309005586637443e-05 0.9999998874338826
  outer loop
    vertex 6.432619712552663 1.6169231512256155 2.7074273307486596
    vertex 6.404660297633442 1.404550306276323 2.707427580948907
    vertex 6.432619715464292 1.3830962922278065 2.7074420829012857
  endloop
endfacet
facet normal -0.0004702678675468554 6.309005586637443e-05 0.9999998874338826
  outer loop
    vertex 6.432619712552663 1.6169231512256155 2.7074273307486596
    vertex 6.432619715464292 1.3830962922278065 2.7074420829012857
    vertex 6.465179143745491 1.6304097082623574 2.707441791536924
  endloop
endfacet
facet normal -0.0004702678675468554 6.309005586637443e-05 0.9999998874338826
  outer loop
    vertex 6.465179143745491 1.6304097082623574 2.707441791536924
    vertex 6.432619715464292 1.3830962922278065 2.7074420829012857
    vertex 6.46517914699299 1.369609735191067 2.707458245425176
  endloop
endfacet
facet normal -0.0004702678675468554 6.309005586637443e-05 0.9999998874338826
  outer loop
    vertex 6.465179143745491 1.6304097082623574 2.707441791536924
    vertex 6.46517914699299 1.369609735191067 2.707458245425176
    vertex 6.5001197174057905 1.635009721712861 2.7074579327527046
  endloop
endfacet
facet normal -0.0004702678675468554 6.309005586637443e-05 0.9999998874338826
  outer loop
    vertex 6.5001197174057905 1.635009721712861 2.7074579327527046
    vertex 6.46517914699299 1.369609735191067 2.707458245425176
    vertex 6.500119720767853 1.3650097217405635 2.7074749670712843
  endloop
endfacet
facet normal -0.0004702678675468554 6.309005586637443e-05 0.9999998874338826
  outer loop
    vertex 6.5001197174057905 1.635009721712861 2.7074579327527046
    vertex 6.500119720767853 1.3650097217405635 2.7074749670712843
    vertex 6.535060291180661 1.6304097082623574 2.7074746543988093
  endloop
endfacet
facet normal -0.0004702678675468554 6.309005586637443e-05 0.9999998874338826
  outer loop
    vertex 6.535060291180661 1.6304097082623574 2.7074746543988093
    vertex 6.500119720767853 1.3650097217405635 2.7074749670712843
    vertex 6.535060294428158 1.369609735191067 2.7074911082870594
  endloop
endfacet
facet normal -0.0004702678675468554 6.309005586637443e-05 0.9999998874338826
  outer loop
    vertex 6.535060291180661 1.6304097082623574 2.7074746543988093
    vertex 6.535060294428158 1.369609735191067 2.7074911082870594
    vertex 6.567619722709352 1.6169231512256155 2.7074908169227014
  endloop
endfacet
facet normal -0.0004702678675468554 6.309005586637443e-05 0.9999998874338826
  outer loop
    vertex 6.567619722709352 1.6169231512256155 2.7074908169227014
    vertex 6.535060294428158 1.369609735191067 2.7074911082870594
    vertex 6.567619725620981 1.3830962922278065 2.707505569075328
  endloop
endfacet
facet normal -0.0004702678675468554 6.309005586637443e-05 0.9999998874338826
  outer loop
    vertex 6.567619722709352 1.6169231512256155 2.7074908169227014
    vertex 6.567619725620981 1.3830962922278065 2.707505569075328
    vertex 6.595579140540204 1.5954691371771017 2.707505318875081
  endloop
endfacet
facet normal -0.0004702678675468554 6.309005586637443e-05 0.9999998874338826
  outer loop
    vertex 6.595579140540204 1.5954691371771017 2.707505318875081
    vertex 6.567619725620981 1.3830962922278065 2.707505569075328
    vertex 6.595579142917537 1.404550306276323 2.7075173639572605
  endloop
endfacet
facet normal -0.0004702678675468554 6.309005586637443e-05 0.9999998874338826
  outer loop
    vertex 6.595579140540204 1.5954691371771017 2.707505318875081
    vertex 6.595579142917537 1.404550306276323 2.7075173639572605
    vertex 6.617033156553157 1.5675097217197849 2.7075171719718583
  endloop
endfacet
facet normal -0.0004702678675468554 6.309005586637443e-05 0.9999998874338826
  outer loop
    vertex 6.617033156553157 1.5675097217197849 2.7075171719718583
    vertex 6.595579142917537 1.404550306276323 2.7075173639572605
    vertex 6.617033158234188 1.4325097217336373 2.707525689131151
  endloop
endfacet
facet normal -0.0004702678675468554 6.309005586637443e-05 0.9999998874338826
  outer loop
    vertex 6.617033156553157 1.5675097217197849 2.7075171719718583
    vertex 6.617033158234188 1.4325097217336373 2.707525689131151
    vertex 6.6305197150113715 1.534950292811967 2.707525568444076
  endloop
endfacet
facet normal -0.0004702678675468554 6.309005586637443e-05 0.9999998874338826
  outer loop
    vertex 6.6305197150113715 1.534950292811967 2.707525568444076
    vertex 6.617033158234188 1.4325097217336373 2.707525689131151
    vertex 6.630519715881537 1.465069150641455 2.707529977250147
  endloop
endfacet
facet normal -0.0004702678675468554 6.309005586637443e-05 0.9999998874338826
  outer loop
    vertex 6.6305197150113715 1.534950292811967 2.707525568444076
    vertex 6.630519715881537 1.465069150641455 2.707529977250147
    vertex 6.635119729243512 1.500009721726711 2.707529936086035
  endloop
endfacet
facet normal 0.9914448610516207 -0.1305261918426071 -2.7155104244155293e-05
  outer loop
    vertex 7.8040023188098795 1.150605795043965 0.1425035233735298
    vertex 7.850046617496357 1.5000006054276998 1.8073568073038837
    vertex 7.804046482952619 1.1505948945751465 1.8073507345485682
  endloop
endfacet
facet normal 0.9914448610516207 -0.1305261918426071 -2.7155104244155293e-05
  outer loop
    vertex 7.850046617496357 1.5000006054276998 1.8073568073038837
    vertex 7.8040023188098795 1.150605795043965 0.1425035233735298
    vertex 7.850002453279701 1.5000115058965156 0.14250619950693633
  endloop
endfacet
facet normal 0.364432823118574 -0.4748807775342267 0.8010474171747356
  outer loop
    vertex 7.175046619128059 0.33086631043866266 1.80737880909154
    vertex 6.595579142917537 1.404550306276323 2.7075173639572605
    vertex 6.567619725620981 1.3830962922278065 2.707505569075328
  endloop
endfacet
facet normal 0.364432823118574 -0.4748807775342267 0.8010474171747356
  outer loop
    vertex 6.595579142917537 1.404550306276323 2.7075173639572605
    vertex 7.175046619128059 0.33086631043866266 1.80737880909154
    vertex 7.454640772908848 0.5454064509238048 1.8073621235119108
  endloop
endfacet
facet normal 0.5935036422298597 -0.07815001175210214 0.8010280908451569
  outer loop
    vertex 7.804046482952619 1.1505948945751465 1.8073507345485682
    vertex 6.635119729243512 1.500009721726711 2.707529936086035
    vertex 6.630519715881537 1.465069150641455 2.707529977250147
  endloop
endfacet
facet normal 0.5935036422298597 -0.07815001175210214 0.8010280908451569
  outer loop
    vertex 6.635119729243512 1.500009721726711 2.707529936086035
    vertex 7.804046482952619 1.1505948945751465 1.8073507345485682
    vertex 7.850046617496357 1.5000006054276998 1.8073568073038837
  endloop
endfacet
facet normal -0.5933130316149383 0.07809736512198172 0.8011744180120176
  outer loop
    vertex 6.3651197089301315 1.500009721726711 2.707402963737954
    vertex 5.196046761083901 1.8494063162802539 1.8075821712648368
    vertex 5.15004662654017 1.5000006054276998 1.8075760985095193
  endloop
endfacet
facet normal -0.5933130316149383 0.07809736512198172 0.8011744180120176
  outer loop
    vertex 5.196046761083901 1.8494063162802539 1.8075821712648368
    vertex 6.3651197089301315 1.500009721726711 2.707402963737954
    vertex 6.369719722292108 1.534950292811967 2.70740292257384
  endloop
endfacet
facet normal -0.5933117294472857 -0.07814072940582896 0.8011711540664679
  outer loop
    vertex 5.1960467607077865 1.1505948945751465 1.8075625535875681
    vertex 6.3651197089301315 1.500009721726711 2.707402963737954
    vertex 5.15004662654017 1.5000006054276998 1.8075760985095193
  endloop
endfacet
facet normal -0.5933117294472857 -0.07814072940582896 0.8011711540664679
  outer loop
    vertex 6.3651197089301315 1.500009721726711 2.707402963737954
    vertex 5.1960467607077865 1.1505948945751465 1.8075625535875681
    vertex 6.369719723162273 1.465069150641455 2.7074073313799096
  endloop
endfacet
facet normal -0.2289793457442074 -0.5529733296471647 0.8011173172023454
  outer loop
    vertex 6.150640911598373 0.19600074007125037 1.8074582241927788
    vertex 6.432619715464292 1.3830962922278065 2.7074420829012857
    vertex 5.825046623649965 0.33086631043866016 1.8074884546943586
  endloop
endfacet
facet normal -0.2289793457442074 -0.5529733296471647 0.8011173172023454
  outer loop
    vertex 6.432619715464292 1.3830962922278065 2.7074420829012857
    vertex 6.150640911598373 0.19600074007125037 1.8074582241927788
    vertex 6.46517914699299 1.369609735191067 2.707458245425176
  endloop
endfacet
facet normal -0.1305261925743301 -0.9914448613225437 -3.028403098795415e-06
  outer loop
    vertex 6.500046621291665 0.15000060556621062 1.807428554464454
    vertex 6.150596742694668 0.19601164054006623 0.1425114455344304
    vertex 6.500002453552425 0.15001150603502644 0.14250754879200586
  endloop
endfacet
facet normal -0.1305261925743301 -0.9914448613225437 -3.028403098795415e-06
  outer loop
    vertex 6.150596742694668 0.19601164054006623 0.1425114455344304
    vertex 6.500046621291665 0.15000060556621062 1.807428554464454
    vertex 6.150640911598373 0.19600074007125037 1.8074582241927788
  endloop
endfacet
facet normal -0.36428971189025033 0.4748089255098576 0.8011550973857016
  outer loop
    vertex 6.4046602952561065 1.5954691371771017 2.7074155358667253
    vertex 5.825046624908468 2.669134900416737 1.8075540967218644
    vertex 5.545452471127678 2.4545947599315943 1.8075707823014935
  endloop
endfacet
facet normal -0.36428971189025033 0.4748089255098576 0.8011550973857016
  outer loop
    vertex 5.825046624908468 2.669134900416737 1.8075540967218644
    vertex 6.4046602952561065 1.5954691371771017 2.7074155358667253
    vertex 6.432619712552663 1.6169231512256155 2.7074273307486596
  endloop
endfacet
facet normal 0.22911479344941293 0.5529637578669088 0.8010851976589878
  outer loop
    vertex 6.567619722709352 1.6169231512256155 2.7074908169227014
    vertex 6.849452332438149 2.804000470784149 1.8074746816206262
    vertex 6.535060291180661 1.6304097082623574 2.7074746543988093
  endloop
endfacet
facet normal 0.22911479344941293 0.5529637578669088 0.8010851976589878
  outer loop
    vertex 6.849452332438149 2.804000470784149 1.8074746816206262
    vertex 6.567619722709352 1.6169231512256155 2.7074908169227014
    vertex 7.175046620386562 2.669134900416737 1.8074444511190444
  endloop
endfacet
facet normal -0.9238795323188097 0.38268343187619697 2.7015437298646785e-05
  outer loop
    vertex 5.330912331188656 2.175000605358442 1.8075803580052812
    vertex 5.19600258802226 1.8494172167490694 0.14253579820423828
    vertex 5.196046761083901 1.8494063162802539 1.8075821712648368
  endloop
endfacet
facet normal -0.9238795323188097 0.38268343187619697 2.7015437298646785e-05
  outer loop
    vertex 5.19600258802226 1.8494172167490694 0.14253579820423828
    vertex 5.330912331188656 2.175000605358442 1.8075803580052812
    vertex 5.330868158357005 2.1750115058272574 0.14253737459945695
  endloop
endfacet
facet normal 0.07818564352748168 0.5933961646457189 0.8011042359955068
  outer loop
    vertex 6.5001197174057905 1.635009721712861 2.7074579327527046
    vertex 6.849452332438149 2.804000470784149 1.8074746816206262
    vertex 6.500046622744861 2.8500006052891864 1.807504351348951
  endloop
endfacet
facet normal 0.07818564352748168 0.5933961646457189 0.8011042359955068
  outer loop
    vertex 6.849452332438149 2.804000470784149 1.8074746816206262
    vertex 6.5001197174057905 1.635009721712861 2.7074579327527046
    vertex 6.535060291180661 1.6304097082623574 2.7074746543988093
  endloop
endfacet
facet normal 0.6087614292458369 0.7933533400336542 -1.0954964915344834e-05
  outer loop
    vertex 7.1750024532298005 2.6691458008855524 0.14252341944489733
    vertex 7.454640773936407 2.4545947599315943 1.8074157200029324
    vertex 7.454596607825066 2.4546056604004107 0.14251870670026043
  endloop
endfacet
facet normal 0.6087614292458369 0.7933533400336542 -1.0954964915344834e-05
  outer loop
    vertex 7.454640773936407 2.4545947599315943 1.8074157200029324
    vertex 7.1750024532298005 2.6691458008855524 0.14252341944489733
    vertex 7.175046620386562 2.669134900416737 1.8074444511190444
  endloop
endfacet
facet normal -0.0780617376935219 -0.5934205172831549 0.8010982803474619
  outer loop
    vertex 6.500046621291665 0.15000060556621062 1.807428554464454
    vertex 6.46517914699299 1.369609735191067 2.707458245425176
    vertex 6.150640911598373 0.19600074007125037 1.8074582241927788
  endloop
endfacet
facet normal -0.0780617376935219 -0.5934205172831549 0.8010982803474619
  outer loop
    vertex 6.46517914699299 1.369609735191067 2.707458245425176
    vertex 6.500046621291665 0.15000060556621062 1.807428554464454
    vertex 6.500119720767853 1.3650097217405635 2.7074749670712843
  endloop
endfacet
facet normal -0.6087614290059469 0.7933533400062526 2.134387565071082e-05
  outer loop
    vertex 5.545408298814249 2.4546056604004107 0.1425377438277581
    vertex 5.825046624908468 2.669134900416737 1.8075540967218644
    vertex 5.825002453366171 2.6691458008855524 0.14253688072684664
  endloop
endfacet
facet normal -0.6087614290059469 0.7933533400062526 2.134387565071082e-05
  outer loop
    vertex 5.825046624908468 2.669134900416737 1.8075540967218644
    vertex 5.545408298814249 2.4546056604004107 0.1425377438277581
    vertex 5.545452471127678 2.4545947599315943 1.8075707823014935
  endloop
endfacet
facet normal 0.6087614290059584 -0.7933533400062551 -2.1343452113854715e-05
  outer loop
    vertex 7.454640772908848 0.5454064509238048 1.8073621235119108
    vertex 7.175002453465975 0.3308772109074785 0.14250244085092176
    vertex 7.454596608017901 0.5454173513926207 0.14250157775000777
  endloop
endfacet
facet normal 0.6087614290059584 -0.7933533400062551 -2.1343452113854715e-05
  outer loop
    vertex 7.175002453465975 0.3308772109074785 0.14250244085092176
    vertex 7.454640772908848 0.5454064509238048 1.8073621235119108
    vertex 7.175046619128059 0.33086631043866266 1.80737880909154
  endloop
endfacet
facet normal 0.9914448610275299 0.1305261923699893 -2.5445915051852546e-05
  outer loop
    vertex 7.850002453279701 1.5000115058965156 0.14250619950693633
    vertex 7.804046483328734 1.8494063162802539 1.8073703522258349
    vertex 7.850046617496357 1.5000006054276998 1.8073568073038837
  endloop
endfacet
facet normal 0.9914448610275299 0.1305261923699893 -2.5445915051852546e-05
  outer loop
    vertex 7.804046483328734 1.8494063162802539 1.8073703522258349
    vertex 7.850002453279701 1.5000115058965156 0.14250619950693633
    vertex 7.804002318739299 1.8494172167490694 0.14250979300446234
  endloop
endfacet
facet normal 0.9238795323188583 -0.3826834318761957 -2.7013792322647637e-05
  outer loop
    vertex 7.669136748475143 0.8250115059657741 0.1425019469783096
    vertex 7.804046482952619 1.1505948945751465 1.8073507345485682
    vertex 7.669180912847867 0.8250006054969582 1.8073525478081232
  endloop
endfacet
facet normal 0.9238795323188583 -0.3826834318761957 -2.7013792322647637e-05
  outer loop
    vertex 7.804046482952619 1.1505948945751465 1.8073507345485682
    vertex 7.669136748475143 0.8250115059657741 0.1425019469783096
    vertex 7.8040023188098795 1.150605795043965 0.1425035233735298
  endloop
endfacet
facet normal -0.0780630383585376 0.5933868782836101 0.8011230708967666
  outer loop
    vertex 6.465179143745491 1.6304097082623574 2.707441791536924
    vertex 6.500046622744861 2.8500006052891864 1.807504351348951
    vertex 6.150640913002055 2.804000470784149 1.807531438361067
  endloop
endfacet
facet normal -0.0780630383585376 0.5933868782836101 0.8011230708967666
  outer loop
    vertex 6.500046622744861 2.8500006052891864 1.807504351348951
    vertex 6.465179143745491 1.6304097082623574 2.707441791536924
    vertex 6.5001197174057905 1.635009721712861 2.7074579327527046
  endloop
endfacet
facet normal 0.3826834322909183 -0.9238795323999655 -1.6200726100776727e-05
  outer loop
    vertex 7.175046619128059 0.33086631043866266 1.80737880909154
    vertex 6.849408164400886 0.19601164054006623 0.1425044774621525
    vertex 7.175002453465975 0.3308772109074785 0.14250244085092176
  endloop
endfacet
facet normal 0.3826834322909183 -0.9238795323999655 -1.6200726100776727e-05
  outer loop
    vertex 6.849408164400886 0.19601164054006623 0.1425044774621525
    vertex 7.175046619128059 0.33086631043866266 1.80737880909154
    vertex 6.84945233103447 0.19600074007125037 1.8074014674523373
  endloop
endfacet
facet normal 0.7933533402957378 0.608761428763803 -1.7060139666046218e-05
  outer loop
    vertex 7.669136748338792 2.17501150582726 0.1425140589751887
    vertex 7.454640773936407 2.4545947599315943 1.8074157200029324
    vertex 7.669180913574468 2.1750006053584445 1.8073904462503727
  endloop
endfacet
facet normal 0.7933533402957378 0.608761428763803 -1.7060139666046218e-05
  outer loop
    vertex 7.454640773936407 2.4545947599315943 1.8074157200029324
    vertex 7.669136748338792 2.17501150582726 0.1425140589751887
    vertex 7.454596607825066 2.4546056604004107 0.14251870670026043
  endloop
endfacet
facet normal -0.7933533402369389 0.6087614285648038 2.5032607464037284e-05
  outer loop
    vertex 5.545452471127678 2.4545947599315943 1.8075707823014935
    vertex 5.330868158357005 2.1750115058272574 0.14253737459945695
    vertex 5.330912331188656 2.175000605358442 1.8075803580052812
  endloop
endfacet
facet normal -0.7933533402369389 0.6087614285648038 2.5032607464037284e-05
  outer loop
    vertex 5.330868158357005 2.1750115058272574 0.14253737459945695
    vertex 5.545452471127678 2.4545947599315943 1.8075707823014935
    vertex 5.545408298814249 2.4546056604004107 0.1425377438277581
  endloop
endfacet
facet normal -0.5528790046676865 0.22901335465400655 0.8011726964817178
  outer loop
    vertex 6.369719722292108 1.534950292811967 2.70740292257384
    vertex 5.330912331188656 2.175000605358442 1.8075803580052812
    vertex 5.196046761083901 1.8494063162802539 1.8075821712648368
  endloop
endfacet
facet normal -0.5528790046676865 0.22901335465400655 0.8011726964817178
  outer loop
    vertex 5.330912331188656 2.175000605358442 1.8075803580052812
    vertex 6.369719722292108 1.534950292811967 2.70740292257384
    vertex 6.383206279939459 1.5675097217197849 2.707407210692839
  endloop
endfacet
facet normal 0.07818433906743176 -0.593429802454505 0.8010794459249322
  outer loop
    vertex 6.84945233103447 0.19600074007125037 1.8074014674523373
    vertex 6.500119720767853 1.3650097217405635 2.7074749670712843
    vertex 6.500046621291665 0.15000060556621062 1.807428554464454
  endloop
endfacet
facet normal 0.07818433906743176 -0.593429802454505 0.8010794459249322
  outer loop
    vertex 6.500119720767853 1.3650097217405635 2.7074749670712843
    vertex 6.84945233103447 0.19600074007125037 1.8074014674523373
    vertex 6.535060294428158 1.369609735191067 2.7074911082870594
  endloop
endfacet
facet normal -0.9238795322875292 -0.38268343227263957 2.200474170002126e-05
  outer loop
    vertex 5.1960467607077865 1.1505948945751465 1.8075625535875681
    vertex 5.330868158493357 0.8250115059657717 0.14252526260257906
    vertex 5.330912330462061 0.8250006054969533 1.8075424595630323
  endloop
endfacet
facet normal -0.9238795322875292 -0.38268343227263957 2.200474170002126e-05
  outer loop
    vertex 5.330868158493357 0.8250115059657717 0.14252526260257906
    vertex 5.1960467607077865 1.1505948945751465 1.8075625535875681
    vertex 5.196002588092841 1.1506057950439625 0.14252952857330511
  endloop
endfacet
facet normal -0.47475914809375364 -0.3643638458091787 0.8011508841463251
  outer loop
    vertex 5.545452470100114 0.5454064509238022 1.807517185810472
    vertex 6.383206281620489 1.4325097217336373 2.707415727852132
    vertex 5.330912330462061 0.8250006054969533 1.8075424595630323
  endloop
endfacet
facet normal -0.47475914809375364 -0.3643638458091787 0.8011508841463251
  outer loop
    vertex 6.383206281620489 1.4325097217336373 2.707415727852132
    vertex 5.545452470100114 0.5454064509238022 1.807517185810472
    vertex 6.404660297633442 1.404550306276323 2.707427580948907
  endloop
endfacet
facet normal 0.9238795322876059 0.38268343227257057 -2.200271704695856e-05
  outer loop
    vertex 7.804002318739299 1.8494172167490694 0.14250979300446234
    vertex 7.669180913574468 2.1750006053584445 1.8073904462503727
    vertex 7.804046483328734 1.8494063162802539 1.8073703522258349
  endloop
endfacet
facet normal 0.9238795322876059 0.38268343227257057 -2.200271704695856e-05
  outer loop
    vertex 7.669180913574468 2.1750006053584445 1.8073904462503727
    vertex 7.804002318739299 1.8494172167490694 0.14250979300446234
    vertex 7.669136748338792 2.17501150582726 0.1425140589751887
  endloop
endfacet
facet normal -0.3826834322909223 0.9238795323999646 1.6200684500048782e-05
  outer loop
    vertex 5.825002453366171 2.6691458008855524 0.14253688072684664
    vertex 6.150640913002055 2.804000470784149 1.807531438361067
    vertex 6.150596742431257 2.8040113712529653 0.14253484411561496
  endloop
endfacet
facet normal -0.3826834322909223 0.9238795323999646 1.6200684500048782e-05
  outer loop
    vertex 6.150640913002055 2.804000470784149 1.807531438361067
    vertex 5.825002453366171 2.6691458008855524 0.14253688072684664
    vertex 5.825046624908468 2.669134900416737 1.8075540967218644
  endloop
endfacet
facet normal 0.4749256904909437 -0.36439849770247273 0.8010364057793388
  outer loop
    vertex 7.454640772908848 0.5454064509238048 1.8073621235119108
    vertex 6.617033158234188 1.4325097217336373 2.707525689131151
    vertex 6.595579142917537 1.404550306276323 2.7075173639572605
  endloop
endfacet
facet normal 0.4749256904909437 -0.36439849770247273 0.8010364057793388
  outer loop
    vertex 6.617033158234188 1.4325097217336373 2.707525689131151
    vertex 7.454640772908848 0.5454064509238048 1.8073621235119108
    vertex 7.669180912847867 0.8250006054969582 1.8073525478081232
  endloop
endfacet
facet normal 0.4749305533145828 0.3643586985658716 0.8010516264933796
  outer loop
    vertex 6.617033156553157 1.5675097217197849 2.7075171719718583
    vertex 7.454640773936407 2.4545947599315943 1.8074157200029324
    vertex 6.595579140540204 1.5954691371771017 2.707505318875081
  endloop
endfacet
facet normal 0.4749305533145828 0.3643586985658716 0.8010516264933796
  outer loop
    vertex 7.454640773936407 2.4545947599315943 1.8074157200029324
    vertex 6.617033156553157 1.5675097217197849 2.7075171719718583
    vertex 7.669180913574468 2.1750006053584445 1.8073904462503727
  endloop
endfacet
facet normal -0.9914448610274684 -0.13052619237002497 2.5448128015815628e-05
  outer loop
    vertex 5.15004662654017 1.5000006054276998 1.8075760985095193
    vertex 5.196002588092841 1.1506057950439625 0.14252952857330511
    vertex 5.1960467607077865 1.1505948945751465 1.8075625535875681
  endloop
endfacet
facet normal -0.9914448610274684 -0.13052619237002497 2.5448128015815628e-05
  outer loop
    vertex 5.196002588092841 1.1506057950439625 0.14252952857330511
    vertex 5.15004662654017 1.5000006054276998 1.8075760985095193
    vertex 5.15000245355244 1.5000115058965156 0.1425331220708302
  endloop
endfacet
facet normal -0.6087614292457899 -0.7933533400336771 1.095590710032176e-05
  outer loop
    vertex 5.825046623649965 0.33086631043866016 1.8074884546943586
    vertex 5.545408299007079 0.545417351392618 0.14252061487750736
    vertex 5.825002453602341 0.3308772109074785 0.14251590213287046
  endloop
endfacet
facet normal -0.6087614292457899 -0.7933533400336771 1.095590710032176e-05
  outer loop
    vertex 5.545408299007079 0.545417351392618 0.14252061487750736
    vertex 5.825046623649965 0.33086631043866016 1.8074884546943586
    vertex 5.545452470100114 0.5454064509238022 1.807517185810472
  endloop
endfacet
facet normal 0.3826834327349238 0.923879532348985 -4.103188682165702e-06
  outer loop
    vertex 6.849408164137475 2.8040113712529653 0.14252787604333675
    vertex 7.175046620386562 2.669134900416737 1.8074444511190444
    vertex 7.1750024532298005 2.6691458008855524 0.14252341944489733
  endloop
endfacet
facet normal 0.3826834327349238 0.923879532348985 -4.103188682165702e-06
  outer loop
    vertex 7.175046620386562 2.669134900416737 1.8074444511190444
    vertex 6.849408164137475 2.8040113712529653 0.14252787604333675
    vertex 6.849452332438149 2.804000470784149 1.8074746816206262
  endloop
endfacet
facet normal -0.22898290250545916 0.5529383869918668 0.8011404187475554
  outer loop
    vertex 6.432619712552663 1.6169231512256155 2.7074273307486596
    vertex 6.150640913002055 2.804000470784149 1.807531438361067
    vertex 5.825046624908468 2.669134900416737 1.8075540967218644
  endloop
endfacet
facet normal -0.22898290250545916 0.5529383869918668 0.8011404187475554
  outer loop
    vertex 6.150640913002055 2.804000470784149 1.807531438361067
    vertex 6.432619712552663 1.6169231512256155 2.7074273307486596
    vertex 6.465179143745491 1.6304097082623574 2.707441791536924
  endloop
endfacet
facet normal -0.13052619199584053 0.9914448613533641 9.95358045651395e-06
  outer loop
    vertex 6.150596742431257 2.8040113712529653 0.14253484411561496
    vertex 6.500046622744861 2.8500006052891864 1.807504351348951
    vertex 6.500002453279718 2.850011505758002 0.1425317727857613
  endloop
endfacet
facet normal -0.13052619199584053 0.9914448613533641 9.95358045651395e-06
  outer loop
    vertex 6.500046622744861 2.8500006052891864 1.807504351348951
    vertex 6.150596742431257 2.8040113712529653 0.14253484411561496
    vertex 6.150640913002055 2.804000470784149 1.807531438361067
  endloop
endfacet
facet normal 0.22911123287659993 -0.5529986971450513 0.8010620974216919
  outer loop
    vertex 6.84945233103447 0.19600074007125037 1.8074014674523373
    vertex 6.567619725620981 1.3830962922278065 2.707505569075328
    vertex 6.535060294428158 1.369609735191067 2.7074911082870594
  endloop
endfacet
facet normal 0.22911123287659993 -0.5529986971450513 0.8010620974216919
  outer loop
    vertex 6.567619725620981 1.3830962922278065 2.707505569075328
    vertex 6.84945233103447 0.19600074007125037 1.8074014674523373
    vertex 7.175046619128059 0.33086631043866266 1.80737880909154
  endloop
endfacet
facet normal 0.793353340236972 -0.6087614285648035 -2.5031566596711767e-05
  outer loop
    vertex 7.454596608017901 0.5454173513926207 0.14250157775000777
    vertex 7.669180912847867 0.8250006054969582 1.8073525478081232
    vertex 7.454640772908848 0.5454064509238048 1.8073621235119108
  endloop
endfacet
facet normal 0.793353340236972 -0.6087614285648035 -2.5031566596711767e-05
  outer loop
    vertex 7.669180912847867 0.8250006054969582 1.8073525478081232
    vertex 7.454596608017901 0.5454173513926207 0.14250157775000777
    vertex 7.669136748475143 0.8250115059657741 0.1425019469783096
  endloop
endfacet
facet normal -0.7933533402956873 -0.6087614287638254 1.7061699183071403e-05
  outer loop
    vertex 5.330912330462061 0.8250006054969533 1.8075424595630323
    vertex 5.545408299007079 0.545417351392618 0.14252061487750736
    vertex 5.545452470100114 0.5454064509238022 1.807517185810472
  endloop
endfacet
facet normal -0.7933533402956873 -0.6087614287638254 1.7061699183071403e-05
  outer loop
    vertex 5.545408299007079 0.545417351392618 0.14252061487750736
    vertex 5.330912330462061 0.8250006054969533 1.8075424595630323
    vertex 5.330868158493357 0.8250115059657717 0.14252526260257906
  endloop
endfacet
facet normal -0.38268343273490696 -0.9238795323489903 4.1035267571537925e-06
  outer loop
    vertex 6.150640911598373 0.19600074007125037 1.8074582241927788
    vertex 5.825002453602341 0.3308772109074785 0.14251590213287046
    vertex 6.150596742694668 0.19601164054006623 0.1425114455344304
  endloop
endfacet
facet normal -0.38268343273490696 -0.9238795323489903 4.1035267571537925e-06
  outer loop
    vertex 5.825002453602341 0.3308772109074785 0.14251590213287046
    vertex 6.150640911598373 0.19600074007125037 1.8074582241927788
    vertex 5.825046623649965 0.33086631043866016 1.8074884546943586
  endloop
endfacet
facet normal 0.5935049451872905 0.07810665430903625 0.8010313543119771
  outer loop
    vertex 6.635119729243512 1.500009721726711 2.707529936086035
    vertex 7.804046483328734 1.8494063162802539 1.8073703522258349
    vertex 6.6305197150113715 1.534950292811967 2.707525568444076
  endloop
endfacet
facet normal 0.5935049451872905 0.07810665430903625 0.8010313543119771
  outer loop
    vertex 7.804046483328734 1.8494063162802539 1.8073703522258349
    vertex 6.635119729243512 1.500009721726711 2.707529936086035
    vertex 7.850046617496357 1.5000006054276998 1.8073568073038837
  endloop
endfacet
facet normal 0.13052619257432008 0.9914448613225452 3.0283121568082447e-06
  outer loop
    vertex 6.500002453279718 2.850011505758002 0.1425317727857613
    vertex 6.849452332438149 2.804000470784149 1.8074746816206262
    vertex 6.849408164137475 2.8040113712529653 0.14252787604333675
  endloop
endfacet
facet normal 0.13052619257432008 0.9914448613225452 3.0283121568082447e-06
  outer loop
    vertex 6.849452332438149 2.804000470784149 1.8074746816206262
    vertex 6.500002453279718 2.850011505758002 0.1425317727857613
    vertex 6.500046622744861 2.8500006052891864 1.807504351348951
  endloop
endfacet
facet normal -0.9914448610515701 0.1305261918425593 2.715717823709088e-05
  outer loop
    vertex 5.196046761083901 1.8494063162802539 1.8075821712648368
    vertex 5.15000245355244 1.5000115058965156 0.1425331220708302
    vertex 5.15004662654017 1.5000006054276998 1.8075760985095193
  endloop
endfacet
facet normal -0.9914448610515701 0.1305261918425593 2.715717823709088e-05
  outer loop
    vertex 5.15000245355244 1.5000115058965156 0.1425331220708302
    vertex 5.196046761083901 1.8494063162802539 1.8075821712648368
    vertex 5.19600258802226 1.8494172167490694 0.14253579820423828
  endloop
endfacet
facet normal 0.13052619199583831 -0.9914448613533621 -9.953810369627916e-06
  outer loop
    vertex 6.84945233103447 0.19600074007125037 1.8074014674523373
    vertex 6.500002453552425 0.15001150603502644 0.14250754879200586
    vertex 6.849408164400886 0.19601164054006623 0.1425044774621525
  endloop
endfacet
facet normal 0.13052619199583831 -0.9914448613533621 -9.953810369627916e-06
  outer loop
    vertex 6.500002453552425 0.15001150603502644 0.14250754879200586
    vertex 6.84945233103447 0.19600074007125037 1.8074014674523373
    vertex 6.500046621291665 0.15000060556621062 1.807428554464454
  endloop
endfacet
facet normal 0.5530580734115021 -0.22908078214121194 0.8010298138570924
  outer loop
    vertex 7.669180912847867 0.8250006054969582 1.8073525478081232
    vertex 6.630519715881537 1.465069150641455 2.707529977250147
    vertex 6.617033158234188 1.4325097217336373 2.707525689131151
  endloop
endfacet
facet normal 0.5530580734115021 -0.22908078214121194 0.8010298138570924
  outer loop
    vertex 6.630519715881537 1.465069150641455 2.707529977250147
    vertex 7.669180912847867 0.8250006054969582 1.8073525478081232
    vertex 7.804046482952619 1.1505948945751465 1.8073507345485682
  endloop
endfacet
facet normal -0.4747640077292731 0.36432404055306505 0.8011661066470095
  outer loop
    vertex 6.383206279939459 1.5675097217197849 2.707407210692839
    vertex 5.545452471127678 2.4545947599315943 1.8075707823014935
    vertex 5.330912331188656 2.175000605358442 1.8075803580052812
  endloop
endfacet
facet normal -0.4747640077292731 0.36432404055306505 0.8011661066470095
  outer loop
    vertex 5.545452471127678 2.4545947599315943 1.8075707823014935
    vertex 6.383206279939459 1.5675097217197849 2.707407210692839
    vertex 6.4046602952561065 1.5954691371771017 2.7074155358667253
  endloop
endfacet
facet normal -9.971319961377485e-06 8.97184953849753e-06 -0.9999999999100395
  outer loop
    vertex 5.19600258802226 1.8494172167490694 0.14253579820423828
    vertex 5.196002588092841 1.1506057950439625 0.14252952857330511
    vertex 5.15000245355244 1.5000115058965156 0.1425331220708302
  endloop
endfacet
facet normal -9.971319961377485e-06 8.97184953849753e-06 -0.9999999999100395
  outer loop
    vertex 5.196002588092841 1.1506057950439625 0.14252952857330511
    vertex 5.19600258802226 1.8494172167490694 0.14253579820423828
    vertex 5.330868158357005 2.1750115058272574 0.14253737459945695
  endloop
endfacet
facet normal -9.971319961377485e-06 8.97184953849753e-06 -0.9999999999100395
  outer loop
    vertex 5.196002588092841 1.1506057950439625 0.14252952857330511
    vertex 5.330868158357005 2.1750115058272574 0.14253737459945695
    vertex 5.330868158493357 0.8250115059657717 0.14252526260257906
  endloop
endfacet
facet normal -9.971319961377485e-06 8.97184953849753e-06 -0.9999999999100395
  outer loop
    vertex 5.330868158493357 0.8250115059657717 0.14252526260257906
    vertex 5.330868158357005 2.1750115058272574 0.14253737459945695
    vertex 5.545408298814249 2.4546056604004107 0.1425377438277581
  endloop
endfacet
facet normal -9.971319961377485e-06 8.97184953849753e-06 -0.9999999999100395
  outer loop
    vertex 5.330868158493357 0.8250115059657717 0.14252526260257906
    vertex 5.545408298814249 2.4546056604004107 0.1425377438277581
    vertex 5.545408299007079 0.545417351392618 0.14252061487750736
  endloop
endfacet
facet normal -9.971319961377485e-06 8.97184953849753e-06 -0.9999999999100395
  outer loop
    vertex 5.545408299007079 0.545417351392618 0.14252061487750736
    vertex 5.545408298814249 2.4546056604004107 0.1425377438277581
    vertex 5.825002453366171 2.6691458008855524 0.14253688072684664
  endloop
endfacet
facet normal -9.971319961377485e-06 8.97184953849753e-06 -0.9999999999100395
  outer loop
    vertex 5.545408299007079 0.545417351392618 0.14252061487750736
    vertex 5.825002453366171 2.6691458008855524 0.14253688072684664
    vertex 5.825002453602341 0.3308772109074785 0.14251590213287046
  endloop
endfacet
facet normal -9.971319961377485e-06 8.97184953849753e-06 -0.9999999999100395
  outer loop
    vertex 5.825002453602341 0.3308772109074785 0.14251590213287046
    vertex 5.825002453366171 2.6691458008855524 0.14253688072684664
    vertex 6.150596742431257 2.8040113712529653 0.14253484411561496
  endloop
endfacet
facet normal -9.971319961377485e-06 8.97184953849753e-06 -0.9999999999100395
  outer loop
    vertex 5.825002453602341 0.3308772109074785 0.14251590213287046
    vertex 6.150596742431257 2.8040113712529653 0.14253484411561496
    vertex 6.150596742694668 0.19601164054006623 0.1425114455344304
  endloop
endfacet
facet normal -9.971319961377485e-06 8.97184953849753e-06 -0.9999999999100395
  outer loop
    vertex 6.150596742694668 0.19601164054006623 0.1425114455344304
    vertex 6.150596742431257 2.8040113712529653 0.14253484411561496
    vertex 6.500002453279718 2.850011505758002 0.1425317727857613
  endloop
endfacet
facet normal -9.971319961377485e-06 8.97184953849753e-06 -0.9999999999100395
  outer loop
    vertex 6.150596742694668 0.19601164054006623 0.1425114455344304
    vertex 6.500002453279718 2.850011505758002 0.1425317727857613
    vertex 6.500002453552425 0.15001150603502644 0.14250754879200586
  endloop
endfacet
facet normal -9.971319961377485e-06 8.97184953849753e-06 -0.9999999999100395
  outer loop
    vertex 6.500002453552425 0.15001150603502644 0.14250754879200586
    vertex 6.500002453279718 2.850011505758002 0.1425317727857613
    vertex 6.849408164137475 2.8040113712529653 0.14252787604333675
  endloop
endfacet
facet normal -9.971319961377485e-06 8.97184953849753e-06 -0.9999999999100395
  outer loop
    vertex 6.500002453552425 0.15001150603502644 0.14250754879200586
    vertex 6.849408164137475 2.8040113712529653 0.14252787604333675
    vertex 6.849408164400886 0.19601164054006623 0.1425044774621525
  endloop
endfacet
facet normal -9.971319961377485e-06 8.97184953849753e-06 -0.9999999999100395
  outer loop
    vertex 6.849408164400886 0.19601164054006623 0.1425044774621525
    vertex 6.849408164137475 2.8040113712529653 0.14252787604333675
    vertex 7.1750024532298005 2.6691458008855524 0.14252341944489733
  endloop
endfacet
facet normal -9.971319961377485e-06 8.97184953849753e-06 -0.9999999999100395
  outer loop
    vertex 6.849408164400886 0.19601164054006623 0.1425044774621525
    vertex 7.1750024532298005 2.6691458008855524 0.14252341944489733
    vertex 7.175002453465975 0.3308772109074785 0.14250244085092176
  endloop
endfacet
facet normal -9.971319961377485e-06 8.97184953849753e-06 -0.9999999999100395
  outer loop
    vertex 7.175002453465975 0.3308772109074785 0.14250244085092176
    vertex 7.1750024532298005 2.6691458008855524 0.14252341944489733
    vertex 7.454596607825066 2.4546056604004107 0.14251870670026043
  endloop
endfacet
facet normal -9.971319961377485e-06 8.97184953849753e-06 -0.9999999999100395
  outer loop
    vertex 7.175002453465975 0.3308772109074785 0.14250244085092176
    vertex 7.454596607825066 2.4546056604004107 0.14251870670026043
    vertex 7.454596608017901 0.5454173513926207 0.14250157775000777
  endloop
endfacet
facet normal -9.971319961377485e-06 8.97184953849753e-06 -0.9999999999100395
  outer loop
    vertex 7.454596608017901 0.5454173513926207 0.14250157775000777
    vertex 7.454596607825066 2.4546056604004107 0.14251870670026043
    vertex 7.669136748338792 2.17501150582726 0.1425140589751887
  endloop
endfacet
facet normal -9.971319961377485e-06 8.97184953849753e-06 -0.9999999999100395
  outer loop
    vertex 7.454596608017901 0.5454173513926207 0.14250157775000777
    vertex 7.669136748338792 2.17501150582726 0.1425140589751887
    vertex 7.669136748475143 0.8250115059657741 0.1425019469783096
  endloop
endfacet
facet normal -9.971319961377485e-06 8.97184953849753e-06 -0.9999999999100395
  outer loop
    vertex 7.669136748475143 0.8250115059657741 0.1425019469783096
    vertex 7.669136748338792 2.17501150582726 0.1425140589751887
    vertex 7.804002318739299 1.8494172167490694 0.14250979300446234
  endloop
endfacet
facet normal -9.971319961377485e-06 8.97184953849753e-06 -0.9999999999100395
  outer loop
    vertex 7.669136748475143 0.8250115059657741 0.1425019469783096
    vertex 7.804002318739299 1.8494172167490694 0.14250979300446234
    vertex 7.8040023188098795 1.150605795043965 0.1425035233735298
  endloop
endfacet
facet normal -9.971319961377485e-06 8.97184953849753e-06 -0.9999999999100395
  outer loop
    vertex 7.8040023188098795 1.150605795043965 0.1425035233735298
    vertex 7.804002318739299 1.8494172167490694 0.14250979300446234
    vertex 7.850002453279701 1.5000115058965156 0.14250619950693633
  endloop
endfacet
facet normal 0.5530616331793157 0.22903872716518717 0.8010393819055209
  outer loop
    vertex 6.6305197150113715 1.534950292811967 2.707525568444076
    vertex 7.669180913574468 2.1750006053584445 1.8073904462503727
    vertex 6.617033156553157 1.5675097217197849 2.7075171719718583
  endloop
endfacet
facet normal 0.5530616331793157 0.22903872716518717 0.8010393819055209
  outer loop
    vertex 7.669180913574468 2.1750006053584445 1.8073904462503727
    vertex 6.6305197150113715 1.534950292811967 2.707525568444076
    vertex 7.804046483328734 1.8494063162802539 1.8073703522258349
  endloop
endfacet
facet normal -0.3642848525018193 -0.47484612511023633 0.8011352593073918
  outer loop
    vertex 5.825046623649965 0.33086631043866016 1.8074884546943586
    vertex 6.404660297633442 1.404550306276323 2.707427580948907
    vertex 5.545452470100114 0.5454064509238022 1.807517185810472
  endloop
endfacet
facet normal -0.3642848525018193 -0.47484612511023633 0.8011352593073918
  outer loop
    vertex 6.404660297633442 1.404550306276323 2.707427580948907
    vertex 5.825046623649965 0.33086631043866016 1.8074884546943586
    vertex 6.432619715464292 1.3830962922278065 2.7074420829012857
  endloop
endfacet
facet normal 0.3644376861893073 0.47484358299210494 0.8010672534664015
  outer loop
    vertex 6.595579140540204 1.5954691371771017 2.707505318875081
    vertex 7.175046620386562 2.669134900416737 1.8074444511190444
    vertex 6.567619722709352 1.6169231512256155 2.7074908169227014
  endloop
endfacet
facet normal 0.3644376861893073 0.47484358299210494 0.8010672534664015
  outer loop
    vertex 7.175046620386562 2.669134900416737 1.8074444511190444
    vertex 6.595579140540204 1.5954691371771017 2.707505318875081
    vertex 7.454640773936407 2.4545947599315943 1.8074157200029324
  endloop
endfacet
facet normal -0.5528754471014158 -0.22905541627977016 0.8011631271253756
  outer loop
    vertex 5.330912330462061 0.8250006054969533 1.8075424595630323
    vertex 6.369719723162273 1.465069150641455 2.7074073313799096
    vertex 5.1960467607077865 1.1505948945751465 1.8075625535875681
  endloop
endfacet
facet normal -0.5528754471014158 -0.22905541627977016 0.8011631271253756
  outer loop
    vertex 6.369719723162273 1.465069150641455 2.7074073313799096
    vertex 5.330912330462061 0.8250006054969533 1.8075424595630323
    vertex 6.383206281620489 1.4325097217336373 2.707415727852132
  endloop
endfacet
facet normal -0.0004702678675468555 6.309005586637443e-05 0.9999998874338826
  outer loop
    vertex 11.376958879404615 1.467010089809269 2.636163356164363
    vertex 11.376958878582792 1.5330089463036414 2.636159192291964
    vertex 11.372614421518703 1.5000095180564552 2.6361592311691826
  endloop
endfacet
facet normal -0.0004702678675468555 6.309005586637443e-05 0.9999998874338826
  outer loop
    vertex 11.376958878582792 1.5330089463036414 2.636159192291964
    vertex 11.376958879404615 1.467010089809269 2.636163356164363
    vertex 11.38969618302751 1.5637595180499138 2.63616324218213
  endloop
endfacet
facet normal -0.0004702678675468555 6.309005586637443e-05 0.9999998874338826
  outer loop
    vertex 11.38969618302751 1.5637595180499138 2.63616324218213
    vertex 11.376958879404615 1.467010089809269 2.636163356164363
    vertex 11.38969618461515 1.4362595180629965 2.6361712861659057
  endloop
endfacet
facet normal -0.0004702678675468555 6.309005586637443e-05 0.9999998874338826
  outer loop
    vertex 11.38969618302751 1.5637595180499138 2.63616324218213
    vertex 11.38969618461515 1.4362595180629965 2.6361712861659057
    vertex 11.409958308604345 1.5901656326484908 2.6361711048463565
  endloop
endfacet
facet normal -0.0004702678675468555 6.309005586637443e-05 0.9999998874338826
  outer loop
    vertex 11.409958308604345 1.5901656326484908 2.6361711048463565
    vertex 11.38969618461515 1.4362595180629965 2.6361712861659057
    vertex 11.409958310849607 1.409853403464422 2.6361824807573053
  endloop
endfacet
facet normal -0.0004702678675468555 6.309005586637443e-05 0.9999998874338826
  outer loop
    vertex 11.409958308604345 1.5901656326484908 2.6361711048463565
    vertex 11.409958310849607 1.409853403464422 2.6361824807573053
    vertex 11.436364424939981 1.6104277570276428 2.6361822444570717
  endloop
endfacet
facet normal -0.0004702678675468555 6.309005586637443e-05 0.9999998874338826
  outer loop
    vertex 11.436364424939981 1.6104277570276428 2.6361822444570717
    vertex 11.409958310849607 1.409853403464422 2.6361824807573053
    vertex 11.436364427689854 1.3895912790852676 2.6361961770456626
  endloop
endfacet
facet normal -0.0004702678675468555 6.309005586637443e-05 0.9999998874338826
  outer loop
    vertex 11.436364424939981 1.6104277570276428 2.6361822444570717
    vertex 11.436364427689854 1.3895912790852676 2.6361961770456626
    vertex 11.467114998844318 1.6231650608956771 2.6361959018682106
  endloop
endfacet
facet normal -0.0004702678675468555 6.309005586637443e-05 0.9999998874338826
  outer loop
    vertex 11.467114998844318 1.6231650608956771 2.6361959018682106
    vertex 11.436364427689854 1.3895912790852676 2.6361961770456626
    vertex 11.467115001911402 1.3768539752172357 2.6362114416515596
  endloop
endfacet
facet normal -0.0004702678675468555 6.309005586637443e-05 0.9999998874338826
  outer loop
    vertex 11.467114998844318 1.6231650608956771 2.6361959018682106
    vertex 11.467115001911402 1.3768539752172357 2.6362114416515596
    vertex 11.500114429523492 1.6275095180433747 2.6362111463497806
  endloop
endfacet
facet normal -0.0004702678675468555 6.309005586637443e-05 0.9999998874338826
  outer loop
    vertex 11.500114429523492 1.6275095180433747 2.6362111463497806
    vertex 11.467115001911402 1.3768539752172357 2.6362114416515596
    vertex 11.500114432698771 1.3725095180695381 2.636227234317328
  endloop
endfacet
facet normal -0.0004702678675468555 6.309005586637443e-05 0.9999998874338826
  outer loop
    vertex 11.500114429523492 1.6275095180433747 2.6362111463497806
    vertex 11.500114432698771 1.3725095180695381 2.636227234317328
    vertex 11.533113860310868 1.6231650608956771 2.636226939015546
  endloop
endfacet
facet normal -0.0004702678675468555 6.309005586637443e-05 0.9999998874338826
  outer loop
    vertex 11.533113860310868 1.6231650608956771 2.636226939015546
    vertex 11.500114432698771 1.3725095180695381 2.636227234317328
    vertex 11.533113863377949 1.3768539752172357 2.6362424787988936
  endloop
endfacet
facet normal -0.0004702678675468555 6.309005586637443e-05 0.9999998874338826
  outer loop
    vertex 11.533113860310868 1.6231650608956771 2.636226939015546
    vertex 11.533113863377949 1.3768539752172357 2.6362424787988936
    vertex 11.56386443453241 1.6104277570276428 2.6362422036214443
  endloop
endfacet
facet normal -0.0004702678675468555 6.309005586637443e-05 0.9999998874338826
  outer loop
    vertex 11.56386443453241 1.6104277570276428 2.6362422036214443
    vertex 11.533113863377949 1.3768539752172357 2.6362424787988936
    vertex 11.563864437282282 1.3895912790852676 2.6362561362100365
  endloop
endfacet
facet normal -0.0004702678675468555 6.309005586637443e-05 0.9999998874338826
  outer loop
    vertex 11.56386443453241 1.6104277570276428 2.6362422036214443
    vertex 11.563864437282282 1.3895912790852676 2.6362561362100365
    vertex 11.590270551372658 1.5901656326484908 2.6362558999098025
  endloop
endfacet
facet normal -0.0004702678675468555 6.309005586637443e-05 0.9999998874338826
  outer loop
    vertex 11.590270551372658 1.5901656326484908 2.6362558999098025
    vertex 11.563864437282282 1.3895912790852676 2.6362561362100365
    vertex 11.590270553617918 1.409853403464422 2.6362672758207504
  endloop
endfacet
facet normal -0.0004702678675468555 6.309005586637443e-05 0.9999998874338826
  outer loop
    vertex 11.590270551372658 1.5901656326484908 2.6362558999098025
    vertex 11.590270553617918 1.409853403464422 2.6362672758207504
    vertex 11.610532677607116 1.5637595180499138 2.636267094501204
  endloop
endfacet
facet normal -0.0004702678675468555 6.309005586637443e-05 0.9999998874338826
  outer loop
    vertex 11.610532677607116 1.5637595180499138 2.636267094501204
    vertex 11.590270553617918 1.409853403464422 2.6362672758207504
    vertex 11.610532679194757 1.4362595180629965 2.6362751384849803
  endloop
endfacet
facet normal -0.0004702678675468555 6.309005586637443e-05 0.9999998874338826
  outer loop
    vertex 11.610532677607116 1.5637595180499138 2.636267094501204
    vertex 11.610532679194757 1.4362595180629965 2.6362751384849803
    vertex 11.623269982817652 1.5330089463036414 2.636275024502743
  endloop
endfacet
facet normal -0.0004702678675468555 6.309005586637443e-05 0.9999998874338826
  outer loop
    vertex 11.623269982817652 1.5330089463036414 2.636275024502743
    vertex 11.610532679194757 1.4362595180629965 2.6362751384849803
    vertex 11.623269983639474 1.467010089809269 2.636279188375143
  endloop
endfacet
facet normal -0.0004702678675468555 6.309005586637443e-05 0.9999998874338826
  outer loop
    vertex 11.623269982817652 1.5330089463036414 2.636275024502743
    vertex 11.623269983639474 1.467010089809269 2.636279188375143
    vertex 11.627614440703562 1.5000095180564552 2.636279149497926
  endloop
endfacet
facet normal -0.5528754471014158 -0.22905541627977016 0.8011631271253756
  outer loop
    vertex 10.395863008521081 0.8625009082839062 1.786290977226201
    vertex 11.376958879404615 1.467010089809269 2.636163356164363
    vertex 10.26848997041982 1.1700066257466444 1.7863099549160408
  endloop
endfacet
facet normal -0.5528754471014158 -0.22905541627977016 0.8011631271253756
  outer loop
    vertex 11.376958879404615 1.467010089809269 2.636163356164363
    vertex 10.395863008521081 0.8625009082839062 1.786290977226201
    vertex 11.38969618461515 1.4362595180629965 2.6361712861659057
  endloop
endfacet
facet normal 0.38268343229091834 -0.9238795323999656 -1.620072610077673e-05
  outer loop
    vertex 12.137545392261188 0.39581851850663186 1.7861364184475694
    vertex 11.829997962796638 0.26845577471351295 0.21375510524203714
    vertex 12.137503680246997 0.3958288133938468 0.21375318177587477
  endloop
endfacet
facet normal 0.38268343229091834 -0.9238795323999656 -1.620072610077673e-05
  outer loop
    vertex 11.829997962796638 0.26845577471351295 0.21375510524203714
    vertex 12.137545392261188 0.39581851850663186 1.7861364184475694
    vertex 11.830039675728356 0.268445479826298 1.7861578180105444
  endloop
endfacet
facet normal -0.47475914809375364 -0.3643638458091787 0.8011508841463251
  outer loop
    vertex 10.598484251512575 0.5984397622981524 1.7862671075710055
    vertex 11.38969618461515 1.4362595180629965 2.6361712861659057
    vertex 10.395863008521081 0.8625009082839062 1.786290977226201
  endloop
endfacet
facet normal -0.47475914809375364 -0.3643638458091787 0.8011508841463251
  outer loop
    vertex 11.38969618461515 1.4362595180629965 2.6361712861659057
    vertex 10.598484251512575 0.5984397622981524 1.7862671075710055
    vertex 11.409958310849607 1.409853403464422 2.6361824807573053
  endloop
endfacet
facet normal -0.9914448610274684 -0.13052619237002497 2.5448128015815628e-05
  outer loop
    vertex 10.225045399261516 1.5000009082185002 1.7863227473423278
    vertex 10.268448251839038 1.1700169206338593 0.2137787646247924
    vertex 10.26848997041982 1.1700066257466444 1.7863099549160408
  endloop
endfacet
facet normal -0.9914448610274684 -0.13052619237002497 2.5448128015815628e-05
  outer loop
    vertex 10.268448251839038 1.1700169206338593 0.2137787646247924
    vertex 10.225045399261516 1.5000009082185002 1.7863227473423278
    vertex 10.22500368032866 1.5000112031057151 0.21378215848356608
  endloop
endfacet
facet normal -0.6087614292457899 -0.7933533400336771 1.095590710032176e-05
  outer loop
    vertex 10.862545396531878 0.39581851850662947 1.7862399726280094
    vertex 10.598442534369154 0.5984500571853675 0.21377034613431675
    vertex 10.862503680375788 0.3958288133938468 0.21376589520882633
  endloop
endfacet
facet normal -0.6087614292457899 -0.7933533400336771 1.095590710032176e-05
  outer loop
    vertex 10.598442534369154 0.5984500571853675 0.21377034613431675
    vertex 10.862545396531878 0.39581851850662947 1.7862399726280094
    vertex 10.598484251512575 0.5984397622981524 1.7862671075710055
  endloop
endfacet
facet normal 0.07818433906743175 -0.593429802454505 0.8010794459249321
  outer loop
    vertex 11.830039675728356 0.268445479826298 1.7861578180105444
    vertex 11.500114432698771 1.3725095180695381 2.636227234317328
    vertex 11.500045394304596 0.225000908349316 1.7861834001886547
  endloop
endfacet
facet normal 0.07818433906743175 -0.593429802454505 0.8010794459249321
  outer loop
    vertex 11.500114432698771 1.3725095180695381 2.636227234317328
    vertex 11.830039675728356 0.268445479826298 1.7861578180105444
    vertex 11.533113863377949 1.3768539752172357 2.6362424787988936
  endloop
endfacet
facet normal -0.3826834322909223 0.9238795323999646 1.6200684500048782e-05
  outer loop
    vertex 10.86250368015274 2.6041935928175834 0.21378570832535937
    vertex 11.170051114253297 2.731556336610702 1.7862805683132341
    vertex 11.1700093976031 2.7315666314979175 0.21378378485919616
  endloop
endfacet
facet normal -0.3826834322909223 0.9238795323999646 1.6200684500048782e-05
  outer loop
    vertex 11.170051114253297 2.731556336610702 1.7862805683132341
    vertex 10.86250368015274 2.6041935928175834 0.21378570832535937
    vertex 10.862545397720464 2.604183297930368 1.7863019678762093
  endloop
endfacet
facet normal 0.3826834327349237 0.9238795323489849 -4.103188682165703e-06
  outer loop
    vertex 11.82999796254786 2.7315666314979175 0.2137772039020445
    vertex 12.137545393449775 2.604183297930368 1.7861984136957683
    vertex 12.137503680023945 2.6041935928175834 0.21377299489240725
  endloop
endfacet
facet normal 0.3826834327349237 0.9238795323489849 -4.103188682165703e-06
  outer loop
    vertex 12.137545393449775 2.604183297930368 1.7861984136957683
    vertex 11.82999796254786 2.7315666314979175 0.2137772039020445
    vertex 11.830039677054053 2.731556336610702 1.7862269647250397
  endloop
endfacet
facet normal -0.9238795322875291 -0.38268343227263946 2.2004741700021264e-05
  outer loop
    vertex 10.26848997041982 1.1700066257466444 1.7863099549160408
    vertex 10.395821290550638 0.8625112031711236 0.21377473565244
    vertex 10.395863008521081 0.8625009082839062 1.786290977226201
  endloop
endfacet
facet normal -0.9238795322875291 -0.38268343227263946 2.2004741700021264e-05
  outer loop
    vertex 10.395821290550638 0.8625112031711236 0.21377473565244
    vertex 10.26848997041982 1.1700066257466444 1.7863099549160408
    vertex 10.268448251839038 1.1700169206338593 0.2137787646247924
  endloop
endfacet
facet normal -0.7933533402369389 0.6087614285648039 2.5032607464037284e-05
  outer loop
    vertex 10.598484252483052 2.401562054138845 1.7863177264791925
    vertex 10.39582129042186 2.137511203040305 0.21378617476060247
    vertex 10.395863009207309 2.1375009081530894 1.7863267701994363
  endloop
endfacet
facet normal -0.7933533402369389 0.6087614285648039 2.5032607464037284e-05
  outer loop
    vertex 10.39582129042186 2.137511203040305 0.21378617476060247
    vertex 10.598484252483052 2.401562054138845 1.7863177264791925
    vertex 10.598442534187036 2.4015723490260603 0.2137865234762202
  endloop
endfacet
facet normal -0.1305261919958405 0.9914448613533641 9.953580456513948e-06
  outer loop
    vertex 11.1700093976031 2.7315666314979175 0.21378378485919616
    vertex 11.50004539567706 2.775000908087682 1.7862549861351242
    vertex 11.50000368007109 2.7750112029748966 0.21378088415877877
  endloop
endfacet
facet normal -0.1305261919958405 0.9914448613533641 9.953580456513948e-06
  outer loop
    vertex 11.50004539567706 2.775000908087682 1.7862549861351242
    vertex 11.1700093976031 2.7315666314979175 0.21378378485919616
    vertex 11.170051114253297 2.731556336610702 1.7862805683132341
  endloop
endfacet
facet normal -0.5528790046676866 0.22901335465400655 0.8011726964817178
  outer loop
    vertex 11.376958878582792 1.5330089463036414 2.636159192291964
    vertex 10.395863009207309 2.1375009081530894 1.7863267701994363
    vertex 10.26848997077504 1.8299951906903567 1.7863284827223498
  endloop
endfacet
facet normal -0.5528790046676866 0.22901335465400655 0.8011726964817178
  outer loop
    vertex 10.395863009207309 2.1375009081530894 1.7863267701994363
    vertex 11.376958878582792 1.5330089463036414 2.636159192291964
    vertex 11.38969618302751 1.5637595180499138 2.63616324218213
  endloop
endfacet
facet normal 0.9238795322876059 0.38268343227257057 -2.200271704695856e-05
  outer loop
    vertex 12.73155910856069 1.8300054855775711 0.2137601254764409
    vertex 12.604227781460574 2.1375009081530925 1.7861474090975782
    vertex 12.731600819561827 1.8299951906903567 1.7861284314077372
  endloop
endfacet
facet normal 0.9238795322876059 0.38268343227257057 -2.200271704695856e-05
  outer loop
    vertex 12.604227781460574 2.1375009081530925 1.7861474090975782
    vertex 12.73155910856069 1.8300054855775711 0.2137601254764409
    vertex 12.604186069849103 2.1375112030403067 0.21376415444879354
  endloop
endfacet
facet normal 0.7933533402957378 0.608761428763803 -1.7060139666046218e-05
  outer loop
    vertex 12.604186069849103 2.1375112030403067 0.21376415444879354
    vertex 12.401606538469073 2.401562054138845 1.7861712787527735
    vertex 12.604227781460574 2.1375009081530925 1.7861474090975782
  endloop
endfacet
facet normal 0.7933533402957378 0.608761428763803 -1.7060139666046218e-05
  outer loop
    vertex 12.401606538469073 2.401562054138845 1.7861712787527735
    vertex 12.604186069849103 2.1375112030403067 0.21376415444879354
    vertex 12.401564826030583 2.4015723490260603 0.21376854396691686
  endloop
endfacet
facet normal 0.4749305533145827 0.36435869856587166 0.8010516264933796
  outer loop
    vertex 11.610532677607116 1.5637595180499138 2.636267094501204
    vertex 12.401606538469073 2.401562054138845 1.7861712787527735
    vertex 11.590270551372658 1.5901656326484908 2.6362558999098025
  endloop
endfacet
facet normal 0.4749305533145827 0.36435869856587166 0.8010516264933796
  outer loop
    vertex 12.401606538469073 2.401562054138845 1.7861712787527735
    vertex 11.610532677607116 1.5637595180499138 2.636267094501204
    vertex 12.604227781460574 2.1375009081530925 1.7861474090975782
  endloop
endfacet
facet normal -0.22898290250545913 0.5529383869918668 0.8011404187475554
  outer loop
    vertex 11.436364424939981 1.6104277570276428 2.6361822444570717
    vertex 11.170051114253297 2.731556336610702 1.7862805683132341
    vertex 10.862545397720464 2.604183297930368 1.7863019678762093
  endloop
endfacet
facet normal -0.22898290250545913 0.5529383869918668 0.8011404187475554
  outer loop
    vertex 11.170051114253297 2.731556336610702 1.7862805683132341
    vertex 11.436364424939981 1.6104277570276428 2.6361822444570717
    vertex 11.467114998844318 1.6231650608956771 2.6361959018682106
  endloop
endfacet
facet normal 0.4749256904909438 -0.36439849770247273 0.8010364057793388
  outer loop
    vertex 12.401606537498601 0.5984397622981549 1.786120659844586
    vertex 11.610532679194757 1.4362595180629965 2.6362751384849803
    vertex 11.590270553617918 1.409853403464422 2.6362672758207504
  endloop
endfacet
facet normal 0.4749256904909438 -0.36439849770247273 0.8010364057793388
  outer loop
    vertex 11.610532679194757 1.4362595180629965 2.6362751384849803
    vertex 12.401606537498601 0.5984397622981549 1.786120659844586
    vertex 12.604227780774341 0.8625009082839111 1.7861116161243429
  endloop
endfacet
facet normal 0.22911123287659993 -0.5529986971450513 0.8010620974216919
  outer loop
    vertex 11.830039675728356 0.268445479826298 1.7861578180105444
    vertex 11.563864437282282 1.3895912790852676 2.6362561362100365
    vertex 11.533113863377949 1.3768539752172357 2.6362424787988936
  endloop
endfacet
facet normal 0.22911123287659993 -0.5529986971450513 0.8010620974216919
  outer loop
    vertex 11.563864437282282 1.3895912790852676 2.6362561362100365
    vertex 11.830039675728356 0.268445479826298 1.7861578180105444
    vertex 12.137545392261188 0.39581851850663186 1.7861364184475694
  endloop
endfacet
facet normal -0.38268343273490696 -0.9238795323489905 4.1035267571537925e-06
  outer loop
    vertex 11.170051112927597 0.268445479826298 1.7862114215987392
    vertex 10.862503680375788 0.3958288133938468 0.21376589520882633
    vertex 11.170009397851876 0.26845577471351295 0.2137616861991885
  endloop
endfacet
facet normal -0.38268343273490696 -0.9238795323489905 4.1035267571537925e-06
  outer loop
    vertex 10.862503680375788 0.3958288133938468 0.21376589520882633
    vertex 11.170051112927597 0.268445479826298 1.7862114215987392
    vertex 10.862545396531878 0.39581851850662947 1.7862399726280094
  endloop
endfacet
facet normal 0.5935049451872905 0.07810665430903624 0.801031354311977
  outer loop
    vertex 11.627614440703562 1.5000095180564552 2.636279149497926
    vertex 12.731600819561827 1.8299951906903567 1.7861284314077372
    vertex 11.623269982817652 1.5330089463036414 2.636275024502743
  endloop
endfacet
facet normal 0.5935049451872905 0.07810665430903624 0.801031354311977
  outer loop
    vertex 12.731600819561827 1.8299951906903567 1.7861284314077372
    vertex 11.627614440703562 1.5000095180564552 2.636279149497926
    vertex 12.775045390720136 1.5000009082185002 1.7861156389814503
  endloop
endfacet
facet normal -0.9914448610515701 0.13052619184255929 2.7157178237090876e-05
  outer loop
    vertex 10.26848997077504 1.8299951906903567 1.7863284827223498
    vertex 10.22500368032866 1.5000112031057151 0.21378215848356608
    vertex 10.225045399261516 1.5000009082185002 1.7863227473423278
  endloop
endfacet
facet normal -0.9914448610515701 0.13052619184255929 2.7157178237090876e-05
  outer loop
    vertex 10.22500368032866 1.5000112031057151 0.21378215848356608
    vertex 10.26848997077504 1.8299951906903567 1.7863284827223498
    vertex 10.268448251772378 1.8300054855775711 0.21378468594289593
  endloop
endfacet
facet normal 0.13052619199583831 -0.9914448613533621 -9.953810369627914e-06
  outer loop
    vertex 11.830039675728356 0.268445479826298 1.7861578180105444
    vertex 11.500003680328646 0.22501120323653095 0.2137580059424542
    vertex 11.829997962796638 0.26845577471351295 0.21375510524203714
  endloop
endfacet
facet normal 0.13052619199583831 -0.9914448613533621 -9.953810369627914e-06
  outer loop
    vertex 11.500003680328646 0.22501120323653095 0.2137580059424542
    vertex 11.830039675728356 0.268445479826298 1.7861578180105444
    vertex 11.500045394304596 0.225000908349316 1.7861834001886547
  endloop
endfacet
facet normal 0.5530580734115021 -0.22908078214121189 0.8010298138570924
  outer loop
    vertex 12.604227780774341 0.8625009082839111 1.7861116161243429
    vertex 11.623269983639474 1.467010089809269 2.636279188375143
    vertex 11.610532679194757 1.4362595180629965 2.6362751384849803
  endloop
endfacet
facet normal 0.5530580734115021 -0.22908078214121189 0.8010298138570924
  outer loop
    vertex 11.623269983639474 1.467010089809269 2.636279188375143
    vertex 12.604227780774341 0.8625009082839111 1.7861116161243429
    vertex 12.731600819206605 1.1700066257466444 1.7861099036014294
  endloop
endfacet
facet normal -0.7933533402956873 -0.6087614287638254 1.70616991830714e-05
  outer loop
    vertex 10.395863008521081 0.8625009082839062 1.786290977226201
    vertex 10.598442534369154 0.5984500571853675 0.21377034613431675
    vertex 10.598484251512575 0.5984397622981524 1.7862671075710055
  endloop
endfacet
facet normal -0.7933533402956873 -0.6087614287638254 1.70616991830714e-05
  outer loop
    vertex 10.598442534369154 0.5984500571853675 0.21377034613431675
    vertex 10.395863008521081 0.8625009082839062 1.786290977226201
    vertex 10.395821290550638 0.8625112031711236 0.21377473565244
  endloop
endfacet
facet normal -0.474764007729273 0.36432404055306505 0.8011661066470095
  outer loop
    vertex 11.38969618302751 1.5637595180499138 2.63616324218213
    vertex 10.598484252483052 2.401562054138845 1.7863177264791925
    vertex 10.395863009207309 2.1375009081530894 1.7863267701994363
  endloop
endfacet
facet normal -0.474764007729273 0.36432404055306505 0.8011661066470095
  outer loop
    vertex 10.598484252483052 2.401562054138845 1.7863177264791925
    vertex 11.38969618302751 1.5637595180499138 2.63616324218213
    vertex 11.409958308604345 1.5901656326484908 2.6361711048463565
  endloop
endfacet
facet normal 0.5530616331793157 0.2290387271651872 0.8010393819055209
  outer loop
    vertex 11.623269982817652 1.5330089463036414 2.636275024502743
    vertex 12.604227781460574 2.1375009081530925 1.7861474090975782
    vertex 11.610532677607116 1.5637595180499138 2.636267094501204
  endloop
endfacet
facet normal 0.5530616331793157 0.2290387271651872 0.8010393819055209
  outer loop
    vertex 12.604227781460574 2.1375009081530925 1.7861474090975782
    vertex 11.623269982817652 1.5330089463036414 2.636275024502743
    vertex 12.731600819561827 1.8299951906903567 1.7861284314077372
  endloop
endfacet
facet normal 0.3644376861893073 0.47484358299210494 0.8010672534664015
  outer loop
    vertex 11.590270551372658 1.5901656326484908 2.6362558999098025
    vertex 12.137545393449775 2.604183297930368 1.7861984136957683
    vertex 11.56386443453241 1.6104277570276428 2.6362422036214443
  endloop
endfacet
facet normal 0.3644376861893073 0.47484358299210494 0.8010672534664015
  outer loop
    vertex 12.137545393449775 2.604183297930368 1.7861984136957683
    vertex 11.590270551372658 1.5901656326484908 2.6362558999098025
    vertex 12.401606538469073 2.401562054138845 1.7861712787527735
  endloop
endfacet
facet normal -9.971319961377487e-06 8.97184953849753e-06 -0.9999999999100394
  outer loop
    vertex 10.268448251772378 1.8300054855775711 0.21378468594289593
    vertex 10.268448251839038 1.1700169206338593 0.2137787646247924
    vertex 10.22500368032866 1.5000112031057151 0.21378215848356608
  endloop
endfacet
facet normal -9.971319961377487e-06 8.97184953849753e-06 -0.9999999999100394
  outer loop
    vertex 10.268448251839038 1.1700169206338593 0.2137787646247924
    vertex 10.268448251772378 1.8300054855775711 0.21378468594289593
    vertex 10.39582129042186 2.137511203040305 0.21378617476060247
  endloop
endfacet
facet normal -9.971319961377487e-06 8.97184953849753e-06 -0.9999999999100394
  outer loop
    vertex 10.268448251839038 1.1700169206338593 0.2137787646247924
    vertex 10.39582129042186 2.137511203040305 0.21378617476060247
    vertex 10.395821290550638 0.8625112031711236 0.21377473565244
  endloop
endfacet
facet normal -9.971319961377487e-06 8.97184953849753e-06 -0.9999999999100394
  outer loop
    vertex 10.395821290550638 0.8625112031711236 0.21377473565244
    vertex 10.39582129042186 2.137511203040305 0.21378617476060247
    vertex 10.598442534187036 2.4015723490260603 0.2137865234762202
  endloop
endfacet
facet normal -9.971319961377487e-06 8.97184953849753e-06 -0.9999999999100394
  outer loop
    vertex 10.395821290550638 0.8625112031711236 0.21377473565244
    vertex 10.598442534187036 2.4015723490260603 0.2137865234762202
    vertex 10.598442534369154 0.5984500571853675 0.21377034613431675
  endloop
endfacet
facet normal -9.971319961377487e-06 8.97184953849753e-06 -0.9999999999100394
  outer loop
    vertex 10.598442534369154 0.5984500571853675 0.21377034613431675
    vertex 10.598442534187036 2.4015723490260603 0.2137865234762202
    vertex 10.86250368015274 2.6041935928175834 0.21378570832535937
  endloop
endfacet
facet normal -9.971319961377487e-06 8.97184953849753e-06 -0.9999999999100394
  outer loop
    vertex 10.598442534369154 0.5984500571853675 0.21377034613431675
    vertex 10.86250368015274 2.6041935928175834 0.21378570832535937
    vertex 10.862503680375788 0.3958288133938468 0.21376589520882633
  endloop
endfacet
facet normal -9.971319961377487e-06 8.97184953849753e-06 -0.9999999999100394
  outer loop
    vertex 10.862503680375788 0.3958288133938468 0.21376589520882633
    vertex 10.86250368015274 2.6041935928175834 0.21378570832535937
    vertex 11.1700093976031 2.7315666314979175 0.21378378485919616
  endloop
endfacet
facet normal -9.971319961377487e-06 8.97184953849753e-06 -0.9999999999100394
  outer loop
    vertex 10.862503680375788 0.3958288133938468 0.21376589520882633
    vertex 11.1700093976031 2.7315666314979175 0.21378378485919616
    vertex 11.170009397851876 0.26845577471351295 0.2137616861991885
  endloop
endfacet
facet normal -9.971319961377487e-06 8.97184953849753e-06 -0.9999999999100394
  outer loop
    vertex 11.170009397851876 0.26845577471351295 0.2137616861991885
    vertex 11.1700093976031 2.7315666314979175 0.21378378485919616
    vertex 11.50000368007109 2.7750112029748966 0.21378088415877877
  endloop
endfacet
facet normal -9.971319961377487e-06 8.97184953849753e-06 -0.9999999999100394
  outer loop
    vertex 11.170009397851876 0.26845577471351295 0.2137616861991885
    vertex 11.50000368007109 2.7750112029748966 0.21378088415877877
    vertex 11.500003680328646 0.22501120323653095 0.2137580059424542
  endloop
endfacet
facet normal -9.971319961377487e-06 8.97184953849753e-06 -0.9999999999100394
  outer loop
    vertex 11.500003680328646 0.22501120323653095 0.2137580059424542
    vertex 11.50000368007109 2.7750112029748966 0.21378088415877877
    vertex 11.82999796254786 2.7315666314979175 0.2137772039020445
  endloop
endfacet
facet normal -9.971319961377487e-06 8.97184953849753e-06 -0.9999999999100394
  outer loop
    vertex 11.500003680328646 0.22501120323653095 0.2137580059424542
    vertex 11.82999796254786 2.7315666314979175 0.2137772039020445
    vertex 11.829997962796638 0.26845577471351295 0.21375510524203714
  endloop
endfacet
facet normal -9.971319961377487e-06 8.97184953849753e-06 -0.9999999999100394
  outer loop
    vertex 11.829997962796638 0.26845577471351295 0.21375510524203714
    vertex 11.82999796254786 2.7315666314979175 0.2137772039020445
    vertex 12.137503680023945 2.6041935928175834 0.21377299489240725
  endloop
endfacet
facet normal -9.971319961377487e-06 8.97184953849753e-06 -0.9999999999100394
  outer loop
    vertex 11.829997962796638 0.26845577471351295 0.21375510524203714
    vertex 12.137503680023945 2.6041935928175834 0.21377299489240725
    vertex 12.137503680246997 0.3958288133938468 0.21375318177587477
  endloop
endfacet
facet normal -9.971319961377487e-06 8.97184953849753e-06 -0.9999999999100394
  outer loop
    vertex 12.137503680246997 0.3958288133938468 0.21375318177587477
    vertex 12.137503680023945 2.6041935928175834 0.21377299489240725
    vertex 12.401564826030583 2.4015723490260603 0.21376854396691686
  endloop
endfacet
facet normal -9.971319961377487e-06 8.97184953849753e-06 -0.9999999999100394
  outer loop
    vertex 12.137503680246997 0.3958288133938468 0.21375318177587477
    vertex 12.401564826030583 2.4015723490260603 0.21376854396691686
    vertex 12.401564826212704 0.5984500571853698 0.21375236662501154
  endloop
endfacet
facet normal -9.971319961377487e-06 8.97184953849753e-06 -0.9999999999100394
  outer loop
    vertex 12.401564826212704 0.5984500571853698 0.21375236662501154
    vertex 12.401564826030583 2.4015723490260603 0.21376854396691686
    vertex 12.604186069849103 2.1375112030403067 0.21376415444879354
  endloop
endfacet
facet normal -9.971319961377487e-06 8.97184953849753e-06 -0.9999999999100394
  outer loop
    vertex 12.401564826212704 0.5984500571853698 0.21375236662501154
    vertex 12.604186069849103 2.1375112030403067 0.21376415444879354
    vertex 12.604186069977878 0.8625112031711261 0.21375271534062992
  endloop
endfacet
facet normal -9.971319961377487e-06 8.97184953849753e-06 -0.9999999999100394
  outer loop
    vertex 12.604186069977878 0.8625112031711261 0.21375271534062992
    vertex 12.604186069849103 2.1375112030403067 0.21376415444879354
    vertex 12.73155910856069 1.8300054855775711 0.2137601254764409
  endloop
endfacet
facet normal -9.971319961377487e-06 8.97184953849753e-06 -0.9999999999100394
  outer loop
    vertex 12.604186069977878 0.8625112031711261 0.21375271534062992
    vertex 12.73155910856069 1.8300054855775711 0.2137601254764409
    vertex 12.731559108627351 1.1700169206338618 0.21375420415833796
  endloop
endfacet
facet normal -9.971319961377487e-06 8.97184953849753e-06 -0.9999999999100394
  outer loop
    vertex 12.731559108627351 1.1700169206338618 0.21375420415833796
    vertex 12.73155910856069 1.8300054855775711 0.2137601254764409
    vertex 12.775003680071071 1.5000112031057151 0.2137567316176663
  endloop
endfacet
facet normal -0.36428485250181925 -0.4748461251102363 0.8011352593073916
  outer loop
    vertex 10.862545396531878 0.39581851850662947 1.7862399726280094
    vertex 11.409958310849607 1.409853403464422 2.6361824807573053
    vertex 10.598484251512575 0.5984397622981524 1.7862671075710055
  endloop
endfacet
facet normal -0.36428485250181925 -0.4748461251102363 0.8011352593073916
  outer loop
    vertex 11.409958310849607 1.409853403464422 2.6361824807573053
    vertex 10.862545396531878 0.39581851850662947 1.7862399726280094
    vertex 11.436364427689854 1.3895912790852676 2.6361961770456626
  endloop
endfacet
facet normal 0.793353340236972 -0.6087614285648035 -2.5031566596711767e-05
  outer loop
    vertex 12.401564826212704 0.5984500571853698 0.21375236662501154
    vertex 12.604227780774341 0.8625009082839111 1.7861116161243429
    vertex 12.401606537498601 0.5984397622981549 1.786120659844586
  endloop
endfacet
facet normal 0.793353340236972 -0.6087614285648035 -2.5031566596711767e-05
  outer loop
    vertex 12.604227780774341 0.8625009082839111 1.7861116161243429
    vertex 12.401564826212704 0.5984500571853698 0.21375236662501154
    vertex 12.604186069977878 0.8625112031711261 0.21375271534062992
  endloop
endfacet
facet normal 0.13052619257432008 0.9914448613225452 3.0283121568082447e-06
  outer loop
    vertex 11.50000368007109 2.7750112029748966 0.21378088415877877
    vertex 11.830039677054053 2.731556336610702 1.7862269647250397
    vertex 11.82999796254786 2.7315666314979175 0.2137772039020445
  endloop
endfacet
facet normal 0.13052619257432008 0.9914448613225452 3.0283121568082447e-06
  outer loop
    vertex 11.830039677054053 2.731556336610702 1.7862269647250397
    vertex 11.50000368007109 2.7750112029748966 0.21378088415877877
    vertex 11.50004539567706 2.775000908087682 1.7862549861351242
  endloop
endfacet
facet normal -0.5933117294472857 -0.07814072940582896 0.8011711540664679
  outer loop
    vertex 10.26848997041982 1.1700066257466444 1.7863099549160408
    vertex 11.372614421518703 1.5000095180564552 2.6361592311691826
    vertex 10.225045399261516 1.5000009082185002 1.7863227473423278
  endloop
endfacet
facet normal -0.5933117294472857 -0.07814072940582896 0.8011711540664679
  outer loop
    vertex 11.372614421518703 1.5000095180564552 2.6361592311691826
    vertex 10.26848997041982 1.1700066257466444 1.7863099549160408
    vertex 11.376958879404615 1.467010089809269 2.636163356164363
  endloop
endfacet
facet normal 0.9914448610275299 0.13052619236998933 -2.5445915051852546e-05
  outer loop
    vertex 12.775003680071071 1.5000112031057151 0.2137567316176663
    vertex 12.731600819561827 1.8299951906903567 1.7861284314077372
    vertex 12.775045390720136 1.5000009082185002 1.7861156389814503
  endloop
endfacet
facet normal 0.9914448610275299 0.13052619236998933 -2.5445915051852546e-05
  outer loop
    vertex 12.731600819561827 1.8299951906903567 1.7861284314077372
    vertex 12.775003680071071 1.5000112031057151 0.2137567316176663
    vertex 12.73155910856069 1.8300054855775711 0.2137601254764409
  endloop
endfacet
facet normal 0.9238795323188583 -0.3826834318761956 -2.7013792322647633e-05
  outer loop
    vertex 12.604186069977878 0.8625112031711261 0.21375271534062992
    vertex 12.731600819206605 1.1700066257466444 1.7861099036014294
    vertex 12.604227780774341 0.8625009082839111 1.7861116161243429
  endloop
endfacet
facet normal 0.9238795323188583 -0.3826834318761956 -2.7013792322647633e-05
  outer loop
    vertex 12.731600819206605 1.1700066257466444 1.7861099036014294
    vertex 12.604186069977878 0.8625112031711261 0.21375271534062992
    vertex 12.731559108627351 1.1700169206338618 0.21375420415833796
  endloop
endfacet
facet normal -0.0780630383585376 0.5933868782836101 0.8011230708967666
  outer loop
    vertex 11.467114998844318 1.6231650608956771 2.6361959018682106
    vertex 11.50004539567706 2.775000908087682 1.7862549861351242
    vertex 11.170051114253297 2.731556336610702 1.7862805683132341
  endloop
endfacet
facet normal -0.0780630383585376 0.5933868782836101 0.8011230708967666
  outer loop
    vertex 11.50004539567706 2.775000908087682 1.7862549861351242
    vertex 11.467114998844318 1.6231650608956771 2.6361959018682106
    vertex 11.500114429523492 1.6275095180433747 2.6362111463497806
  endloop
endfacet
facet normal -0.22897934574420734 -0.5529733296471648 0.8011173172023452
  outer loop
    vertex 11.170051112927597 0.268445479826298 1.7862114215987392
    vertex 11.436364427689854 1.3895912790852676 2.6361961770456626
    vertex 10.862545396531878 0.39581851850662947 1.7862399726280094
  endloop
endfacet
facet normal -0.22897934574420734 -0.5529733296471648 0.8011173172023452
  outer loop
    vertex 11.436364427689854 1.3895912790852676 2.6361961770456626
    vertex 11.170051112927597 0.268445479826298 1.7862114215987392
    vertex 11.467115001911402 1.3768539752172357 2.6362114416515596
  endloop
endfacet
facet normal -0.9238795323188097 0.38268343187619697 2.7015437298646785e-05
  outer loop
    vertex 10.395863009207309 2.1375009081530894 1.7863267701994363
    vertex 10.268448251772378 1.8300054855775711 0.21378468594289593
    vertex 10.26848997077504 1.8299951906903567 1.7863284827223498
  endloop
endfacet
facet normal -0.9238795323188097 0.38268343187619697 2.7015437298646785e-05
  outer loop
    vertex 10.268448251772378 1.8300054855775711 0.21378468594289593
    vertex 10.395863009207309 2.1375009081530894 1.7863267701994363
    vertex 10.39582129042186 2.137511203040305 0.21378617476060247
  endloop
endfacet
facet normal 0.2291147934494129 0.5529637578669088 0.8010851976589878
  outer loop
    vertex 11.56386443453241 1.6104277570276428 2.6362422036214443
    vertex 11.830039677054053 2.731556336610702 1.7862269647250397
    vertex 11.533113860310868 1.6231650608956771 2.636226939015546
  endloop
endfacet
facet normal 0.2291147934494129 0.5529637578669088 0.8010851976589878
  outer loop
    vertex 11.830039677054053 2.731556336610702 1.7862269647250397
    vertex 11.56386443453241 1.6104277570276428 2.6362422036214443
    vertex 12.137545393449775 2.604183297930368 1.7861984136957683
  endloop
endfacet
facet normal 0.608761429245837 0.7933533400336542 -1.0954964915344837e-05
  outer loop
    vertex 12.137503680023945 2.6041935928175834 0.21377299489240725
    vertex 12.401606538469073 2.401562054138845 1.7861712787527735
    vertex 12.401564826030583 2.4015723490260603 0.21376854396691686
  endloop
endfacet
facet normal 0.608761429245837 0.7933533400336542 -1.0954964915344837e-05
  outer loop
    vertex 12.401606538469073 2.401562054138845 1.7861712787527735
    vertex 12.137503680023945 2.6041935928175834 0.21377299489240725
    vertex 12.137545393449775 2.604183297930368 1.7861984136957683
  endloop
endfacet
facet normal -0.36428971189025033 0.47480892550985754 0.8011550973857016
  outer loop
    vertex 11.409958308604345 1.5901656326484908 2.6361711048463565
    vertex 10.862545397720464 2.604183297930368 1.7863019678762093
    vertex 10.598484252483052 2.401562054138845 1.7863177264791925
  endloop
endfacet
facet normal -0.36428971189025033 0.47480892550985754 0.8011550973857016
  outer loop
    vertex 10.862545397720464 2.604183297930368 1.7863019678762093
    vertex 11.409958308604345 1.5901656326484908 2.6361711048463565
    vertex 11.436364424939981 1.6104277570276428 2.6361822444570717
  endloop
endfacet
facet normal -0.608761429005947 0.7933533400062526 2.1343875650710824e-05
  outer loop
    vertex 10.598442534187036 2.4015723490260603 0.2137865234762202
    vertex 10.862545397720464 2.604183297930368 1.7863019678762093
    vertex 10.86250368015274 2.6041935928175834 0.21378570832535937
  endloop
endfacet
facet normal -0.608761429005947 0.7933533400062526 2.1343875650710824e-05
  outer loop
    vertex 10.862545397720464 2.604183297930368 1.7863019678762093
    vertex 10.598442534187036 2.4015723490260603 0.2137865234762202
    vertex 10.598484252483052 2.401562054138845 1.7863177264791925
  endloop
endfacet
facet normal -0.5933130316149383 0.07809736512198172 0.8011744180120176
  outer loop
    vertex 11.372614421518703 1.5000095180564552 2.6361592311691826
    vertex 10.26848997077504 1.8299951906903567 1.7863284827223498
    vertex 10.225045399261516 1.5000009082185002 1.7863227473423278
  endloop
endfacet
facet normal -0.5933130316149383 0.07809736512198172 0.8011744180120176
  outer loop
    vertex 10.26848997077504 1.8299951906903567 1.7863284827223498
    vertex 11.372614421518703 1.5000095180564552 2.6361592311691826
    vertex 11.376958878582792 1.5330089463036414 2.636159192291964
  endloop
endfacet
facet normal -0.13052619257433012 -0.9914448613225437 -3.028403098795415e-06
  outer loop
    vertex 11.500045394304596 0.225000908349316 1.7861834001886547
    vertex 11.170009397851876 0.26845577471351295 0.2137616861991885
    vertex 11.500003680328646 0.22501120323653095 0.2137580059424542
  endloop
endfacet
facet normal -0.13052619257433012 -0.9914448613225437 -3.028403098795415e-06
  outer loop
    vertex 11.170009397851876 0.26845577471351295 0.2137616861991885
    vertex 11.500045394304596 0.225000908349316 1.7861834001886547
    vertex 11.170051112927597 0.268445479826298 1.7862114215987392
  endloop
endfacet
facet normal 0.0781856435274817 0.5933961646457189 0.8011042359955068
  outer loop
    vertex 11.500114429523492 1.6275095180433747 2.6362111463497806
    vertex 11.830039677054053 2.731556336610702 1.7862269647250397
    vertex 11.50004539567706 2.775000908087682 1.7862549861351242
  endloop
endfacet
facet normal 0.0781856435274817 0.5933961646457189 0.8011042359955068
  outer loop
    vertex 11.830039677054053 2.731556336610702 1.7862269647250397
    vertex 11.500114429523492 1.6275095180433747 2.6362111463497806
    vertex 11.533113860310868 1.6231650608956771 2.636226939015546
  endloop
endfacet
facet normal 0.6087614290059584 -0.7933533400062551 -2.1343452113854715e-05
  outer loop
    vertex 12.401606537498601 0.5984397622981549 1.786120659844586
    vertex 12.137503680246997 0.3958288133938468 0.21375318177587477
    vertex 12.401564826212704 0.5984500571853698 0.21375236662501154
  endloop
endfacet
facet normal 0.6087614290059584 -0.7933533400062551 -2.1343452113854715e-05
  outer loop
    vertex 12.137503680246997 0.3958288133938468 0.21375318177587477
    vertex 12.401606537498601 0.5984397622981549 1.786120659844586
    vertex 12.137545392261188 0.39581851850663186 1.7861364184475694
  endloop
endfacet
facet normal -0.0780617376935219 -0.5934205172831549 0.8010982803474619
  outer loop
    vertex 11.500045394304596 0.225000908349316 1.7861834001886547
    vertex 11.467115001911402 1.3768539752172357 2.6362114416515596
    vertex 11.170051112927597 0.268445479826298 1.7862114215987392
  endloop
endfacet
facet normal -0.0780617376935219 -0.5934205172831549 0.8010982803474619
  outer loop
    vertex 11.467115001911402 1.3768539752172357 2.6362114416515596
    vertex 11.500045394304596 0.225000908349316 1.7861834001886547
    vertex 11.500114432698771 1.3725095180695381 2.636227234317328
  endloop
endfacet
facet normal 0.36443282311857395 -0.47488077753422664 0.8010474171747354
  outer loop
    vertex 12.137545392261188 0.39581851850663186 1.7861364184475694
    vertex 11.590270553617918 1.409853403464422 2.6362672758207504
    vertex 11.563864437282282 1.3895912790852676 2.6362561362100365
  endloop
endfacet
facet normal 0.36443282311857395 -0.47488077753422664 0.8010474171747354
  outer loop
    vertex 11.590270553617918 1.409853403464422 2.6362672758207504
    vertex 12.137545392261188 0.39581851850663186 1.7861364184475694
    vertex 12.401606537498601 0.5984397622981549 1.786120659844586
  endloop
endfacet
facet normal 0.5935036422298597 -0.07815001175210214 0.8010280908451569
  outer loop
    vertex 12.731600819206605 1.1700066257466444 1.7861099036014294
    vertex 11.627614440703562 1.5000095180564552 2.636279149497926
    vertex 11.623269983639474 1.467010089809269 2.636279188375143
  endloop
endfacet
facet normal 0.5935036422298597 -0.07815001175210214 0.8010280908451569
  outer loop
    vertex 11.627614440703562 1.5000095180564552 2.636279149497926
    vertex 12.731600819206605 1.1700066257466444 1.7861099036014294
    vertex 12.775045390720136 1.5000009082185002 1.7861156389814503
  endloop
endfacet
facet normal 0.9914448610516207 -0.13052619184260708 -2.715510424415529e-05
  outer loop
    vertex 12.731559108627351 1.1700169206338618 0.21375420415833796
    vertex 12.775045390720136 1.5000009082185002 1.7861156389814503
    vertex 12.731600819206605 1.1700066257466444 1.7861099036014294
  endloop
endfacet
facet normal 0.9914448610516207 -0.13052619184260708 -2.715510424415529e-05
  outer loop
    vertex 12.775045390720136 1.5000009082185002 1.7861156389814503
    vertex 12.731559108627351 1.1700169206338618 0.21375420415833796
    vertex 12.775003680071071 1.5000112031057151 0.2137567316176663
  endloop
endfacet
facet normal -0.36428485250181925 -0.4748461251102362 0.8011352593073916
  outer loop
    vertex 5.825041638254472 5.33088290717954 1.8075638831881347
    vertex 6.40465531223795 6.404566903017203 2.707503009442683
    vertex 5.5454474847046225 5.545423047664683 1.807592614304248
  endloop
endfacet
facet normal -0.36428485250181925 -0.4748461251102362 0.8011352593073916
  outer loop
    vertex 6.40465531223795 6.404566903017203 2.707503009442683
    vertex 5.825041638254472 5.33088290717954 1.8075638831881347
    vertex 6.432614730068799 6.383112888968687 2.7075175113950616
  endloop
endfacet
facet normal 0.13052619199583831 -0.9914448613533621 -9.953810369627916e-06
  outer loop
    vertex 6.849447345638978 5.1960173368121305 1.8074768959461134
    vertex 6.499997468156933 5.150028102775907 0.14258297728578195
    vertex 6.849403179005393 5.196028237280947 0.1425799059559286
  endloop
endfacet
facet normal 0.13052619199583831 -0.9914448613533621 -9.953810369627916e-06
  outer loop
    vertex 6.499997468156933 5.150028102775907 0.14258297728578195
    vertex 6.849447345638978 5.1960173368121305 1.8074768959461134
    vertex 6.500041635896173 5.150017202307091 1.80750398295823
  endloop
endfacet
facet normal 0.3826834322909182 -0.9238795323999653 -1.6200726100776727e-05
  outer loop
    vertex 12.137540406865696 5.395835115247513 1.7862118469413455
    vertex 11.829992977401146 5.268472371454393 0.21383053373581323
    vertex 12.137498694851505 5.395845410134727 0.21382861026965086
  endloop
endfacet
facet normal 0.3826834322909182 -0.9238795323999653 -1.6200726100776727e-05
  outer loop
    vertex 11.829992977401146 5.268472371454393 0.21383053373581323
    vertex 12.137540406865696 5.395835115247513 1.7862118469413455
    vertex 11.830034690332864 5.268462076567179 1.7862332465043205
  endloop
endfacet
facet normal -9.971319961377483e-06 8.971849538497529e-06 -0.9999999999100393
  outer loop
    vertex 5.195997602626767 6.849433813489949 0.14261122669801438
    vertex 5.195997602697348 6.150622391784842 0.1426049570670812
    vertex 5.149997468156947 6.500028102637397 0.14260855056460628
  endloop
endfacet
facet normal -9.971319961377483e-06 8.971849538497529e-06 -0.9999999999100393
  outer loop
    vertex 5.195997602697348 6.150622391784842 0.1426049570670812
    vertex 5.195997602626767 6.849433813489949 0.14261122669801438
    vertex 5.330863172961512 7.175028102568138 0.14261280309323301
  endloop
endfacet
facet normal -9.971319961377483e-06 8.971849538497529e-06 -0.9999999999100393
  outer loop
    vertex 5.195997602697348 6.150622391784842 0.1426049570670812
    vertex 5.330863172961512 7.175028102568138 0.14261280309323301
    vertex 5.330863173097864 5.825028102706652 0.14260069109635515
  endloop
endfacet
facet normal -9.971319961377483e-06 8.971849538497529e-06 -0.9999999999100393
  outer loop
    vertex 5.330863173097864 5.825028102706652 0.14260069109635515
    vertex 5.330863172961512 7.175028102568138 0.14261280309323301
    vertex 5.545403313418756 7.45462225714129 0.1426131723215342
  endloop
endfacet
facet normal -9.971319961377483e-06 8.971849538497529e-06 -0.9999999999100393
  outer loop
    vertex 5.330863173097864 5.825028102706652 0.14260069109635515
    vertex 5.545403313418756 7.45462225714129 0.1426131723215342
    vertex 5.545403313611587 5.545433948133498 0.14259604337128345
  endloop
endfacet
facet normal -9.971319961377483e-06 8.971849538497529e-06 -0.9999999999100393
  outer loop
    vertex 5.545403313611587 5.545433948133498 0.14259604337128345
    vertex 5.545403313418756 7.45462225714129 0.1426131723215342
    vertex 5.824997467970678 7.669162397626432 0.14261230922062273
  endloop
endfacet
facet normal -9.971319961377483e-06 8.971849538497529e-06 -0.9999999999100393
  outer loop
    vertex 5.545403313611587 5.545433948133498 0.14259604337128345
    vertex 5.824997467970678 7.669162397626432 0.14261230922062273
    vertex 5.824997468206849 5.3308938076483585 0.14259133062664656
  endloop
endfacet
facet normal -9.971319961377483e-06 8.971849538497529e-06 -0.9999999999100393
  outer loop
    vertex 5.824997468206849 5.3308938076483585 0.14259133062664656
    vertex 5.824997467970678 7.669162397626432 0.14261230922062273
    vertex 6.150591757035764 7.804027967993846 0.14261027260939105
  endloop
endfacet
facet normal -9.971319961377483e-06 8.971849538497529e-06 -0.9999999999100393
  outer loop
    vertex 5.824997468206849 5.3308938076483585 0.14259133062664656
    vertex 6.150591757035764 7.804027967993846 0.14261027260939105
    vertex 6.150591757299176 5.196028237280947 0.1425868740282065
  endloop
endfacet
facet normal -9.971319961377483e-06 8.971849538497529e-06 -0.9999999999100393
  outer loop
    vertex 6.150591757299176 5.196028237280947 0.1425868740282065
    vertex 6.150591757035764 7.804027967993846 0.14261027260939105
    vertex 6.499997467884225 7.850028102498881 0.14260720127953738
  endloop
endfacet
facet normal -9.971319961377483e-06 8.971849538497529e-06 -0.9999999999100393
  outer loop
    vertex 6.150591757299176 5.196028237280947 0.1425868740282065
    vertex 6.499997467884225 7.850028102498881 0.14260720127953738
    vertex 6.499997468156933 5.150028102775907 0.14258297728578195
  endloop
endfacet
facet normal -9.971319961377483e-06 8.971849538497529e-06 -0.9999999999100393
  outer loop
    vertex 6.499997468156933 5.150028102775907 0.14258297728578195
    vertex 6.499997467884225 7.850028102498881 0.14260720127953738
    vertex 6.849403178741982 7.804027967993846 0.14260330453711284
  endloop
endfacet
facet normal -9.971319961377483e-06 8.971849538497529e-06 -0.9999999999100393
  outer loop
    vertex 6.499997468156933 5.150028102775907 0.14258297728578195
    vertex 6.849403178741982 7.804027967993846 0.14260330453711284
    vertex 6.849403179005393 5.196028237280947 0.1425799059559286
  endloop
endfacet
facet normal -9.971319961377483e-06 8.971849538497529e-06 -0.9999999999100393
  outer loop
    vertex 6.849403179005393 5.196028237280947 0.1425799059559286
    vertex 6.849403178741982 7.804027967993846 0.14260330453711284
    vertex 7.174997467834308 7.669162397626432 0.14259884793867342
  endloop
endfacet
facet normal -9.971319961377483e-06 8.971849538497529e-06 -0.9999999999100393
  outer loop
    vertex 6.849403179005393 5.196028237280947 0.1425799059559286
    vertex 7.174997467834308 7.669162397626432 0.14259884793867342
    vertex 7.174997468070483 5.3308938076483585 0.14257786934469785
  endloop
endfacet
facet normal -9.971319961377483e-06 8.971849538497529e-06 -0.9999999999100393
  outer loop
    vertex 7.174997468070483 5.3308938076483585 0.14257786934469785
    vertex 7.174997467834308 7.669162397626432 0.14259884793867342
    vertex 7.454591622429573 7.45462225714129 0.14259413519403652
  endloop
endfacet
facet normal -9.971319961377483e-06 8.971849538497529e-06 -0.9999999999100393
  outer loop
    vertex 7.174997468070483 5.3308938076483585 0.14257786934469785
    vertex 7.454591622429573 7.45462225714129 0.14259413519403652
    vertex 7.4545916226224085 5.5454339481335015 0.14257700624378383
  endloop
endfacet
facet normal -9.971319961377483e-06 8.971849538497529e-06 -0.9999999999100393
  outer loop
    vertex 7.4545916226224085 5.5454339481335015 0.14257700624378383
    vertex 7.454591622429573 7.45462225714129 0.14259413519403652
    vertex 7.669131762943299 7.175028102568141 0.1425894874689648
  endloop
endfacet
facet normal -9.971319961377483e-06 8.971849538497529e-06 -0.9999999999100393
  outer loop
    vertex 7.4545916226224085 5.5454339481335015 0.14257700624378383
    vertex 7.669131762943299 7.175028102568141 0.1425894874689648
    vertex 7.66913176307965 5.825028102706654 0.14257737547208565
  endloop
endfacet
facet normal -9.971319961377483e-06 8.971849538497529e-06 -0.9999999999100393
  outer loop
    vertex 7.66913176307965 5.825028102706654 0.14257737547208565
    vertex 7.669131762943299 7.175028102568141 0.1425894874689648
    vertex 7.803997333343806 6.849433813489949 0.14258522149823843
  endloop
endfacet
facet normal -9.971319961377483e-06 8.971849538497529e-06 -0.9999999999100393
  outer loop
    vertex 7.66913176307965 5.825028102706654 0.14257737547208565
    vertex 7.803997333343806 6.849433813489949 0.14258522149823843
    vertex 7.803997333414387 6.150622391784846 0.1425789518673059
  endloop
endfacet
facet normal -9.971319961377483e-06 8.971849538497529e-06 -0.9999999999100393
  outer loop
    vertex 7.803997333414387 6.150622391784846 0.1425789518673059
    vertex 7.803997333343806 6.849433813489949 0.14258522149823843
    vertex 7.849997467884209 6.500028102637397 0.1425816280007124
  endloop
endfacet
facet normal -0.4747640077292731 0.36432404055306505 0.8011661066470095
  outer loop
    vertex 6.383201294543967 6.567526318460665 2.707482639186615
    vertex 5.545447485732185 7.4546113566724745 1.8076462107952695
    vertex 5.330907345793164 7.175017202099323 1.8076557864990572
  endloop
endfacet
facet normal -0.4747640077292731 0.36432404055306505 0.8011661066470095
  outer loop
    vertex 5.545447485732185 7.4546113566724745 1.8076462107952695
    vertex 6.383201294543967 6.567526318460665 2.707482639186615
    vertex 6.404655309860614 6.595485733917981 2.7074909643605016
  endloop
endfacet
facet normal 0.13052619257432008 0.9914448613225452 3.0283121568082447e-06
  outer loop
    vertex 6.499997467884225 7.850028102498881 0.14260720127953738
    vertex 6.849447347042657 7.804017067525028 1.8075501101144025
    vertex 6.849403178741982 7.804027967993846 0.14260330453711284
  endloop
endfacet
facet normal 0.13052619257432008 0.9914448613225452 3.0283121568082447e-06
  outer loop
    vertex 6.849447347042657 7.804017067525028 1.8075501101144025
    vertex 6.499997467884225 7.850028102498881 0.14260720127953738
    vertex 6.500041637349369 7.850017202030066 1.807579779842727
  endloop
endfacet
facet normal -0.5528754471014158 -0.22905541627977016 0.8011631271253756
  outer loop
    vertex 10.395858023125587 5.862517505024787 1.786366405719977
    vertex 11.376953894009121 6.467026686550149 2.6362387846581394
    vertex 10.268484985024326 6.170023222487525 1.786385383409817
  endloop
endfacet
facet normal -0.5528754471014158 -0.22905541627977016 0.8011631271253756
  outer loop
    vertex 11.376953894009121 6.467026686550149 2.6362387846581394
    vertex 10.395858023125587 5.862517505024787 1.786366405719977
    vertex 11.389691199219659 6.436276114803877 2.636246714659682
  endloop
endfacet
facet normal -9.971319961377485e-06 8.971849538497529e-06 -0.9999999999100393
  outer loop
    vertex 0.05111126052202264 6.888240679092065 3.802272692281505e-05
    vertex 0.05111126060044591 6.111783543864169 3.10564703303845e-05
    vertex 0.0 6.500012111478117 3.504924535827347e-05
  endloop
endfacet
facet normal -9.971319961377485e-06 8.971849538497529e-06 -0.9999999999100393
  outer loop
    vertex 0.05111126060044591 6.111783543864169 3.10564703303845e-05
    vertex 0.05111126052202264 6.888240679092065 3.802272692281505e-05
    vertex 0.2009618942272938 7.250012111401163 3.977427716575221e-05
  endloop
endfacet
facet normal -9.971319961377485e-06 8.971849538497529e-06 -0.9999999999100393
  outer loop
    vertex 0.05111126060044591 6.111783543864169 3.10564703303845e-05
    vertex 0.2009618942272938 7.250012111401163 3.977427716575221e-05
    vertex 0.2009618943787965 5.750012111555068 2.6316502857010037e-05
  endloop
endfacet
facet normal -9.971319961377485e-06 8.971849538497529e-06 -0.9999999999100393
  outer loop
    vertex 0.2009618943787965 5.750012111555068 2.6316502857010037e-05
    vertex 0.2009618942272938 7.250012111401163 3.977427716575221e-05
    vertex 0.4393398280686768 7.560672283149111 4.0184530833739514e-05
  endloop
endfacet
facet normal -9.971319961377485e-06 8.971849538497529e-06 -0.9999999999100393
  outer loop
    vertex 0.2009618943787965 5.750012111555068 2.6316502857010037e-05
    vertex 0.4393398280686768 7.560672283149111 4.0184530833739514e-05
    vertex 0.4393398282829322 5.4393519398071195 2.115236388845476e-05
  endloop
endfacet
facet normal -9.971319961377485e-06 8.971849538497529e-06 -0.9999999999100393
  outer loop
    vertex 0.4393398282829322 5.4393519398071195 2.115236388845476e-05
    vertex 0.4393398280686768 7.560672283149111 4.0184530833739514e-05
    vertex 0.749999999793034 7.79905021702149 3.922552982098537e-05
  endloop
endfacet
facet normal -9.971319961377485e-06 8.971849538497529e-06 -0.9999999999100393
  outer loop
    vertex 0.4393398282829322 5.4393519398071195 2.115236388845476e-05
    vertex 0.749999999793034 7.79905021702149 3.922552982098537e-05
    vertex 0.750000000055446 5.200974005934742 1.5915980958564056e-05
  endloop
endfacet
facet normal -9.971319961377485e-06 8.971849538497529e-06 -0.9999999999100393
  outer loop
    vertex 0.750000000055446 5.200974005934742 1.5915980958564056e-05
    vertex 0.749999999793034 7.79905021702149 3.922552982098537e-05
    vertex 1.1117714320875747 7.948900850763059 3.6962628452463785e-05
  endloop
endfacet
facet normal -9.971319961377485e-06 8.971849538497529e-06 -0.9999999999100393
  outer loop
    vertex 0.750000000055446 5.200974005934742 1.5915980958564056e-05
    vertex 1.1117714320875747 7.948900850763059 3.6962628452463785e-05
    vertex 1.1117714323802532 5.051123372193173 1.0964204914043484e-05
  endloop
endfacet
facet normal -9.971319961377485e-06 8.971849538497529e-06 -0.9999999999100393
  outer loop
    vertex 1.1117714323802532 5.051123372193173 1.0964204914043484e-05
    vertex 1.1117714320875747 7.948900850763059 3.6962628452463785e-05
    vertex 1.499999999696976 8.000012111324212 3.355003972614068e-05
  endloop
endfacet
facet normal -9.971319961377485e-06 8.971849538497529e-06 -0.9999999999100393
  outer loop
    vertex 1.1117714323802532 5.051123372193173 1.0964204914043484e-05
    vertex 1.499999999696976 8.000012111324212 3.355003972614068e-05
    vertex 1.4999999999999842 5.000012111632017 6.6344911090088214e-06
  endloop
endfacet
facet normal -9.971319961377485e-06 8.971849538497529e-06 -0.9999999999100393
  outer loop
    vertex 1.4999999999999842 5.000012111632017 6.6344911090088214e-06
    vertex 1.499999999696976 8.000012111324212 3.355003972614068e-05
    vertex 1.8882285673167063 7.948900850763059 2.9220325921106016e-05
  endloop
endfacet
facet normal -9.971319961377485e-06 8.971849538497529e-06 -0.9999999999100393
  outer loop
    vertex 1.4999999999999842 5.000012111632017 6.6344911090088214e-06
    vertex 1.8882285673167063 7.948900850763059 2.9220325921106016e-05
    vertex 1.8882285676093848 5.051123372193173 3.221902383038211e-06
  endloop
endfacet
facet normal -9.971319961377485e-06 8.971849538497529e-06 -0.9999999999100393
  outer loop
    vertex 1.8882285676093848 5.051123372193173 3.221902383038211e-06
    vertex 1.8882285673167063 7.948900850763059 2.9220325921106016e-05
    vertex 2.2499999996415134 7.79905021702149 2.4268549877290435e-05
  endloop
endfacet
facet normal -9.971319961377485e-06 8.971849538497529e-06 -0.9999999999100393
  outer loop
    vertex 1.8882285676093848 5.051123372193173 3.221902383038211e-06
    vertex 2.2499999996415134 7.79905021702149 2.4268549877290435e-05
    vertex 2.249999999903928 5.200974005934742 9.590010155741124e-07
  endloop
endfacet
facet normal -9.971319961377485e-06 8.971849538497529e-06 -0.9999999999100393
  outer loop
    vertex 2.249999999903928 5.200974005934742 9.590010155741124e-07
    vertex 2.2499999996415134 7.79905021702149 2.4268549877290435e-05
    vertex 2.5606601714140287 7.560672283149111 1.903216694739973e-05
  endloop
endfacet
facet normal -9.971319961377485e-06 8.971849538497529e-06 -0.9999999999100393
  outer loop
    vertex 2.249999999903928 5.200974005934742 9.590010155741124e-07
    vertex 2.5606601714140287 7.560672283149111 1.903216694739973e-05
    vertex 2.5606601716282897 5.439351939807122 0.0
  endloop
endfacet
facet normal -9.971319961377485e-06 8.971849538497529e-06 -0.9999999999100393
  outer loop
    vertex 2.5606601716282897 5.439351939807122 0.0
    vertex 2.5606601714140287 7.560672283149111 1.903216694739973e-05
    vertex 2.79903810531817 7.250012111401166 1.3868027978844454e-05
  endloop
endfacet
facet normal -9.971319961377485e-06 8.971849538497529e-06 -0.9999999999100393
  outer loop
    vertex 2.5606601716282897 5.439351939807122 0.0
    vertex 2.79903810531817 7.250012111401166 1.3868027978844454e-05
    vertex 2.7990381054696702 5.750012111555071 4.1025366869229525e-07
  endloop
endfacet
facet normal -9.971319961377485e-06 8.971849538497529e-06 -0.9999999999100393
  outer loop
    vertex 2.7990381054696702 5.750012111555071 4.1025366869229525e-07
    vertex 2.79903810531817 7.250012111401166 1.3868027978844454e-05
    vertex 2.948888739096509 6.888240679092065 9.128060505117495e-06
  endloop
endfacet
facet normal -9.971319961377485e-06 8.971849538497529e-06 -0.9999999999100393
  outer loop
    vertex 2.7990381054696702 5.750012111555071 4.1025366869229525e-07
    vertex 2.948888739096509 6.888240679092065 9.128060505117495e-06
    vertex 2.948888739174932 6.111783543864171 2.161803913391935e-06
  endloop
endfacet
facet normal -9.971319961377485e-06 8.971849538497529e-06 -0.9999999999100393
  outer loop
    vertex 2.948888739174932 6.111783543864171 2.161803913391935e-06
    vertex 2.948888739096509 6.888240679092065 9.128060505117495e-06
    vertex 2.9999999996969575 6.500012111478117 5.135285476171036e-06
  endloop
endfacet
facet normal -0.5528754471014158 -0.22905541627977016 0.8011631271253756
  outer loop
    vertex 5.330907345066568 5.8250172022378335 1.8076178880568083
    vertex 6.369714737766781 6.465085747382335 2.707482759873686
    vertex 5.196041775312294 6.150611491316027 1.8076379820813442
  endloop
endfacet
facet normal -0.5528754471014158 -0.22905541627977016 0.8011631271253756
  outer loop
    vertex 6.369714737766781 6.465085747382335 2.707482759873686
    vertex 5.330907345066568 5.8250172022378335 1.8076178880568083
    vertex 6.383201296224996 6.432526318474518 2.707491156345908
  endloop
endfacet
facet normal 0.3644376861893073 0.47484358299210494 0.8010672534664015
  outer loop
    vertex 6.595574155144711 6.595485733917981 2.7075807473688567
    vertex 7.17504163499107 7.669151497157617 1.8075198796128205
    vertex 6.567614737313859 6.616939747966495 2.7075662454164773
  endloop
endfacet
facet normal 0.3644376861893073 0.47484358299210494 0.8010672534664015
  outer loop
    vertex 7.17504163499107 7.669151497157617 1.8075198796128205
    vertex 6.595574155144711 6.595485733917981 2.7075807473688567
    vertex 7.454635788540915 7.4546113566724745 1.8074911484967084
  endloop
endfacet
facet normal 0.5935049451872905 0.07810665430903625 0.8010313543119771
  outer loop
    vertex 6.635114743848019 6.500026318467591 2.7076053645798113
    vertex 7.804041497933242 6.849422913021133 1.807445780719611
    vertex 6.6305147296158795 6.534966889552848 2.7076009969378525
  endloop
endfacet
facet normal 0.5935049451872905 0.07810665430903625 0.8010313543119771
  outer loop
    vertex 7.804041497933242 6.849422913021133 1.807445780719611
    vertex 6.635114743848019 6.500026318467591 2.7076053645798113
    vertex 7.850041632100865 6.500017202168579 1.8074322357976598
  endloop
endfacet
facet normal -0.9914448610515701 0.1305261918425593 2.715717823709088e-05
  outer loop
    vertex 5.196041775688408 6.849422913021133 1.807657599758613
    vertex 5.149997468156947 6.500028102637397 0.14260855056460628
    vertex 5.150041641144677 6.500017202168579 1.8076515270032953
  endloop
endfacet
facet normal -0.9914448610515701 0.1305261918425593 2.715717823709088e-05
  outer loop
    vertex 5.149997468156947 6.500028102637397 0.14260855056460628
    vertex 5.196041775688408 6.849422913021133 1.807657599758613
    vertex 5.195997602626767 6.849433813489949 0.14261122669801438
  endloop
endfacet
facet normal 0.5530616331793157 0.22903872716518717 0.8010393819055209
  outer loop
    vertex 6.6305147296158795 6.534966889552848 2.7076009969378525
    vertex 7.6691759281789755 7.175017202099325 1.8074658747441488
    vertex 6.617028171157665 6.567526318460665 2.7075926004656345
  endloop
endfacet
facet normal 0.5530616331793157 0.22903872716518717 0.8010393819055209
  outer loop
    vertex 7.6691759281789755 7.175017202099325 1.8074658747441488
    vertex 6.6305147296158795 6.534966889552848 2.7076009969378525
    vertex 7.804041497933242 6.849422913021133 1.807445780719611
  endloop
endfacet
facet normal -0.38268343273490696 -0.9238795323489903 4.1035267571537925e-06
  outer loop
    vertex 6.15063592620288 5.1960173368121305 1.8075336526865549
    vertex 5.824997468206849 5.3308938076483585 0.14259133062664656
    vertex 6.150591757299176 5.196028237280947 0.1425868740282065
  endloop
endfacet
facet normal -0.38268343273490696 -0.9238795323489903 4.1035267571537925e-06
  outer loop
    vertex 5.824997468206849 5.3308938076483585 0.14259133062664656
    vertex 6.15063592620288 5.1960173368121305 1.8075336526865549
    vertex 5.825041638254472 5.33088290717954 1.8075638831881347
  endloop
endfacet
facet normal 0.5530580734115021 -0.22908078214121194 0.8010298138570924
  outer loop
    vertex 7.6691759274523745 5.825017202237838 1.8074279763018992
    vertex 6.630514730486045 6.465085747382335 2.707605405743923
    vertex 6.617028172838695 6.432526318474518 2.7076011176249275
  endloop
endfacet
facet normal 0.5530580734115021 -0.22908078214121194 0.8010298138570924
  outer loop
    vertex 6.630514730486045 6.465085747382335 2.707605405743923
    vertex 7.6691759274523745 5.825017202237838 1.8074279763018992
    vertex 7.804041497557126 6.150611491316027 1.8074261630423443
  endloop
endfacet
facet normal -0.0004702678675468555 6.309005586637443e-05 0.9999998874338826
  outer loop
    vertex 11.376953894009121 6.467026686550149 2.6362387846581394
    vertex 11.376953893187299 6.533025543044522 2.6362346207857397
    vertex 11.372609436123211 6.500026114797335 2.636234659662959
  endloop
endfacet
facet normal -0.0004702678675468555 6.309005586637443e-05 0.9999998874338826
  outer loop
    vertex 11.376953893187299 6.533025543044522 2.6362346207857397
    vertex 11.376953894009121 6.467026686550149 2.6362387846581394
    vertex 11.389691197632018 6.5637761147907945 2.6362386706759064
  endloop
endfacet
facet normal -0.0004702678675468555 6.309005586637443e-05 0.9999998874338826
  outer loop
    vertex 11.389691197632018 6.5637761147907945 2.6362386706759064
    vertex 11.376953894009121 6.467026686550149 2.6362387846581394
    vertex 11.389691199219659 6.436276114803877 2.636246714659682
  endloop
endfacet
facet normal -0.0004702678675468555 6.309005586637443e-05 0.9999998874338826
  outer loop
    vertex 11.389691197632018 6.5637761147907945 2.6362386706759064
    vertex 11.389691199219659 6.436276114803877 2.636246714659682
    vertex 11.409953323208853 6.590182229389372 2.6362465333401324
  endloop
endfacet
facet normal -0.0004702678675468555 6.309005586637443e-05 0.9999998874338826
  outer loop
    vertex 11.409953323208853 6.590182229389372 2.6362465333401324
    vertex 11.389691199219659 6.436276114803877 2.636246714659682
    vertex 11.409953325454115 6.409870000205301 2.636257909251081
  endloop
endfacet
facet normal -0.0004702678675468555 6.309005586637443e-05 0.9999998874338826
  outer loop
    vertex 11.409953323208853 6.590182229389372 2.6362465333401324
    vertex 11.409953325454115 6.409870000205301 2.636257909251081
    vertex 11.43635943954449 6.610444353768524 2.6362576729508476
  endloop
endfacet
facet normal -0.0004702678675468555 6.309005586637443e-05 0.9999998874338826
  outer loop
    vertex 11.43635943954449 6.610444353768524 2.6362576729508476
    vertex 11.409953325454115 6.409870000205301 2.636257909251081
    vertex 11.436359442294362 6.389607875826147 2.6362716055394384
  endloop
endfacet
facet normal -0.0004702678675468555 6.309005586637443e-05 0.9999998874338826
  outer loop
    vertex 11.43635943954449 6.610444353768524 2.6362576729508476
    vertex 11.436359442294362 6.389607875826147 2.6362716055394384
    vertex 11.467110013448826 6.623181657636557 2.6362713303619865
  endloop
endfacet
facet normal -0.0004702678675468555 6.309005586637443e-05 0.9999998874338826
  outer loop
    vertex 11.467110013448826 6.623181657636557 2.6362713303619865
    vertex 11.436359442294362 6.389607875826147 2.6362716055394384
    vertex 11.46711001651591 6.376870571958117 2.6362868701453355
  endloop
endfacet
facet normal -0.0004702678675468555 6.309005586637443e-05 0.9999998874338826
  outer loop
    vertex 11.467110013448826 6.623181657636557 2.6362713303619865
    vertex 11.46711001651591 6.376870571958117 2.6362868701453355
    vertex 11.500109444128 6.627526114784255 2.636286574843557
  endloop
endfacet
facet normal -0.0004702678675468555 6.309005586637443e-05 0.9999998874338826
  outer loop
    vertex 11.500109444128 6.627526114784255 2.636286574843557
    vertex 11.46711001651591 6.376870571958117 2.6362868701453355
    vertex 11.500109447303279 6.372526114810419 2.6363026628111044
  endloop
endfacet
facet normal -0.0004702678675468555 6.309005586637443e-05 0.9999998874338826
  outer loop
    vertex 11.500109444128 6.627526114784255 2.636286574843557
    vertex 11.500109447303279 6.372526114810419 2.6363026628111044
    vertex 11.533108874915376 6.623181657636557 2.636302367509322
  endloop
endfacet
facet normal -0.0004702678675468555 6.309005586637443e-05 0.9999998874338826
  outer loop
    vertex 11.533108874915376 6.623181657636557 2.636302367509322
    vertex 11.500109447303279 6.372526114810419 2.6363026628111044
    vertex 11.533108877982457 6.376870571958117 2.6363179072926695
  endloop
endfacet
facet normal -0.0004702678675468555 6.309005586637443e-05 0.9999998874338826
  outer loop
    vertex 11.533108874915376 6.623181657636557 2.636302367509322
    vertex 11.533108877982457 6.376870571958117 2.6363179072926695
    vertex 11.563859449136917 6.610444353768524 2.6363176321152206
  endloop
endfacet
facet normal -0.0004702678675468555 6.309005586637443e-05 0.9999998874338826
  outer loop
    vertex 11.563859449136917 6.610444353768524 2.6363176321152206
    vertex 11.533108877982457 6.376870571958117 2.6363179072926695
    vertex 11.56385945188679 6.389607875826147 2.636331564703813
  endloop
endfacet
facet normal -0.0004702678675468555 6.309005586637443e-05 0.9999998874338826
  outer loop
    vertex 11.563859449136917 6.610444353768524 2.6363176321152206
    vertex 11.56385945188679 6.389607875826147 2.636331564703813
    vertex 11.590265565977166 6.590182229389372 2.6363313284035783
  endloop
endfacet
facet normal -0.0004702678675468555 6.309005586637443e-05 0.9999998874338826
  outer loop
    vertex 11.590265565977166 6.590182229389372 2.6363313284035783
    vertex 11.56385945188679 6.389607875826147 2.636331564703813
    vertex 11.590265568222426 6.409870000205301 2.636342704314526
  endloop
endfacet
facet normal -0.0004702678675468555 6.309005586637443e-05 0.9999998874338826
  outer loop
    vertex 11.590265565977166 6.590182229389372 2.6363313284035783
    vertex 11.590265568222426 6.409870000205301 2.636342704314526
    vertex 11.610527692211624 6.5637761147907945 2.6363425229949797
  endloop
endfacet
facet normal -0.0004702678675468555 6.309005586637443e-05 0.9999998874338826
  outer loop
    vertex 11.610527692211624 6.5637761147907945 2.6363425229949797
    vertex 11.590265568222426 6.409870000205301 2.636342704314526
    vertex 11.610527693799263 6.436276114803877 2.636350566978756
  endloop
endfacet
facet normal -0.0004702678675468555 6.309005586637443e-05 0.9999998874338826
  outer loop
    vertex 11.610527692211624 6.5637761147907945 2.6363425229949797
    vertex 11.610527693799263 6.436276114803877 2.636350566978756
    vertex 11.62326499742216 6.533025543044522 2.6363504529965187
  endloop
endfacet
facet normal -0.0004702678675468555 6.309005586637443e-05 0.9999998874338826
  outer loop
    vertex 11.62326499742216 6.533025543044522 2.6363504529965187
    vertex 11.610527693799263 6.436276114803877 2.636350566978756
    vertex 11.623264998243982 6.467026686550149 2.6363546168689194
  endloop
endfacet
facet normal -0.0004702678675468555 6.309005586637443e-05 0.9999998874338826
  outer loop
    vertex 11.62326499742216 6.533025543044522 2.6363504529965187
    vertex 11.623264998243982 6.467026686550149 2.6363546168689194
    vertex 11.627609455308068 6.500026114797335 2.6363545779917024
  endloop
endfacet
facet normal 0.38268343273492367 0.9238795323489848 -4.103188682165701e-06
  outer loop
    vertex 6.849403178741982 7.804027967993846 0.14260330453711284
    vertex 7.17504163499107 7.669151497157617 1.8075198796128205
    vertex 7.174997467834308 7.669162397626432 0.14259884793867342
  endloop
endfacet
facet normal 0.38268343273492367 0.9238795323489848 -4.103188682165701e-06
  outer loop
    vertex 7.17504163499107 7.669151497157617 1.8075198796128205
    vertex 6.849403178741982 7.804027967993846 0.14260330453711284
    vertex 6.849447347042657 7.804017067525028 1.8075501101144025
  endloop
endfacet
facet normal -0.13052619199584053 0.9914448613533641 9.95358045651395e-06
  outer loop
    vertex 6.150591757035764 7.804027967993846 0.14261027260939105
    vertex 6.500041637349369 7.850017202030066 1.807579779842727
    vertex 6.499997467884225 7.850028102498881 0.14260720127953738
  endloop
endfacet
facet normal -0.13052619199584053 0.9914448613533641 9.95358045651395e-06
  outer loop
    vertex 6.500041637349369 7.850017202030066 1.807579779842727
    vertex 6.150591757035764 7.804027967993846 0.14261027260939105
    vertex 6.150635927606563 7.804017067525028 1.807606866854843
  endloop
endfacet
facet normal -0.6087614292457899 -0.7933533400336771 1.095590710032176e-05
  outer loop
    vertex 5.825041638254472 5.33088290717954 1.8075638831881347
    vertex 5.545403313611587 5.545433948133498 0.14259604337128345
    vertex 5.824997468206849 5.3308938076483585 0.14259133062664656
  endloop
endfacet
facet normal -0.6087614292457899 -0.7933533400336771 1.095590710032176e-05
  outer loop
    vertex 5.545403313611587 5.545433948133498 0.14259604337128345
    vertex 5.825041638254472 5.33088290717954 1.8075638831881347
    vertex 5.5454474847046225 5.545423047664683 1.807592614304248
  endloop
endfacet
facet normal -0.2289829025054591 0.5529383869918667 0.8011404187475551
  outer loop
    vertex 6.43261472715717 6.616939747966495 2.7075027592424354
    vertex 6.150635927606563 7.804017067525028 1.807606866854843
    vertex 5.825041639512976 7.669151497157617 1.8076295252156405
  endloop
endfacet
facet normal -0.2289829025054591 0.5529383869918667 0.8011404187475551
  outer loop
    vertex 6.150635927606563 7.804017067525028 1.807606866854843
    vertex 6.43261472715717 6.616939747966495 2.7075027592424354
    vertex 6.465174158349999 6.630426305003238 2.7075172200307005
  endloop
endfacet
facet normal 0.7933533402369718 -0.6087614285648034 -2.503156659671176e-05
  outer loop
    vertex 7.4545916226224085 5.5454339481335015 0.14257700624378383
    vertex 7.6691759274523745 5.825017202237838 1.8074279763018992
    vertex 7.4546357875133555 5.545423047664685 1.807437552005687
  endloop
endfacet
facet normal 0.7933533402369718 -0.6087614285648034 -2.503156659671176e-05
  outer loop
    vertex 7.6691759274523745 5.825017202237838 1.8074279763018992
    vertex 7.4545916226224085 5.5454339481335015 0.14257700624378383
    vertex 7.66913176307965 5.825028102706654 0.14257737547208565
  endloop
endfacet
facet normal -0.7933533402956873 -0.6087614287638254 1.7061699183071403e-05
  outer loop
    vertex 5.330907345066568 5.8250172022378335 1.8076178880568083
    vertex 5.545403313611587 5.545433948133498 0.14259604337128345
    vertex 5.5454474847046225 5.545423047664683 1.807592614304248
  endloop
endfacet
facet normal -0.7933533402956873 -0.6087614287638254 1.7061699183071403e-05
  outer loop
    vertex 5.545403313611587 5.545433948133498 0.14259604337128345
    vertex 5.330907345066568 5.8250172022378335 1.8076178880568083
    vertex 5.330863173097864 5.825028102706652 0.14260069109635515
  endloop
endfacet
facet normal 0.22911123287659993 -0.5529986971450513 0.8010620974216919
  outer loop
    vertex 6.849447345638978 5.1960173368121305 1.8074768959461134
    vertex 6.567614740225489 6.383112888968687 2.7075809975691043
    vertex 6.535055309032665 6.369626331931948 2.7075665367808357
  endloop
endfacet
facet normal 0.22911123287659993 -0.5529986971450513 0.8010620974216919
  outer loop
    vertex 6.567614740225489 6.383112888968687 2.7075809975691043
    vertex 6.849447345638978 5.1960173368121305 1.8074768959461134
    vertex 7.175041633732566 5.330882907179543 1.8074542375853162
  endloop
endfacet
facet normal 0.9914448610516207 -0.13052619184260708 -2.715510424415529e-05
  outer loop
    vertex 12.731554123231858 6.170033517374742 0.21382963265211402
    vertex 12.775040405324642 6.50001750495938 1.7861910674752264
    vertex 12.73159583381111 6.170023222487525 1.7861853320952055
  endloop
endfacet
facet normal 0.9914448610516207 -0.13052619184260708 -2.715510424415529e-05
  outer loop
    vertex 12.775040405324642 6.50001750495938 1.7861910674752264
    vertex 12.731554123231858 6.170033517374742 0.21382963265211402
    vertex 12.774998694675578 6.500027799846595 0.2138321601114424
  endloop
endfacet
facet normal 0.36443282311857395 -0.4748807775342266 0.8010474171747354
  outer loop
    vertex 7.175041633732566 5.330882907179543 1.8074542375853162
    vertex 6.595574157522044 6.404566903017203 2.707592792451037
    vertex 6.567614740225489 6.383112888968687 2.7075809975691043
  endloop
endfacet
facet normal 0.36443282311857395 -0.4748807775342266 0.8010474171747354
  outer loop
    vertex 6.595574157522044 6.404566903017203 2.707592792451037
    vertex 7.175041633732566 5.330882907179543 1.8074542375853162
    vertex 7.4546357875133555 5.545423047664685 1.807437552005687
  endloop
endfacet
facet normal 0.9914448610516207 -0.1305261918426071 -2.7155104244155293e-05
  outer loop
    vertex 7.803997333414387 6.150622391784846 0.1425789518673059
    vertex 7.850041632100865 6.500017202168579 1.8074322357976598
    vertex 7.804041497557126 6.150611491316027 1.8074261630423443
  endloop
endfacet
facet normal 0.9914448610516207 -0.1305261918426071 -2.7155104244155293e-05
  outer loop
    vertex 7.850041632100865 6.500017202168579 1.8074322357976598
    vertex 7.803997333414387 6.150622391784846 0.1425789518673059
    vertex 7.849997467884209 6.500028102637397 0.1425816280007124
  endloop
endfacet
facet normal 0.5935036422298597 -0.07815001175210214 0.8010280908451569
  outer loop
    vertex 7.804041497557126 6.150611491316027 1.8074261630423443
    vertex 6.635114743848019 6.500026318467591 2.7076053645798113
    vertex 6.630514730486045 6.465085747382335 2.707605405743923
  endloop
endfacet
facet normal 0.5935036422298597 -0.07815001175210214 0.8010280908451569
  outer loop
    vertex 6.635114743848019 6.500026318467591 2.7076053645798113
    vertex 7.804041497557126 6.150611491316027 1.8074261630423443
    vertex 7.850041632100865 6.500017202168579 1.8074322357976598
  endloop
endfacet
facet normal -0.0004702678675468554 6.309005586637443e-05 0.9999998874338826
  outer loop
    vertex 6.369714737766781 6.465085747382335 2.707482759873686
    vertex 6.369714736896615 6.534966889552848 2.707478351067616
    vertex 6.3651147235346395 6.500026318467591 2.70747839223173
  endloop
endfacet
facet normal -0.0004702678675468554 6.309005586637443e-05 0.9999998874338826
  outer loop
    vertex 6.369714736896615 6.534966889552848 2.707478351067616
    vertex 6.369714737766781 6.465085747382335 2.707482759873686
    vertex 6.383201294543967 6.567526318460665 2.707482639186615
  endloop
endfacet
facet normal -0.0004702678675468554 6.309005586637443e-05 0.9999998874338826
  outer loop
    vertex 6.383201294543967 6.567526318460665 2.707482639186615
    vertex 6.369714737766781 6.465085747382335 2.707482759873686
    vertex 6.383201296224996 6.432526318474518 2.707491156345908
  endloop
endfacet
facet normal -0.0004702678675468554 6.309005586637443e-05 0.9999998874338826
  outer loop
    vertex 6.383201294543967 6.567526318460665 2.707482639186615
    vertex 6.383201296224996 6.432526318474518 2.707491156345908
    vertex 6.404655309860614 6.595485733917981 2.7074909643605016
  endloop
endfacet
facet normal -0.0004702678675468554 6.309005586637443e-05 0.9999998874338826
  outer loop
    vertex 6.404655309860614 6.595485733917981 2.7074909643605016
    vertex 6.383201296224996 6.432526318474518 2.707491156345908
    vertex 6.40465531223795 6.404566903017203 2.707503009442683
  endloop
endfacet
facet normal -0.0004702678675468554 6.309005586637443e-05 0.9999998874338826
  outer loop
    vertex 6.404655309860614 6.595485733917981 2.7074909643605016
    vertex 6.40465531223795 6.404566903017203 2.707503009442683
    vertex 6.43261472715717 6.616939747966495 2.7075027592424354
  endloop
endfacet
facet normal -0.0004702678675468554 6.309005586637443e-05 0.9999998874338826
  outer loop
    vertex 6.43261472715717 6.616939747966495 2.7075027592424354
    vertex 6.40465531223795 6.404566903017203 2.707503009442683
    vertex 6.432614730068799 6.383112888968687 2.7075175113950616
  endloop
endfacet
facet normal -0.0004702678675468554 6.309005586637443e-05 0.9999998874338826
  outer loop
    vertex 6.43261472715717 6.616939747966495 2.7075027592424354
    vertex 6.432614730068799 6.383112888968687 2.7075175113950616
    vertex 6.465174158349999 6.630426305003238 2.7075172200307005
  endloop
endfacet
facet normal -0.0004702678675468554 6.309005586637443e-05 0.9999998874338826
  outer loop
    vertex 6.465174158349999 6.630426305003238 2.7075172200307005
    vertex 6.432614730068799 6.383112888968687 2.7075175113950616
    vertex 6.465174161597497 6.369626331931948 2.7075336739189524
  endloop
endfacet
facet normal -0.0004702678675468554 6.309005586637443e-05 0.9999998874338826
  outer loop
    vertex 6.465174158349999 6.630426305003238 2.7075172200307005
    vertex 6.465174161597497 6.369626331931948 2.7075336739189524
    vertex 6.500114732010298 6.635026318453741 2.707533361246481
  endloop
endfacet
facet normal -0.0004702678675468554 6.309005586637443e-05 0.9999998874338826
  outer loop
    vertex 6.500114732010298 6.635026318453741 2.707533361246481
    vertex 6.465174161597497 6.369626331931948 2.7075336739189524
    vertex 6.50011473537236 6.365026318481444 2.70755039556506
  endloop
endfacet
facet normal -0.0004702678675468554 6.309005586637443e-05 0.9999998874338826
  outer loop
    vertex 6.500114732010298 6.635026318453741 2.707533361246481
    vertex 6.50011473537236 6.365026318481444 2.70755039556506
    vertex 6.535055305785168 6.630426305003238 2.7075500828925856
  endloop
endfacet
facet normal -0.0004702678675468554 6.309005586637443e-05 0.9999998874338826
  outer loop
    vertex 6.535055305785168 6.630426305003238 2.7075500828925856
    vertex 6.50011473537236 6.365026318481444 2.70755039556506
    vertex 6.535055309032665 6.369626331931948 2.7075665367808357
  endloop
endfacet
facet normal -0.0004702678675468554 6.309005586637443e-05 0.9999998874338826
  outer loop
    vertex 6.535055305785168 6.630426305003238 2.7075500828925856
    vertex 6.535055309032665 6.369626331931948 2.7075665367808357
    vertex 6.567614737313859 6.616939747966495 2.7075662454164773
  endloop
endfacet
facet normal -0.0004702678675468554 6.309005586637443e-05 0.9999998874338826
  outer loop
    vertex 6.567614737313859 6.616939747966495 2.7075662454164773
    vertex 6.535055309032665 6.369626331931948 2.7075665367808357
    vertex 6.567614740225489 6.383112888968687 2.7075809975691043
  endloop
endfacet
facet normal -0.0004702678675468554 6.309005586637443e-05 0.9999998874338826
  outer loop
    vertex 6.567614737313859 6.616939747966495 2.7075662454164773
    vertex 6.567614740225489 6.383112888968687 2.7075809975691043
    vertex 6.595574155144711 6.595485733917981 2.7075807473688567
  endloop
endfacet
facet normal -0.0004702678675468554 6.309005586637443e-05 0.9999998874338826
  outer loop
    vertex 6.595574155144711 6.595485733917981 2.7075807473688567
    vertex 6.567614740225489 6.383112888968687 2.7075809975691043
    vertex 6.595574157522044 6.404566903017203 2.707592792451037
  endloop
endfacet
facet normal -0.0004702678675468554 6.309005586637443e-05 0.9999998874338826
  outer loop
    vertex 6.595574155144711 6.595485733917981 2.7075807473688567
    vertex 6.595574157522044 6.404566903017203 2.707592792451037
    vertex 6.617028171157665 6.567526318460665 2.7075926004656345
  endloop
endfacet
facet normal -0.0004702678675468554 6.309005586637443e-05 0.9999998874338826
  outer loop
    vertex 6.617028171157665 6.567526318460665 2.7075926004656345
    vertex 6.595574157522044 6.404566903017203 2.707592792451037
    vertex 6.617028172838695 6.432526318474518 2.7076011176249275
  endloop
endfacet
facet normal -0.0004702678675468554 6.309005586637443e-05 0.9999998874338826
  outer loop
    vertex 6.617028171157665 6.567526318460665 2.7075926004656345
    vertex 6.617028172838695 6.432526318474518 2.7076011176249275
    vertex 6.6305147296158795 6.534966889552848 2.7076009969378525
  endloop
endfacet
facet normal -0.0004702678675468554 6.309005586637443e-05 0.9999998874338826
  outer loop
    vertex 6.6305147296158795 6.534966889552848 2.7076009969378525
    vertex 6.617028172838695 6.432526318474518 2.7076011176249275
    vertex 6.630514730486045 6.465085747382335 2.707605405743923
  endloop
endfacet
facet normal -0.0004702678675468554 6.309005586637443e-05 0.9999998874338826
  outer loop
    vertex 6.6305147296158795 6.534966889552848 2.7076009969378525
    vertex 6.630514730486045 6.465085747382335 2.707605405743923
    vertex 6.635114743848019 6.500026318467591 2.7076053645798113
  endloop
endfacet
facet normal 0.5935036422298597 -0.07815001175210214 0.8010280908451569
  outer loop
    vertex 12.73159583381111 6.170023222487525 1.7861853320952055
    vertex 11.627609455308068 6.500026114797335 2.6363545779917024
    vertex 11.623264998243982 6.467026686550149 2.6363546168689194
  endloop
endfacet
facet normal 0.5935036422298597 -0.07815001175210214 0.8010280908451569
  outer loop
    vertex 11.627609455308068 6.500026114797335 2.6363545779917024
    vertex 12.73159583381111 6.170023222487525 1.7861853320952055
    vertex 12.775040405324642 6.50001750495938 1.7861910674752264
  endloop
endfacet
facet normal 0.7933533402957378 0.608761428763803 -1.7060139666046218e-05
  outer loop
    vertex 12.60418108445361 7.137527799781187 0.21383958294256963
    vertex 12.401601553073581 7.401578650879726 1.7862467072465495
    vertex 12.604222796065082 7.137517504893973 1.7862228375913543
  endloop
endfacet
facet normal 0.7933533402957378 0.608761428763803 -1.7060139666046218e-05
  outer loop
    vertex 12.401601553073581 7.401578650879726 1.7862467072465495
    vertex 12.60418108445361 7.137527799781187 0.21383958294256963
    vertex 12.401559840635091 7.401588945766941 0.21384397246069295
  endloop
endfacet
facet normal -0.22898290250545908 0.5529383869918667 0.8011404187475551
  outer loop
    vertex 11.43635943954449 6.610444353768524 2.6362576729508476
    vertex 11.170046128857805 7.731572933351582 1.7863559968070104
    vertex 10.862540412324972 7.604199894671248 1.7863773963699854
  endloop
endfacet
facet normal -0.22898290250545908 0.5529383869918667 0.8011404187475551
  outer loop
    vertex 11.170046128857805 7.731572933351582 1.7863559968070104
    vertex 11.43635943954449 6.610444353768524 2.6362576729508476
    vertex 11.467110013448826 6.623181657636557 2.6362713303619865
  endloop
endfacet
facet normal 0.4749305533145826 0.3643586985658716 0.8010516264933794
  outer loop
    vertex 11.610527692211624 6.5637761147907945 2.6363425229949797
    vertex 12.401601553073581 7.401578650879726 1.7862467072465495
    vertex 11.590265565977166 6.590182229389372 2.6363313284035783
  endloop
endfacet
facet normal 0.4749305533145826 0.3643586985658716 0.8010516264933794
  outer loop
    vertex 12.401601553073581 7.401578650879726 1.7862467072465495
    vertex 11.610527692211624 6.5637761147907945 2.6363425229949797
    vertex 12.604222796065082 7.137517504893973 1.7862228375913543
  endloop
endfacet
facet normal 0.9238795322876059 0.38268343227257057 -2.200271704695856e-05
  outer loop
    vertex 12.731554123165196 6.83002208231845 0.213835553970217
    vertex 12.604222796065082 7.137517504893973 1.7862228375913543
    vertex 12.731595834166333 6.830011787431236 1.7862038599015133
  endloop
endfacet
facet normal 0.9238795322876059 0.38268343227257057 -2.200271704695856e-05
  outer loop
    vertex 12.604222796065082 7.137517504893973 1.7862228375913543
    vertex 12.731554123165196 6.83002208231845 0.213835553970217
    vertex 12.60418108445361 7.137527799781187 0.21383958294256963
  endloop
endfacet
facet normal 0.3644376861893073 0.47484358299210494 0.8010672534664015
  outer loop
    vertex 1.6061963188752926 6.606076146234324 2.8500041568056367
    vertex 2.2500490742601373 7.799038105389473 1.8499365259655962
    vertex 1.5751302990632348 6.629913939621562 2.8499880435252147
  endloop
endfacet
facet normal 0.3644376861893073 0.47484358299210494 0.8010672534664015
  outer loop
    vertex 2.2500490742601373 7.799038105389473 1.8499365259655962
    vertex 1.6061963188752926 6.606076146234324 2.8500041568056367
    vertex 2.560709244871075 7.5606601715170925 1.8499046025032495
  endloop
endfacet
facet normal 0.4749256904909438 -0.36439849770247273 0.8010364057793388
  outer loop
    vertex 12.40160155210311 5.5984563590390355 1.7861960883383623
    vertex 11.610527693799263 6.436276114803877 2.636350566978756
    vertex 11.590265568222426 6.409870000205301 2.636342704314526
  endloop
endfacet
facet normal 0.4749256904909438 -0.36439849770247273 0.8010364057793388
  outer loop
    vertex 11.610527693799263 6.436276114803877 2.636350566978756
    vertex 12.40160155210311 5.5984563590390355 1.7861960883383623
    vertex 12.604222795378849 5.862517505024791 1.786187044618119
  endloop
endfacet
facet normal -0.5528754471014158 -0.22905541627977016 0.8011631271253756
  outer loop
    vertex 0.20101097434402349 5.749999999923047 1.8500454242366935
    vertex 1.3552414106775934 6.4611872723058275 2.849895281811002
    vertex 0.05116034128371816 6.1117714322321515 1.8500677509306225
  endloop
endfacet
facet normal -0.5528754471014158 -0.22905541627977016 0.8011631271253756
  outer loop
    vertex 1.3552414106775934 6.4611872723058275 2.849895281811002
    vertex 0.20101097434402349 5.749999999923047 1.8500454242366935
    vertex 1.3702264756311664 6.425010129074919 2.849904611224582
  endloop
endfacet
facet normal -0.36428485250181925 -0.4748461251102363 0.8011352593073916
  outer loop
    vertex 0.7500490778861388 5.200961894302722 1.8499854188270566
    vertex 1.3940642712011146 6.393944111900125 2.84991778133211
    vertex 0.43938890727519464 5.439339828175102 1.8500173422894046
  endloop
endfacet
facet normal -0.36428485250181925 -0.4748461251102363 0.8011352593073916
  outer loop
    vertex 1.3940642712011146 6.393944111900125 2.84991778133211
    vertex 0.7500490778861388 5.200961894302722 1.8499854188270566
    vertex 1.4251302910131691 6.370106318512885 2.8499338946125303
  endloop
endfacet
facet normal 0.5530616331793157 0.22903872716518717 0.8010393819055209
  outer loop
    vertex 1.6450191793988134 6.538832985828619 2.850026656326743
    vertex 2.799087177802255 7.249999999769148 1.8498765205559606
    vertex 1.6300341144452433 6.575010129059527 2.8500173269131674
  endloop
endfacet
facet normal 0.5530616331793157 0.22903872716518717 0.8010393819055209
  outer loop
    vertex 2.799087177802255 7.249999999769148 1.8498765205559606
    vertex 1.6450191793988134 6.538832985828619 2.850026656326743
    vertex 2.948937810862551 6.888228567460048 1.84985419386203
  endloop
endfacet
facet normal -0.6087614290059469 0.7933533400062526 2.134387565071082e-05
  outer loop
    vertex 5.545403313418756 7.45462225714129 0.1426131723215342
    vertex 5.825041639512976 7.669151497157617 1.8076295252156405
    vertex 5.824997467970678 7.669162397626432 0.14261230922062273
  endloop
endfacet
facet normal -0.6087614290059469 0.7933533400062526 2.134387565071082e-05
  outer loop
    vertex 5.825041639512976 7.669151497157617 1.8076295252156405
    vertex 5.545403313418756 7.45462225714129 0.1426131723215342
    vertex 5.545447485732185 7.4546113566724745 1.8076462107952695
  endloop
endfacet
facet normal -0.22897934574420734 -0.5529733296471646 0.8011173172023451
  outer loop
    vertex 6.15063592620288 5.1960173368121305 1.8075336526865549
    vertex 6.432614730068799 6.383112888968687 2.7075175113950616
    vertex 5.825041638254472 5.33088290717954 1.8075638831881347
  endloop
endfacet
facet normal -0.22897934574420734 -0.5529733296471646 0.8011173172023451
  outer loop
    vertex 6.432614730068799 6.383112888968687 2.7075175113950616
    vertex 6.15063592620288 5.1960173368121305 1.8075336526865549
    vertex 6.465174161597497 6.369626331931948 2.7075336739189524
  endloop
endfacet
facet normal -0.0780630383585376 0.5933868782836101 0.8011230708967666
  outer loop
    vertex 6.465174158349999 6.630426305003238 2.7075172200307005
    vertex 6.500041637349369 7.850017202030066 1.807579779842727
    vertex 6.150635927606563 7.804017067525028 1.807606866854843
  endloop
endfacet
facet normal -0.0780630383585376 0.5933868782836101 0.8011230708967666
  outer loop
    vertex 6.500041637349369 7.850017202030066 1.807579779842727
    vertex 6.465174158349999 6.630426305003238 2.7075172200307005
    vertex 6.500114732010298 6.635026318453741 2.707533361246481
  endloop
endfacet
facet normal 0.3826834322909183 -0.9238795323999655 -1.6200726100776727e-05
  outer loop
    vertex 7.175041633732566 5.330882907179543 1.8074542375853162
    vertex 6.849403179005393 5.196028237280947 0.1425799059559286
    vertex 7.174997468070483 5.3308938076483585 0.14257786934469785
  endloop
endfacet
facet normal 0.3826834322909183 -0.9238795323999655 -1.6200726100776727e-05
  outer loop
    vertex 6.849403179005393 5.196028237280947 0.1425799059559286
    vertex 7.175041633732566 5.330882907179543 1.8074542375853162
    vertex 6.849447345638978 5.1960173368121305 1.8074768959461134
  endloop
endfacet
facet normal 0.22911479344941293 0.5529637578669088 0.8010851976589878
  outer loop
    vertex 6.567614737313859 6.616939747966495 2.7075662454164773
    vertex 6.849447347042657 7.804017067525028 1.8075501101144025
    vertex 6.535055305785168 6.630426305003238 2.7075500828925856
  endloop
endfacet
facet normal 0.22911479344941293 0.5529637578669088 0.8010851976589878
  outer loop
    vertex 6.849447347042657 7.804017067525028 1.8075501101144025
    vertex 6.567614737313859 6.616939747966495 2.7075662454164773
    vertex 7.17504163499107 7.669151497157617 1.8075198796128205
  endloop
endfacet
facet normal -0.5933130316149383 0.07809736512198172 0.8011744180120176
  outer loop
    vertex 6.3651147235346395 6.500026318467591 2.70747839223173
    vertex 5.196041775688408 6.849422913021133 1.807657599758613
    vertex 5.150041641144677 6.500017202168579 1.8076515270032953
  endloop
endfacet
facet normal -0.5933130316149383 0.07809736512198172 0.8011744180120176
  outer loop
    vertex 5.196041775688408 6.849422913021133 1.807657599758613
    vertex 6.3651147235346395 6.500026318467591 2.70747839223173
    vertex 6.369714736896615 6.534966889552848 2.707478351067616
  endloop
endfacet
facet normal 0.7933533402957378 0.608761428763803 -1.7060139666046218e-05
  outer loop
    vertex 7.669131762943299 7.175028102568141 0.1425894874689648
    vertex 7.454635788540915 7.4546113566724745 1.8074911484967084
    vertex 7.6691759281789755 7.175017202099325 1.8074658747441488
  endloop
endfacet
facet normal 0.7933533402957378 0.608761428763803 -1.7060139666046218e-05
  outer loop
    vertex 7.454635788540915 7.4546113566724745 1.8074911484967084
    vertex 7.669131762943299 7.175028102568141 0.1425894874689648
    vertex 7.454591622429573 7.45462225714129 0.14259413519403652
  endloop
endfacet
facet normal -0.13052619257433007 -0.9914448613225435 -3.028403098795414e-06
  outer loop
    vertex 6.500041635896173 5.150017202307091 1.80750398295823
    vertex 6.150591757299176 5.196028237280947 0.1425868740282065
    vertex 6.499997468156933 5.150028102775907 0.14258297728578195
  endloop
endfacet
facet normal -0.13052619257433007 -0.9914448613225435 -3.028403098795414e-06
  outer loop
    vertex 6.150591757299176 5.196028237280947 0.1425868740282065
    vertex 6.500041635896173 5.150017202307091 1.80750398295823
    vertex 6.15063592620288 5.1960173368121305 1.8075336526865549
  endloop
endfacet
facet normal -0.36428971189025033 0.4748089255098576 0.8011550973857016
  outer loop
    vertex 6.404655309860614 6.595485733917981 2.7074909643605016
    vertex 5.825041639512976 7.669151497157617 1.8076295252156405
    vertex 5.545447485732185 7.4546113566724745 1.8076462107952695
  endloop
endfacet
facet normal -0.36428971189025033 0.4748089255098576 0.8011550973857016
  outer loop
    vertex 5.825041639512976 7.669151497157617 1.8076295252156405
    vertex 6.404655309860614 6.595485733917981 2.7074909643605016
    vertex 6.43261472715717 6.616939747966495 2.7075027592424354
  endloop
endfacet
facet normal -0.9238795323188097 0.38268343187619697 2.7015437298646785e-05
  outer loop
    vertex 5.330907345793164 7.175017202099323 1.8076557864990572
    vertex 5.195997602626767 6.849433813489949 0.14261122669801438
    vertex 5.196041775688408 6.849422913021133 1.807657599758613
  endloop
endfacet
facet normal -0.9238795323188097 0.38268343187619697 2.7015437298646785e-05
  outer loop
    vertex 5.195997602626767 6.849433813489949 0.14261122669801438
    vertex 5.330907345793164 7.175017202099323 1.8076557864990572
    vertex 5.330863172961512 7.175028102568138 0.14261280309323301
  endloop
endfacet
facet normal 0.6087614292458369 0.7933533400336542 -1.0954964915344834e-05
  outer loop
    vertex 7.174997467834308 7.669162397626432 0.14259884793867342
    vertex 7.454635788540915 7.4546113566724745 1.8074911484967084
    vertex 7.454591622429573 7.45462225714129 0.14259413519403652
  endloop
endfacet
facet normal 0.6087614292458369 0.7933533400336542 -1.0954964915344834e-05
  outer loop
    vertex 7.454635788540915 7.4546113566724745 1.8074911484967084
    vertex 7.174997467834308 7.669162397626432 0.14259884793867342
    vertex 7.17504163499107 7.669151497157617 1.8075198796128205
  endloop
endfacet
facet normal -0.0780617376935219 -0.5934205172831549 0.8010982803474619
  outer loop
    vertex 6.500041635896173 5.150017202307091 1.80750398295823
    vertex 6.465174161597497 6.369626331931948 2.7075336739189524
    vertex 6.15063592620288 5.1960173368121305 1.8075336526865549
  endloop
endfacet
facet normal -0.0780617376935219 -0.5934205172831549 0.8010982803474619
  outer loop
    vertex 6.465174161597497 6.369626331931948 2.7075336739189524
    vertex 6.500041635896173 5.150017202307091 1.80750398295823
    vertex 6.50011473537236 6.365026318481444 2.70755039556506
  endloop
endfacet
facet normal 0.6087614290059584 -0.7933533400062551 -2.1343452113854715e-05
  outer loop
    vertex 7.4546357875133555 5.545423047664685 1.807437552005687
    vertex 7.174997468070483 5.3308938076483585 0.14257786934469785
    vertex 7.4545916226224085 5.5454339481335015 0.14257700624378383
  endloop
endfacet
facet normal 0.6087614290059584 -0.7933533400062551 -2.1343452113854715e-05
  outer loop
    vertex 7.174997468070483 5.3308938076483585 0.14257786934469785
    vertex 7.4546357875133555 5.545423047664685 1.807437552005687
    vertex 7.175041633732566 5.330882907179543 1.8074542375853162
  endloop
endfacet
facet normal 0.9914448610275299 0.1305261923699893 -2.5445915051852546e-05
  outer loop
    vertex 7.849997467884209 6.500028102637397 0.1425816280007124
    vertex 7.804041497933242 6.849422913021133 1.807445780719611
    vertex 7.850041632100865 6.500017202168579 1.8074322357976598
  endloop
endfacet
facet normal 0.9914448610275299 0.1305261923699893 -2.5445915051852546e-05
  outer loop
    vertex 7.804041497933242 6.849422913021133 1.807445780719611
    vertex 7.849997467884209 6.500028102637397 0.1425816280007124
    vertex 7.803997333343806 6.849433813489949 0.14258522149823843
  endloop
endfacet
facet normal 0.9238795323188583 -0.3826834318761957 -2.7013792322647637e-05
  outer loop
    vertex 7.66913176307965 5.825028102706654 0.14257737547208565
    vertex 7.804041497557126 6.150611491316027 1.8074261630423443
    vertex 7.6691759274523745 5.825017202237838 1.8074279763018992
  endloop
endfacet
facet normal 0.9238795323188583 -0.3826834318761957 -2.7013792322647637e-05
  outer loop
    vertex 7.804041497557126 6.150611491316027 1.8074261630423443
    vertex 7.66913176307965 5.825028102706654 0.14257737547208565
    vertex 7.803997333414387 6.150622391784846 0.1425789518673059
  endloop
endfacet
facet normal 0.07818564352748168 0.5933961646457189 0.8011042359955068
  outer loop
    vertex 6.500114732010298 6.635026318453741 2.707533361246481
    vertex 6.849447347042657 7.804017067525028 1.8075501101144025
    vertex 6.500041637349369 7.850017202030066 1.807579779842727
  endloop
endfacet
facet normal 0.07818564352748168 0.5933961646457189 0.8011042359955068
  outer loop
    vertex 6.849447347042657 7.804017067525028 1.8075501101144025
    vertex 6.500114732010298 6.635026318453741 2.707533361246481
    vertex 6.535055305785168 6.630426305003238 2.7075500828925856
  endloop
endfacet
facet normal -0.5933117294472857 -0.07814072940582896 0.8011711540664679
  outer loop
    vertex 5.196041775312294 6.150611491316027 1.8076379820813442
    vertex 6.3651147235346395 6.500026318467591 2.70747839223173
    vertex 5.150041641144677 6.500017202168579 1.8076515270032953
  endloop
endfacet
facet normal -0.5933117294472857 -0.07814072940582896 0.8011711540664679
  outer loop
    vertex 6.3651147235346395 6.500026318467591 2.70747839223173
    vertex 5.196041775312294 6.150611491316027 1.8076379820813442
    vertex 6.369714737766781 6.465085747382335 2.707482759873686
  endloop
endfacet
facet normal -0.9914448610274684 -0.13052619237002497 2.5448128015815628e-05
  outer loop
    vertex 5.150041641144677 6.500017202168579 1.8076515270032953
    vertex 5.195997602697348 6.150622391784842 0.1426049570670812
    vertex 5.196041775312294 6.150611491316027 1.8076379820813442
  endloop
endfacet
facet normal -0.9914448610274684 -0.13052619237002497 2.5448128015815628e-05
  outer loop
    vertex 5.195997602697348 6.150622391784842 0.1426049570670812
    vertex 5.150041641144677 6.500017202168579 1.8076515270032953
    vertex 5.149997468156947 6.500028102637397 0.14260855056460628
  endloop
endfacet
facet normal 0.47493055331458267 0.36435869856587155 0.8010516264933794
  outer loop
    vertex 6.617028171157665 6.567526318460665 2.7075926004656345
    vertex 7.454635788540915 7.4546113566724745 1.8074911484967084
    vertex 6.595574155144711 6.595485733917981 2.7075807473688567
  endloop
endfacet
facet normal 0.47493055331458267 0.36435869856587155 0.8010516264933794
  outer loop
    vertex 7.454635788540915 7.4546113566724745 1.8074911484967084
    vertex 6.617028171157665 6.567526318460665 2.7075926004656345
    vertex 7.6691759281789755 7.175017202099325 1.8074658747441488
  endloop
endfacet
facet normal -0.9238795322875292 -0.38268343227263957 2.200474170002126e-05
  outer loop
    vertex 5.196041775312294 6.150611491316027 1.8076379820813442
    vertex 5.330863173097864 5.825028102706652 0.14260069109635515
    vertex 5.330907345066568 5.8250172022378335 1.8076178880568083
  endloop
endfacet
facet normal -0.9238795322875292 -0.38268343227263957 2.200474170002126e-05
  outer loop
    vertex 5.330863173097864 5.825028102706652 0.14260069109635515
    vertex 5.196041775312294 6.150611491316027 1.8076379820813442
    vertex 5.195997602697348 6.150622391784842 0.1426049570670812
  endloop
endfacet
facet normal 0.9238795322876059 0.38268343227257057 -2.200271704695856e-05
  outer loop
    vertex 7.803997333343806 6.849433813489949 0.14258522149823843
    vertex 7.6691759281789755 7.175017202099325 1.8074658747441488
    vertex 7.804041497933242 6.849422913021133 1.807445780719611
  endloop
endfacet
facet normal 0.9238795322876059 0.38268343227257057 -2.200271704695856e-05
  outer loop
    vertex 7.6691759281789755 7.175017202099325 1.8074658747441488
    vertex 7.803997333343806 6.849433813489949 0.14258522149823843
    vertex 7.669131762943299 7.175028102568141 0.1425894874689648
  endloop
endfacet
facet normal -0.5528790046676865 0.22901335465400655 0.8011726964817178
  outer loop
    vertex 6.369714736896615 6.534966889552848 2.707478351067616
    vertex 5.330907345793164 7.175017202099323 1.8076557864990572
    vertex 5.196041775688408 6.849422913021133 1.807657599758613
  endloop
endfacet
facet normal -0.5528790046676865 0.22901335465400655 0.8011726964817178
  outer loop
    vertex 5.330907345793164 7.175017202099323 1.8076557864990572
    vertex 6.369714736896615 6.534966889552848 2.707478351067616
    vertex 6.383201294543967 6.567526318460665 2.707482639186615
  endloop
endfacet
facet normal -0.47475914809375364 -0.3643638458091787 0.8011508841463251
  outer loop
    vertex 5.5454474847046225 5.545423047664683 1.807592614304248
    vertex 6.383201296224996 6.432526318474518 2.707491156345908
    vertex 5.330907345066568 5.8250172022378335 1.8076178880568083
  endloop
endfacet
facet normal -0.47475914809375364 -0.3643638458091787 0.8011508841463251
  outer loop
    vertex 6.383201296224996 6.432526318474518 2.707491156345908
    vertex 5.5454474847046225 5.545423047664683 1.807592614304248
    vertex 6.40465531223795 6.404566903017203 2.707503009442683
  endloop
endfacet
facet normal 0.07818433906743175 -0.5934298024545049 0.801079445924932
  outer loop
    vertex 6.849447345638978 5.1960173368121305 1.8074768959461134
    vertex 6.50011473537236 6.365026318481444 2.70755039556506
    vertex 6.500041635896173 5.150017202307091 1.80750398295823
  endloop
endfacet
facet normal 0.07818433906743175 -0.5934298024545049 0.801079445924932
  outer loop
    vertex 6.50011473537236 6.365026318481444 2.70755039556506
    vertex 6.849447345638978 5.1960173368121305 1.8074768959461134
    vertex 6.535055309032665 6.369626331931948 2.7075665367808357
  endloop
endfacet
facet normal -0.3826834322909223 0.9238795323999646 1.6200684500048782e-05
  outer loop
    vertex 5.824997467970678 7.669162397626432 0.14261230922062273
    vertex 6.150635927606563 7.804017067525028 1.807606866854843
    vertex 6.150591757035764 7.804027967993846 0.14261027260939105
  endloop
endfacet
facet normal -0.3826834322909223 0.9238795323999646 1.6200684500048782e-05
  outer loop
    vertex 6.150635927606563 7.804017067525028 1.807606866854843
    vertex 5.824997467970678 7.669162397626432 0.14261230922062273
    vertex 5.825041639512976 7.669151497157617 1.8076295252156405
  endloop
endfacet
facet normal -0.7933533402369389 0.6087614285648038 2.5032607464037284e-05
  outer loop
    vertex 5.545447485732185 7.4546113566724745 1.8076462107952695
    vertex 5.330863172961512 7.175028102568138 0.14261280309323301
    vertex 5.330907345793164 7.175017202099323 1.8076557864990572
  endloop
endfacet
facet normal -0.7933533402369389 0.6087614285648038 2.5032607464037284e-05
  outer loop
    vertex 5.330863172961512 7.175028102568138 0.14261280309323301
    vertex 5.545447485732185 7.4546113566724745 1.8076462107952695
    vertex 5.545403313418756 7.45462225714129 0.1426131723215342
  endloop
endfacet
facet normal 0.4749256904909437 -0.36439849770247273 0.8010364057793388
  outer loop
    vertex 7.4546357875133555 5.545423047664685 1.807437552005687
    vertex 6.617028172838695 6.432526318474518 2.7076011176249275
    vertex 6.595574157522044 6.404566903017203 2.707592792451037
  endloop
endfacet
facet normal 0.4749256904909437 -0.36439849770247273 0.8010364057793388
  outer loop
    vertex 6.617028172838695 6.432526318474518 2.7076011176249275
    vertex 7.4546357875133555 5.545423047664685 1.807437552005687
    vertex 7.6691759274523745 5.825017202237838 1.8074279763018992
  endloop
endfacet
facet normal 0.0781856435274817 0.5933961646457189 0.8011042359955068
  outer loop
    vertex 1.5001302931703904 6.650010129051834 2.8499515055585523
    vertex 1.8882776432063457 7.948888739131042 1.849970115411798
    vertex 1.5000490768804695 7.999999999692195 1.850003081776603
  endloop
endfacet
facet normal 0.0781856435274817 0.5933961646457189 0.8011042359955068
  outer loop
    vertex 1.8882776432063457 7.948888739131042 1.849970115411798
    vertex 1.5001302931703904 6.650010129051834 2.8499515055585523
    vertex 1.5389531529202454 6.64489900299572 2.8499700851653347
  endloop
endfacet
facet normal -0.9238795323188096 0.38268343187619686 2.701543729864678e-05
  outer loop
    vertex 0.2010109751513517 7.2499999997691456 1.8500875336169702
    vertex 0.05111126052202264 6.888240679092065 3.802272692281505e-05
    vertex 0.05116034170162309 6.888228567460048 1.8500895483498097
  endloop
endfacet
facet normal -0.9238795323188096 0.38268343187619686 2.701543729864678e-05
  outer loop
    vertex 0.05111126052202264 6.888240679092065 3.802272692281505e-05
    vertex 0.2010109751513517 7.2499999997691456 1.8500875336169702
    vertex 0.2009618942272938 7.250012111401163 3.977427716575221e-05
  endloop
endfacet
facet normal -0.5933117294472857 -0.07814072940582896 0.8011711540664679
  outer loop
    vertex 0.05116034128371816 6.1117714322321515 1.8500677509306225
    vertex 1.3501302837529907 6.500010129067223 2.849890428875496
    vertex 4.9081097477388086e-05 6.4999999998461 1.8500828008439014
  endloop
endfacet
facet normal -0.5933117294472857 -0.07814072940582896 0.8011711540664679
  outer loop
    vertex 1.3501302837529907 6.500010129067223 2.849890428875496
    vertex 0.05116034128371816 6.1117714322321515 1.8500677509306225
    vertex 1.3552414106775934 6.4611872723058275 2.849895281811002
  endloop
endfacet
facet normal 0.9914448610516208 -0.1305261918426071 -2.7155104244155293e-05
  outer loop
    vertex 2.948888739174932 6.111783543864171 2.161803913391935e-06
    vertex 3.0000490710487973 6.4999999998461 1.8498391439487512
    vertex 2.9489378104446433 6.1117714322321515 1.8498323964428445
  endloop
endfacet
facet normal 0.9914448610516208 -0.1305261918426071 -2.7155104244155293e-05
  outer loop
    vertex 3.0000490710487973 6.4999999998461 1.8498391439487512
    vertex 2.948888739174932 6.111783543864171 2.161803913391935e-06
    vertex 2.9999999996969575 6.500012111478117 5.135285476171036e-06
  endloop
endfacet
facet normal 0.6087614292458369 0.793353340033654 -1.0954964915344836e-05
  outer loop
    vertex 2.2499999996415134 7.79905021702149 2.4268549877290435e-05
    vertex 2.560709244871075 7.5606601715170925 1.8499046025032495
    vertex 2.5606601714140287 7.560672283149111 1.903216694739973e-05
  endloop
endfacet
facet normal 0.6087614292458369 0.793353340033654 -1.0954964915344836e-05
  outer loop
    vertex 2.560709244871075 7.5606601715170925 1.8499046025032495
    vertex 2.2499999996415134 7.79905021702149 2.4268549877290435e-05
    vertex 2.2500490742601373 7.799038105389473 1.8499365259655962
  endloop
endfacet
facet normal 0.36443282311857395 -0.47488077753422664 0.8010474171747354
  outer loop
    vertex 2.250049072861801 5.200961894302725 1.84986359037948
    vertex 1.606196321516775 6.393944111900125 2.8500175402302808
    vertex 1.5751303022983794 6.370106318512885 2.8500044348059115
  endloop
endfacet
facet normal 0.36443282311857395 -0.47488077753422664 0.8010474171747354
  outer loop
    vertex 1.606196321516775 6.393944111900125 2.8500175402302808
    vertex 2.250049072861801 5.200961894302725 1.84986359037948
    vertex 2.560709243729344 5.439339828175105 1.8498450508465587
  endloop
endfacet
facet normal 0.5935036422298597 -0.07815001175210214 0.8010280908451569
  outer loop
    vertex 2.9489378104446433 6.1117714322321515 1.8498323964428445
    vertex 1.6501303063234132 6.500010129067223 2.8500315092622523
    vertex 1.6450191803656644 6.4611872723058275 2.8500315550001543
  endloop
endfacet
facet normal 0.5935036422298597 -0.07815001175210214 0.8010280908451569
  outer loop
    vertex 1.6501303063234132 6.500010129067223 2.8500315092622523
    vertex 2.9489378104446433 6.1117714322321515 1.8498323964428445
    vertex 3.0000490710487973 6.4999999998461 1.8498391439487512
  endloop
endfacet
facet normal -0.2289793457442073 -0.5529733296471647 0.801117317202345
  outer loop
    vertex 1.1118205089399251 5.0511112605611554 1.8499518293808561
    vertex 1.4251302910131691 6.370106318512885 2.8499338946125303
    vertex 0.7500490778861388 5.200961894302722 1.8499854188270566
  endloop
endfacet
facet normal -0.2289793457442073 -0.5529733296471647 0.801117317202345
  outer loop
    vertex 1.4251302910131691 6.370106318512885 2.8499338946125303
    vertex 1.1118205089399251 5.0511112605611554 1.8499518293808561
    vertex 1.4613074371561676 6.35512125513873 2.849951852972409
  endloop
endfacet
facet normal -0.1305261925743301 -0.9914448613225435 -3.028403098795414e-06
  outer loop
    vertex 1.5000490752658076 5.0 1.849918863016051
    vertex 1.1117714323802532 5.051123372193173 1.0964204914043484e-05
    vertex 1.4999999999999842 5.000012111632017 6.6344911090088214e-06
  endloop
endfacet
facet normal -0.1305261925743301 -0.9914448613225435 -3.028403098795414e-06
  outer loop
    vertex 1.1117714323802532 5.051123372193173 1.0964204914043484e-05
    vertex 1.5000490752658076 5.0 1.849918863016051
    vertex 1.1118205089399251 5.0511112605611554 1.8499518293808561
  endloop
endfacet
facet normal -0.00047026786754685533 6.309005586637441e-05 0.9999998874338825
  outer loop
    vertex 1.3552414106775934 6.4611872723058275 2.849895281811002
    vertex 1.3552414097107424 6.538832985828619 2.849890383137591
    vertex 1.3501302837529907 6.500010129067223 2.849890428875496
  endloop
endfacet
facet normal -0.00047026786754685533 6.309005586637441e-05 0.9999998874338825
  outer loop
    vertex 1.3552414097107424 6.538832985828619 2.849890383137591
    vertex 1.3552414106775934 6.4611872723058275 2.849895281811002
    vertex 1.3702264737633532 6.575010129059527 2.8498951477142573
  endloop
endfacet
facet normal -0.00047026786754685533 6.309005586637441e-05 0.9999998874338825
  outer loop
    vertex 1.3702264737633532 6.575010129059527 2.8498951477142573
    vertex 1.3552414106775934 6.4611872723058275 2.849895281811002
    vertex 1.3702264756311664 6.425010129074919 2.849904611224582
  endloop
endfacet
facet normal -0.00047026786754685533 6.309005586637441e-05 0.9999998874338825
  outer loop
    vertex 1.3702264737633532 6.575010129059527 2.8498951477142573
    vertex 1.3702264756311664 6.425010129074919 2.849904611224582
    vertex 1.3940642685596294 6.606076146234324 2.8499043979074643
  endloop
endfacet
facet normal -0.00047026786754685533 6.309005586637441e-05 0.9999998874338825
  outer loop
    vertex 1.3940642685596294 6.606076146234324 2.8499043979074643
    vertex 1.3702264756311664 6.425010129074919 2.849904611224582
    vertex 1.3940642712011146 6.393944111900125 2.84991778133211
  endloop
endfacet
facet normal -0.00047026786754685533 6.309005586637441e-05 0.9999998874338825
  outer loop
    vertex 1.3940642685596294 6.606076146234324 2.8499043979074643
    vertex 1.3940642712011146 6.393944111900125 2.84991778133211
    vertex 1.4251302877780245 6.629913939621562 2.849917503331835
  endloop
endfacet
facet normal -0.00047026786754685533 6.309005586637441e-05 0.9999998874338825
  outer loop
    vertex 1.4251302877780245 6.629913939621562 2.849917503331835
    vertex 1.3940642712011146 6.393944111900125 2.84991778133211
    vertex 1.4251302910131691 6.370106318512885 2.8499338946125303
  endloop
endfacet
facet normal -0.00047026786754685533 6.309005586637441e-05 0.9999998874338825
  outer loop
    vertex 1.4251302877780245 6.629913939621562 2.849917503331835
    vertex 1.4251302910131691 6.370106318512885 2.8499338946125303
    vertex 1.4613074335478344 6.64489900299572 2.849933570874352
  endloop
endfacet
facet normal -0.00047026786754685533 6.309005586637441e-05 0.9999998874338825
  outer loop
    vertex 1.4613074335478344 6.64489900299572 2.849933570874352
    vertex 1.4251302910131691 6.370106318512885 2.8499338946125303
    vertex 1.4613074371561676 6.35512125513873 2.849951852972409
  endloop
endfacet
facet normal -0.00047026786754685533 6.309005586637441e-05 0.9999998874338825
  outer loop
    vertex 1.4613074335478344 6.64489900299572 2.849933570874352
    vertex 1.4613074371561676 6.35512125513873 2.849951852972409
    vertex 1.5001302931703904 6.650010129051834 2.8499515055585523
  endloop
endfacet
facet normal -0.00047026786754685533 6.309005586637441e-05 0.9999998874338825
  outer loop
    vertex 1.5001302931703904 6.650010129051834 2.8499515055585523
    vertex 1.4613074371561676 6.35512125513873 2.849951852972409
    vertex 1.5001302969060142 6.350010129082615 2.849970432579196
  endloop
endfacet
facet normal -0.00047026786754685533 6.309005586637441e-05 0.9999998874338825
  outer loop
    vertex 1.5001302931703904 6.650010129051834 2.8499515055585523
    vertex 1.5001302969060142 6.350010129082615 2.849970432579196
    vertex 1.5389531529202454 6.64489900299572 2.8499700851653347
  endloop
endfacet
facet normal -0.00047026786754685533 6.309005586637441e-05 0.9999998874338825
  outer loop
    vertex 1.5389531529202454 6.64489900299572 2.8499700851653347
    vertex 1.5001302969060142 6.350010129082615 2.849970432579196
    vertex 1.538953156528576 6.35512125513873 2.8499883672633906
  endloop
endfacet
facet normal -0.00047026786754685533 6.309005586637441e-05 0.9999998874338825
  outer loop
    vertex 1.5389531529202454 6.64489900299572 2.8499700851653347
    vertex 1.538953156528576 6.35512125513873 2.8499883672633906
    vertex 1.5751302990632348 6.629913939621562 2.8499880435252147
  endloop
endfacet
facet normal -0.00047026786754685533 6.309005586637441e-05 0.9999998874338825
  outer loop
    vertex 1.5751302990632348 6.629913939621562 2.8499880435252147
    vertex 1.538953156528576 6.35512125513873 2.8499883672633906
    vertex 1.5751303022983794 6.370106318512885 2.8500044348059115
  endloop
endfacet
facet normal -0.00047026786754685533 6.309005586637441e-05 0.9999998874338825
  outer loop
    vertex 1.5751302990632348 6.629913939621562 2.8499880435252147
    vertex 1.5751303022983794 6.370106318512885 2.8500044348059115
    vertex 1.6061963188752926 6.606076146234324 2.8500041568056367
  endloop
endfacet
facet normal -0.00047026786754685533 6.309005586637441e-05 0.9999998874338825
  outer loop
    vertex 1.6061963188752926 6.606076146234324 2.8500041568056367
    vertex 1.5751303022983794 6.370106318512885 2.8500044348059115
    vertex 1.606196321516775 6.393944111900125 2.8500175402302808
  endloop
endfacet
facet normal -0.00047026786754685533 6.309005586637441e-05 0.9999998874338825
  outer loop
    vertex 1.6061963188752926 6.606076146234324 2.8500041568056367
    vertex 1.606196321516775 6.393944111900125 2.8500175402302808
    vertex 1.6300341144452433 6.575010129059527 2.8500173269131674
  endloop
endfacet
facet normal -0.00047026786754685533 6.309005586637441e-05 0.9999998874338825
  outer loop
    vertex 1.6300341144452433 6.575010129059527 2.8500173269131674
    vertex 1.606196321516775 6.393944111900125 2.8500175402302808
    vertex 1.6300341163130536 6.425010129074919 2.8500267904234926
  endloop
endfacet
facet normal -0.00047026786754685533 6.309005586637441e-05 0.9999998874338825
  outer loop
    vertex 1.6300341144452433 6.575010129059527 2.8500173269131674
    vertex 1.6300341163130536 6.425010129074919 2.8500267904234926
    vertex 1.6450191793988134 6.538832985828619 2.850026656326743
  endloop
endfacet
facet normal -0.00047026786754685533 6.309005586637441e-05 0.9999998874338825
  outer loop
    vertex 1.6450191793988134 6.538832985828619 2.850026656326743
    vertex 1.6300341163130536 6.425010129074919 2.8500267904234926
    vertex 1.6450191803656644 6.4611872723058275 2.8500315550001543
  endloop
endfacet
facet normal -0.00047026786754685533 6.309005586637441e-05 0.9999998874338825
  outer loop
    vertex 1.6450191793988134 6.538832985828619 2.850026656326743
    vertex 1.6450191803656644 6.4611872723058275 2.8500315550001543
    vertex 1.6501303063234132 6.500010129067223 2.8500315092622523
  endloop
endfacet
facet normal 0.22911479344941293 0.5529637578669088 0.8010851976589878
  outer loop
    vertex 1.5751302990632348 6.629913939621562 2.8499880435252147
    vertex 1.8882776432063457 7.948888739131042 1.849970115411798
    vertex 1.5389531529202454 6.64489900299572 2.8499700851653347
  endloop
endfacet
facet normal 0.22911479344941293 0.5529637578669088 0.8010851976589878
  outer loop
    vertex 1.8882776432063457 7.948888739131042 1.849970115411798
    vertex 1.5751302990632348 6.629913939621562 2.8499880435252147
    vertex 2.2500490742601373 7.799038105389473 1.8499365259655962
  endloop
endfacet
facet normal -0.36428971189025033 0.47480892550985754 0.8011550973857016
  outer loop
    vertex 1.3940642685596294 6.606076146234324 2.8499043979074643
    vertex 0.7500490792844756 7.799038105389473 1.8500583544131741
    vertex 0.4393889084169314 7.5606601715170925 1.8500768939460956
  endloop
endfacet
facet normal -0.36428971189025033 0.47480892550985754 0.8011550973857016
  outer loop
    vertex 0.7500490792844756 7.799038105389473 1.8500583544131741
    vertex 1.3940642685596294 6.606076146234324 2.8499043979074643
    vertex 1.4251302877780245 6.629913939621562 2.849917503331835
  endloop
endfacet
facet normal -0.5933130316149383 0.07809736512198172 0.8011744180120176
  outer loop
    vertex 1.3501302837529907 6.500010129067223 2.849890428875496
    vertex 0.05116034170162309 6.888228567460048 1.8500895483498097
    vertex 4.9081097477388086e-05 6.4999999998461 1.8500828008439014
  endloop
endfacet
facet normal -0.5933130316149383 0.07809736512198172 0.8011744180120176
  outer loop
    vertex 0.05116034170162309 6.888228567460048 1.8500895483498097
    vertex 1.3501302837529907 6.500010129067223 2.849890428875496
    vertex 1.3552414097107424 6.538832985828619 2.849890383137591
  endloop
endfacet
facet normal -0.7933533402369387 0.6087614285648038 2.5032607464037277e-05
  outer loop
    vertex 0.4393889084169314 7.5606601715170925 1.8500768939460956
    vertex 0.2009618942272938 7.250012111401163 3.977427716575221e-05
    vertex 0.2010109751513517 7.2499999997691456 1.8500875336169702
  endloop
endfacet
facet normal -0.7933533402369387 0.6087614285648038 2.5032607464037277e-05
  outer loop
    vertex 0.2009618942272938 7.250012111401163 3.977427716575221e-05
    vertex 0.4393889084169314 7.5606601715170925 1.8500768939460956
    vertex 0.4393398280686768 7.560672283149111 4.0184530833739514e-05
  endloop
endfacet
facet normal -0.0780617376935219 -0.5934205172831549 0.8010982803474619
  outer loop
    vertex 1.5000490752658076 5.0 1.849918863016051
    vertex 1.4613074371561676 6.35512125513873 2.849951852972409
    vertex 1.1118205089399251 5.0511112605611554 1.8499518293808561
  endloop
endfacet
facet normal -0.0780617376935219 -0.5934205172831549 0.8010982803474619
  outer loop
    vertex 1.4613074371561676 6.35512125513873 2.849951852972409
    vertex 1.5000490752658076 5.0 1.849918863016051
    vertex 1.5001302969060142 6.350010129082615 2.849970432579196
  endloop
endfacet
facet normal 0.13052619199583831 -0.9914448613533621 -9.953810369627916e-06
  outer loop
    vertex 1.888277641646701 5.0511112605611554 1.8498887663359214
    vertex 1.4999999999999842 5.000012111632017 6.6344911090088214e-06
    vertex 1.8882285676093848 5.051123372193173 3.221902383038211e-06
  endloop
endfacet
facet normal 0.13052619199583831 -0.9914448613533621 -9.953810369627916e-06
  outer loop
    vertex 1.4999999999999842 5.000012111632017 6.6344911090088214e-06
    vertex 1.888277641646701 5.0511112605611554 1.8498887663359214
    vertex 1.5000490752658076 5.0 1.849918863016051
  endloop
endfacet
facet normal -0.38268343273490696 -0.9238795323489905 4.1035267571537925e-06
  outer loop
    vertex 1.1118205089399251 5.0511112605611554 1.8499518293808561
    vertex 0.750000000055446 5.200974005934742 1.5915980958564056e-05
    vertex 1.1117714323802532 5.051123372193173 1.0964204914043484e-05
  endloop
endfacet
facet normal -0.38268343273490696 -0.9238795323489905 4.1035267571537925e-06
  outer loop
    vertex 0.750000000055446 5.200974005934742 1.5915980958564056e-05
    vertex 1.1118205089399251 5.0511112605611554 1.8499518293808561
    vertex 0.7500490778861388 5.200961894302722 1.8499854188270566
  endloop
endfacet
facet normal -0.0780630383585376 0.5933868782836101 0.8011230708967666
  outer loop
    vertex 1.4613074335478344 6.64489900299572 2.849933570874352
    vertex 1.5000490768804695 7.999999999692195 1.850003081776603
    vertex 1.1118205104995724 7.948888739131042 1.8500331784567328
  endloop
endfacet
facet normal -0.0780630383585376 0.5933868782836101 0.8011230708967666
  outer loop
    vertex 1.5000490768804695 7.999999999692195 1.850003081776603
    vertex 1.4613074335478344 6.64489900299572 2.849933570874352
    vertex 1.5001302931703904 6.650010129051834 2.8499515055585523
  endloop
endfacet
facet normal 0.3826834327349237 0.923879532348985 -4.103188682165703e-06
  outer loop
    vertex 1.8882285673167063 7.948900850763059 2.9220325921106016e-05
    vertex 2.2500490742601373 7.799038105389473 1.8499365259655962
    vertex 2.2499999996415134 7.79905021702149 2.4268549877290435e-05
  endloop
endfacet
facet normal 0.3826834327349237 0.923879532348985 -4.103188682165703e-06
  outer loop
    vertex 2.2500490742601373 7.799038105389473 1.8499365259655962
    vertex 1.8882285673167063 7.948900850763059 2.9220325921106016e-05
    vertex 1.8882776432063457 7.948888739131042 1.849970115411798
  endloop
endfacet
facet normal -0.22898290250545908 0.5529383869918667 0.8011404187475551
  outer loop
    vertex 1.4251302877780245 6.629913939621562 2.849917503331835
    vertex 1.1118205104995724 7.948888739131042 1.8500331784567328
    vertex 0.7500490792844756 7.799038105389473 1.8500583544131741
  endloop
endfacet
facet normal -0.22898290250545908 0.5529383869918667 0.8011404187475551
  outer loop
    vertex 1.1118205104995724 7.948888739131042 1.8500331784567328
    vertex 1.4251302877780245 6.629913939621562 2.849917503331835
    vertex 1.4613074335478344 6.64489900299572 2.849933570874352
  endloop
endfacet
facet normal 0.9238795322876059 0.38268343227257057 -2.200271704695856e-05
  outer loop
    vertex 2.948888739096509 6.888240679092065 9.128060505117495e-06
    vertex 2.799087177802255 7.249999999769148 1.8498765205559606
    vertex 2.948937810862551 6.888228567460048 1.84985419386203
  endloop
endfacet
facet normal 0.9238795322876059 0.38268343227257057 -2.200271704695856e-05
  outer loop
    vertex 2.799087177802255 7.249999999769148 1.8498765205559606
    vertex 2.948888739096509 6.888240679092065 9.128060505117495e-06
    vertex 2.79903810531817 7.250012111401166 1.3868027978844454e-05
  endloop
endfacet
facet normal -0.9914448610515701 0.13052619184255929 2.7157178237090876e-05
  outer loop
    vertex 10.268484985379546 6.830011787431236 1.7864039112161259
    vertex 10.224998694933166 6.500027799846595 0.21385758697734214
    vertex 10.225040413866022 6.50001750495938 1.7863981758361038
  endloop
endfacet
facet normal -0.9914448610515701 0.13052619184255929 2.7157178237090876e-05
  outer loop
    vertex 10.224998694933166 6.500027799846595 0.21385758697734214
    vertex 10.268484985379546 6.830011787431236 1.7864039112161259
    vertex 10.268443266376886 6.83002208231845 0.21386011443667202
  endloop
endfacet
facet normal 0.5530580734115021 -0.2290807821412119 0.8010298138570924
  outer loop
    vertex 2.7990871769949206 5.749999999923053 1.849834411175684
    vertex 1.6450191803656644 6.4611872723058275 2.8500315550001543
    vertex 1.6300341163130536 6.425010129074919 2.8500267904234926
  endloop
endfacet
facet normal 0.5530580734115021 -0.2290807821412119 0.8010298138570924
  outer loop
    vertex 1.6450191803656644 6.4611872723058275 2.8500315550001543
    vertex 2.7990871769949206 5.749999999923053 1.849834411175684
    vertex 2.9489378104446433 6.1117714322321515 1.8498323964428445
  endloop
endfacet
facet normal -0.608761429005947 0.7933533400062526 2.1343875650710824e-05
  outer loop
    vertex 0.4393398280686768 7.560672283149111 4.0184530833739514e-05
    vertex 0.7500490792844756 7.799038105389473 1.8500583544131741
    vertex 0.749999999793034 7.79905021702149 3.922552982098537e-05
  endloop
endfacet
facet normal -0.608761429005947 0.7933533400062526 2.1343875650710824e-05
  outer loop
    vertex 0.7500490792844756 7.799038105389473 1.8500583544131741
    vertex 0.4393398280686768 7.560672283149111 4.0184530833739514e-05
    vertex 0.4393889084169314 7.5606601715170925 1.8500768939460956
  endloop
endfacet
facet normal 0.13052619257432008 0.9914448613225453 3.0283121568082447e-06
  outer loop
    vertex 1.499999999696976 8.000012111324212 3.355003972614068e-05
    vertex 1.8882776432063457 7.948888739131042 1.849970115411798
    vertex 1.8882285673167063 7.948900850763059 2.9220325921106016e-05
  endloop
endfacet
facet normal 0.13052619257432008 0.9914448613225453 3.0283121568082447e-06
  outer loop
    vertex 1.8882776432063457 7.948888739131042 1.849970115411798
    vertex 1.499999999696976 8.000012111324212 3.355003972614068e-05
    vertex 1.5000490768804695 7.999999999692195 1.850003081776603
  endloop
endfacet
facet normal 0.9914448610275299 0.13052619236998933 -2.5445915051852546e-05
  outer loop
    vertex 2.9999999996969575 6.500012111478117 5.135285476171036e-06
    vertex 2.948937810862551 6.888228567460048 1.84985419386203
    vertex 3.0000490710487973 6.4999999998461 1.8498391439487512
  endloop
endfacet
facet normal 0.9914448610275299 0.13052619236998933 -2.5445915051852546e-05
  outer loop
    vertex 2.948937810862551 6.888228567460048 1.84985419386203
    vertex 2.9999999996969575 6.500012111478117 5.135285476171036e-06
    vertex 2.948888739096509 6.888240679092065 9.128060505117495e-06
  endloop
endfacet
facet normal -0.38268343229092217 0.9238795323999645 1.620068450004878e-05
  outer loop
    vertex 0.749999999793034 7.79905021702149 3.922552982098537e-05
    vertex 1.1118205104995724 7.948888739131042 1.8500331784567328
    vertex 1.1117714320875747 7.948900850763059 3.6962628452463785e-05
  endloop
endfacet
facet normal -0.38268343229092217 0.9238795323999645 1.620068450004878e-05
  outer loop
    vertex 1.1118205104995724 7.948888739131042 1.8500331784567328
    vertex 0.749999999793034 7.79905021702149 3.922552982098537e-05
    vertex 0.7500490792844756 7.799038105389473 1.8500583544131741
  endloop
endfacet
facet normal 0.5935049451872905 0.07810665430903624 0.801031354311977
  outer loop
    vertex 11.627609455308068 6.500026114797335 2.6363545779917024
    vertex 12.731595834166333 6.830011787431236 1.7862038599015133
    vertex 11.62326499742216 6.533025543044522 2.6363504529965187
  endloop
endfacet
facet normal 0.5935049451872905 0.07810665430903624 0.801031354311977
  outer loop
    vertex 12.731595834166333 6.830011787431236 1.7862038599015133
    vertex 11.627609455308068 6.500026114797335 2.6363545779917024
    vertex 12.775040405324642 6.50001750495938 1.7861910674752264
  endloop
endfacet
facet normal -0.47475914809375364 -0.3643638458091787 0.8011508841463251
  outer loop
    vertex 0.43938890727519464 5.439339828175102 1.8500173422894046
    vertex 1.3702264756311664 6.425010129074919 2.849904611224582
    vertex 0.20101097434402349 5.749999999923047 1.8500454242366935
  endloop
endfacet
facet normal -0.47475914809375364 -0.3643638458091787 0.8011508841463251
  outer loop
    vertex 1.3702264756311664 6.425010129074919 2.849904611224582
    vertex 0.43938890727519464 5.439339828175102 1.8500173422894046
    vertex 1.3940642712011146 6.393944111900125 2.84991778133211
  endloop
endfacet
facet normal 0.6087614290059584 -0.7933533400062551 -2.1343452113854715e-05
  outer loop
    vertex 2.560709243729344 5.439339828175105 1.8498450508465587
    vertex 2.249999999903928 5.200974005934742 9.590010155741124e-07
    vertex 2.5606601716282897 5.439351939807122 0.0
  endloop
endfacet
facet normal 0.6087614290059584 -0.7933533400062551 -2.1343452113854715e-05
  outer loop
    vertex 2.249999999903928 5.200974005934742 9.590010155741124e-07
    vertex 2.560709243729344 5.439339828175105 1.8498450508465587
    vertex 2.250049072861801 5.200961894302725 1.84986359037948
  endloop
endfacet
facet normal 0.7933533402957378 0.608761428763803 -1.7060139666046218e-05
  outer loop
    vertex 2.79903810531817 7.250012111401166 1.3868027978844454e-05
    vertex 2.560709244871075 7.5606601715170925 1.8499046025032495
    vertex 2.799087177802255 7.249999999769148 1.8498765205559606
  endloop
endfacet
facet normal 0.7933533402957378 0.608761428763803 -1.7060139666046218e-05
  outer loop
    vertex 2.560709244871075 7.5606601715170925 1.8499046025032495
    vertex 2.79903810531817 7.250012111401166 1.3868027978844454e-05
    vertex 2.5606601714140287 7.560672283149111 1.903216694739973e-05
  endloop
endfacet
facet normal -0.7933533402956873 -0.6087614287638254 1.7061699183071403e-05
  outer loop
    vertex 0.20101097434402349 5.749999999923047 1.8500454242366935
    vertex 0.4393398282829322 5.4393519398071195 2.115236388845476e-05
    vertex 0.43938890727519464 5.439339828175102 1.8500173422894046
  endloop
endfacet
facet normal -0.7933533402956873 -0.6087614287638254 1.7061699183071403e-05
  outer loop
    vertex 0.4393398282829322 5.4393519398071195 2.115236388845476e-05
    vertex 0.20101097434402349 5.749999999923047 1.8500454242366935
    vertex 0.2009618943787965 5.750012111555068 2.6316502857010037e-05
  endloop
endfacet
facet normal 0.5935049451872905 0.07810665430903625 0.8010313543119771
  outer loop
    vertex 1.6501303063234132 6.500010129067223 2.8500315092622523
    vertex 2.948937810862551 6.888228567460048 1.84985419386203
    vertex 1.6450191793988134 6.538832985828619 2.850026656326743
  endloop
endfacet
facet normal 0.5935049451872905 0.07810665430903625 0.8010313543119771
  outer loop
    vertex 2.948937810862551 6.888228567460048 1.84985419386203
    vertex 1.6501303063234132 6.500010129067223 2.8500315092622523
    vertex 3.0000490710487973 6.4999999998461 1.8498391439487512
  endloop
endfacet
facet normal 0.47492569049094374 -0.36439849770247273 0.8010364057793388
  outer loop
    vertex 2.560709243729344 5.439339828175105 1.8498450508465587
    vertex 1.6300341163130536 6.425010129074919 2.8500267904234926
    vertex 1.606196321516775 6.393944111900125 2.8500175402302808
  endloop
endfacet
facet normal 0.47492569049094374 -0.36439849770247273 0.8010364057793388
  outer loop
    vertex 1.6300341163130536 6.425010129074919 2.8500267904234926
    vertex 2.560709243729344 5.439339828175105 1.8498450508465587
    vertex 2.7990871769949206 5.749999999923053 1.849834411175684
  endloop
endfacet
facet normal 0.47493055331458267 0.3643586985658716 0.8010516264933794
  outer loop
    vertex 1.6300341144452433 6.575010129059527 2.8500173269131674
    vertex 2.560709244871075 7.5606601715170925 1.8499046025032495
    vertex 1.6061963188752926 6.606076146234324 2.8500041568056367
  endloop
endfacet
facet normal 0.47493055331458267 0.3643586985658716 0.8010516264933794
  outer loop
    vertex 2.560709244871075 7.5606601715170925 1.8499046025032495
    vertex 1.6300341144452433 6.575010129059527 2.8500173269131674
    vertex 2.799087177802255 7.249999999769148 1.8498765205559606
  endloop
endfacet
facet normal 0.9238795323188583 -0.38268343187619563 -2.7013792322647637e-05
  outer loop
    vertex 2.7990381054696702 5.750012111555071 4.1025366869229525e-07
    vertex 2.9489378104446433 6.1117714322321515 1.8498323964428445
    vertex 2.7990871769949206 5.749999999923053 1.849834411175684
  endloop
endfacet
facet normal 0.9238795323188583 -0.38268343187619563 -2.7013792322647637e-05
  outer loop
    vertex 2.9489378104446433 6.1117714322321515 1.8498323964428445
    vertex 2.7990381054696702 5.750012111555071 4.1025366869229525e-07
    vertex 2.948888739174932 6.111783543864171 2.161803913391935e-06
  endloop
endfacet
facet normal -0.474764007729273 0.36432404055306505 0.8011661066470095
  outer loop
    vertex 1.3702264737633532 6.575010129059527 2.8498951477142573
    vertex 0.4393889084169314 7.5606601715170925 1.8500768939460956
    vertex 0.2010109751513517 7.2499999997691456 1.8500875336169702
  endloop
endfacet
facet normal -0.474764007729273 0.36432404055306505 0.8011661066470095
  outer loop
    vertex 0.4393889084169314 7.5606601715170925 1.8500768939460956
    vertex 1.3702264737633532 6.575010129059527 2.8498951477142573
    vertex 1.3940642685596294 6.606076146234324 2.8499043979074643
  endloop
endfacet
facet normal -0.9238795322875292 -0.3826834322726395 2.2004741700021264e-05
  outer loop
    vertex 0.05116034128371816 6.1117714322321515 1.8500677509306225
    vertex 0.2009618943787965 5.750012111555068 2.6316502857010037e-05
    vertex 0.20101097434402349 5.749999999923047 1.8500454242366935
  endloop
endfacet
facet normal -0.9238795322875292 -0.3826834322726395 2.2004741700021264e-05
  outer loop
    vertex 0.2009618943787965 5.750012111555068 2.6316502857010037e-05
    vertex 0.05116034128371816 6.1117714322321515 1.8500677509306225
    vertex 0.05111126060044591 6.111783543864169 3.10564703303845e-05
  endloop
endfacet
facet normal -0.9914448610515701 0.1305261918425593 2.715717823709088e-05
  outer loop
    vertex 0.05116034170162309 6.888228567460048 1.8500895483498097
    vertex 0.0 6.500012111478117 3.504924535827347e-05
    vertex 4.9081097477388086e-05 6.4999999998461 1.8500828008439014
  endloop
endfacet
facet normal -0.9914448610515701 0.1305261918425593 2.715717823709088e-05
  outer loop
    vertex 0.0 6.500012111478117 3.504924535827347e-05
    vertex 0.05116034170162309 6.888228567460048 1.8500895483498097
    vertex 0.05111126052202264 6.888240679092065 3.802272692281505e-05
  endloop
endfacet
facet normal -0.9914448610274684 -0.13052619237002497 2.5448128015815628e-05
  outer loop
    vertex 4.9081097477388086e-05 6.4999999998461 1.8500828008439014
    vertex 0.05111126060044591 6.111783543864169 3.10564703303845e-05
    vertex 0.05116034128371816 6.1117714322321515 1.8500677509306225
  endloop
endfacet
facet normal -0.9914448610274684 -0.13052619237002497 2.5448128015815628e-05
  outer loop
    vertex 0.05111126060044591 6.111783543864169 3.10564703303845e-05
    vertex 4.9081097477388086e-05 6.4999999998461 1.8500828008439014
    vertex 0.0 6.500012111478117 3.504924535827347e-05
  endloop
endfacet
facet normal -0.5528790046676865 0.2290133546540065 0.8011726964817176
  outer loop
    vertex 1.3552414097107424 6.538832985828619 2.849890383137591
    vertex 0.2010109751513517 7.2499999997691456 1.8500875336169702
    vertex 0.05116034170162309 6.888228567460048 1.8500895483498097
  endloop
endfacet
facet normal -0.5528790046676865 0.2290133546540065 0.8011726964817176
  outer loop
    vertex 0.2010109751513517 7.2499999997691456 1.8500875336169702
    vertex 1.3552414097107424 6.538832985828619 2.849890383137591
    vertex 1.3702264737633532 6.575010129059527 2.8498951477142573
  endloop
endfacet
facet normal -0.6087614292457899 -0.7933533400336771 1.095590710032176e-05
  outer loop
    vertex 0.7500490778861388 5.200961894302722 1.8499854188270566
    vertex 0.4393398282829322 5.4393519398071195 2.115236388845476e-05
    vertex 0.750000000055446 5.200974005934742 1.5915980958564056e-05
  endloop
endfacet
facet normal -0.6087614292457899 -0.7933533400336771 1.095590710032176e-05
  outer loop
    vertex 0.4393398282829322 5.4393519398071195 2.115236388845476e-05
    vertex 0.7500490778861388 5.200961894302722 1.8499854188270566
    vertex 0.43938890727519464 5.439339828175102 1.8500173422894046
  endloop
endfacet
facet normal 0.7933533402369718 -0.6087614285648034 -2.503156659671176e-05
  outer loop
    vertex 2.5606601716282897 5.439351939807122 0.0
    vertex 2.7990871769949206 5.749999999923053 1.849834411175684
    vertex 2.560709243729344 5.439339828175105 1.8498450508465587
  endloop
endfacet
facet normal 0.7933533402369718 -0.6087614285648034 -2.503156659671176e-05
  outer loop
    vertex 2.7990871769949206 5.749999999923053 1.849834411175684
    vertex 2.5606601716282897 5.439351939807122 0.0
    vertex 2.7990381054696702 5.750012111555071 4.1025366869229525e-07
  endloop
endfacet
facet normal 0.3826834322909183 -0.9238795323999655 -1.6200726100776727e-05
  outer loop
    vertex 2.250049072861801 5.200961894302725 1.84986359037948
    vertex 1.8882285676093848 5.051123372193173 3.221902383038211e-06
    vertex 2.249999999903928 5.200974005934742 9.590010155741124e-07
  endloop
endfacet
facet normal 0.3826834322909183 -0.9238795323999655 -1.6200726100776727e-05
  outer loop
    vertex 1.8882285676093848 5.051123372193173 3.221902383038211e-06
    vertex 2.250049072861801 5.200961894302725 1.84986359037948
    vertex 1.888277641646701 5.0511112605611554 1.8498887663359214
  endloop
endfacet
facet normal 0.07818433906743176 -0.593429802454505 0.8010794459249322
  outer loop
    vertex 1.888277641646701 5.0511112605611554 1.8498887663359214
    vertex 1.5001302969060142 6.350010129082615 2.849970432579196
    vertex 1.5000490752658076 5.0 1.849918863016051
  endloop
endfacet
facet normal 0.07818433906743176 -0.593429802454505 0.8010794459249322
  outer loop
    vertex 1.5001302969060142 6.350010129082615 2.849970432579196
    vertex 1.888277641646701 5.0511112605611554 1.8498887663359214
    vertex 1.538953156528576 6.35512125513873 2.8499883672633906
  endloop
endfacet
facet normal -0.1305261919958405 0.991444861353364 9.953580456513948e-06
  outer loop
    vertex 1.1117714320875747 7.948900850763059 3.6962628452463785e-05
    vertex 1.5000490768804695 7.999999999692195 1.850003081776603
    vertex 1.499999999696976 8.000012111324212 3.355003972614068e-05
  endloop
endfacet
facet normal -0.1305261919958405 0.991444861353364 9.953580456513948e-06
  outer loop
    vertex 1.5000490768804695 7.999999999692195 1.850003081776603
    vertex 1.1117714320875747 7.948900850763059 3.6962628452463785e-05
    vertex 1.1118205104995724 7.948888739131042 1.8500331784567328
  endloop
endfacet
facet normal -0.38268343273490696 -0.9238795323489905 4.1035267571537925e-06
  outer loop
    vertex 11.170046127532105 5.268462076567179 1.7862868500925153
    vertex 10.862498694980296 5.395845410134727 0.2138413237026024
    vertex 11.170004412456384 5.268472371454393 0.2138371146929646
  endloop
endfacet
facet normal -0.38268343273490696 -0.9238795323489905 4.1035267571537925e-06
  outer loop
    vertex 10.862498694980296 5.395845410134727 0.2138413237026024
    vertex 11.170046127532105 5.268462076567179 1.7862868500925153
    vertex 10.862540411136386 5.395835115247509 1.7863154011217857
  endloop
endfacet
facet normal 0.22911123287659993 -0.5529986971450513 0.8010620974216919
  outer loop
    vertex 11.830034690332864 5.268462076567179 1.7862332465043205
    vertex 11.56385945188679 6.389607875826147 2.636331564703813
    vertex 11.533108877982457 6.376870571958117 2.6363179072926695
  endloop
endfacet
facet normal 0.22911123287659993 -0.5529986971450513 0.8010620974216919
  outer loop
    vertex 11.56385945188679 6.389607875826147 2.636331564703813
    vertex 11.830034690332864 5.268462076567179 1.7862332465043205
    vertex 12.137540406865696 5.395835115247513 1.7862118469413455
  endloop
endfacet
facet normal 0.22911123287659993 -0.5529986971450513 0.8010620974216919
  outer loop
    vertex 1.888277641646701 5.0511112605611554 1.8498887663359214
    vertex 1.5751303022983794 6.370106318512885 2.8500044348059115
    vertex 1.538953156528576 6.35512125513873 2.8499883672633906
  endloop
endfacet
facet normal 0.22911123287659993 -0.5529986971450513 0.8010620974216919
  outer loop
    vertex 1.5751303022983794 6.370106318512885 2.8500044348059115
    vertex 1.888277641646701 5.0511112605611554 1.8498887663359214
    vertex 2.250049072861801 5.200961894302725 1.84986359037948
  endloop
endfacet
facet normal -0.9238795323188097 0.38268343187619697 2.7015437298646785e-05
  outer loop
    vertex 10.395858023811817 7.137517504893969 1.7864021986932124
    vertex 10.268443266376886 6.83002208231845 0.21386011443667202
    vertex 10.268484985379546 6.830011787431236 1.7864039112161259
  endloop
endfacet
facet normal -0.9238795323188097 0.38268343187619697 2.7015437298646785e-05
  outer loop
    vertex 10.268443266376886 6.83002208231845 0.21386011443667202
    vertex 10.395858023811817 7.137517504893969 1.7864021986932124
    vertex 10.395816305026369 7.137527799781186 0.21386160325437853
  endloop
endfacet
facet normal -0.36428971189025033 0.47480892550985754 0.8011550973857016
  outer loop
    vertex 11.409953323208853 6.590182229389372 2.6362465333401324
    vertex 10.862540412324972 7.604199894671248 1.7863773963699854
    vertex 10.59847926708756 7.401578650879726 1.7863931549729686
  endloop
endfacet
facet normal -0.36428971189025033 0.47480892550985754 0.8011550973857016
  outer loop
    vertex 10.862540412324972 7.604199894671248 1.7863773963699854
    vertex 11.409953323208853 6.590182229389372 2.6362465333401324
    vertex 11.43635943954449 6.610444353768524 2.6362576729508476
  endloop
endfacet
facet normal -0.5933130316149383 0.07809736512198172 0.8011744180120176
  outer loop
    vertex 11.372609436123211 6.500026114797335 2.636234659662959
    vertex 10.268484985379546 6.830011787431236 1.7864039112161259
    vertex 10.225040413866022 6.50001750495938 1.7863981758361038
  endloop
endfacet
facet normal -0.5933130316149383 0.07809736512198172 0.8011744180120176
  outer loop
    vertex 10.268484985379546 6.830011787431236 1.7864039112161259
    vertex 11.372609436123211 6.500026114797335 2.636234659662959
    vertex 11.376953893187299 6.533025543044522 2.6362346207857397
  endloop
endfacet
facet normal -0.1305261925743301 -0.9914448613225435 -3.028403098795414e-06
  outer loop
    vertex 11.500040408909102 5.225017505090197 1.7862588286824308
    vertex 11.170004412456384 5.268472371454393 0.2138371146929646
    vertex 11.499998694933154 5.225027799977411 0.21383343443623026
  endloop
endfacet
facet normal -0.1305261925743301 -0.9914448613225435 -3.028403098795414e-06
  outer loop
    vertex 11.170004412456384 5.268472371454393 0.2138371146929646
    vertex 11.500040408909102 5.225017505090197 1.7862588286824308
    vertex 11.170046127532105 5.268462076567179 1.7862868500925153
  endloop
endfacet
facet normal -0.7933533402956873 -0.6087614287638254 1.70616991830714e-05
  outer loop
    vertex 10.395858023125587 5.862517505024787 1.786366405719977
    vertex 10.59843754897366 5.5984666539262475 0.21384577462809284
    vertex 10.598479266117083 5.598456359039032 1.7863425360647818
  endloop
endfacet
facet normal -0.7933533402956873 -0.6087614287638254 1.70616991830714e-05
  outer loop
    vertex 10.59843754897366 5.5984666539262475 0.21384577462809284
    vertex 10.395858023125587 5.862517505024787 1.786366405719977
    vertex 10.395816305155144 5.862527799912004 0.2138501641462161
  endloop
endfacet
facet normal -0.5933117294472857 -0.07814072940582896 0.8011711540664679
  outer loop
    vertex 10.268484985024326 6.170023222487525 1.786385383409817
    vertex 11.372609436123211 6.500026114797335 2.636234659662959
    vertex 10.225040413866022 6.50001750495938 1.7863981758361038
  endloop
endfacet
facet normal -0.5933117294472857 -0.07814072940582896 0.8011711540664679
  outer loop
    vertex 11.372609436123211 6.500026114797335 2.636234659662959
    vertex 10.268484985024326 6.170023222487525 1.786385383409817
    vertex 11.376953894009121 6.467026686550149 2.6362387846581394
  endloop
endfacet
facet normal -0.22897934574420728 -0.5529733296471647 0.801117317202345
  outer loop
    vertex 11.170046127532105 5.268462076567179 1.7862868500925153
    vertex 11.436359442294362 6.389607875826147 2.6362716055394384
    vertex 10.862540411136386 5.395835115247509 1.7863154011217857
  endloop
endfacet
facet normal -0.22897934574420728 -0.5529733296471647 0.801117317202345
  outer loop
    vertex 11.436359442294362 6.389607875826147 2.6362716055394384
    vertex 11.170046127532105 5.268462076567179 1.7862868500925153
    vertex 11.46711001651591 6.376870571958117 2.6362868701453355
  endloop
endfacet
facet normal 0.0781856435274817 0.5933961646457189 0.8011042359955068
  outer loop
    vertex 11.500109444128 6.627526114784255 2.636286574843557
    vertex 11.830034691658561 7.731572933351582 1.7863023932188158
    vertex 11.500040410281567 7.775017504828562 1.7863304146289003
  endloop
endfacet
facet normal 0.0781856435274817 0.5933961646457189 0.8011042359955068
  outer loop
    vertex 11.830034691658561 7.731572933351582 1.7863023932188158
    vertex 11.500109444128 6.627526114784255 2.636286574843557
    vertex 11.533108874915376 6.623181657636557 2.636302367509322
  endloop
endfacet
facet normal -0.0780617376935219 -0.5934205172831549 0.8010982803474619
  outer loop
    vertex 11.500040408909102 5.225017505090197 1.7862588286824308
    vertex 11.46711001651591 6.376870571958117 2.6362868701453355
    vertex 11.170046127532105 5.268462076567179 1.7862868500925153
  endloop
endfacet
facet normal -0.0780617376935219 -0.5934205172831549 0.8010982803474619
  outer loop
    vertex 11.46711001651591 6.376870571958117 2.6362868701453355
    vertex 11.500040408909102 5.225017505090197 1.7862588286824308
    vertex 11.500109447303279 6.372526114810419 2.6363026628111044
  endloop
endfacet
facet normal 0.36443282311857395 -0.47488077753422664 0.8010474171747354
  outer loop
    vertex 12.137540406865696 5.395835115247513 1.7862118469413455
    vertex 11.590265568222426 6.409870000205301 2.636342704314526
    vertex 11.56385945188679 6.389607875826147 2.636331564703813
  endloop
endfacet
facet normal 0.36443282311857395 -0.47488077753422664 0.8010474171747354
  outer loop
    vertex 11.590265568222426 6.409870000205301 2.636342704314526
    vertex 12.137540406865696 5.395835115247513 1.7862118469413455
    vertex 12.40160155210311 5.5984563590390355 1.7861960883383623
  endloop
endfacet
facet normal 0.6087614292458369 0.793353340033654 -1.0954964915344836e-05
  outer loop
    vertex 12.137498694628452 7.604210189558462 0.21384842338618332
    vertex 12.401601553073581 7.401578650879726 1.7862467072465495
    vertex 12.401559840635091 7.401588945766941 0.21384397246069295
  endloop
endfacet
facet normal 0.6087614292458369 0.793353340033654 -1.0954964915344836e-05
  outer loop
    vertex 12.401601553073581 7.401578650879726 1.7862467072465495
    vertex 12.137498694628452 7.604210189558462 0.21384842338618332
    vertex 12.137540408054283 7.604199894671248 1.7862738421895443
  endloop
endfacet
facet normal 0.2291147934494129 0.5529637578669088 0.8010851976589878
  outer loop
    vertex 11.563859449136917 6.610444353768524 2.6363176321152206
    vertex 11.830034691658561 7.731572933351582 1.7863023932188158
    vertex 11.533108874915376 6.623181657636557 2.636302367509322
  endloop
endfacet
facet normal 0.2291147934494129 0.5529637578669088 0.8010851976589878
  outer loop
    vertex 11.830034691658561 7.731572933351582 1.7863023932188158
    vertex 11.563859449136917 6.610444353768524 2.6363176321152206
    vertex 12.137540408054283 7.604199894671248 1.7862738421895443
  endloop
endfacet
facet normal -0.0780630383585376 0.5933868782836101 0.8011230708967666
  outer loop
    vertex 11.467110013448826 6.623181657636557 2.6362713303619865
    vertex 11.500040410281567 7.775017504828562 1.7863304146289003
    vertex 11.170046128857805 7.731572933351582 1.7863559968070104
  endloop
endfacet
facet normal -0.0780630383585376 0.5933868782836101 0.8011230708967666
  outer loop
    vertex 11.500040410281567 7.775017504828562 1.7863304146289003
    vertex 11.467110013448826 6.623181657636557 2.6362713303619865
    vertex 11.500109444128 6.627526114784255 2.636286574843557
  endloop
endfacet
facet normal -0.608761429005947 0.7933533400062526 2.1343875650710824e-05
  outer loop
    vertex 10.598437548791543 7.401588945766941 0.2138619519699963
    vertex 10.862540412324972 7.604199894671248 1.7863773963699854
    vertex 10.862498694757246 7.604210189558462 0.21386113681913546
  endloop
endfacet
facet normal -0.608761429005947 0.7933533400062526 2.1343875650710824e-05
  outer loop
    vertex 10.862540412324972 7.604199894671248 1.7863773963699854
    vertex 10.598437548791543 7.401588945766941 0.2138619519699963
    vertex 10.59847926708756 7.401578650879726 1.7863931549729686
  endloop
endfacet
facet normal 0.6087614290059584 -0.7933533400062551 -2.1343452113854715e-05
  outer loop
    vertex 12.40160155210311 5.5984563590390355 1.7861960883383623
    vertex 12.137498694851505 5.395845410134727 0.21382861026965086
    vertex 12.401559840817212 5.598466653926249 0.21382779511878763
  endloop
endfacet
facet normal 0.6087614290059584 -0.7933533400062551 -2.1343452113854715e-05
  outer loop
    vertex 12.137498694851505 5.395845410134727 0.21382861026965086
    vertex 12.40160155210311 5.5984563590390355 1.7861960883383623
    vertex 12.137540406865696 5.395835115247513 1.7862118469413455
  endloop
endfacet
facet normal -0.474764007729273 0.36432404055306505 0.8011661066470095
  outer loop
    vertex 11.389691197632018 6.5637761147907945 2.6362386706759064
    vertex 10.59847926708756 7.401578650879726 1.7863931549729686
    vertex 10.395858023811817 7.137517504893969 1.7864021986932124
  endloop
endfacet
facet normal -0.474764007729273 0.36432404055306505 0.8011661066470095
  outer loop
    vertex 10.59847926708756 7.401578650879726 1.7863931549729686
    vertex 11.389691197632018 6.5637761147907945 2.6362386706759064
    vertex 11.409953323208853 6.590182229389372 2.6362465333401324
  endloop
endfacet
facet normal -9.971319961377487e-06 8.97184953849753e-06 -0.9999999999100394
  outer loop
    vertex 10.268443266376886 6.83002208231845 0.21386011443667202
    vertex 10.268443266443546 6.17003351737474 0.2138541931185685
    vertex 10.224998694933166 6.500027799846595 0.21385758697734214
  endloop
endfacet
facet normal -9.971319961377487e-06 8.97184953849753e-06 -0.9999999999100394
  outer loop
    vertex 10.268443266443546 6.17003351737474 0.2138541931185685
    vertex 10.268443266376886 6.83002208231845 0.21386011443667202
    vertex 10.395816305026369 7.137527799781186 0.21386160325437853
  endloop
endfacet
facet normal -9.971319961377487e-06 8.97184953849753e-06 -0.9999999999100394
  outer loop
    vertex 10.268443266443546 6.17003351737474 0.2138541931185685
    vertex 10.395816305026369 7.137527799781186 0.21386160325437853
    vertex 10.395816305155144 5.862527799912004 0.2138501641462161
  endloop
endfacet
facet normal -9.971319961377487e-06 8.97184953849753e-06 -0.9999999999100394
  outer loop
    vertex 10.395816305155144 5.862527799912004 0.2138501641462161
    vertex 10.395816305026369 7.137527799781186 0.21386160325437853
    vertex 10.598437548791543 7.401588945766941 0.2138619519699963
  endloop
endfacet
facet normal -9.971319961377487e-06 8.97184953849753e-06 -0.9999999999100394
  outer loop
    vertex 10.395816305155144 5.862527799912004 0.2138501641462161
    vertex 10.598437548791543 7.401588945766941 0.2138619519699963
    vertex 10.59843754897366 5.5984666539262475 0.21384577462809284
  endloop
endfacet
facet normal -9.971319961377487e-06 8.97184953849753e-06 -0.9999999999100394
  outer loop
    vertex 10.59843754897366 5.5984666539262475 0.21384577462809284
    vertex 10.598437548791543 7.401588945766941 0.2138619519699963
    vertex 10.862498694757246 7.604210189558462 0.21386113681913546
  endloop
endfacet
facet normal -9.971319961377487e-06 8.97184953849753e-06 -0.9999999999100394
  outer loop
    vertex 10.59843754897366 5.5984666539262475 0.21384577462809284
    vertex 10.862498694757246 7.604210189558462 0.21386113681913546
    vertex 10.862498694980296 5.395845410134727 0.2138413237026024
  endloop
endfacet
facet normal -9.971319961377487e-06 8.97184953849753e-06 -0.9999999999100394
  outer loop
    vertex 10.862498694980296 5.395845410134727 0.2138413237026024
    vertex 10.862498694757246 7.604210189558462 0.21386113681913546
    vertex 11.170004412207605 7.731583228238798 0.21385921335297223
  endloop
endfacet
facet normal -9.971319961377487e-06 8.97184953849753e-06 -0.9999999999100394
  outer loop
    vertex 10.862498694980296 5.395845410134727 0.2138413237026024
    vertex 11.170004412207605 7.731583228238798 0.21385921335297223
    vertex 11.170004412456384 5.268472371454393 0.2138371146929646
  endloop
endfacet
facet normal -9.971319961377487e-06 8.97184953849753e-06 -0.9999999999100394
  outer loop
    vertex 11.170004412456384 5.268472371454393 0.2138371146929646
    vertex 11.170004412207605 7.731583228238798 0.21385921335297223
    vertex 11.499998694675597 7.775027799715777 0.21385631265255484
  endloop
endfacet
facet normal -9.971319961377487e-06 8.97184953849753e-06 -0.9999999999100394
  outer loop
    vertex 11.170004412456384 5.268472371454393 0.2138371146929646
    vertex 11.499998694675597 7.775027799715777 0.21385631265255484
    vertex 11.499998694933154 5.225027799977411 0.21383343443623026
  endloop
endfacet
facet normal -9.971319961377487e-06 8.97184953849753e-06 -0.9999999999100394
  outer loop
    vertex 11.499998694933154 5.225027799977411 0.21383343443623026
    vertex 11.499998694675597 7.775027799715777 0.21385631265255484
    vertex 11.829992977152367 7.731583228238798 0.21385263239582059
  endloop
endfacet
facet normal -9.971319961377487e-06 8.97184953849753e-06 -0.9999999999100394
  outer loop
    vertex 11.499998694933154 5.225027799977411 0.21383343443623026
    vertex 11.829992977152367 7.731583228238798 0.21385263239582059
    vertex 11.829992977401146 5.268472371454393 0.21383053373581323
  endloop
endfacet
facet normal -9.971319961377487e-06 8.97184953849753e-06 -0.9999999999100394
  outer loop
    vertex 11.829992977401146 5.268472371454393 0.21383053373581323
    vertex 11.829992977152367 7.731583228238798 0.21385263239582059
    vertex 12.137498694628452 7.604210189558462 0.21384842338618332
  endloop
endfacet
facet normal -9.971319961377487e-06 8.97184953849753e-06 -0.9999999999100394
  outer loop
    vertex 11.829992977401146 5.268472371454393 0.21383053373581323
    vertex 12.137498694628452 7.604210189558462 0.21384842338618332
    vertex 12.137498694851505 5.395845410134727 0.21382861026965086
  endloop
endfacet
facet normal -9.971319961377487e-06 8.97184953849753e-06 -0.9999999999100394
  outer loop
    vertex 12.137498694851505 5.395845410134727 0.21382861026965086
    vertex 12.137498694628452 7.604210189558462 0.21384842338618332
    vertex 12.401559840635091 7.401588945766941 0.21384397246069295
  endloop
endfacet
facet normal -9.971319961377487e-06 8.97184953849753e-06 -0.9999999999100394
  outer loop
    vertex 12.137498694851505 5.395845410134727 0.21382861026965086
    vertex 12.401559840635091 7.401588945766941 0.21384397246069295
    vertex 12.401559840817212 5.598466653926249 0.21382779511878763
  endloop
endfacet
facet normal -9.971319961377487e-06 8.97184953849753e-06 -0.9999999999100394
  outer loop
    vertex 12.401559840817212 5.598466653926249 0.21382779511878763
    vertex 12.401559840635091 7.401588945766941 0.21384397246069295
    vertex 12.60418108445361 7.137527799781187 0.21383958294256963
  endloop
endfacet
facet normal -9.971319961377487e-06 8.97184953849753e-06 -0.9999999999100394
  outer loop
    vertex 12.401559840817212 5.598466653926249 0.21382779511878763
    vertex 12.60418108445361 7.137527799781187 0.21383958294256963
    vertex 12.604181084582386 5.862527799912006 0.21382814383440601
  endloop
endfacet
facet normal -9.971319961377487e-06 8.97184953849753e-06 -0.9999999999100394
  outer loop
    vertex 12.604181084582386 5.862527799912006 0.21382814383440601
    vertex 12.60418108445361 7.137527799781187 0.21383958294256963
    vertex 12.731554123165196 6.83002208231845 0.213835553970217
  endloop
endfacet
facet normal -9.971319961377487e-06 8.97184953849753e-06 -0.9999999999100394
  outer loop
    vertex 12.604181084582386 5.862527799912006 0.21382814383440601
    vertex 12.731554123165196 6.83002208231845 0.213835553970217
    vertex 12.731554123231858 6.170033517374742 0.21382963265211402
  endloop
endfacet
facet normal -9.971319961377487e-06 8.97184953849753e-06 -0.9999999999100394
  outer loop
    vertex 12.731554123231858 6.170033517374742 0.21382963265211402
    vertex 12.731554123165196 6.83002208231845 0.213835553970217
    vertex 12.774998694675578 6.500027799846595 0.2138321601114424
  endloop
endfacet
facet normal 0.3644376861893073 0.47484358299210494 0.8010672534664015
  outer loop
    vertex 11.590265565977166 6.590182229389372 2.6363313284035783
    vertex 12.137540408054283 7.604199894671248 1.7862738421895443
    vertex 11.563859449136917 6.610444353768524 2.6363176321152206
  endloop
endfacet
facet normal 0.3644376861893073 0.47484358299210494 0.8010672534664015
  outer loop
    vertex 12.137540408054283 7.604199894671248 1.7862738421895443
    vertex 11.590265565977166 6.590182229389372 2.6363313284035783
    vertex 12.401601553073581 7.401578650879726 1.7862467072465495
  endloop
endfacet
facet normal 0.13052619199583831 -0.9914448613533621 -9.953810369627914e-06
  outer loop
    vertex 11.830034690332864 5.268462076567179 1.7862332465043205
    vertex 11.499998694933154 5.225027799977411 0.21383343443623026
    vertex 11.829992977401146 5.268472371454393 0.21383053373581323
  endloop
endfacet
facet normal 0.13052619199583831 -0.9914448613533621 -9.953810369627914e-06
  outer loop
    vertex 11.499998694933154 5.225027799977411 0.21383343443623026
    vertex 11.830034690332864 5.268462076567179 1.7862332465043205
    vertex 11.500040408909102 5.225017505090197 1.7862588286824308
  endloop
endfacet
facet normal 0.13052619257432008 0.9914448613225452 3.0283121568082447e-06
  outer loop
    vertex 11.499998694675597 7.775027799715777 0.21385631265255484
    vertex 11.830034691658561 7.731572933351582 1.7863023932188158
    vertex 11.829992977152367 7.731583228238798 0.21385263239582059
  endloop
endfacet
facet normal 0.13052619257432008 0.9914448613225452 3.0283121568082447e-06
  outer loop
    vertex 11.830034691658561 7.731572933351582 1.7863023932188158
    vertex 11.499998694675597 7.775027799715777 0.21385631265255484
    vertex 11.500040410281567 7.775017504828562 1.7863304146289003
  endloop
endfacet
facet normal 0.5530580734115021 -0.22908078214121189 0.8010298138570924
  outer loop
    vertex 12.604222795378849 5.862517505024791 1.786187044618119
    vertex 11.623264998243982 6.467026686550149 2.6363546168689194
    vertex 11.610527693799263 6.436276114803877 2.636350566978756
  endloop
endfacet
facet normal 0.5530580734115021 -0.22908078214121189 0.8010298138570924
  outer loop
    vertex 11.623264998243982 6.467026686550149 2.6363546168689194
    vertex 12.604222795378849 5.862517505024791 1.786187044618119
    vertex 12.73159583381111 6.170023222487525 1.7861853320952055
  endloop
endfacet
facet normal 0.5530616331793157 0.2290387271651872 0.8010393819055209
  outer loop
    vertex 11.62326499742216 6.533025543044522 2.6363504529965187
    vertex 12.604222796065082 7.137517504893973 1.7862228375913543
    vertex 11.610527692211624 6.5637761147907945 2.6363425229949797
  endloop
endfacet
facet normal 0.5530616331793157 0.2290387271651872 0.8010393819055209
  outer loop
    vertex 12.604222796065082 7.137517504893973 1.7862228375913543
    vertex 11.62326499742216 6.533025543044522 2.6363504529965187
    vertex 12.731595834166333 6.830011787431236 1.7862038599015133
  endloop
endfacet
facet normal -0.36428485250181925 -0.4748461251102363 0.8011352593073916
  outer loop
    vertex 10.862540411136386 5.395835115247509 1.7863154011217857
    vertex 11.409953325454115 6.409870000205301 2.636257909251081
    vertex 10.598479266117083 5.598456359039032 1.7863425360647818
  endloop
endfacet
facet normal -0.36428485250181925 -0.4748461251102363 0.8011352593073916
  outer loop
    vertex 11.409953325454115 6.409870000205301 2.636257909251081
    vertex 10.862540411136386 5.395835115247509 1.7863154011217857
    vertex 11.436359442294362 6.389607875826147 2.6362716055394384
  endloop
endfacet
facet normal 0.9914448610275299 0.13052619236998933 -2.5445915051852546e-05
  outer loop
    vertex 12.774998694675578 6.500027799846595 0.2138321601114424
    vertex 12.731595834166333 6.830011787431236 1.7862038599015133
    vertex 12.775040405324642 6.50001750495938 1.7861910674752264
  endloop
endfacet
facet normal 0.9914448610275299 0.13052619236998933 -2.5445915051852546e-05
  outer loop
    vertex 12.731595834166333 6.830011787431236 1.7862038599015133
    vertex 12.774998694675578 6.500027799846595 0.2138321601114424
    vertex 12.731554123165196 6.83002208231845 0.213835553970217
  endloop
endfacet
facet normal 0.9238795323188583 -0.3826834318761956 -2.7013792322647633e-05
  outer loop
    vertex 12.604181084582386 5.862527799912006 0.21382814383440601
    vertex 12.73159583381111 6.170023222487525 1.7861853320952055
    vertex 12.604222795378849 5.862517505024791 1.786187044618119
  endloop
endfacet
facet normal 0.9238795323188583 -0.3826834318761956 -2.7013792322647633e-05
  outer loop
    vertex 12.73159583381111 6.170023222487525 1.7861853320952055
    vertex 12.604181084582386 5.862527799912006 0.21382814383440601
    vertex 12.731554123231858 6.170033517374742 0.21382963265211402
  endloop
endfacet
facet normal 0.7933533402369718 -0.6087614285648034 -2.503156659671176e-05
  outer loop
    vertex 12.401559840817212 5.598466653926249 0.21382779511878763
    vertex 12.604222795378849 5.862517505024791 1.786187044618119
    vertex 12.40160155210311 5.5984563590390355 1.7861960883383623
  endloop
endfacet
facet normal 0.7933533402369718 -0.6087614285648034 -2.503156659671176e-05
  outer loop
    vertex 12.604222795378849 5.862517505024791 1.786187044618119
    vertex 12.401559840817212 5.598466653926249 0.21382779511878763
    vertex 12.604181084582386 5.862527799912006 0.21382814383440601
  endloop
endfacet
facet normal -0.3826834322909223 0.9238795323999646 1.6200684500048782e-05
  outer loop
    vertex 10.862498694757246 7.604210189558462 0.21386113681913546
    vertex 11.170046128857805 7.731572933351582 1.7863559968070104
    vertex 11.170004412207605 7.731583228238798 0.21385921335297223
  endloop
endfacet
facet normal -0.3826834322909223 0.9238795323999646 1.6200684500048782e-05
  outer loop
    vertex 11.170046128857805 7.731572933351582 1.7863559968070104
    vertex 10.862498694757246 7.604210189558462 0.21386113681913546
    vertex 10.862540412324972 7.604199894671248 1.7863773963699854
  endloop
endfacet
facet normal -0.6087614292457899 -0.7933533400336771 1.095590710032176e-05
  outer loop
    vertex 10.862540411136386 5.395835115247509 1.7863154011217857
    vertex 10.59843754897366 5.5984666539262475 0.21384577462809284
    vertex 10.862498694980296 5.395845410134727 0.2138413237026024
  endloop
endfacet
facet normal -0.6087614292457899 -0.7933533400336771 1.095590710032176e-05
  outer loop
    vertex 10.59843754897366 5.5984666539262475 0.21384577462809284
    vertex 10.862540411136386 5.395835115247509 1.7863154011217857
    vertex 10.598479266117083 5.598456359039032 1.7863425360647818
  endloop
endfacet
facet normal 0.3826834327349237 0.9238795323489849 -4.103188682165703e-06
  outer loop
    vertex 11.829992977152367 7.731583228238798 0.21385263239582059
    vertex 12.137540408054283 7.604199894671248 1.7862738421895443
    vertex 12.137498694628452 7.604210189558462 0.21384842338618332
  endloop
endfacet
facet normal 0.3826834327349237 0.9238795323489849 -4.103188682165703e-06
  outer loop
    vertex 12.137540408054283 7.604199894671248 1.7862738421895443
    vertex 11.829992977152367 7.731583228238798 0.21385263239582059
    vertex 11.830034691658561 7.731572933351582 1.7863023932188158
  endloop
endfacet
facet normal -0.1305261919958405 0.9914448613533641 9.953580456513948e-06
  outer loop
    vertex 11.170004412207605 7.731583228238798 0.21385921335297223
    vertex 11.500040410281567 7.775017504828562 1.7863304146289003
    vertex 11.499998694675597 7.775027799715777 0.21385631265255484
  endloop
endfacet
facet normal -0.1305261919958405 0.9914448613533641 9.953580456513948e-06
  outer loop
    vertex 11.500040410281567 7.775017504828562 1.7863304146289003
    vertex 11.170004412207605 7.731583228238798 0.21385921335297223
    vertex 11.170046128857805 7.731572933351582 1.7863559968070104
  endloop
endfacet
facet normal -0.47475914809375364 -0.3643638458091787 0.8011508841463251
  outer loop
    vertex 10.598479266117083 5.598456359039032 1.7863425360647818
    vertex 11.389691199219659 6.436276114803877 2.636246714659682
    vertex 10.395858023125587 5.862517505024787 1.786366405719977
  endloop
endfacet
facet normal -0.47475914809375364 -0.3643638458091787 0.8011508841463251
  outer loop
    vertex 11.389691199219659 6.436276114803877 2.636246714659682
    vertex 10.598479266117083 5.598456359039032 1.7863425360647818
    vertex 11.409953325454115 6.409870000205301 2.636257909251081
  endloop
endfacet
facet normal -0.7933533402369387 0.6087614285648038 2.5032607464037277e-05
  outer loop
    vertex 10.59847926708756 7.401578650879726 1.7863931549729686
    vertex 10.395816305026369 7.137527799781186 0.21386160325437853
    vertex 10.395858023811817 7.137517504893969 1.7864021986932124
  endloop
endfacet
facet normal -0.7933533402369387 0.6087614285648038 2.5032607464037277e-05
  outer loop
    vertex 10.395816305026369 7.137527799781186 0.21386160325437853
    vertex 10.59847926708756 7.401578650879726 1.7863931549729686
    vertex 10.598437548791543 7.401588945766941 0.2138619519699963
  endloop
endfacet
facet normal -0.5528790046676865 0.2290133546540065 0.8011726964817176
  outer loop
    vertex 11.376953893187299 6.533025543044522 2.6362346207857397
    vertex 10.395858023811817 7.137517504893969 1.7864021986932124
    vertex 10.268484985379546 6.830011787431236 1.7864039112161259
  endloop
endfacet
facet normal -0.5528790046676865 0.2290133546540065 0.8011726964817176
  outer loop
    vertex 10.395858023811817 7.137517504893969 1.7864021986932124
    vertex 11.376953893187299 6.533025543044522 2.6362346207857397
    vertex 11.389691197632018 6.5637761147907945 2.6362386706759064
  endloop
endfacet
facet normal -0.9914448610274684 -0.13052619237002497 2.5448128015815628e-05
  outer loop
    vertex 10.225040413866022 6.50001750495938 1.7863981758361038
    vertex 10.268443266443546 6.17003351737474 0.2138541931185685
    vertex 10.268484985024326 6.170023222487525 1.786385383409817
  endloop
endfacet
facet normal -0.9914448610274684 -0.13052619237002497 2.5448128015815628e-05
  outer loop
    vertex 10.268443266443546 6.17003351737474 0.2138541931185685
    vertex 10.225040413866022 6.50001750495938 1.7863981758361038
    vertex 10.224998694933166 6.500027799846595 0.21385758697734214
  endloop
endfacet
facet normal 0.07818433906743175 -0.593429802454505 0.8010794459249321
  outer loop
    vertex 11.830034690332864 5.268462076567179 1.7862332465043205
    vertex 11.500109447303279 6.372526114810419 2.6363026628111044
    vertex 11.500040408909102 5.225017505090197 1.7862588286824308
  endloop
endfacet
facet normal 0.07818433906743175 -0.593429802454505 0.8010794459249321
  outer loop
    vertex 11.500109447303279 6.372526114810419 2.6363026628111044
    vertex 11.830034690332864 5.268462076567179 1.7862332465043205
    vertex 11.533108877982457 6.376870571958117 2.6363179072926695
  endloop
endfacet
facet normal -0.9238795322875291 -0.38268343227263946 2.2004741700021264e-05
  outer loop
    vertex 10.268484985024326 6.170023222487525 1.786385383409817
    vertex 10.395816305155144 5.862527799912004 0.2138501641462161
    vertex 10.395858023125587 5.862517505024787 1.786366405719977
  endloop
endfacet
facet normal -0.9238795322875291 -0.38268343227263946 2.2004741700021264e-05
  outer loop
    vertex 10.395816305155144 5.862527799912004 0.2138501641462161
    vertex 10.268484985024326 6.170023222487525 1.786385383409817
    vertex 10.268443266443546 6.17003351737474 0.2138541931185685
  endloop
endfacet
facet normal 0.38268343229091834 -0.9238795323999656 -1.620072610077673e-05
  outer loop
    vertex 12.137540406865696 10.395835115247511 1.7862118469413455
    vertex 11.829992977401146 10.268472371454392 0.21383053373581323
    vertex 12.137498694851505 10.395845410134726 0.21382861026965086
  endloop
endfacet
facet normal 0.38268343229091834 -0.9238795323999656 -1.620072610077673e-05
  outer loop
    vertex 11.829992977401146 10.268472371454392 0.21383053373581323
    vertex 12.137540406865696 10.395835115247511 1.7862118469413455
    vertex 11.830034690332864 10.268462076567177 1.7862332465043205
  endloop
endfacet
facet normal 0.13052619199583831 -0.9914448613533621 -9.953810369627916e-06
  outer loop
    vertex 6.849447345638978 10.19601733681213 1.8074768959461134
    vertex 6.499997468156933 10.150028102775906 0.14258297728578195
    vertex 6.849403179005393 10.196028237280945 0.1425799059559286
  endloop
endfacet
facet normal 0.13052619199583831 -0.9914448613533621 -9.953810369627916e-06
  outer loop
    vertex 6.499997468156933 10.150028102775906 0.14258297728578195
    vertex 6.849447345638978 10.19601733681213 1.8074768959461134
    vertex 6.500041635896173 10.15001720230709 1.80750398295823
  endloop
endfacet
facet normal -0.3642848525018193 -0.47484612511023633 0.8011352593073918
  outer loop
    vertex 5.825041638254472 10.330882907179538 1.8075638831881347
    vertex 6.40465531223795 11.404566903017201 2.707503009442683
    vertex 5.5454474847046225 10.54542304766468 1.807592614304248
  endloop
endfacet
facet normal -0.3642848525018193 -0.47484612511023633 0.8011352593073918
  outer loop
    vertex 6.40465531223795 11.404566903017201 2.707503009442683
    vertex 5.825041638254472 10.330882907179538 1.8075638831881347
    vertex 6.432614730068799 11.383112888968686 2.7075175113950616
  endloop
endfacet
facet normal -0.4747640077292731 0.36432404055306505 0.8011661066470095
  outer loop
    vertex 6.383201294543967 11.567526318460663 2.707482639186615
    vertex 5.545447485732185 12.454611356672475 1.8076462107952695
    vertex 5.330907345793164 12.175017202099323 1.8076557864990572
  endloop
endfacet
facet normal -0.4747640077292731 0.36432404055306505 0.8011661066470095
  outer loop
    vertex 5.545447485732185 12.454611356672475 1.8076462107952695
    vertex 6.383201294543967 11.567526318460663 2.707482639186615
    vertex 6.404655309860614 11.59548573391798 2.7074909643605016
  endloop
endfacet
facet normal -9.971319961377485e-06 8.97184953849753e-06 -0.9999999999100395
  outer loop
    vertex 5.195997602626767 11.849433813489949 0.14261122669801438
    vertex 5.195997602697348 11.150622391784841 0.1426049570670812
    vertex 5.149997468156947 11.500028102637394 0.14260855056460628
  endloop
endfacet
facet normal -9.971319961377485e-06 8.97184953849753e-06 -0.9999999999100395
  outer loop
    vertex 5.195997602697348 11.150622391784841 0.1426049570670812
    vertex 5.195997602626767 11.849433813489949 0.14261122669801438
    vertex 5.330863172961512 12.175028102568138 0.14261280309323301
  endloop
endfacet
facet normal -9.971319961377485e-06 8.97184953849753e-06 -0.9999999999100395
  outer loop
    vertex 5.195997602697348 11.150622391784841 0.1426049570670812
    vertex 5.330863172961512 12.175028102568138 0.14261280309323301
    vertex 5.330863173097864 10.825028102706652 0.14260069109635515
  endloop
endfacet
facet normal -9.971319961377485e-06 8.97184953849753e-06 -0.9999999999100395
  outer loop
    vertex 5.330863173097864 10.825028102706652 0.14260069109635515
    vertex 5.330863172961512 12.175028102568138 0.14261280309323301
    vertex 5.545403313418756 12.45462225714129 0.1426131723215342
  endloop
endfacet
facet normal -9.971319961377485e-06 8.97184953849753e-06 -0.9999999999100395
  outer loop
    vertex 5.330863173097864 10.825028102706652 0.14260069109635515
    vertex 5.545403313418756 12.45462225714129 0.1426131723215342
    vertex 5.545403313611587 10.545433948133496 0.14259604337128345
  endloop
endfacet
facet normal -9.971319961377485e-06 8.97184953849753e-06 -0.9999999999100395
  outer loop
    vertex 5.545403313611587 10.545433948133496 0.14259604337128345
    vertex 5.545403313418756 12.45462225714129 0.1426131723215342
    vertex 5.824997467970678 12.669162397626431 0.14261230922062273
  endloop
endfacet
facet normal -9.971319961377485e-06 8.97184953849753e-06 -0.9999999999100395
  outer loop
    vertex 5.545403313611587 10.545433948133496 0.14259604337128345
    vertex 5.824997467970678 12.669162397626431 0.14261230922062273
    vertex 5.824997468206849 10.330893807648357 0.14259133062664656
  endloop
endfacet
facet normal -9.971319961377485e-06 8.97184953849753e-06 -0.9999999999100395
  outer loop
    vertex 5.824997468206849 10.330893807648357 0.14259133062664656
    vertex 5.824997467970678 12.669162397626431 0.14261230922062273
    vertex 6.150591757035764 12.804027967993843 0.14261027260939105
  endloop
endfacet
facet normal -9.971319961377485e-06 8.97184953849753e-06 -0.9999999999100395
  outer loop
    vertex 5.824997468206849 10.330893807648357 0.14259133062664656
    vertex 6.150591757035764 12.804027967993843 0.14261027260939105
    vertex 6.150591757299176 10.196028237280945 0.1425868740282065
  endloop
endfacet
facet normal -9.971319961377485e-06 8.97184953849753e-06 -0.9999999999100395
  outer loop
    vertex 6.150591757299176 10.196028237280945 0.1425868740282065
    vertex 6.150591757035764 12.804027967993843 0.14261027260939105
    vertex 6.499997467884225 12.85002810249888 0.14260720127953738
  endloop
endfacet
facet normal -9.971319961377485e-06 8.97184953849753e-06 -0.9999999999100395
  outer loop
    vertex 6.150591757299176 10.196028237280945 0.1425868740282065
    vertex 6.499997467884225 12.85002810249888 0.14260720127953738
    vertex 6.499997468156933 10.150028102775906 0.14258297728578195
  endloop
endfacet
facet normal -9.971319961377485e-06 8.97184953849753e-06 -0.9999999999100395
  outer loop
    vertex 6.499997468156933 10.150028102775906 0.14258297728578195
    vertex 6.499997467884225 12.85002810249888 0.14260720127953738
    vertex 6.849403178741982 12.804027967993843 0.14260330453711284
  endloop
endfacet
facet normal -9.971319961377485e-06 8.97184953849753e-06 -0.9999999999100395
  outer loop
    vertex 6.499997468156933 10.150028102775906 0.14258297728578195
    vertex 6.849403178741982 12.804027967993843 0.14260330453711284
    vertex 6.849403179005393 10.196028237280945 0.1425799059559286
  endloop
endfacet
facet normal -9.971319961377485e-06 8.97184953849753e-06 -0.9999999999100395
  outer loop
    vertex 6.849403179005393 10.196028237280945 0.1425799059559286
    vertex 6.849403178741982 12.804027967993843 0.14260330453711284
    vertex 7.174997467834308 12.669162397626431 0.14259884793867342
  endloop
endfacet
facet normal -9.971319961377485e-06 8.97184953849753e-06 -0.9999999999100395
  outer loop
    vertex 6.849403179005393 10.196028237280945 0.1425799059559286
    vertex 7.174997467834308 12.669162397626431 0.14259884793867342
    vertex 7.174997468070483 10.330893807648357 0.14257786934469785
  endloop
endfacet
facet normal -9.971319961377485e-06 8.97184953849753e-06 -0.9999999999100395
  outer loop
    vertex 7.174997468070483 10.330893807648357 0.14257786934469785
    vertex 7.174997467834308 12.669162397626431 0.14259884793867342
    vertex 7.454591622429573 12.45462225714129 0.14259413519403652
  endloop
endfacet
facet normal -9.971319961377485e-06 8.97184953849753e-06 -0.9999999999100395
  outer loop
    vertex 7.174997468070483 10.330893807648357 0.14257786934469785
    vertex 7.454591622429573 12.45462225714129 0.14259413519403652
    vertex 7.4545916226224085 10.5454339481335 0.14257700624378383
  endloop
endfacet
facet normal -9.971319961377485e-06 8.97184953849753e-06 -0.9999999999100395
  outer loop
    vertex 7.4545916226224085 10.5454339481335 0.14257700624378383
    vertex 7.454591622429573 12.45462225714129 0.14259413519403652
    vertex 7.669131762943299 12.17502810256814 0.1425894874689648
  endloop
endfacet
facet normal -9.971319961377485e-06 8.97184953849753e-06 -0.9999999999100395
  outer loop
    vertex 7.4545916226224085 10.5454339481335 0.14257700624378383
    vertex 7.669131762943299 12.17502810256814 0.1425894874689648
    vertex 7.66913176307965 10.825028102706653 0.14257737547208565
  endloop
endfacet
facet normal -9.971319961377485e-06 8.97184953849753e-06 -0.9999999999100395
  outer loop
    vertex 7.66913176307965 10.825028102706653 0.14257737547208565
    vertex 7.669131762943299 12.17502810256814 0.1425894874689648
    vertex 7.803997333343806 11.849433813489949 0.14258522149823843
  endloop
endfacet
facet normal -9.971319961377485e-06 8.97184953849753e-06 -0.9999999999100395
  outer loop
    vertex 7.66913176307965 10.825028102706653 0.14257737547208565
    vertex 7.803997333343806 11.849433813489949 0.14258522149823843
    vertex 7.803997333414387 11.150622391784843 0.1425789518673059
  endloop
endfacet
facet normal -9.971319961377485e-06 8.97184953849753e-06 -0.9999999999100395
  outer loop
    vertex 7.803997333414387 11.150622391784843 0.1425789518673059
    vertex 7.803997333343806 11.849433813489949 0.14258522149823843
    vertex 7.849997467884209 11.500028102637394 0.1425816280007124
  endloop
endfacet
facet normal 0.3644376861893073 0.47484358299210494 0.8010672534664015
  outer loop
    vertex 6.595574155144711 11.59548573391798 2.7075807473688567
    vertex 7.17504163499107 12.669151497157616 1.8075198796128205
    vertex 6.567614737313859 11.616939747966494 2.7075662454164773
  endloop
endfacet
facet normal 0.3644376861893073 0.47484358299210494 0.8010672534664015
  outer loop
    vertex 7.17504163499107 12.669151497157616 1.8075198796128205
    vertex 6.595574155144711 11.59548573391798 2.7075807473688567
    vertex 7.454635788540915 12.454611356672475 1.8074911484967084
  endloop
endfacet
facet normal 0.5935049451872905 0.07810665430903625 0.8010313543119771
  outer loop
    vertex 6.635114743848019 11.500026318467588 2.7076053645798113
    vertex 7.804041497933242 11.849422913021133 1.807445780719611
    vertex 6.6305147296158795 11.534966889552846 2.7076009969378525
  endloop
endfacet
facet normal 0.5935049451872905 0.07810665430903625 0.8010313543119771
  outer loop
    vertex 7.804041497933242 11.849422913021133 1.807445780719611
    vertex 6.635114743848019 11.500026318467588 2.7076053645798113
    vertex 7.850041632100865 11.500017202168578 1.8074322357976598
  endloop
endfacet
facet normal -9.971319961377487e-06 8.97184953849753e-06 -0.9999999999100395
  outer loop
    vertex 0.05111126052202264 11.888240679092062 3.802272692281505e-05
    vertex 0.05111126060044591 11.111783543864167 3.10564703303845e-05
    vertex 0.0 11.500012111478117 3.504924535827347e-05
  endloop
endfacet
facet normal -9.971319961377487e-06 8.97184953849753e-06 -0.9999999999100395
  outer loop
    vertex 0.05111126060044591 11.111783543864167 3.10564703303845e-05
    vertex 0.05111126052202264 11.888240679092062 3.802272692281505e-05
    vertex 0.2009618942272938 12.250012111401162 3.977427716575221e-05
  endloop
endfacet
facet normal -9.971319961377487e-06 8.97184953849753e-06 -0.9999999999100395
  outer loop
    vertex 0.05111126060044591 11.111783543864167 3.10564703303845e-05
    vertex 0.2009618942272938 12.250012111401162 3.977427716575221e-05
    vertex 0.2009618943787965 10.750012111555066 2.6316502857010037e-05
  endloop
endfacet
facet normal -9.971319961377487e-06 8.97184953849753e-06 -0.9999999999100395
  outer loop
    vertex 0.2009618943787965 10.750012111555066 2.6316502857010037e-05
    vertex 0.2009618942272938 12.250012111401162 3.977427716575221e-05
    vertex 0.4393398280686768 12.56067228314911 4.0184530833739514e-05
  endloop
endfacet
facet normal -9.971319961377487e-06 8.97184953849753e-06 -0.9999999999100395
  outer loop
    vertex 0.2009618943787965 10.750012111555066 2.6316502857010037e-05
    vertex 0.4393398280686768 12.56067228314911 4.0184530833739514e-05
    vertex 0.4393398282829322 10.439351939807118 2.115236388845476e-05
  endloop
endfacet
facet normal -9.971319961377487e-06 8.97184953849753e-06 -0.9999999999100395
  outer loop
    vertex 0.4393398282829322 10.439351939807118 2.115236388845476e-05
    vertex 0.4393398280686768 12.56067228314911 4.0184530833739514e-05
    vertex 0.749999999793034 12.79905021702149 3.922552982098537e-05
  endloop
endfacet
facet normal -9.971319961377487e-06 8.97184953849753e-06 -0.9999999999100395
  outer loop
    vertex 0.4393398282829322 10.439351939807118 2.115236388845476e-05
    vertex 0.749999999793034 12.79905021702149 3.922552982098537e-05
    vertex 0.750000000055446 10.200974005934741 1.5915980958564056e-05
  endloop
endfacet
facet normal -9.971319961377487e-06 8.97184953849753e-06 -0.9999999999100395
  outer loop
    vertex 0.750000000055446 10.200974005934741 1.5915980958564056e-05
    vertex 0.749999999793034 12.79905021702149 3.922552982098537e-05
    vertex 1.1117714320875747 12.948900850763058 3.6962628452463785e-05
  endloop
endfacet
facet normal -9.971319961377487e-06 8.97184953849753e-06 -0.9999999999100395
  outer loop
    vertex 0.750000000055446 10.200974005934741 1.5915980958564056e-05
    vertex 1.1117714320875747 12.948900850763058 3.6962628452463785e-05
    vertex 1.1117714323802532 10.051123372193171 1.0964204914043484e-05
  endloop
endfacet
facet normal -9.971319961377487e-06 8.97184953849753e-06 -0.9999999999100395
  outer loop
    vertex 1.1117714323802532 10.051123372193171 1.0964204914043484e-05
    vertex 1.1117714320875747 12.948900850763058 3.6962628452463785e-05
    vertex 1.499999999696976 13.000012111324212 3.355003972614068e-05
  endloop
endfacet
facet normal -9.971319961377487e-06 8.97184953849753e-06 -0.9999999999100395
  outer loop
    vertex 1.1117714323802532 10.051123372193171 1.0964204914043484e-05
    vertex 1.499999999696976 13.000012111324212 3.355003972614068e-05
    vertex 1.4999999999999842 10.000012111632016 6.6344911090088214e-06
  endloop
endfacet
facet normal -9.971319961377487e-06 8.97184953849753e-06 -0.9999999999100395
  outer loop
    vertex 1.4999999999999842 10.000012111632016 6.6344911090088214e-06
    vertex 1.499999999696976 13.000012111324212 3.355003972614068e-05
    vertex 1.8882285673167063 12.948900850763058 2.9220325921106016e-05
  endloop
endfacet
facet normal -9.971319961377487e-06 8.97184953849753e-06 -0.9999999999100395
  outer loop
    vertex 1.4999999999999842 10.000012111632016 6.6344911090088214e-06
    vertex 1.8882285673167063 12.948900850763058 2.9220325921106016e-05
    vertex 1.8882285676093848 10.051123372193171 3.221902383038211e-06
  endloop
endfacet
facet normal -9.971319961377487e-06 8.97184953849753e-06 -0.9999999999100395
  outer loop
    vertex 1.8882285676093848 10.051123372193171 3.221902383038211e-06
    vertex 1.8882285673167063 12.948900850763058 2.9220325921106016e-05
    vertex 2.2499999996415134 12.79905021702149 2.4268549877290435e-05
  endloop
endfacet
facet normal -9.971319961377487e-06 8.97184953849753e-06 -0.9999999999100395
  outer loop
    vertex 1.8882285676093848 10.051123372193171 3.221902383038211e-06
    vertex 2.2499999996415134 12.79905021702149 2.4268549877290435e-05
    vertex 2.249999999903928 10.200974005934741 9.590010155741124e-07
  endloop
endfacet
facet normal -9.971319961377487e-06 8.97184953849753e-06 -0.9999999999100395
  outer loop
    vertex 2.249999999903928 10.200974005934741 9.590010155741124e-07
    vertex 2.2499999996415134 12.79905021702149 2.4268549877290435e-05
    vertex 2.5606601714140287 12.56067228314911 1.903216694739973e-05
  endloop
endfacet
facet normal -9.971319961377487e-06 8.97184953849753e-06 -0.9999999999100395
  outer loop
    vertex 2.249999999903928 10.200974005934741 9.590010155741124e-07
    vertex 2.5606601714140287 12.56067228314911 1.903216694739973e-05
    vertex 2.5606601716282897 10.439351939807121 0.0
  endloop
endfacet
facet normal -9.971319961377487e-06 8.97184953849753e-06 -0.9999999999100395
  outer loop
    vertex 2.5606601716282897 10.439351939807121 0.0
    vertex 2.5606601714140287 12.56067228314911 1.903216694739973e-05
    vertex 2.79903810531817 12.250012111401164 1.3868027978844454e-05
  endloop
endfacet
facet normal -9.971319961377487e-06 8.97184953849753e-06 -0.9999999999100395
  outer loop
    vertex 2.5606601716282897 10.439351939807121 0.0
    vertex 2.79903810531817 12.250012111401164 1.3868027978844454e-05
    vertex 2.7990381054696702 10.750012111555069 4.1025366869229525e-07
  endloop
endfacet
facet normal -9.971319961377487e-06 8.97184953849753e-06 -0.9999999999100395
  outer loop
    vertex 2.7990381054696702 10.750012111555069 4.1025366869229525e-07
    vertex 2.79903810531817 12.250012111401164 1.3868027978844454e-05
    vertex 2.948888739096509 11.888240679092062 9.128060505117495e-06
  endloop
endfacet
facet normal -9.971319961377487e-06 8.97184953849753e-06 -0.9999999999100395
  outer loop
    vertex 2.7990381054696702 10.750012111555069 4.1025366869229525e-07
    vertex 2.948888739096509 11.888240679092062 9.128060505117495e-06
    vertex 2.948888739174932 11.11178354386417 2.161803913391935e-06
  endloop
endfacet
facet normal -9.971319961377487e-06 8.97184953849753e-06 -0.9999999999100395
  outer loop
    vertex 2.948888739174932 11.11178354386417 2.161803913391935e-06
    vertex 2.948888739096509 11.888240679092062 9.128060505117495e-06
    vertex 2.9999999996969575 11.500012111478117 5.135285476171036e-06
  endloop
endfacet
facet normal 0.13052619257432008 0.9914448613225452 3.0283121568082447e-06
  outer loop
    vertex 6.499997467884225 12.85002810249888 0.14260720127953738
    vertex 6.849447347042657 12.804017067525027 1.8075501101144025
    vertex 6.849403178741982 12.804027967993843 0.14260330453711284
  endloop
endfacet
facet normal 0.13052619257432008 0.9914448613225452 3.0283121568082447e-06
  outer loop
    vertex 6.849447347042657 12.804017067525027 1.8075501101144025
    vertex 6.499997467884225 12.85002810249888 0.14260720127953738
    vertex 6.500041637349369 12.850017202030065 1.807579779842727
  endloop
endfacet
facet normal -0.9914448610515701 0.1305261918425593 2.715717823709088e-05
  outer loop
    vertex 5.196041775688408 11.849422913021133 1.807657599758613
    vertex 5.149997468156947 11.500028102637394 0.14260855056460628
    vertex 5.150041641144677 11.500017202168578 1.8076515270032953
  endloop
endfacet
facet normal -0.9914448610515701 0.1305261918425593 2.715717823709088e-05
  outer loop
    vertex 5.149997468156947 11.500028102637394 0.14260855056460628
    vertex 5.196041775688408 11.849422913021133 1.807657599758613
    vertex 5.195997602626767 11.849433813489949 0.14261122669801438
  endloop
endfacet
facet normal -0.38268343273490696 -0.9238795323489903 4.1035267571537925e-06
  outer loop
    vertex 6.15063592620288 10.19601733681213 1.8075336526865549
    vertex 5.824997468206849 10.330893807648357 0.14259133062664656
    vertex 6.150591757299176 10.196028237280945 0.1425868740282065
  endloop
endfacet
facet normal -0.38268343273490696 -0.9238795323489903 4.1035267571537925e-06
  outer loop
    vertex 5.824997468206849 10.330893807648357 0.14259133062664656
    vertex 6.15063592620288 10.19601733681213 1.8075336526865549
    vertex 5.825041638254472 10.330882907179538 1.8075638831881347
  endloop
endfacet
facet normal 0.5530580734115021 -0.22908078214121194 0.8010298138570924
  outer loop
    vertex 7.6691759274523745 10.825017202237836 1.8074279763018992
    vertex 6.630514730486045 11.465085747382334 2.707605405743923
    vertex 6.617028172838695 11.432526318474515 2.7076011176249275
  endloop
endfacet
facet normal 0.5530580734115021 -0.22908078214121194 0.8010298138570924
  outer loop
    vertex 6.630514730486045 11.465085747382334 2.707605405743923
    vertex 7.6691759274523745 10.825017202237836 1.8074279763018992
    vertex 7.804041497557126 11.150611491316026 1.8074261630423443
  endloop
endfacet
facet normal -0.5528754471014158 -0.22905541627977016 0.8011631271253756
  outer loop
    vertex 5.330907345066568 10.825017202237833 1.8076178880568083
    vertex 6.369714737766781 11.465085747382334 2.707482759873686
    vertex 5.196041775312294 11.150611491316026 1.8076379820813442
  endloop
endfacet
facet normal -0.5528754471014158 -0.22905541627977016 0.8011631271253756
  outer loop
    vertex 6.369714737766781 11.465085747382334 2.707482759873686
    vertex 5.330907345066568 10.825017202237833 1.8076178880568083
    vertex 6.383201296224996 11.432526318474515 2.707491156345908
  endloop
endfacet
facet normal 0.5530616331793157 0.22903872716518717 0.8010393819055209
  outer loop
    vertex 6.6305147296158795 11.534966889552846 2.7076009969378525
    vertex 7.6691759281789755 12.175017202099324 1.8074658747441488
    vertex 6.617028171157665 11.567526318460663 2.7075926004656345
  endloop
endfacet
facet normal 0.5530616331793157 0.22903872716518717 0.8010393819055209
  outer loop
    vertex 7.6691759281789755 12.175017202099324 1.8074658747441488
    vertex 6.6305147296158795 11.534966889552846 2.7076009969378525
    vertex 7.804041497933242 11.849422913021133 1.807445780719611
  endloop
endfacet
facet normal -0.5528754471014158 -0.22905541627977016 0.8011631271253756
  outer loop
    vertex 10.395858023125587 10.862517505024785 1.786366405719977
    vertex 11.376953894009121 11.467026686550149 2.6362387846581394
    vertex 10.268484985024326 11.170023222487522 1.786385383409817
  endloop
endfacet
facet normal -0.5528754471014158 -0.22905541627977016 0.8011631271253756
  outer loop
    vertex 11.376953894009121 11.467026686550149 2.6362387846581394
    vertex 10.395858023125587 10.862517505024785 1.786366405719977
    vertex 11.389691199219659 11.436276114803874 2.636246714659682
  endloop
endfacet
facet normal 0.793353340236972 -0.6087614285648035 -2.5031566596711767e-05
  outer loop
    vertex 7.4545916226224085 10.5454339481335 0.14257700624378383
    vertex 7.6691759274523745 10.825017202237836 1.8074279763018992
    vertex 7.4546357875133555 10.545423047664684 1.807437552005687
  endloop
endfacet
facet normal 0.793353340236972 -0.6087614285648035 -2.5031566596711767e-05
  outer loop
    vertex 7.6691759274523745 10.825017202237836 1.8074279763018992
    vertex 7.4545916226224085 10.5454339481335 0.14257700624378383
    vertex 7.66913176307965 10.825028102706653 0.14257737547208565
  endloop
endfacet
facet normal -0.13052619199584053 0.9914448613533641 9.95358045651395e-06
  outer loop
    vertex 6.150591757035764 12.804027967993843 0.14261027260939105
    vertex 6.500041637349369 12.850017202030065 1.807579779842727
    vertex 6.499997467884225 12.85002810249888 0.14260720127953738
  endloop
endfacet
facet normal -0.13052619199584053 0.9914448613533641 9.95358045651395e-06
  outer loop
    vertex 6.500041637349369 12.850017202030065 1.807579779842727
    vertex 6.150591757035764 12.804027967993843 0.14261027260939105
    vertex 6.150635927606563 12.804017067525027 1.807606866854843
  endloop
endfacet
facet normal -0.0004702678675468555 6.309005586637443e-05 0.9999998874338826
  outer loop
    vertex 11.376953894009121 11.467026686550149 2.6362387846581394
    vertex 11.376953893187299 11.53302554304452 2.6362346207857397
    vertex 11.372609436123211 11.500026114797334 2.636234659662959
  endloop
endfacet
facet normal -0.0004702678675468555 6.309005586637443e-05 0.9999998874338826
  outer loop
    vertex 11.376953893187299 11.53302554304452 2.6362346207857397
    vertex 11.376953894009121 11.467026686550149 2.6362387846581394
    vertex 11.389691197632018 11.563776114790794 2.6362386706759064
  endloop
endfacet
facet normal -0.0004702678675468555 6.309005586637443e-05 0.9999998874338826
  outer loop
    vertex 11.389691197632018 11.563776114790794 2.6362386706759064
    vertex 11.376953894009121 11.467026686550149 2.6362387846581394
    vertex 11.389691199219659 11.436276114803874 2.636246714659682
  endloop
endfacet
facet normal -0.0004702678675468555 6.309005586637443e-05 0.9999998874338826
  outer loop
    vertex 11.389691197632018 11.563776114790794 2.6362386706759064
    vertex 11.389691199219659 11.436276114803874 2.636246714659682
    vertex 11.409953323208853 11.59018222938937 2.6362465333401324
  endloop
endfacet
facet normal -0.0004702678675468555 6.309005586637443e-05 0.9999998874338826
  outer loop
    vertex 11.409953323208853 11.59018222938937 2.6362465333401324
    vertex 11.389691199219659 11.436276114803874 2.636246714659682
    vertex 11.409953325454115 11.4098700002053 2.636257909251081
  endloop
endfacet
facet normal -0.0004702678675468555 6.309005586637443e-05 0.9999998874338826
  outer loop
    vertex 11.409953323208853 11.59018222938937 2.6362465333401324
    vertex 11.409953325454115 11.4098700002053 2.636257909251081
    vertex 11.43635943954449 11.610444353768523 2.6362576729508476
  endloop
endfacet
facet normal -0.0004702678675468555 6.309005586637443e-05 0.9999998874338826
  outer loop
    vertex 11.43635943954449 11.610444353768523 2.6362576729508476
    vertex 11.409953325454115 11.4098700002053 2.636257909251081
    vertex 11.436359442294362 11.389607875826146 2.6362716055394384
  endloop
endfacet
facet normal -0.0004702678675468555 6.309005586637443e-05 0.9999998874338826
  outer loop
    vertex 11.43635943954449 11.610444353768523 2.6362576729508476
    vertex 11.436359442294362 11.389607875826146 2.6362716055394384
    vertex 11.467110013448826 11.623181657636557 2.6362713303619865
  endloop
endfacet
facet normal -0.0004702678675468555 6.309005586637443e-05 0.9999998874338826
  outer loop
    vertex 11.467110013448826 11.623181657636557 2.6362713303619865
    vertex 11.436359442294362 11.389607875826146 2.6362716055394384
    vertex 11.46711001651591 11.376870571958115 2.6362868701453355
  endloop
endfacet
facet normal -0.0004702678675468555 6.309005586637443e-05 0.9999998874338826
  outer loop
    vertex 11.467110013448826 11.623181657636557 2.6362713303619865
    vertex 11.46711001651591 11.376870571958115 2.6362868701453355
    vertex 11.500109444128 11.627526114784253 2.636286574843557
  endloop
endfacet
facet normal -0.0004702678675468555 6.309005586637443e-05 0.9999998874338826
  outer loop
    vertex 11.500109444128 11.627526114784253 2.636286574843557
    vertex 11.46711001651591 11.376870571958115 2.6362868701453355
    vertex 11.500109447303279 11.372526114810418 2.6363026628111044
  endloop
endfacet
facet normal -0.0004702678675468555 6.309005586637443e-05 0.9999998874338826
  outer loop
    vertex 11.500109444128 11.627526114784253 2.636286574843557
    vertex 11.500109447303279 11.372526114810418 2.6363026628111044
    vertex 11.533108874915376 11.623181657636557 2.636302367509322
  endloop
endfacet
facet normal -0.0004702678675468555 6.309005586637443e-05 0.9999998874338826
  outer loop
    vertex 11.533108874915376 11.623181657636557 2.636302367509322
    vertex 11.500109447303279 11.372526114810418 2.6363026628111044
    vertex 11.533108877982457 11.376870571958115 2.6363179072926695
  endloop
endfacet
facet normal -0.0004702678675468555 6.309005586637443e-05 0.9999998874338826
  outer loop
    vertex 11.533108874915376 11.623181657636557 2.636302367509322
    vertex 11.533108877982457 11.376870571958115 2.6363179072926695
    vertex 11.563859449136917 11.610444353768523 2.6363176321152206
  endloop
endfacet
facet normal -0.0004702678675468555 6.309005586637443e-05 0.9999998874338826
  outer loop
    vertex 11.563859449136917 11.610444353768523 2.6363176321152206
    vertex 11.533108877982457 11.376870571958115 2.6363179072926695
    vertex 11.56385945188679 11.389607875826146 2.636331564703813
  endloop
endfacet
facet normal -0.0004702678675468555 6.309005586637443e-05 0.9999998874338826
  outer loop
    vertex 11.563859449136917 11.610444353768523 2.6363176321152206
    vertex 11.56385945188679 11.389607875826146 2.636331564703813
    vertex 11.590265565977166 11.59018222938937 2.6363313284035783
  endloop
endfacet
facet normal -0.0004702678675468555 6.309005586637443e-05 0.9999998874338826
  outer loop
    vertex 11.590265565977166 11.59018222938937 2.6363313284035783
    vertex 11.56385945188679 11.389607875826146 2.636331564703813
    vertex 11.590265568222426 11.4098700002053 2.636342704314526
  endloop
endfacet
facet normal -0.0004702678675468555 6.309005586637443e-05 0.9999998874338826
  outer loop
    vertex 11.590265565977166 11.59018222938937 2.6363313284035783
    vertex 11.590265568222426 11.4098700002053 2.636342704314526
    vertex 11.610527692211624 11.563776114790794 2.6363425229949797
  endloop
endfacet
facet normal -0.0004702678675468555 6.309005586637443e-05 0.9999998874338826
  outer loop
    vertex 11.610527692211624 11.563776114790794 2.6363425229949797
    vertex 11.590265568222426 11.4098700002053 2.636342704314526
    vertex 11.610527693799263 11.436276114803874 2.636350566978756
  endloop
endfacet
facet normal -0.0004702678675468555 6.309005586637443e-05 0.9999998874338826
  outer loop
    vertex 11.610527692211624 11.563776114790794 2.6363425229949797
    vertex 11.610527693799263 11.436276114803874 2.636350566978756
    vertex 11.62326499742216 11.53302554304452 2.6363504529965187
  endloop
endfacet
facet normal -0.0004702678675468555 6.309005586637443e-05 0.9999998874338826
  outer loop
    vertex 11.62326499742216 11.53302554304452 2.6363504529965187
    vertex 11.610527693799263 11.436276114803874 2.636350566978756
    vertex 11.623264998243982 11.467026686550149 2.6363546168689194
  endloop
endfacet
facet normal -0.0004702678675468555 6.309005586637443e-05 0.9999998874338826
  outer loop
    vertex 11.62326499742216 11.53302554304452 2.6363504529965187
    vertex 11.623264998243982 11.467026686550149 2.6363546168689194
    vertex 11.627609455308068 11.500026114797334 2.6363545779917024
  endloop
endfacet
facet normal -0.7933533402956873 -0.6087614287638254 1.7061699183071403e-05
  outer loop
    vertex 5.330907345066568 10.825017202237833 1.8076178880568083
    vertex 5.545403313611587 10.545433948133496 0.14259604337128345
    vertex 5.5454474847046225 10.54542304766468 1.807592614304248
  endloop
endfacet
facet normal -0.7933533402956873 -0.6087614287638254 1.7061699183071403e-05
  outer loop
    vertex 5.545403313611587 10.545433948133496 0.14259604337128345
    vertex 5.330907345066568 10.825017202237833 1.8076178880568083
    vertex 5.330863173097864 10.825028102706652 0.14260069109635515
  endloop
endfacet
facet normal 0.22911123287659993 -0.5529986971450513 0.8010620974216919
  outer loop
    vertex 6.849447345638978 10.19601733681213 1.8074768959461134
    vertex 6.567614740225489 11.383112888968686 2.7075809975691043
    vertex 6.535055309032665 11.369626331931945 2.7075665367808357
  endloop
endfacet
facet normal 0.22911123287659993 -0.5529986971450513 0.8010620974216919
  outer loop
    vertex 6.567614740225489 11.383112888968686 2.7075809975691043
    vertex 6.849447345638978 10.19601733681213 1.8074768959461134
    vertex 7.175041633732566 10.330882907179541 1.8074542375853162
  endloop
endfacet
facet normal 0.364432823118574 -0.4748807775342267 0.8010474171747356
  outer loop
    vertex 7.175041633732566 10.330882907179541 1.8074542375853162
    vertex 6.595574157522044 11.404566903017201 2.707592792451037
    vertex 6.567614740225489 11.383112888968686 2.7075809975691043
  endloop
endfacet
facet normal 0.364432823118574 -0.4748807775342267 0.8010474171747356
  outer loop
    vertex 6.595574157522044 11.404566903017201 2.707592792451037
    vertex 7.175041633732566 10.330882907179541 1.8074542375853162
    vertex 7.4546357875133555 10.545423047664684 1.807437552005687
  endloop
endfacet
facet normal 0.9914448610516207 -0.1305261918426071 -2.7155104244155293e-05
  outer loop
    vertex 7.803997333414387 11.150622391784843 0.1425789518673059
    vertex 7.850041632100865 11.500017202168578 1.8074322357976598
    vertex 7.804041497557126 11.150611491316026 1.8074261630423443
  endloop
endfacet
facet normal 0.9914448610516207 -0.1305261918426071 -2.7155104244155293e-05
  outer loop
    vertex 7.850041632100865 11.500017202168578 1.8074322357976598
    vertex 7.803997333414387 11.150622391784843 0.1425789518673059
    vertex 7.849997467884209 11.500028102637394 0.1425816280007124
  endloop
endfacet
facet normal 0.3826834327349238 0.923879532348985 -4.103188682165702e-06
  outer loop
    vertex 6.849403178741982 12.804027967993843 0.14260330453711284
    vertex 7.17504163499107 12.669151497157616 1.8075198796128205
    vertex 7.174997467834308 12.669162397626431 0.14259884793867342
  endloop
endfacet
facet normal 0.3826834327349238 0.923879532348985 -4.103188682165702e-06
  outer loop
    vertex 7.17504163499107 12.669151497157616 1.8075198796128205
    vertex 6.849403178741982 12.804027967993843 0.14260330453711284
    vertex 6.849447347042657 12.804017067525027 1.8075501101144025
  endloop
endfacet
facet normal -0.6087614292457899 -0.7933533400336771 1.095590710032176e-05
  outer loop
    vertex 5.825041638254472 10.330882907179538 1.8075638831881347
    vertex 5.545403313611587 10.545433948133496 0.14259604337128345
    vertex 5.824997468206849 10.330893807648357 0.14259133062664656
  endloop
endfacet
facet normal -0.6087614292457899 -0.7933533400336771 1.095590710032176e-05
  outer loop
    vertex 5.545403313611587 10.545433948133496 0.14259604337128345
    vertex 5.825041638254472 10.330882907179538 1.8075638831881347
    vertex 5.5454474847046225 10.54542304766468 1.807592614304248
  endloop
endfacet
facet normal 0.5935036422298597 -0.07815001175210214 0.8010280908451569
  outer loop
    vertex 7.804041497557126 11.150611491316026 1.8074261630423443
    vertex 6.635114743848019 11.500026318467588 2.7076053645798113
    vertex 6.630514730486045 11.465085747382334 2.707605405743923
  endloop
endfacet
facet normal 0.5935036422298597 -0.07815001175210214 0.8010280908451569
  outer loop
    vertex 6.635114743848019 11.500026318467588 2.7076053645798113
    vertex 7.804041497557126 11.150611491316026 1.8074261630423443
    vertex 7.850041632100865 11.500017202168578 1.8074322357976598
  endloop
endfacet
facet normal -0.22898290250545916 0.5529383869918668 0.8011404187475554
  outer loop
    vertex 6.43261472715717 11.616939747966494 2.7075027592424354
    vertex 6.150635927606563 12.804017067525027 1.807606866854843
    vertex 5.825041639512976 12.669151497157616 1.8076295252156405
  endloop
endfacet
facet normal -0.22898290250545916 0.5529383869918668 0.8011404187475554
  outer loop
    vertex 6.150635927606563 12.804017067525027 1.807606866854843
    vertex 6.43261472715717 11.616939747966494 2.7075027592424354
    vertex 6.465174158349999 11.630426305003235 2.7075172200307005
  endloop
endfacet
facet normal -0.0004702678675468554 6.309005586637443e-05 0.9999998874338826
  outer loop
    vertex 6.369714737766781 11.465085747382334 2.707482759873686
    vertex 6.369714736896615 11.534966889552846 2.707478351067616
    vertex 6.3651147235346395 11.500026318467588 2.70747839223173
  endloop
endfacet
facet normal -0.0004702678675468554 6.309005586637443e-05 0.9999998874338826
  outer loop
    vertex 6.369714736896615 11.534966889552846 2.707478351067616
    vertex 6.369714737766781 11.465085747382334 2.707482759873686
    vertex 6.383201294543967 11.567526318460663 2.707482639186615
  endloop
endfacet
facet normal -0.0004702678675468554 6.309005586637443e-05 0.9999998874338826
  outer loop
    vertex 6.383201294543967 11.567526318460663 2.707482639186615
    vertex 6.369714737766781 11.465085747382334 2.707482759873686
    vertex 6.383201296224996 11.432526318474515 2.707491156345908
  endloop
endfacet
facet normal -0.0004702678675468554 6.309005586637443e-05 0.9999998874338826
  outer loop
    vertex 6.383201294543967 11.567526318460663 2.707482639186615
    vertex 6.383201296224996 11.432526318474515 2.707491156345908
    vertex 6.404655309860614 11.59548573391798 2.7074909643605016
  endloop
endfacet
facet normal -0.0004702678675468554 6.309005586637443e-05 0.9999998874338826
  outer loop
    vertex 6.404655309860614 11.59548573391798 2.7074909643605016
    vertex 6.383201296224996 11.432526318474515 2.707491156345908
    vertex 6.40465531223795 11.404566903017201 2.707503009442683
  endloop
endfacet
facet normal -0.0004702678675468554 6.309005586637443e-05 0.9999998874338826
  outer loop
    vertex 6.404655309860614 11.59548573391798 2.7074909643605016
    vertex 6.40465531223795 11.404566903017201 2.707503009442683
    vertex 6.43261472715717 11.616939747966494 2.7075027592424354
  endloop
endfacet
facet normal -0.0004702678675468554 6.309005586637443e-05 0.9999998874338826
  outer loop
    vertex 6.43261472715717 11.616939747966494 2.7075027592424354
    vertex 6.40465531223795 11.404566903017201 2.707503009442683
    vertex 6.432614730068799 11.383112888968686 2.7075175113950616
  endloop
endfacet
facet normal -0.0004702678675468554 6.309005586637443e-05 0.9999998874338826
  outer loop
    vertex 6.43261472715717 11.616939747966494 2.7075027592424354
    vertex 6.432614730068799 11.383112888968686 2.7075175113950616
    vertex 6.465174158349999 11.630426305003235 2.7075172200307005
  endloop
endfacet
facet normal -0.0004702678675468554 6.309005586637443e-05 0.9999998874338826
  outer loop
    vertex 6.465174158349999 11.630426305003235 2.7075172200307005
    vertex 6.432614730068799 11.383112888968686 2.7075175113950616
    vertex 6.465174161597497 11.369626331931945 2.7075336739189524
  endloop
endfacet
facet normal -0.0004702678675468554 6.309005586637443e-05 0.9999998874338826
  outer loop
    vertex 6.465174158349999 11.630426305003235 2.7075172200307005
    vertex 6.465174161597497 11.369626331931945 2.7075336739189524
    vertex 6.500114732010298 11.63502631845374 2.707533361246481
  endloop
endfacet
facet normal -0.0004702678675468554 6.309005586637443e-05 0.9999998874338826
  outer loop
    vertex 6.500114732010298 11.63502631845374 2.707533361246481
    vertex 6.465174161597497 11.369626331931945 2.7075336739189524
    vertex 6.50011473537236 11.365026318481442 2.70755039556506
  endloop
endfacet
facet normal -0.0004702678675468554 6.309005586637443e-05 0.9999998874338826
  outer loop
    vertex 6.500114732010298 11.63502631845374 2.707533361246481
    vertex 6.50011473537236 11.365026318481442 2.70755039556506
    vertex 6.535055305785168 11.630426305003235 2.7075500828925856
  endloop
endfacet
facet normal -0.0004702678675468554 6.309005586637443e-05 0.9999998874338826
  outer loop
    vertex 6.535055305785168 11.630426305003235 2.7075500828925856
    vertex 6.50011473537236 11.365026318481442 2.70755039556506
    vertex 6.535055309032665 11.369626331931945 2.7075665367808357
  endloop
endfacet
facet normal -0.0004702678675468554 6.309005586637443e-05 0.9999998874338826
  outer loop
    vertex 6.535055305785168 11.630426305003235 2.7075500828925856
    vertex 6.535055309032665 11.369626331931945 2.7075665367808357
    vertex 6.567614737313859 11.616939747966494 2.7075662454164773
  endloop
endfacet
facet normal -0.0004702678675468554 6.309005586637443e-05 0.9999998874338826
  outer loop
    vertex 6.567614737313859 11.616939747966494 2.7075662454164773
    vertex 6.535055309032665 11.369626331931945 2.7075665367808357
    vertex 6.567614740225489 11.383112888968686 2.7075809975691043
  endloop
endfacet
facet normal -0.0004702678675468554 6.309005586637443e-05 0.9999998874338826
  outer loop
    vertex 6.567614737313859 11.616939747966494 2.7075662454164773
    vertex 6.567614740225489 11.383112888968686 2.7075809975691043
    vertex 6.595574155144711 11.59548573391798 2.7075807473688567
  endloop
endfacet
facet normal -0.0004702678675468554 6.309005586637443e-05 0.9999998874338826
  outer loop
    vertex 6.595574155144711 11.59548573391798 2.7075807473688567
    vertex 6.567614740225489 11.383112888968686 2.7075809975691043
    vertex 6.595574157522044 11.404566903017201 2.707592792451037
  endloop
endfacet
facet normal -0.0004702678675468554 6.309005586637443e-05 0.9999998874338826
  outer loop
    vertex 6.595574155144711 11.59548573391798 2.7075807473688567
    vertex 6.595574157522044 11.404566903017201 2.707592792451037
    vertex 6.617028171157665 11.567526318460663 2.7075926004656345
  endloop
endfacet
facet normal -0.0004702678675468554 6.309005586637443e-05 0.9999998874338826
  outer loop
    vertex 6.617028171157665 11.567526318460663 2.7075926004656345
    vertex 6.595574157522044 11.404566903017201 2.707592792451037
    vertex 6.617028172838695 11.432526318474515 2.7076011176249275
  endloop
endfacet
facet normal -0.0004702678675468554 6.309005586637443e-05 0.9999998874338826
  outer loop
    vertex 6.617028171157665 11.567526318460663 2.7075926004656345
    vertex 6.617028172838695 11.432526318474515 2.7076011176249275
    vertex 6.6305147296158795 11.534966889552846 2.7076009969378525
  endloop
endfacet
facet normal -0.0004702678675468554 6.309005586637443e-05 0.9999998874338826
  outer loop
    vertex 6.6305147296158795 11.534966889552846 2.7076009969378525
    vertex 6.617028172838695 11.432526318474515 2.7076011176249275
    vertex 6.630514730486045 11.465085747382334 2.707605405743923
  endloop
endfacet
facet normal -0.0004702678675468554 6.309005586637443e-05 0.9999998874338826
  outer loop
    vertex 6.6305147296158795 11.534966889552846 2.7076009969378525
    vertex 6.630514730486045 11.465085747382334 2.707605405743923
    vertex 6.635114743848019 11.500026318467588 2.7076053645798113
  endloop
endfacet
facet normal 0.9914448610516207 -0.13052619184260708 -2.715510424415529e-05
  outer loop
    vertex 12.731554123231858 11.17003351737474 0.21382963265211402
    vertex 12.775040405324642 11.500017504959377 1.7861910674752264
    vertex 12.73159583381111 11.170023222487522 1.7861853320952055
  endloop
endfacet
facet normal 0.9914448610516207 -0.13052619184260708 -2.715510424415529e-05
  outer loop
    vertex 12.775040405324642 11.500017504959377 1.7861910674752264
    vertex 12.731554123231858 11.17003351737474 0.21382963265211402
    vertex 12.774998694675578 11.500027799846595 0.2138321601114424
  endloop
endfacet
facet normal -0.36428971189025033 0.47480892550985754 0.8011550973857016
  outer loop
    vertex 1.3940642685596294 11.606076146234324 2.8499043979074643
    vertex 0.7500490792844756 12.799038105389473 1.8500583544131741
    vertex 0.4393889084169314 12.560660171517092 1.8500768939460956
  endloop
endfacet
facet normal -0.36428971189025033 0.47480892550985754 0.8011550973857016
  outer loop
    vertex 0.7500490792844756 12.799038105389473 1.8500583544131741
    vertex 1.3940642685596294 11.606076146234324 2.8499043979074643
    vertex 1.4251302877780245 11.629913939621561 2.849917503331835
  endloop
endfacet
facet normal -0.0780617376935219 -0.5934205172831549 0.8010982803474619
  outer loop
    vertex 1.5000490752658076 9.999999999999998 1.849918863016051
    vertex 1.4613074371561676 11.355121255138728 2.849951852972409
    vertex 1.1118205089399251 10.051111260561154 1.8499518293808561
  endloop
endfacet
facet normal -0.0780617376935219 -0.5934205172831549 0.8010982803474619
  outer loop
    vertex 1.4613074371561676 11.355121255138728 2.849951852972409
    vertex 1.5000490752658076 9.999999999999998 1.849918863016051
    vertex 1.5001302969060142 11.350010129082614 2.849970432579196
  endloop
endfacet
facet normal 0.13052619199583831 -0.9914448613533621 -9.953810369627916e-06
  outer loop
    vertex 1.888277641646701 10.051111260561154 1.8498887663359214
    vertex 1.4999999999999842 10.000012111632016 6.6344911090088214e-06
    vertex 1.8882285676093848 10.051123372193171 3.221902383038211e-06
  endloop
endfacet
facet normal 0.13052619199583831 -0.9914448613533621 -9.953810369627916e-06
  outer loop
    vertex 1.4999999999999842 10.000012111632016 6.6344911090088214e-06
    vertex 1.888277641646701 10.051111260561154 1.8498887663359214
    vertex 1.5000490752658076 9.999999999999998 1.849918863016051
  endloop
endfacet
facet normal 0.9914448610516208 -0.1305261918426071 -2.7155104244155293e-05
  outer loop
    vertex 2.948888739174932 11.11178354386417 2.161803913391935e-06
    vertex 3.0000490710487973 11.499999999846098 1.8498391439487512
    vertex 2.9489378104446433 11.11177143223215 1.8498323964428445
  endloop
endfacet
facet normal 0.9914448610516208 -0.1305261918426071 -2.7155104244155293e-05
  outer loop
    vertex 3.0000490710487973 11.499999999846098 1.8498391439487512
    vertex 2.948888739174932 11.11178354386417 2.161803913391935e-06
    vertex 2.9999999996969575 11.500012111478117 5.135285476171036e-06
  endloop
endfacet
facet normal -0.13052619257433012 -0.9914448613225437 -3.028403098795415e-06
  outer loop
    vertex 1.5000490752658076 9.999999999999998 1.849918863016051
    vertex 1.1117714323802532 10.051123372193171 1.0964204914043484e-05
    vertex 1.4999999999999842 10.000012111632016 6.6344911090088214e-06
  endloop
endfacet
facet normal -0.13052619257433012 -0.9914448613225437 -3.028403098795415e-06
  outer loop
    vertex 1.1117714323802532 10.051123372193171 1.0964204914043484e-05
    vertex 1.5000490752658076 9.999999999999998 1.849918863016051
    vertex 1.1118205089399251 10.051111260561154 1.8499518293808561
  endloop
endfacet
facet normal 0.22911479344941293 0.5529637578669088 0.8010851976589878
  outer loop
    vertex 1.5751302990632348 11.629913939621561 2.8499880435252147
    vertex 1.8882776432063457 12.948888739131041 1.849970115411798
    vertex 1.5389531529202454 11.644899002995718 2.8499700851653347
  endloop
endfacet
facet normal 0.22911479344941293 0.5529637578669088 0.8010851976589878
  outer loop
    vertex 1.8882776432063457 12.948888739131041 1.849970115411798
    vertex 1.5751302990632348 11.629913939621561 2.8499880435252147
    vertex 2.2500490742601373 12.799038105389473 1.8499365259655962
  endloop
endfacet
facet normal -0.5933130316149383 0.07809736512198172 0.8011744180120176
  outer loop
    vertex 1.3501302837529907 11.500010129067222 2.849890428875496
    vertex 0.05116034170162309 11.888228567460045 1.8500895483498097
    vertex 4.9081097477388086e-05 11.499999999846098 1.8500828008439014
  endloop
endfacet
facet normal -0.5933130316149383 0.07809736512198172 0.8011744180120176
  outer loop
    vertex 0.05116034170162309 11.888228567460045 1.8500895483498097
    vertex 1.3501302837529907 11.500010129067222 2.849890428875496
    vertex 1.3552414097107424 11.538832985828618 2.849890383137591
  endloop
endfacet
facet normal -0.7933533402369389 0.6087614285648039 2.5032607464037284e-05
  outer loop
    vertex 0.4393889084169314 12.560660171517092 1.8500768939460956
    vertex 0.2009618942272938 12.250012111401162 3.977427716575221e-05
    vertex 0.2010109751513517 12.249999999769143 1.8500875336169702
  endloop
endfacet
facet normal -0.7933533402369389 0.6087614285648039 2.5032607464037284e-05
  outer loop
    vertex 0.2009618942272938 12.250012111401162 3.977427716575221e-05
    vertex 0.4393889084169314 12.560660171517092 1.8500768939460956
    vertex 0.4393398280686768 12.56067228314911 4.0184530833739514e-05
  endloop
endfacet
facet normal -0.38268343273490696 -0.9238795323489905 4.1035267571537925e-06
  outer loop
    vertex 1.1118205089399251 10.051111260561154 1.8499518293808561
    vertex 0.750000000055446 10.200974005934741 1.5915980958564056e-05
    vertex 1.1117714323802532 10.051123372193171 1.0964204914043484e-05
  endloop
endfacet
facet normal -0.38268343273490696 -0.9238795323489905 4.1035267571537925e-06
  outer loop
    vertex 0.750000000055446 10.200974005934741 1.5915980958564056e-05
    vertex 1.1118205089399251 10.051111260561154 1.8499518293808561
    vertex 0.7500490778861388 10.20096189430272 1.8499854188270566
  endloop
endfacet
facet normal -0.0780630383585376 0.5933868782836101 0.8011230708967666
  outer loop
    vertex 1.4613074335478344 11.644899002995718 2.849933570874352
    vertex 1.5000490768804695 12.999999999692193 1.850003081776603
    vertex 1.1118205104995724 12.948888739131041 1.8500331784567328
  endloop
endfacet
facet normal -0.0780630383585376 0.5933868782836101 0.8011230708967666
  outer loop
    vertex 1.5000490768804695 12.999999999692193 1.850003081776603
    vertex 1.4613074335478344 11.644899002995718 2.849933570874352
    vertex 1.5001302931703904 11.650010129051834 2.8499515055585523
  endloop
endfacet
facet normal 0.36443282311857395 -0.47488077753422664 0.8010474171747354
  outer loop
    vertex 2.250049072861801 10.200961894302724 1.84986359037948
    vertex 1.606196321516775 11.393944111900124 2.8500175402302808
    vertex 1.5751303022983794 11.370106318512883 2.8500044348059115
  endloop
endfacet
facet normal 0.36443282311857395 -0.47488077753422664 0.8010474171747354
  outer loop
    vertex 1.606196321516775 11.393944111900124 2.8500175402302808
    vertex 2.250049072861801 10.200961894302724 1.84986359037948
    vertex 2.560709243729344 10.439339828175104 1.8498450508465587
  endloop
endfacet
facet normal 0.5935036422298597 -0.07815001175210214 0.8010280908451569
  outer loop
    vertex 2.9489378104446433 11.11177143223215 1.8498323964428445
    vertex 1.6501303063234132 11.500010129067222 2.8500315092622523
    vertex 1.6450191803656644 11.461187272305827 2.8500315550001543
  endloop
endfacet
facet normal 0.5935036422298597 -0.07815001175210214 0.8010280908451569
  outer loop
    vertex 1.6501303063234132 11.500010129067222 2.8500315092622523
    vertex 2.9489378104446433 11.11177143223215 1.8498323964428445
    vertex 3.0000490710487973 11.499999999846098 1.8498391439487512
  endloop
endfacet
facet normal -0.22897934574420736 -0.5529733296471648 0.8011173172023452
  outer loop
    vertex 1.1118205089399251 10.051111260561154 1.8499518293808561
    vertex 1.4251302910131691 11.370106318512883 2.8499338946125303
    vertex 0.7500490778861388 10.20096189430272 1.8499854188270566
  endloop
endfacet
facet normal -0.22897934574420736 -0.5529733296471648 0.8011173172023452
  outer loop
    vertex 1.4251302910131691 11.370106318512883 2.8499338946125303
    vertex 1.1118205089399251 10.051111260561154 1.8499518293808561
    vertex 1.4613074371561676 11.355121255138728 2.849951852972409
  endloop
endfacet
facet normal -0.00047026786754685533 6.309005586637441e-05 0.9999998874338825
  outer loop
    vertex 1.3552414106775934 11.461187272305827 2.849895281811002
    vertex 1.3552414097107424 11.538832985828618 2.849890383137591
    vertex 1.3501302837529907 11.500010129067222 2.849890428875496
  endloop
endfacet
facet normal -0.00047026786754685533 6.309005586637441e-05 0.9999998874338825
  outer loop
    vertex 1.3552414097107424 11.538832985828618 2.849890383137591
    vertex 1.3552414106775934 11.461187272305827 2.849895281811002
    vertex 1.3702264737633532 11.575010129059526 2.8498951477142573
  endloop
endfacet
facet normal -0.00047026786754685533 6.309005586637441e-05 0.9999998874338825
  outer loop
    vertex 1.3702264737633532 11.575010129059526 2.8498951477142573
    vertex 1.3552414106775934 11.461187272305827 2.849895281811002
    vertex 1.3702264756311664 11.425010129074918 2.849904611224582
  endloop
endfacet
facet normal -0.00047026786754685533 6.309005586637441e-05 0.9999998874338825
  outer loop
    vertex 1.3702264737633532 11.575010129059526 2.8498951477142573
    vertex 1.3702264756311664 11.425010129074918 2.849904611224582
    vertex 1.3940642685596294 11.606076146234324 2.8499043979074643
  endloop
endfacet
facet normal -0.00047026786754685533 6.309005586637441e-05 0.9999998874338825
  outer loop
    vertex 1.3940642685596294 11.606076146234324 2.8499043979074643
    vertex 1.3702264756311664 11.425010129074918 2.849904611224582
    vertex 1.3940642712011146 11.393944111900124 2.84991778133211
  endloop
endfacet
facet normal -0.00047026786754685533 6.309005586637441e-05 0.9999998874338825
  outer loop
    vertex 1.3940642685596294 11.606076146234324 2.8499043979074643
    vertex 1.3940642712011146 11.393944111900124 2.84991778133211
    vertex 1.4251302877780245 11.629913939621561 2.849917503331835
  endloop
endfacet
facet normal -0.00047026786754685533 6.309005586637441e-05 0.9999998874338825
  outer loop
    vertex 1.4251302877780245 11.629913939621561 2.849917503331835
    vertex 1.3940642712011146 11.393944111900124 2.84991778133211
    vertex 1.4251302910131691 11.370106318512883 2.8499338946125303
  endloop
endfacet
facet normal -0.00047026786754685533 6.309005586637441e-05 0.9999998874338825
  outer loop
    vertex 1.4251302877780245 11.629913939621561 2.849917503331835
    vertex 1.4251302910131691 11.370106318512883 2.8499338946125303
    vertex 1.4613074335478344 11.644899002995718 2.849933570874352
  endloop
endfacet
facet normal -0.00047026786754685533 6.309005586637441e-05 0.9999998874338825
  outer loop
    vertex 1.4613074335478344 11.644899002995718 2.849933570874352
    vertex 1.4251302910131691 11.370106318512883 2.8499338946125303
    vertex 1.4613074371561676 11.355121255138728 2.849951852972409
  endloop
endfacet
facet normal -0.00047026786754685533 6.309005586637441e-05 0.9999998874338825
  outer loop
    vertex 1.4613074335478344 11.644899002995718 2.849933570874352
    vertex 1.4613074371561676 11.355121255138728 2.849951852972409
    vertex 1.5001302931703904 11.650010129051834 2.8499515055585523
  endloop
endfacet
facet normal -0.00047026786754685533 6.309005586637441e-05 0.9999998874338825
  outer loop
    vertex 1.5001302931703904 11.650010129051834 2.8499515055585523
    vertex 1.4613074371561676 11.355121255138728 2.849951852972409
    vertex 1.5001302969060142 11.350010129082614 2.849970432579196
  endloop
endfacet
facet normal -0.00047026786754685533 6.309005586637441e-05 0.9999998874338825
  outer loop
    vertex 1.5001302931703904 11.650010129051834 2.8499515055585523
    vertex 1.5001302969060142 11.350010129082614 2.849970432579196
    vertex 1.5389531529202454 11.644899002995718 2.8499700851653347
  endloop
endfacet
facet normal -0.00047026786754685533 6.309005586637441e-05 0.9999998874338825
  outer loop
    vertex 1.5389531529202454 11.644899002995718 2.8499700851653347
    vertex 1.5001302969060142 11.350010129082614 2.849970432579196
    vertex 1.538953156528576 11.355121255138728 2.8499883672633906
  endloop
endfacet
facet normal -0.00047026786754685533 6.309005586637441e-05 0.9999998874338825
  outer loop
    vertex 1.5389531529202454 11.644899002995718 2.8499700851653347
    vertex 1.538953156528576 11.355121255138728 2.8499883672633906
    vertex 1.5751302990632348 11.629913939621561 2.8499880435252147
  endloop
endfacet
facet normal -0.00047026786754685533 6.309005586637441e-05 0.9999998874338825
  outer loop
    vertex 1.5751302990632348 11.629913939621561 2.8499880435252147
    vertex 1.538953156528576 11.355121255138728 2.8499883672633906
    vertex 1.5751303022983794 11.370106318512883 2.8500044348059115
  endloop
endfacet
facet normal -0.00047026786754685533 6.309005586637441e-05 0.9999998874338825
  outer loop
    vertex 1.5751302990632348 11.629913939621561 2.8499880435252147
    vertex 1.5751303022983794 11.370106318512883 2.8500044348059115
    vertex 1.6061963188752926 11.606076146234324 2.8500041568056367
  endloop
endfacet
facet normal -0.00047026786754685533 6.309005586637441e-05 0.9999998874338825
  outer loop
    vertex 1.6061963188752926 11.606076146234324 2.8500041568056367
    vertex 1.5751303022983794 11.370106318512883 2.8500044348059115
    vertex 1.606196321516775 11.393944111900124 2.8500175402302808
  endloop
endfacet
facet normal -0.00047026786754685533 6.309005586637441e-05 0.9999998874338825
  outer loop
    vertex 1.6061963188752926 11.606076146234324 2.8500041568056367
    vertex 1.606196321516775 11.393944111900124 2.8500175402302808
    vertex 1.6300341144452433 11.575010129059526 2.8500173269131674
  endloop
endfacet
facet normal -0.00047026786754685533 6.309005586637441e-05 0.9999998874338825
  outer loop
    vertex 1.6300341144452433 11.575010129059526 2.8500173269131674
    vertex 1.606196321516775 11.393944111900124 2.8500175402302808
    vertex 1.6300341163130536 11.425010129074918 2.8500267904234926
  endloop
endfacet
facet normal -0.00047026786754685533 6.309005586637441e-05 0.9999998874338825
  outer loop
    vertex 1.6300341144452433 11.575010129059526 2.8500173269131674
    vertex 1.6300341163130536 11.425010129074918 2.8500267904234926
    vertex 1.6450191793988134 11.538832985828618 2.850026656326743
  endloop
endfacet
facet normal -0.00047026786754685533 6.309005586637441e-05 0.9999998874338825
  outer loop
    vertex 1.6450191793988134 11.538832985828618 2.850026656326743
    vertex 1.6300341163130536 11.425010129074918 2.8500267904234926
    vertex 1.6450191803656644 11.461187272305827 2.8500315550001543
  endloop
endfacet
facet normal -0.00047026786754685533 6.309005586637441e-05 0.9999998874338825
  outer loop
    vertex 1.6450191793988134 11.538832985828618 2.850026656326743
    vertex 1.6450191803656644 11.461187272305827 2.8500315550001543
    vertex 1.6501303063234132 11.500010129067222 2.8500315092622523
  endloop
endfacet
facet normal -0.5933117294472857 -0.07814072940582896 0.8011711540664679
  outer loop
    vertex 0.05116034128371816 11.11177143223215 1.8500677509306225
    vertex 1.3501302837529907 11.500010129067222 2.849890428875496
    vertex 4.9081097477388086e-05 11.499999999846098 1.8500828008439014
  endloop
endfacet
facet normal -0.5933117294472857 -0.07814072940582896 0.8011711540664679
  outer loop
    vertex 1.3501302837529907 11.500010129067222 2.849890428875496
    vertex 0.05116034128371816 11.11177143223215 1.8500677509306225
    vertex 1.3552414106775934 11.461187272305827 2.849895281811002
  endloop
endfacet
facet normal 0.608761429245837 0.7933533400336542 -1.0954964915344837e-05
  outer loop
    vertex 2.2499999996415134 12.79905021702149 2.4268549877290435e-05
    vertex 2.560709244871075 12.560660171517092 1.8499046025032495
    vertex 2.5606601714140287 12.56067228314911 1.903216694739973e-05
  endloop
endfacet
facet normal 0.608761429245837 0.7933533400336542 -1.0954964915344837e-05
  outer loop
    vertex 2.560709244871075 12.560660171517092 1.8499046025032495
    vertex 2.2499999996415134 12.79905021702149 2.4268549877290435e-05
    vertex 2.2500490742601373 12.799038105389473 1.8499365259655962
  endloop
endfacet
facet normal 0.9238795322876059 0.38268343227257057 -2.200271704695856e-05
  outer loop
    vertex 12.731554123165196 11.83002208231845 0.213835553970217
    vertex 12.604222796065082 12.137517504893971 1.7862228375913543
    vertex 12.731595834166333 11.830011787431236 1.7862038599015133
  endloop
endfacet
facet normal 0.9238795322876059 0.38268343227257057 -2.200271704695856e-05
  outer loop
    vertex 12.604222796065082 12.137517504893971 1.7862228375913543
    vertex 12.731554123165196 11.83002208231845 0.213835553970217
    vertex 12.60418108445361 12.137527799781186 0.21383958294256963
  endloop
endfacet
facet normal 0.5935036422298597 -0.07815001175210214 0.8010280908451569
  outer loop
    vertex 12.73159583381111 11.170023222487522 1.7861853320952055
    vertex 11.627609455308068 11.500026114797334 2.6363545779917024
    vertex 11.623264998243982 11.467026686550149 2.6363546168689194
  endloop
endfacet
facet normal 0.5935036422298597 -0.07815001175210214 0.8010280908451569
  outer loop
    vertex 11.627609455308068 11.500026114797334 2.6363545779917024
    vertex 12.73159583381111 11.170023222487522 1.7861853320952055
    vertex 12.775040405324642 11.500017504959377 1.7861910674752264
  endloop
endfacet
facet normal 0.7933533402957378 0.608761428763803 -1.7060139666046218e-05
  outer loop
    vertex 12.60418108445361 12.137527799781186 0.21383958294256963
    vertex 12.401601553073581 12.401578650879726 1.7862467072465495
    vertex 12.604222796065082 12.137517504893971 1.7862228375913543
  endloop
endfacet
facet normal 0.7933533402957378 0.608761428763803 -1.7060139666046218e-05
  outer loop
    vertex 12.401601553073581 12.401578650879726 1.7862467072465495
    vertex 12.60418108445361 12.137527799781186 0.21383958294256963
    vertex 12.401559840635091 12.40158894576694 0.21384397246069295
  endloop
endfacet
facet normal 0.3644376861893073 0.47484358299210494 0.8010672534664015
  outer loop
    vertex 1.6061963188752926 11.606076146234324 2.8500041568056367
    vertex 2.2500490742601373 12.799038105389473 1.8499365259655962
    vertex 1.5751302990632348 11.629913939621561 2.8499880435252147
  endloop
endfacet
facet normal 0.3644376861893073 0.47484358299210494 0.8010672534664015
  outer loop
    vertex 2.2500490742601373 12.799038105389473 1.8499365259655962
    vertex 1.6061963188752926 11.606076146234324 2.8500041568056367
    vertex 2.560709244871075 12.560660171517092 1.8499046025032495
  endloop
endfacet
facet normal -0.5528754471014158 -0.22905541627977016 0.8011631271253756
  outer loop
    vertex 0.20101097434402349 10.749999999923046 1.8500454242366935
    vertex 1.3552414106775934 11.461187272305827 2.849895281811002
    vertex 0.05116034128371816 11.11177143223215 1.8500677509306225
  endloop
endfacet
facet normal -0.5528754471014158 -0.22905541627977016 0.8011631271253756
  outer loop
    vertex 1.3552414106775934 11.461187272305827 2.849895281811002
    vertex 0.20101097434402349 10.749999999923046 1.8500454242366935
    vertex 1.3702264756311664 11.425010129074918 2.849904611224582
  endloop
endfacet
facet normal 0.5530616331793157 0.22903872716518717 0.8010393819055209
  outer loop
    vertex 1.6450191793988134 11.538832985828618 2.850026656326743
    vertex 2.799087177802255 12.249999999769146 1.8498765205559606
    vertex 1.6300341144452433 11.575010129059526 2.8500173269131674
  endloop
endfacet
facet normal 0.5530616331793157 0.22903872716518717 0.8010393819055209
  outer loop
    vertex 2.799087177802255 12.249999999769146 1.8498765205559606
    vertex 1.6450191793988134 11.538832985828618 2.850026656326743
    vertex 2.948937810862551 11.888228567460045 1.84985419386203
  endloop
endfacet
facet normal -0.22898290250545913 0.5529383869918668 0.8011404187475554
  outer loop
    vertex 11.43635943954449 11.610444353768523 2.6362576729508476
    vertex 11.170046128857805 12.73157293335158 1.7863559968070104
    vertex 10.862540412324972 12.604199894671247 1.7863773963699854
  endloop
endfacet
facet normal -0.22898290250545913 0.5529383869918668 0.8011404187475554
  outer loop
    vertex 11.170046128857805 12.73157293335158 1.7863559968070104
    vertex 11.43635943954449 11.610444353768523 2.6362576729508476
    vertex 11.467110013448826 11.623181657636557 2.6362713303619865
  endloop
endfacet
facet normal -0.36428485250181925 -0.4748461251102363 0.8011352593073916
  outer loop
    vertex 0.7500490778861388 10.20096189430272 1.8499854188270566
    vertex 1.3940642712011146 11.393944111900124 2.84991778133211
    vertex 0.43938890727519464 10.4393398281751 1.8500173422894046
  endloop
endfacet
facet normal -0.36428485250181925 -0.4748461251102363 0.8011352593073916
  outer loop
    vertex 1.3940642712011146 11.393944111900124 2.84991778133211
    vertex 0.7500490778861388 10.20096189430272 1.8499854188270566
    vertex 1.4251302910131691 11.370106318512883 2.8499338946125303
  endloop
endfacet
facet normal 0.4749305533145827 0.36435869856587166 0.8010516264933796
  outer loop
    vertex 11.610527692211624 11.563776114790794 2.6363425229949797
    vertex 12.401601553073581 12.401578650879726 1.7862467072465495
    vertex 11.590265565977166 11.59018222938937 2.6363313284035783
  endloop
endfacet
facet normal 0.4749305533145827 0.36435869856587166 0.8010516264933796
  outer loop
    vertex 12.401601553073581 12.401578650879726 1.7862467072465495
    vertex 11.610527692211624 11.563776114790794 2.6363425229949797
    vertex 12.604222796065082 12.137517504893971 1.7862228375913543
  endloop
endfacet
facet normal 0.4749256904909438 -0.36439849770247273 0.8010364057793388
  outer loop
    vertex 12.40160155210311 10.598456359039034 1.7861960883383623
    vertex 11.610527693799263 11.436276114803874 2.636350566978756
    vertex 11.590265568222426 11.4098700002053 2.636342704314526
  endloop
endfacet
facet normal 0.4749256904909438 -0.36439849770247273 0.8010364057793388
  outer loop
    vertex 11.610527693799263 11.436276114803874 2.636350566978756
    vertex 12.40160155210311 10.598456359039034 1.7861960883383623
    vertex 12.604222795378849 10.86251750502479 1.786187044618119
  endloop
endfacet
facet normal 0.3826834322909183 -0.9238795323999655 -1.6200726100776727e-05
  outer loop
    vertex 7.175041633732566 10.330882907179541 1.8074542375853162
    vertex 6.849403179005393 10.196028237280945 0.1425799059559286
    vertex 7.174997468070483 10.330893807648357 0.14257786934469785
  endloop
endfacet
facet normal 0.3826834322909183 -0.9238795323999655 -1.6200726100776727e-05
  outer loop
    vertex 6.849403179005393 10.196028237280945 0.1425799059559286
    vertex 7.175041633732566 10.330882907179541 1.8074542375853162
    vertex 6.849447345638978 10.19601733681213 1.8074768959461134
  endloop
endfacet
facet normal 0.6087614290059584 -0.7933533400062551 -2.1343452113854715e-05
  outer loop
    vertex 7.4546357875133555 10.545423047664684 1.807437552005687
    vertex 7.174997468070483 10.330893807648357 0.14257786934469785
    vertex 7.4545916226224085 10.5454339481335 0.14257700624378383
  endloop
endfacet
facet normal 0.6087614290059584 -0.7933533400062551 -2.1343452113854715e-05
  outer loop
    vertex 7.174997468070483 10.330893807648357 0.14257786934469785
    vertex 7.4546357875133555 10.545423047664684 1.807437552005687
    vertex 7.175041633732566 10.330882907179541 1.8074542375853162
  endloop
endfacet
facet normal 0.9914448610275299 0.1305261923699893 -2.5445915051852546e-05
  outer loop
    vertex 7.849997467884209 11.500028102637394 0.1425816280007124
    vertex 7.804041497933242 11.849422913021133 1.807445780719611
    vertex 7.850041632100865 11.500017202168578 1.8074322357976598
  endloop
endfacet
facet normal 0.9914448610275299 0.1305261923699893 -2.5445915051852546e-05
  outer loop
    vertex 7.804041497933242 11.849422913021133 1.807445780719611
    vertex 7.849997467884209 11.500028102637394 0.1425816280007124
    vertex 7.803997333343806 11.849433813489949 0.14258522149823843
  endloop
endfacet
facet normal -0.5528790046676865 0.22901335465400655 0.8011726964817178
  outer loop
    vertex 6.369714736896615 11.534966889552846 2.707478351067616
    vertex 5.330907345793164 12.175017202099323 1.8076557864990572
    vertex 5.196041775688408 11.849422913021133 1.807657599758613
  endloop
endfacet
facet normal -0.5528790046676865 0.22901335465400655 0.8011726964817178
  outer loop
    vertex 5.330907345793164 12.175017202099323 1.8076557864990572
    vertex 6.369714736896615 11.534966889552846 2.707478351067616
    vertex 6.383201294543967 11.567526318460663 2.707482639186615
  endloop
endfacet
facet normal -0.6087614290059469 0.7933533400062526 2.134387565071082e-05
  outer loop
    vertex 5.545403313418756 12.45462225714129 0.1426131723215342
    vertex 5.825041639512976 12.669151497157616 1.8076295252156405
    vertex 5.824997467970678 12.669162397626431 0.14261230922062273
  endloop
endfacet
facet normal -0.6087614290059469 0.7933533400062526 2.134387565071082e-05
  outer loop
    vertex 5.825041639512976 12.669151497157616 1.8076295252156405
    vertex 5.545403313418756 12.45462225714129 0.1426131723215342
    vertex 5.545447485732185 12.454611356672475 1.8076462107952695
  endloop
endfacet
facet normal -0.5933130316149383 0.07809736512198172 0.8011744180120176
  outer loop
    vertex 6.3651147235346395 11.500026318467588 2.70747839223173
    vertex 5.196041775688408 11.849422913021133 1.807657599758613
    vertex 5.150041641144677 11.500017202168578 1.8076515270032953
  endloop
endfacet
facet normal -0.5933130316149383 0.07809736512198172 0.8011744180120176
  outer loop
    vertex 5.196041775688408 11.849422913021133 1.807657599758613
    vertex 6.3651147235346395 11.500026318467588 2.70747839223173
    vertex 6.369714736896615 11.534966889552846 2.707478351067616
  endloop
endfacet
facet normal 0.9238795322876059 0.38268343227257057 -2.200271704695856e-05
  outer loop
    vertex 7.803997333343806 11.849433813489949 0.14258522149823843
    vertex 7.6691759281789755 12.175017202099324 1.8074658747441488
    vertex 7.804041497933242 11.849422913021133 1.807445780719611
  endloop
endfacet
facet normal 0.9238795322876059 0.38268343227257057 -2.200271704695856e-05
  outer loop
    vertex 7.6691759281789755 12.175017202099324 1.8074658747441488
    vertex 7.803997333343806 11.849433813489949 0.14258522149823843
    vertex 7.669131762943299 12.17502810256814 0.1425894874689648
  endloop
endfacet
facet normal -0.2289793457442074 -0.5529733296471647 0.8011173172023454
  outer loop
    vertex 6.15063592620288 10.19601733681213 1.8075336526865549
    vertex 6.432614730068799 11.383112888968686 2.7075175113950616
    vertex 5.825041638254472 10.330882907179538 1.8075638831881347
  endloop
endfacet
facet normal -0.2289793457442074 -0.5529733296471647 0.8011173172023454
  outer loop
    vertex 6.432614730068799 11.383112888968686 2.7075175113950616
    vertex 6.15063592620288 10.19601733681213 1.8075336526865549
    vertex 6.465174161597497 11.369626331931945 2.7075336739189524
  endloop
endfacet
facet normal -0.9238795323188097 0.38268343187619697 2.7015437298646785e-05
  outer loop
    vertex 5.330907345793164 12.175017202099323 1.8076557864990572
    vertex 5.195997602626767 11.849433813489949 0.14261122669801438
    vertex 5.196041775688408 11.849422913021133 1.807657599758613
  endloop
endfacet
facet normal -0.9238795323188097 0.38268343187619697 2.7015437298646785e-05
  outer loop
    vertex 5.195997602626767 11.849433813489949 0.14261122669801438
    vertex 5.330907345793164 12.175017202099323 1.8076557864990572
    vertex 5.330863172961512 12.175028102568138 0.14261280309323301
  endloop
endfacet
facet normal -0.36428971189025033 0.4748089255098576 0.8011550973857016
  outer loop
    vertex 6.404655309860614 11.59548573391798 2.7074909643605016
    vertex 5.825041639512976 12.669151497157616 1.8076295252156405
    vertex 5.545447485732185 12.454611356672475 1.8076462107952695
  endloop
endfacet
facet normal -0.36428971189025033 0.4748089255098576 0.8011550973857016
  outer loop
    vertex 5.825041639512976 12.669151497157616 1.8076295252156405
    vertex 6.404655309860614 11.59548573391798 2.7074909643605016
    vertex 6.43261472715717 11.616939747966494 2.7075027592424354
  endloop
endfacet
facet normal -0.47475914809375364 -0.3643638458091787 0.8011508841463251
  outer loop
    vertex 5.5454474847046225 10.54542304766468 1.807592614304248
    vertex 6.383201296224996 11.432526318474515 2.707491156345908
    vertex 5.330907345066568 10.825017202237833 1.8076178880568083
  endloop
endfacet
facet normal -0.47475914809375364 -0.3643638458091787 0.8011508841463251
  outer loop
    vertex 6.383201296224996 11.432526318474515 2.707491156345908
    vertex 5.5454474847046225 10.54542304766468 1.807592614304248
    vertex 6.40465531223795 11.404566903017201 2.707503009442683
  endloop
endfacet
facet normal 0.4749256904909437 -0.36439849770247273 0.8010364057793388
  outer loop
    vertex 7.4546357875133555 10.545423047664684 1.807437552005687
    vertex 6.617028172838695 11.432526318474515 2.7076011176249275
    vertex 6.595574157522044 11.404566903017201 2.707592792451037
  endloop
endfacet
facet normal 0.4749256904909437 -0.36439849770247273 0.8010364057793388
  outer loop
    vertex 6.617028172838695 11.432526318474515 2.7076011176249275
    vertex 7.4546357875133555 10.545423047664684 1.807437552005687
    vertex 7.6691759274523745 10.825017202237836 1.8074279763018992
  endloop
endfacet
facet normal -0.9238795323188096 0.38268343187619686 2.701543729864678e-05
  outer loop
    vertex 0.2010109751513517 12.249999999769143 1.8500875336169702
    vertex 0.05111126052202264 11.888240679092062 3.802272692281505e-05
    vertex 0.05116034170162309 11.888228567460045 1.8500895483498097
  endloop
endfacet
facet normal -0.9238795323188096 0.38268343187619686 2.701543729864678e-05
  outer loop
    vertex 0.05111126052202264 11.888240679092062 3.802272692281505e-05
    vertex 0.2010109751513517 12.249999999769143 1.8500875336169702
    vertex 0.2009618942272938 12.250012111401162 3.977427716575221e-05
  endloop
endfacet
facet normal -0.0780630383585376 0.5933868782836101 0.8011230708967666
  outer loop
    vertex 6.465174158349999 11.630426305003235 2.7075172200307005
    vertex 6.500041637349369 12.850017202030065 1.807579779842727
    vertex 6.150635927606563 12.804017067525027 1.807606866854843
  endloop
endfacet
facet normal -0.0780630383585376 0.5933868782836101 0.8011230708967666
  outer loop
    vertex 6.500041637349369 12.850017202030065 1.807579779842727
    vertex 6.465174158349999 11.630426305003235 2.7075172200307005
    vertex 6.500114732010298 11.63502631845374 2.707533361246481
  endloop
endfacet
facet normal 0.07818564352748168 0.5933961646457189 0.8011042359955068
  outer loop
    vertex 6.500114732010298 11.63502631845374 2.707533361246481
    vertex 6.849447347042657 12.804017067525027 1.8075501101144025
    vertex 6.500041637349369 12.850017202030065 1.807579779842727
  endloop
endfacet
facet normal 0.07818564352748168 0.5933961646457189 0.8011042359955068
  outer loop
    vertex 6.849447347042657 12.804017067525027 1.8075501101144025
    vertex 6.500114732010298 11.63502631845374 2.707533361246481
    vertex 6.535055305785168 11.630426305003235 2.7075500828925856
  endloop
endfacet
facet normal 0.6087614292458369 0.7933533400336542 -1.0954964915344834e-05
  outer loop
    vertex 7.174997467834308 12.669162397626431 0.14259884793867342
    vertex 7.454635788540915 12.454611356672475 1.8074911484967084
    vertex 7.454591622429573 12.45462225714129 0.14259413519403652
  endloop
endfacet
facet normal 0.6087614292458369 0.7933533400336542 -1.0954964915344834e-05
  outer loop
    vertex 7.454635788540915 12.454611356672475 1.8074911484967084
    vertex 7.174997467834308 12.669162397626431 0.14259884793867342
    vertex 7.17504163499107 12.669151497157616 1.8075198796128205
  endloop
endfacet
facet normal -0.9914448610274684 -0.13052619237002497 2.5448128015815628e-05
  outer loop
    vertex 5.150041641144677 11.500017202168578 1.8076515270032953
    vertex 5.195997602697348 11.150622391784841 0.1426049570670812
    vertex 5.196041775312294 11.150611491316026 1.8076379820813442
  endloop
endfacet
facet normal -0.9914448610274684 -0.13052619237002497 2.5448128015815628e-05
  outer loop
    vertex 5.195997602697348 11.150622391784841 0.1426049570670812
    vertex 5.150041641144677 11.500017202168578 1.8076515270032953
    vertex 5.149997468156947 11.500028102637394 0.14260855056460628
  endloop
endfacet
facet normal -0.0780617376935219 -0.5934205172831549 0.8010982803474619
  outer loop
    vertex 6.500041635896173 10.15001720230709 1.80750398295823
    vertex 6.465174161597497 11.369626331931945 2.7075336739189524
    vertex 6.15063592620288 10.19601733681213 1.8075336526865549
  endloop
endfacet
facet normal -0.0780617376935219 -0.5934205172831549 0.8010982803474619
  outer loop
    vertex 6.465174161597497 11.369626331931945 2.7075336739189524
    vertex 6.500041635896173 10.15001720230709 1.80750398295823
    vertex 6.50011473537236 11.365026318481442 2.70755039556506
  endloop
endfacet
facet normal 0.7933533402957378 0.608761428763803 -1.7060139666046218e-05
  outer loop
    vertex 7.669131762943299 12.17502810256814 0.1425894874689648
    vertex 7.454635788540915 12.454611356672475 1.8074911484967084
    vertex 7.6691759281789755 12.175017202099324 1.8074658747441488
  endloop
endfacet
facet normal 0.7933533402957378 0.608761428763803 -1.7060139666046218e-05
  outer loop
    vertex 7.454635788540915 12.454611356672475 1.8074911484967084
    vertex 7.669131762943299 12.17502810256814 0.1425894874689648
    vertex 7.454591622429573 12.45462225714129 0.14259413519403652
  endloop
endfacet
facet normal 0.22911479344941293 0.5529637578669088 0.8010851976589878
  outer loop
    vertex 6.567614737313859 11.616939747966494 2.7075662454164773
    vertex 6.849447347042657 12.804017067525027 1.8075501101144025
    vertex 6.535055305785168 11.630426305003235 2.7075500828925856
  endloop
endfacet
facet normal 0.22911479344941293 0.5529637578669088 0.8010851976589878
  outer loop
    vertex 6.849447347042657 12.804017067525027 1.8075501101144025
    vertex 6.567614737313859 11.616939747966494 2.7075662454164773
    vertex 7.17504163499107 12.669151497157616 1.8075198796128205
  endloop
endfacet
facet normal 0.9238795323188583 -0.3826834318761957 -2.7013792322647637e-05
  outer loop
    vertex 7.66913176307965 10.825028102706653 0.14257737547208565
    vertex 7.804041497557126 11.150611491316026 1.8074261630423443
    vertex 7.6691759274523745 10.825017202237836 1.8074279763018992
  endloop
endfacet
facet normal 0.9238795323188583 -0.3826834318761957 -2.7013792322647637e-05
  outer loop
    vertex 7.804041497557126 11.150611491316026 1.8074261630423443
    vertex 7.66913176307965 10.825028102706653 0.14257737547208565
    vertex 7.803997333414387 11.150622391784843 0.1425789518673059
  endloop
endfacet
facet normal -0.9238795322875292 -0.38268343227263957 2.200474170002126e-05
  outer loop
    vertex 5.196041775312294 11.150611491316026 1.8076379820813442
    vertex 5.330863173097864 10.825028102706652 0.14260069109635515
    vertex 5.330907345066568 10.825017202237833 1.8076178880568083
  endloop
endfacet
facet normal -0.9238795322875292 -0.38268343227263957 2.200474170002126e-05
  outer loop
    vertex 5.330863173097864 10.825028102706652 0.14260069109635515
    vertex 5.196041775312294 11.150611491316026 1.8076379820813442
    vertex 5.195997602697348 11.150622391784841 0.1426049570670812
  endloop
endfacet
facet normal 0.07818433906743176 -0.593429802454505 0.8010794459249322
  outer loop
    vertex 6.849447345638978 10.19601733681213 1.8074768959461134
    vertex 6.50011473537236 11.365026318481442 2.70755039556506
    vertex 6.500041635896173 10.15001720230709 1.80750398295823
  endloop
endfacet
facet normal 0.07818433906743176 -0.593429802454505 0.8010794459249322
  outer loop
    vertex 6.50011473537236 11.365026318481442 2.70755039556506
    vertex 6.849447345638978 10.19601733681213 1.8074768959461134
    vertex 6.535055309032665 11.369626331931945 2.7075665367808357
  endloop
endfacet
facet normal -0.5933117294472857 -0.07814072940582896 0.8011711540664679
  outer loop
    vertex 5.196041775312294 11.150611491316026 1.8076379820813442
    vertex 6.3651147235346395 11.500026318467588 2.70747839223173
    vertex 5.150041641144677 11.500017202168578 1.8076515270032953
  endloop
endfacet
facet normal -0.5933117294472857 -0.07814072940582896 0.8011711540664679
  outer loop
    vertex 6.3651147235346395 11.500026318467588 2.70747839223173
    vertex 5.196041775312294 11.150611491316026 1.8076379820813442
    vertex 6.369714737766781 11.465085747382334 2.707482759873686
  endloop
endfacet
facet normal 0.4749305533145828 0.3643586985658716 0.8010516264933796
  outer loop
    vertex 6.617028171157665 11.567526318460663 2.7075926004656345
    vertex 7.454635788540915 12.454611356672475 1.8074911484967084
    vertex 6.595574155144711 11.59548573391798 2.7075807473688567
  endloop
endfacet
facet normal 0.4749305533145828 0.3643586985658716 0.8010516264933796
  outer loop
    vertex 7.454635788540915 12.454611356672475 1.8074911484967084
    vertex 6.617028171157665 11.567526318460663 2.7075926004656345
    vertex 7.6691759281789755 12.175017202099324 1.8074658747441488
  endloop
endfacet
facet normal 0.0781856435274817 0.5933961646457189 0.8011042359955068
  outer loop
    vertex 1.5001302931703904 11.650010129051834 2.8499515055585523
    vertex 1.8882776432063457 12.948888739131041 1.849970115411798
    vertex 1.5000490768804695 12.999999999692193 1.850003081776603
  endloop
endfacet
facet normal 0.0781856435274817 0.5933961646457189 0.8011042359955068
  outer loop
    vertex 1.8882776432063457 12.948888739131041 1.849970115411798
    vertex 1.5001302931703904 11.650010129051834 2.8499515055585523
    vertex 1.5389531529202454 11.644899002995718 2.8499700851653347
  endloop
endfacet
facet normal -0.3826834322909223 0.9238795323999646 1.6200684500048782e-05
  outer loop
    vertex 5.824997467970678 12.669162397626431 0.14261230922062273
    vertex 6.150635927606563 12.804017067525027 1.807606866854843
    vertex 6.150591757035764 12.804027967993843 0.14261027260939105
  endloop
endfacet
facet normal -0.3826834322909223 0.9238795323999646 1.6200684500048782e-05
  outer loop
    vertex 6.150635927606563 12.804017067525027 1.807606866854843
    vertex 5.824997467970678 12.669162397626431 0.14261230922062273
    vertex 5.825041639512976 12.669151497157616 1.8076295252156405
  endloop
endfacet
facet normal -0.7933533402369389 0.6087614285648038 2.5032607464037284e-05
  outer loop
    vertex 5.545447485732185 12.454611356672475 1.8076462107952695
    vertex 5.330863172961512 12.175028102568138 0.14261280309323301
    vertex 5.330907345793164 12.175017202099323 1.8076557864990572
  endloop
endfacet
facet normal -0.7933533402369389 0.6087614285648038 2.5032607464037284e-05
  outer loop
    vertex 5.330863172961512 12.175028102568138 0.14261280309323301
    vertex 5.545447485732185 12.454611356672475 1.8076462107952695
    vertex 5.545403313418756 12.45462225714129 0.1426131723215342
  endloop
endfacet
facet normal -0.1305261925743301 -0.9914448613225437 -3.028403098795415e-06
  outer loop
    vertex 6.500041635896173 10.15001720230709 1.80750398295823
    vertex 6.150591757299176 10.196028237280945 0.1425868740282065
    vertex 6.499997468156933 10.150028102775906 0.14258297728578195
  endloop
endfacet
facet normal -0.1305261925743301 -0.9914448613225437 -3.028403098795415e-06
  outer loop
    vertex 6.150591757299176 10.196028237280945 0.1425868740282065
    vertex 6.500041635896173 10.15001720230709 1.80750398295823
    vertex 6.15063592620288 10.19601733681213 1.8075336526865549
  endloop
endfacet
facet normal -0.9914448610515701 0.1305261918425593 2.715717823709088e-05
  outer loop
    vertex 0.05116034170162309 11.888228567460045 1.8500895483498097
    vertex 0.0 11.500012111478117 3.504924535827347e-05
    vertex 4.9081097477388086e-05 11.499999999846098 1.8500828008439014
  endloop
endfacet
facet normal -0.9914448610515701 0.1305261918425593 2.715717823709088e-05
  outer loop
    vertex 0.0 11.500012111478117 3.504924535827347e-05
    vertex 0.05116034170162309 11.888228567460045 1.8500895483498097
    vertex 0.05111126052202264 11.888240679092062 3.802272692281505e-05
  endloop
endfacet
facet normal 0.07818433906743175 -0.5934298024545049 0.801079445924932
  outer loop
    vertex 1.888277641646701 10.051111260561154 1.8498887663359214
    vertex 1.5001302969060142 11.350010129082614 2.849970432579196
    vertex 1.5000490752658076 9.999999999999998 1.849918863016051
  endloop
endfacet
facet normal 0.07818433906743175 -0.5934298024545049 0.801079445924932
  outer loop
    vertex 1.5001302969060142 11.350010129082614 2.849970432579196
    vertex 1.888277641646701 10.051111260561154 1.8498887663359214
    vertex 1.538953156528576 11.355121255138728 2.8499883672633906
  endloop
endfacet
facet normal -0.6087614292457899 -0.7933533400336771 1.095590710032176e-05
  outer loop
    vertex 0.7500490778861388 10.20096189430272 1.8499854188270566
    vertex 0.4393398282829322 10.439351939807118 2.115236388845476e-05
    vertex 0.750000000055446 10.200974005934741 1.5915980958564056e-05
  endloop
endfacet
facet normal -0.6087614292457899 -0.7933533400336771 1.095590710032176e-05
  outer loop
    vertex 0.4393398282829322 10.439351939807118 2.115236388845476e-05
    vertex 0.7500490778861388 10.20096189430272 1.8499854188270566
    vertex 0.43938890727519464 10.4393398281751 1.8500173422894046
  endloop
endfacet
facet normal -0.36428971189025033 0.47480892550985754 0.8011550973857016
  outer loop
    vertex 11.409953323208853 11.59018222938937 2.6362465333401324
    vertex 10.862540412324972 12.604199894671247 1.7863773963699854
    vertex 10.59847926708756 12.401578650879726 1.7863931549729686
  endloop
endfacet
facet normal -0.36428971189025033 0.47480892550985754 0.8011550973857016
  outer loop
    vertex 10.862540412324972 12.604199894671247 1.7863773963699854
    vertex 11.409953323208853 11.59018222938937 2.6362465333401324
    vertex 11.43635943954449 11.610444353768523 2.6362576729508476
  endloop
endfacet
facet normal 0.22911123287659993 -0.5529986971450513 0.8010620974216919
  outer loop
    vertex 1.888277641646701 10.051111260561154 1.8498887663359214
    vertex 1.5751303022983794 11.370106318512883 2.8500044348059115
    vertex 1.538953156528576 11.355121255138728 2.8499883672633906
  endloop
endfacet
facet normal 0.22911123287659993 -0.5529986971450513 0.8010620974216919
  outer loop
    vertex 1.5751303022983794 11.370106318512883 2.8500044348059115
    vertex 1.888277641646701 10.051111260561154 1.8498887663359214
    vertex 2.250049072861801 10.200961894302724 1.84986359037948
  endloop
endfacet
facet normal 0.3826834327349237 0.923879532348985 -4.103188682165703e-06
  outer loop
    vertex 1.8882285673167063 12.948900850763058 2.9220325921106016e-05
    vertex 2.2500490742601373 12.799038105389473 1.8499365259655962
    vertex 2.2499999996415134 12.79905021702149 2.4268549877290435e-05
  endloop
endfacet
facet normal 0.3826834327349237 0.923879532348985 -4.103188682165703e-06
  outer loop
    vertex 2.2500490742601373 12.799038105389473 1.8499365259655962
    vertex 1.8882285673167063 12.948900850763058 2.9220325921106016e-05
    vertex 1.8882776432063457 12.948888739131041 1.849970115411798
  endloop
endfacet
facet normal -0.7933533402956873 -0.6087614287638254 1.7061699183071403e-05
  outer loop
    vertex 0.20101097434402349 10.749999999923046 1.8500454242366935
    vertex 0.4393398282829322 10.439351939807118 2.115236388845476e-05
    vertex 0.43938890727519464 10.4393398281751 1.8500173422894046
  endloop
endfacet
facet normal -0.7933533402956873 -0.6087614287638254 1.7061699183071403e-05
  outer loop
    vertex 0.4393398282829322 10.439351939807118 2.115236388845476e-05
    vertex 0.20101097434402349 10.749999999923046 1.8500454242366935
    vertex 0.2009618943787965 10.750012111555066 2.6316502857010037e-05
  endloop
endfacet
facet normal 0.47492569049094374 -0.36439849770247273 0.8010364057793388
  outer loop
    vertex 2.560709243729344 10.439339828175104 1.8498450508465587
    vertex 1.6300341163130536 11.425010129074918 2.8500267904234926
    vertex 1.606196321516775 11.393944111900124 2.8500175402302808
  endloop
endfacet
facet normal 0.47492569049094374 -0.36439849770247273 0.8010364057793388
  outer loop
    vertex 1.6300341163130536 11.425010129074918 2.8500267904234926
    vertex 2.560709243729344 10.439339828175104 1.8498450508465587
    vertex 2.7990871769949206 10.749999999923052 1.849834411175684
  endloop
endfacet
facet normal 0.7933533402957378 0.608761428763803 -1.7060139666046218e-05
  outer loop
    vertex 2.79903810531817 12.250012111401164 1.3868027978844454e-05
    vertex 2.560709244871075 12.560660171517092 1.8499046025032495
    vertex 2.799087177802255 12.249999999769146 1.8498765205559606
  endloop
endfacet
facet normal 0.7933533402957378 0.608761428763803 -1.7060139666046218e-05
  outer loop
    vertex 2.560709244871075 12.560660171517092 1.8499046025032495
    vertex 2.79903810531817 12.250012111401164 1.3868027978844454e-05
    vertex 2.5606601714140287 12.56067228314911 1.903216694739973e-05
  endloop
endfacet
facet normal 0.6087614290059584 -0.7933533400062551 -2.1343452113854715e-05
  outer loop
    vertex 2.560709243729344 10.439339828175104 1.8498450508465587
    vertex 2.249999999903928 10.200974005934741 9.590010155741124e-07
    vertex 2.5606601716282897 10.439351939807121 0.0
  endloop
endfacet
facet normal 0.6087614290059584 -0.7933533400062551 -2.1343452113854715e-05
  outer loop
    vertex 2.249999999903928 10.200974005934741 9.590010155741124e-07
    vertex 2.560709243729344 10.439339828175104 1.8498450508465587
    vertex 2.250049072861801 10.200961894302724 1.84986359037948
  endloop
endfacet
facet normal -0.5528790046676866 0.22901335465400655 0.8011726964817178
  outer loop
    vertex 1.3552414097107424 11.538832985828618 2.849890383137591
    vertex 0.2010109751513517 12.249999999769143 1.8500875336169702
    vertex 0.05116034170162309 11.888228567460045 1.8500895483498097
  endloop
endfacet
facet normal -0.5528790046676866 0.22901335465400655 0.8011726964817178
  outer loop
    vertex 0.2010109751513517 12.249999999769143 1.8500875336169702
    vertex 1.3552414097107424 11.538832985828618 2.849890383137591
    vertex 1.3702264737633532 11.575010129059526 2.8498951477142573
  endloop
endfacet
facet normal 0.3826834322909183 -0.9238795323999655 -1.6200726100776727e-05
  outer loop
    vertex 2.250049072861801 10.200961894302724 1.84986359037948
    vertex 1.8882285676093848 10.051123372193171 3.221902383038211e-06
    vertex 2.249999999903928 10.200974005934741 9.590010155741124e-07
  endloop
endfacet
facet normal 0.3826834322909183 -0.9238795323999655 -1.6200726100776727e-05
  outer loop
    vertex 1.8882285676093848 10.051123372193171 3.221902383038211e-06
    vertex 2.250049072861801 10.200961894302724 1.84986359037948
    vertex 1.888277641646701 10.051111260561154 1.8498887663359214
  endloop
endfacet
facet normal -0.22898290250545913 0.5529383869918668 0.8011404187475554
  outer loop
    vertex 1.4251302877780245 11.629913939621561 2.849917503331835
    vertex 1.1118205104995724 12.948888739131041 1.8500331784567328
    vertex 0.7500490792844756 12.799038105389473 1.8500583544131741
  endloop
endfacet
facet normal -0.22898290250545913 0.5529383869918668 0.8011404187475554
  outer loop
    vertex 1.1118205104995724 12.948888739131041 1.8500331784567328
    vertex 1.4251302877780245 11.629913939621561 2.849917503331835
    vertex 1.4613074335478344 11.644899002995718 2.849933570874352
  endloop
endfacet
facet normal -0.474764007729273 0.36432404055306505 0.8011661066470095
  outer loop
    vertex 1.3702264737633532 11.575010129059526 2.8498951477142573
    vertex 0.4393889084169314 12.560660171517092 1.8500768939460956
    vertex 0.2010109751513517 12.249999999769143 1.8500875336169702
  endloop
endfacet
facet normal -0.474764007729273 0.36432404055306505 0.8011661066470095
  outer loop
    vertex 0.4393889084169314 12.560660171517092 1.8500768939460956
    vertex 1.3702264737633532 11.575010129059526 2.8498951477142573
    vertex 1.3940642685596294 11.606076146234324 2.8499043979074643
  endloop
endfacet
facet normal 0.5935049451872905 0.07810665430903624 0.801031354311977
  outer loop
    vertex 11.627609455308068 11.500026114797334 2.6363545779917024
    vertex 12.731595834166333 11.830011787431236 1.7862038599015133
    vertex 11.62326499742216 11.53302554304452 2.6363504529965187
  endloop
endfacet
facet normal 0.5935049451872905 0.07810665430903624 0.801031354311977
  outer loop
    vertex 12.731595834166333 11.830011787431236 1.7862038599015133
    vertex 11.627609455308068 11.500026114797334 2.6363545779917024
    vertex 12.775040405324642 11.500017504959377 1.7861910674752264
  endloop
endfacet
facet normal -0.9238795322875292 -0.3826834322726395 2.2004741700021264e-05
  outer loop
    vertex 0.05116034128371816 11.11177143223215 1.8500677509306225
    vertex 0.2009618943787965 10.750012111555066 2.6316502857010037e-05
    vertex 0.20101097434402349 10.749999999923046 1.8500454242366935
  endloop
endfacet
facet normal -0.9238795322875292 -0.3826834322726395 2.2004741700021264e-05
  outer loop
    vertex 0.2009618943787965 10.750012111555066 2.6316502857010037e-05
    vertex 0.05116034128371816 11.11177143223215 1.8500677509306225
    vertex 0.05111126060044591 11.111783543864167 3.10564703303845e-05
  endloop
endfacet
facet normal 0.793353340236972 -0.6087614285648035 -2.5031566596711767e-05
  outer loop
    vertex 2.5606601716282897 10.439351939807121 0.0
    vertex 2.7990871769949206 10.749999999923052 1.849834411175684
    vertex 2.560709243729344 10.439339828175104 1.8498450508465587
  endloop
endfacet
facet normal 0.793353340236972 -0.6087614285648035 -2.5031566596711767e-05
  outer loop
    vertex 2.7990871769949206 10.749999999923052 1.849834411175684
    vertex 2.5606601716282897 10.439351939807121 0.0
    vertex 2.7990381054696702 10.750012111555069 4.1025366869229525e-07
  endloop
endfacet
facet normal -0.38268343273490696 -0.9238795323489905 4.1035267571537925e-06
  outer loop
    vertex 11.170046127532105 10.268462076567177 1.7862868500925153
    vertex 10.862498694980296 10.395845410134726 0.2138413237026024
    vertex 11.170004412456384 10.268472371454392 0.2138371146929646
  endloop
endfacet
facet normal -0.38268343273490696 -0.9238795323489905 4.1035267571537925e-06
  outer loop
    vertex 10.862498694980296 10.395845410134726 0.2138413237026024
    vertex 11.170046127532105 10.268462076567177 1.7862868500925153
    vertex 10.862540411136386 10.395835115247507 1.7863154011217857
  endloop
endfacet
facet normal -0.608761429005947 0.7933533400062526 2.1343875650710824e-05
  outer loop
    vertex 0.4393398280686768 12.56067228314911 4.0184530833739514e-05
    vertex 0.7500490792844756 12.799038105389473 1.8500583544131741
    vertex 0.749999999793034 12.79905021702149 3.922552982098537e-05
  endloop
endfacet
facet normal -0.608761429005947 0.7933533400062526 2.1343875650710824e-05
  outer loop
    vertex 0.7500490792844756 12.799038105389473 1.8500583544131741
    vertex 0.4393398280686768 12.56067228314911 4.0184530833739514e-05
    vertex 0.4393889084169314 12.560660171517092 1.8500768939460956
  endloop
endfacet
facet normal 0.9238795323188583 -0.38268343187619563 -2.7013792322647637e-05
  outer loop
    vertex 2.7990381054696702 10.750012111555069 4.1025366869229525e-07
    vertex 2.9489378104446433 11.11177143223215 1.8498323964428445
    vertex 2.7990871769949206 10.749999999923052 1.849834411175684
  endloop
endfacet
facet normal 0.9238795323188583 -0.38268343187619563 -2.7013792322647637e-05
  outer loop
    vertex 2.9489378104446433 11.11177143223215 1.8498323964428445
    vertex 2.7990381054696702 10.750012111555069 4.1025366869229525e-07
    vertex 2.948888739174932 11.11178354386417 2.161803913391935e-06
  endloop
endfacet
facet normal -0.9914448610274684 -0.13052619237002497 2.5448128015815628e-05
  outer loop
    vertex 4.9081097477388086e-05 11.499999999846098 1.8500828008439014
    vertex 0.05111126060044591 11.111783543864167 3.10564703303845e-05
    vertex 0.05116034128371816 11.11177143223215 1.8500677509306225
  endloop
endfacet
facet normal -0.9914448610274684 -0.13052619237002497 2.5448128015815628e-05
  outer loop
    vertex 0.05111126060044591 11.111783543864167 3.10564703303845e-05
    vertex 4.9081097477388086e-05 11.499999999846098 1.8500828008439014
    vertex 0.0 11.500012111478117 3.504924535827347e-05
  endloop
endfacet
facet normal 0.4749305533145828 0.36435869856587166 0.8010516264933796
  outer loop
    vertex 1.6300341144452433 11.575010129059526 2.8500173269131674
    vertex 2.560709244871075 12.560660171517092 1.8499046025032495
    vertex 1.6061963188752926 11.606076146234324 2.8500041568056367
  endloop
endfacet
facet normal 0.4749305533145828 0.36435869856587166 0.8010516264933796
  outer loop
    vertex 2.560709244871075 12.560660171517092 1.8499046025032495
    vertex 1.6300341144452433 11.575010129059526 2.8500173269131674
    vertex 2.799087177802255 12.249999999769146 1.8498765205559606
  endloop
endfacet
facet normal 0.22911123287659993 -0.5529986971450513 0.8010620974216919
  outer loop
    vertex 11.830034690332864 10.268462076567177 1.7862332465043205
    vertex 11.56385945188679 11.389607875826146 2.636331564703813
    vertex 11.533108877982457 11.376870571958115 2.6363179072926695
  endloop
endfacet
facet normal 0.22911123287659993 -0.5529986971450513 0.8010620974216919
  outer loop
    vertex 11.56385945188679 11.389607875826146 2.636331564703813
    vertex 11.830034690332864 10.268462076567177 1.7862332465043205
    vertex 12.137540406865696 10.395835115247511 1.7862118469413455
  endloop
endfacet
facet normal 0.9914448610275299 0.13052619236998933 -2.5445915051852546e-05
  outer loop
    vertex 2.9999999996969575 11.500012111478117 5.135285476171036e-06
    vertex 2.948937810862551 11.888228567460045 1.84985419386203
    vertex 3.0000490710487973 11.499999999846098 1.8498391439487512
  endloop
endfacet
facet normal 0.9914448610275299 0.13052619236998933 -2.5445915051852546e-05
  outer loop
    vertex 2.948937810862551 11.888228567460045 1.84985419386203
    vertex 2.9999999996969575 11.500012111478117 5.135285476171036e-06
    vertex 2.948888739096509 11.888240679092062 9.128060505117495e-06
  endloop
endfacet
facet normal -0.13052619199584053 0.9914448613533642 9.95358045651395e-06
  outer loop
    vertex 1.1117714320875747 12.948900850763058 3.6962628452463785e-05
    vertex 1.5000490768804695 12.999999999692193 1.850003081776603
    vertex 1.499999999696976 13.000012111324212 3.355003972614068e-05
  endloop
endfacet
facet normal -0.13052619199584053 0.9914448613533642 9.95358045651395e-06
  outer loop
    vertex 1.5000490768804695 12.999999999692193 1.850003081776603
    vertex 1.1117714320875747 12.948900850763058 3.6962628452463785e-05
    vertex 1.1118205104995724 12.948888739131041 1.8500331784567328
  endloop
endfacet
facet normal -0.9238795323188097 0.38268343187619697 2.7015437298646785e-05
  outer loop
    vertex 10.395858023811817 12.137517504893967 1.7864021986932124
    vertex 10.268443266376886 11.83002208231845 0.21386011443667202
    vertex 10.268484985379546 11.830011787431236 1.7864039112161259
  endloop
endfacet
facet normal -0.9238795323188097 0.38268343187619697 2.7015437298646785e-05
  outer loop
    vertex 10.268443266376886 11.83002208231845 0.21386011443667202
    vertex 10.395858023811817 12.137517504893967 1.7864021986932124
    vertex 10.395816305026369 12.137527799781186 0.21386160325437853
  endloop
endfacet
facet normal -0.9914448610515701 0.13052619184255929 2.7157178237090876e-05
  outer loop
    vertex 10.268484985379546 11.830011787431236 1.7864039112161259
    vertex 10.224998694933166 11.500027799846595 0.21385758697734214
    vertex 10.225040413866022 11.500017504959377 1.7863981758361038
  endloop
endfacet
facet normal -0.9914448610515701 0.13052619184255929 2.7157178237090876e-05
  outer loop
    vertex 10.224998694933166 11.500027799846595 0.21385758697734214
    vertex 10.268484985379546 11.830011787431236 1.7864039112161259
    vertex 10.268443266376886 11.83002208231845 0.21386011443667202
  endloop
endfacet
facet normal -0.47475914809375364 -0.3643638458091787 0.8011508841463251
  outer loop
    vertex 0.43938890727519464 10.4393398281751 1.8500173422894046
    vertex 1.3702264756311664 11.425010129074918 2.849904611224582
    vertex 0.20101097434402349 10.749999999923046 1.8500454242366935
  endloop
endfacet
facet normal -0.47475914809375364 -0.3643638458091787 0.8011508841463251
  outer loop
    vertex 1.3702264756311664 11.425010129074918 2.849904611224582
    vertex 0.43938890727519464 10.4393398281751 1.8500173422894046
    vertex 1.3940642712011146 11.393944111900124 2.84991778133211
  endloop
endfacet
facet normal -0.5933130316149383 0.07809736512198172 0.8011744180120176
  outer loop
    vertex 11.372609436123211 11.500026114797334 2.636234659662959
    vertex 10.268484985379546 11.830011787431236 1.7864039112161259
    vertex 10.225040413866022 11.500017504959377 1.7863981758361038
  endloop
endfacet
facet normal -0.5933130316149383 0.07809736512198172 0.8011744180120176
  outer loop
    vertex 10.268484985379546 11.830011787431236 1.7864039112161259
    vertex 11.372609436123211 11.500026114797334 2.636234659662959
    vertex 11.376953893187299 11.53302554304452 2.6362346207857397
  endloop
endfacet
facet normal 0.5530580734115021 -0.2290807821412119 0.8010298138570924
  outer loop
    vertex 2.7990871769949206 10.749999999923052 1.849834411175684
    vertex 1.6450191803656644 11.461187272305827 2.8500315550001543
    vertex 1.6300341163130536 11.425010129074918 2.8500267904234926
  endloop
endfacet
facet normal 0.5530580734115021 -0.2290807821412119 0.8010298138570924
  outer loop
    vertex 1.6450191803656644 11.461187272305827 2.8500315550001543
    vertex 2.7990871769949206 10.749999999923052 1.849834411175684
    vertex 2.9489378104446433 11.11177143223215 1.8498323964428445
  endloop
endfacet
facet normal 0.9238795322876059 0.38268343227257057 -2.200271704695856e-05
  outer loop
    vertex 2.948888739096509 11.888240679092062 9.128060505117495e-06
    vertex 2.799087177802255 12.249999999769146 1.8498765205559606
    vertex 2.948937810862551 11.888228567460045 1.84985419386203
  endloop
endfacet
facet normal 0.9238795322876059 0.38268343227257057 -2.200271704695856e-05
  outer loop
    vertex 2.799087177802255 12.249999999769146 1.8498765205559606
    vertex 2.948888739096509 11.888240679092062 9.128060505117495e-06
    vertex 2.79903810531817 12.250012111401164 1.3868027978844454e-05
  endloop
endfacet
facet normal -0.3826834322909223 0.9238795323999647 1.6200684500048782e-05
  outer loop
    vertex 0.749999999793034 12.79905021702149 3.922552982098537e-05
    vertex 1.1118205104995724 12.948888739131041 1.8500331784567328
    vertex 1.1117714320875747 12.948900850763058 3.6962628452463785e-05
  endloop
endfacet
facet normal -0.3826834322909223 0.9238795323999647 1.6200684500048782e-05
  outer loop
    vertex 1.1118205104995724 12.948888739131041 1.8500331784567328
    vertex 0.749999999793034 12.79905021702149 3.922552982098537e-05
    vertex 0.7500490792844756 12.799038105389473 1.8500583544131741
  endloop
endfacet
facet normal 0.13052619257432008 0.9914448613225453 3.0283121568082447e-06
  outer loop
    vertex 1.499999999696976 13.000012111324212 3.355003972614068e-05
    vertex 1.8882776432063457 12.948888739131041 1.849970115411798
    vertex 1.8882285673167063 12.948900850763058 2.9220325921106016e-05
  endloop
endfacet
facet normal 0.13052619257432008 0.9914448613225453 3.0283121568082447e-06
  outer loop
    vertex 1.8882776432063457 12.948888739131041 1.849970115411798
    vertex 1.499999999696976 13.000012111324212 3.355003972614068e-05
    vertex 1.5000490768804695 12.999999999692193 1.850003081776603
  endloop
endfacet
facet normal 0.5935049451872905 0.07810665430903625 0.8010313543119771
  outer loop
    vertex 1.6501303063234132 11.500010129067222 2.8500315092622523
    vertex 2.948937810862551 11.888228567460045 1.84985419386203
    vertex 1.6450191793988134 11.538832985828618 2.850026656326743
  endloop
endfacet
facet normal 0.5935049451872905 0.07810665430903625 0.8010313543119771
  outer loop
    vertex 2.948937810862551 11.888228567460045 1.84985419386203
    vertex 1.6501303063234132 11.500010129067222 2.8500315092622523
    vertex 3.0000490710487973 11.499999999846098 1.8498391439487512
  endloop
endfacet
facet normal -0.0780617376935219 -0.5934205172831549 0.8010982803474619
  outer loop
    vertex 11.500040408909102 10.225017505090195 1.7862588286824308
    vertex 11.46711001651591 11.376870571958115 2.6362868701453355
    vertex 11.170046127532105 10.268462076567177 1.7862868500925153
  endloop
endfacet
facet normal -0.0780617376935219 -0.5934205172831549 0.8010982803474619
  outer loop
    vertex 11.46711001651591 11.376870571958115 2.6362868701453355
    vertex 11.500040408909102 10.225017505090195 1.7862588286824308
    vertex 11.500109447303279 11.372526114810418 2.6363026628111044
  endloop
endfacet
facet normal 0.13052619199583831 -0.9914448613533621 -9.953810369627914e-06
  outer loop
    vertex 11.830034690332864 10.268462076567177 1.7862332465043205
    vertex 11.499998694933154 10.22502779997741 0.21383343443623026
    vertex 11.829992977401146 10.268472371454392 0.21383053373581323
  endloop
endfacet
facet normal 0.13052619199583831 -0.9914448613533621 -9.953810369627914e-06
  outer loop
    vertex 11.499998694933154 10.22502779997741 0.21383343443623026
    vertex 11.830034690332864 10.268462076567177 1.7862332465043205
    vertex 11.500040408909102 10.225017505090195 1.7862588286824308
  endloop
endfacet
facet normal -0.5933117294472857 -0.07814072940582896 0.8011711540664679
  outer loop
    vertex 10.268484985024326 11.170023222487522 1.786385383409817
    vertex 11.372609436123211 11.500026114797334 2.636234659662959
    vertex 10.225040413866022 11.500017504959377 1.7863981758361038
  endloop
endfacet
facet normal -0.5933117294472857 -0.07814072940582896 0.8011711540664679
  outer loop
    vertex 11.372609436123211 11.500026114797334 2.636234659662959
    vertex 10.268484985024326 11.170023222487522 1.786385383409817
    vertex 11.376953894009121 11.467026686550149 2.6362387846581394
  endloop
endfacet
facet normal -9.971319961377487e-06 8.97184953849753e-06 -0.9999999999100394
  outer loop
    vertex 10.268443266376886 11.83002208231845 0.21386011443667202
    vertex 10.268443266443546 11.170033517374737 0.2138541931185685
    vertex 10.224998694933166 11.500027799846595 0.21385758697734214
  endloop
endfacet
facet normal -9.971319961377487e-06 8.97184953849753e-06 -0.9999999999100394
  outer loop
    vertex 10.268443266443546 11.170033517374737 0.2138541931185685
    vertex 10.268443266376886 11.83002208231845 0.21386011443667202
    vertex 10.395816305026369 12.137527799781186 0.21386160325437853
  endloop
endfacet
facet normal -9.971319961377487e-06 8.97184953849753e-06 -0.9999999999100394
  outer loop
    vertex 10.268443266443546 11.170033517374737 0.2138541931185685
    vertex 10.395816305026369 12.137527799781186 0.21386160325437853
    vertex 10.395816305155144 10.862527799912003 0.2138501641462161
  endloop
endfacet
facet normal -9.971319961377487e-06 8.97184953849753e-06 -0.9999999999100394
  outer loop
    vertex 10.395816305155144 10.862527799912003 0.2138501641462161
    vertex 10.395816305026369 12.137527799781186 0.21386160325437853
    vertex 10.598437548791543 12.40158894576694 0.2138619519699963
  endloop
endfacet
facet normal -9.971319961377487e-06 8.97184953849753e-06 -0.9999999999100394
  outer loop
    vertex 10.395816305155144 10.862527799912003 0.2138501641462161
    vertex 10.598437548791543 12.40158894576694 0.2138619519699963
    vertex 10.59843754897366 10.598466653926247 0.21384577462809284
  endloop
endfacet
facet normal -9.971319961377487e-06 8.97184953849753e-06 -0.9999999999100394
  outer loop
    vertex 10.59843754897366 10.598466653926247 0.21384577462809284
    vertex 10.598437548791543 12.40158894576694 0.2138619519699963
    vertex 10.862498694757246 12.604210189558462 0.21386113681913546
  endloop
endfacet
facet normal -9.971319961377487e-06 8.97184953849753e-06 -0.9999999999100394
  outer loop
    vertex 10.59843754897366 10.598466653926247 0.21384577462809284
    vertex 10.862498694757246 12.604210189558462 0.21386113681913546
    vertex 10.862498694980296 10.395845410134726 0.2138413237026024
  endloop
endfacet
facet normal -9.971319961377487e-06 8.97184953849753e-06 -0.9999999999100394
  outer loop
    vertex 10.862498694980296 10.395845410134726 0.2138413237026024
    vertex 10.862498694757246 12.604210189558462 0.21386113681913546
    vertex 11.170004412207605 12.731583228238797 0.21385921335297223
  endloop
endfacet
facet normal -9.971319961377487e-06 8.97184953849753e-06 -0.9999999999100394
  outer loop
    vertex 10.862498694980296 10.395845410134726 0.2138413237026024
    vertex 11.170004412207605 12.731583228238797 0.21385921335297223
    vertex 11.170004412456384 10.268472371454392 0.2138371146929646
  endloop
endfacet
facet normal -9.971319961377487e-06 8.97184953849753e-06 -0.9999999999100394
  outer loop
    vertex 11.170004412456384 10.268472371454392 0.2138371146929646
    vertex 11.170004412207605 12.731583228238797 0.21385921335297223
    vertex 11.499998694675597 12.775027799715774 0.21385631265255484
  endloop
endfacet
facet normal -9.971319961377487e-06 8.97184953849753e-06 -0.9999999999100394
  outer loop
    vertex 11.170004412456384 10.268472371454392 0.2138371146929646
    vertex 11.499998694675597 12.775027799715774 0.21385631265255484
    vertex 11.499998694933154 10.22502779997741 0.21383343443623026
  endloop
endfacet
facet normal -9.971319961377487e-06 8.97184953849753e-06 -0.9999999999100394
  outer loop
    vertex 11.499998694933154 10.22502779997741 0.21383343443623026
    vertex 11.499998694675597 12.775027799715774 0.21385631265255484
    vertex 11.829992977152367 12.731583228238797 0.21385263239582059
  endloop
endfacet
facet normal -9.971319961377487e-06 8.97184953849753e-06 -0.9999999999100394
  outer loop
    vertex 11.499998694933154 10.22502779997741 0.21383343443623026
    vertex 11.829992977152367 12.731583228238797 0.21385263239582059
    vertex 11.829992977401146 10.268472371454392 0.21383053373581323
  endloop
endfacet
facet normal -9.971319961377487e-06 8.97184953849753e-06 -0.9999999999100394
  outer loop
    vertex 11.829992977401146 10.268472371454392 0.21383053373581323
    vertex 11.829992977152367 12.731583228238797 0.21385263239582059
    vertex 12.137498694628452 12.604210189558462 0.21384842338618332
  endloop
endfacet
facet normal -9.971319961377487e-06 8.97184953849753e-06 -0.9999999999100394
  outer loop
    vertex 11.829992977401146 10.268472371454392 0.21383053373581323
    vertex 12.137498694628452 12.604210189558462 0.21384842338618332
    vertex 12.137498694851505 10.395845410134726 0.21382861026965086
  endloop
endfacet
facet normal -9.971319961377487e-06 8.97184953849753e-06 -0.9999999999100394
  outer loop
    vertex 12.137498694851505 10.395845410134726 0.21382861026965086
    vertex 12.137498694628452 12.604210189558462 0.21384842338618332
    vertex 12.401559840635091 12.40158894576694 0.21384397246069295
  endloop
endfacet
facet normal -9.971319961377487e-06 8.97184953849753e-06 -0.9999999999100394
  outer loop
    vertex 12.137498694851505 10.395845410134726 0.21382861026965086
    vertex 12.401559840635091 12.40158894576694 0.21384397246069295
    vertex 12.401559840817212 10.598466653926248 0.21382779511878763
  endloop
endfacet
facet normal -9.971319961377487e-06 8.97184953849753e-06 -0.9999999999100394
  outer loop
    vertex 12.401559840817212 10.598466653926248 0.21382779511878763
    vertex 12.401559840635091 12.40158894576694 0.21384397246069295
    vertex 12.60418108445361 12.137527799781186 0.21383958294256963
  endloop
endfacet
facet normal -9.971319961377487e-06 8.97184953849753e-06 -0.9999999999100394
  outer loop
    vertex 12.401559840817212 10.598466653926248 0.21382779511878763
    vertex 12.60418108445361 12.137527799781186 0.21383958294256963
    vertex 12.604181084582386 10.862527799912005 0.21382814383440601
  endloop
endfacet
facet normal -9.971319961377487e-06 8.97184953849753e-06 -0.9999999999100394
  outer loop
    vertex 12.604181084582386 10.862527799912005 0.21382814383440601
    vertex 12.60418108445361 12.137527799781186 0.21383958294256963
    vertex 12.731554123165196 11.83002208231845 0.213835553970217
  endloop
endfacet
facet normal -9.971319961377487e-06 8.97184953849753e-06 -0.9999999999100394
  outer loop
    vertex 12.604181084582386 10.862527799912005 0.21382814383440601
    vertex 12.731554123165196 11.83002208231845 0.213835553970217
    vertex 12.731554123231858 11.17003351737474 0.21382963265211402
  endloop
endfacet
facet normal -9.971319961377487e-06 8.97184953849753e-06 -0.9999999999100394
  outer loop
    vertex 12.731554123231858 11.17003351737474 0.21382963265211402
    vertex 12.731554123165196 11.83002208231845 0.213835553970217
    vertex 12.774998694675578 11.500027799846595 0.2138321601114424
  endloop
endfacet
facet normal -0.0780630383585376 0.5933868782836101 0.8011230708967666
  outer loop
    vertex 11.467110013448826 11.623181657636557 2.6362713303619865
    vertex 11.500040410281567 12.77501750482856 1.7863304146289003
    vertex 11.170046128857805 12.73157293335158 1.7863559968070104
  endloop
endfacet
facet normal -0.0780630383585376 0.5933868782836101 0.8011230708967666
  outer loop
    vertex 11.500040410281567 12.77501750482856 1.7863304146289003
    vertex 11.467110013448826 11.623181657636557 2.6362713303619865
    vertex 11.500109444128 11.627526114784253 2.636286574843557
  endloop
endfacet
facet normal 0.13052619257432008 0.9914448613225452 3.0283121568082447e-06
  outer loop
    vertex 11.499998694675597 12.775027799715774 0.21385631265255484
    vertex 11.830034691658561 12.73157293335158 1.7863023932188158
    vertex 11.829992977152367 12.731583228238797 0.21385263239582059
  endloop
endfacet
facet normal 0.13052619257432008 0.9914448613225452 3.0283121568082447e-06
  outer loop
    vertex 11.830034691658561 12.73157293335158 1.7863023932188158
    vertex 11.499998694675597 12.775027799715774 0.21385631265255484
    vertex 11.500040410281567 12.77501750482856 1.7863304146289003
  endloop
endfacet
facet normal 0.5530580734115021 -0.22908078214121189 0.8010298138570924
  outer loop
    vertex 12.604222795378849 10.86251750502479 1.786187044618119
    vertex 11.623264998243982 11.467026686550149 2.6363546168689194
    vertex 11.610527693799263 11.436276114803874 2.636350566978756
  endloop
endfacet
facet normal 0.5530580734115021 -0.22908078214121189 0.8010298138570924
  outer loop
    vertex 11.623264998243982 11.467026686550149 2.6363546168689194
    vertex 12.604222795378849 10.86251750502479 1.786187044618119
    vertex 12.73159583381111 11.170023222487522 1.7861853320952055
  endloop
endfacet
facet normal 0.5530616331793157 0.2290387271651872 0.8010393819055209
  outer loop
    vertex 11.62326499742216 11.53302554304452 2.6363504529965187
    vertex 12.604222796065082 12.137517504893971 1.7862228375913543
    vertex 11.610527692211624 11.563776114790794 2.6363425229949797
  endloop
endfacet
facet normal 0.5530616331793157 0.2290387271651872 0.8010393819055209
  outer loop
    vertex 12.604222796065082 12.137517504893971 1.7862228375913543
    vertex 11.62326499742216 11.53302554304452 2.6363504529965187
    vertex 12.731595834166333 11.830011787431236 1.7862038599015133
  endloop
endfacet
facet normal 0.0781856435274817 0.5933961646457189 0.8011042359955068
  outer loop
    vertex 11.500109444128 11.627526114784253 2.636286574843557
    vertex 11.830034691658561 12.73157293335158 1.7863023932188158
    vertex 11.500040410281567 12.77501750482856 1.7863304146289003
  endloop
endfacet
facet normal 0.0781856435274817 0.5933961646457189 0.8011042359955068
  outer loop
    vertex 11.830034691658561 12.73157293335158 1.7863023932188158
    vertex 11.500109444128 11.627526114784253 2.636286574843557
    vertex 11.533108874915376 11.623181657636557 2.636302367509322
  endloop
endfacet
facet normal 0.6087614290059584 -0.7933533400062551 -2.1343452113854715e-05
  outer loop
    vertex 12.40160155210311 10.598456359039034 1.7861960883383623
    vertex 12.137498694851505 10.395845410134726 0.21382861026965086
    vertex 12.401559840817212 10.598466653926248 0.21382779511878763
  endloop
endfacet
facet normal 0.6087614290059584 -0.7933533400062551 -2.1343452113854715e-05
  outer loop
    vertex 12.137498694851505 10.395845410134726 0.21382861026965086
    vertex 12.40160155210311 10.598456359039034 1.7861960883383623
    vertex 12.137540406865696 10.395835115247511 1.7862118469413455
  endloop
endfacet
facet normal 0.608761429245837 0.7933533400336542 -1.0954964915344837e-05
  outer loop
    vertex 12.137498694628452 12.604210189558462 0.21384842338618332
    vertex 12.401601553073581 12.401578650879726 1.7862467072465495
    vertex 12.401559840635091 12.40158894576694 0.21384397246069295
  endloop
endfacet
facet normal 0.608761429245837 0.7933533400336542 -1.0954964915344837e-05
  outer loop
    vertex 12.401601553073581 12.401578650879726 1.7862467072465495
    vertex 12.137498694628452 12.604210189558462 0.21384842338618332
    vertex 12.137540408054283 12.604199894671247 1.7862738421895443
  endloop
endfacet
facet normal -0.474764007729273 0.36432404055306505 0.8011661066470095
  outer loop
    vertex 11.389691197632018 11.563776114790794 2.6362386706759064
    vertex 10.59847926708756 12.401578650879726 1.7863931549729686
    vertex 10.395858023811817 12.137517504893967 1.7864021986932124
  endloop
endfacet
facet normal -0.474764007729273 0.36432404055306505 0.8011661066470095
  outer loop
    vertex 10.59847926708756 12.401578650879726 1.7863931549729686
    vertex 11.389691197632018 11.563776114790794 2.6362386706759064
    vertex 11.409953323208853 11.59018222938937 2.6362465333401324
  endloop
endfacet
facet normal -0.13052619257433012 -0.9914448613225437 -3.028403098795415e-06
  outer loop
    vertex 11.500040408909102 10.225017505090195 1.7862588286824308
    vertex 11.170004412456384 10.268472371454392 0.2138371146929646
    vertex 11.499998694933154 10.22502779997741 0.21383343443623026
  endloop
endfacet
facet normal -0.13052619257433012 -0.9914448613225437 -3.028403098795415e-06
  outer loop
    vertex 11.170004412456384 10.268472371454392 0.2138371146929646
    vertex 11.500040408909102 10.225017505090195 1.7862588286824308
    vertex 11.170046127532105 10.268462076567177 1.7862868500925153
  endloop
endfacet
facet normal -0.22897934574420734 -0.5529733296471648 0.8011173172023452
  outer loop
    vertex 11.170046127532105 10.268462076567177 1.7862868500925153
    vertex 11.436359442294362 11.389607875826146 2.6362716055394384
    vertex 10.862540411136386 10.395835115247507 1.7863154011217857
  endloop
endfacet
facet normal -0.22897934574420734 -0.5529733296471648 0.8011173172023452
  outer loop
    vertex 11.436359442294362 11.389607875826146 2.6362716055394384
    vertex 11.170046127532105 10.268462076567177 1.7862868500925153
    vertex 11.46711001651591 11.376870571958115 2.6362868701453355
  endloop
endfacet
facet normal -0.608761429005947 0.7933533400062526 2.1343875650710824e-05
  outer loop
    vertex 10.598437548791543 12.40158894576694 0.2138619519699963
    vertex 10.862540412324972 12.604199894671247 1.7863773963699854
    vertex 10.862498694757246 12.604210189558462 0.21386113681913546
  endloop
endfacet
facet normal -0.608761429005947 0.7933533400062526 2.1343875650710824e-05
  outer loop
    vertex 10.862540412324972 12.604199894671247 1.7863773963699854
    vertex 10.598437548791543 12.40158894576694 0.2138619519699963
    vertex 10.59847926708756 12.401578650879726 1.7863931549729686
  endloop
endfacet
facet normal -0.36428485250181925 -0.4748461251102363 0.8011352593073916
  outer loop
    vertex 10.862540411136386 10.395835115247507 1.7863154011217857
    vertex 11.409953325454115 11.4098700002053 2.636257909251081
    vertex 10.598479266117083 10.59845635903903 1.7863425360647818
  endloop
endfacet
facet normal -0.36428485250181925 -0.4748461251102363 0.8011352593073916
  outer loop
    vertex 11.409953325454115 11.4098700002053 2.636257909251081
    vertex 10.862540411136386 10.395835115247507 1.7863154011217857
    vertex 11.436359442294362 11.389607875826146 2.6362716055394384
  endloop
endfacet
facet normal -0.7933533402956873 -0.6087614287638254 1.70616991830714e-05
  outer loop
    vertex 10.395858023125587 10.862517505024785 1.786366405719977
    vertex 10.59843754897366 10.598466653926247 0.21384577462809284
    vertex 10.598479266117083 10.59845635903903 1.7863425360647818
  endloop
endfacet
facet normal -0.7933533402956873 -0.6087614287638254 1.70616991830714e-05
  outer loop
    vertex 10.59843754897366 10.598466653926247 0.21384577462809284
    vertex 10.395858023125587 10.862517505024785 1.786366405719977
    vertex 10.395816305155144 10.862527799912003 0.2138501641462161
  endloop
endfacet
facet normal 0.3644376861893073 0.47484358299210494 0.8010672534664015
  outer loop
    vertex 11.590265565977166 11.59018222938937 2.6363313284035783
    vertex 12.137540408054283 12.604199894671247 1.7862738421895443
    vertex 11.563859449136917 11.610444353768523 2.6363176321152206
  endloop
endfacet
facet normal 0.3644376861893073 0.47484358299210494 0.8010672534664015
  outer loop
    vertex 12.137540408054283 12.604199894671247 1.7862738421895443
    vertex 11.590265565977166 11.59018222938937 2.6363313284035783
    vertex 12.401601553073581 12.401578650879726 1.7862467072465495
  endloop
endfacet
facet normal 0.2291147934494129 0.5529637578669088 0.8010851976589878
  outer loop
    vertex 11.563859449136917 11.610444353768523 2.6363176321152206
    vertex 11.830034691658561 12.73157293335158 1.7863023932188158
    vertex 11.533108874915376 11.623181657636557 2.636302367509322
  endloop
endfacet
facet normal 0.2291147934494129 0.5529637578669088 0.8010851976589878
  outer loop
    vertex 11.830034691658561 12.73157293335158 1.7863023932188158
    vertex 11.563859449136917 11.610444353768523 2.6363176321152206
    vertex 12.137540408054283 12.604199894671247 1.7862738421895443
  endloop
endfacet
facet normal 0.36443282311857395 -0.47488077753422664 0.8010474171747354
  outer loop
    vertex 12.137540406865696 10.395835115247511 1.7862118469413455
    vertex 11.590265568222426 11.4098700002053 2.636342704314526
    vertex 11.56385945188679 11.389607875826146 2.636331564703813
  endloop
endfacet
facet normal 0.36443282311857395 -0.47488077753422664 0.8010474171747354
  outer loop
    vertex 11.590265568222426 11.4098700002053 2.636342704314526
    vertex 12.137540406865696 10.395835115247511 1.7862118469413455
    vertex 12.40160155210311 10.598456359039034 1.7861960883383623
  endloop
endfacet
facet normal -0.47475914809375364 -0.3643638458091787 0.8011508841463251
  outer loop
    vertex 10.598479266117083 10.59845635903903 1.7863425360647818
    vertex 11.389691199219659 11.436276114803874 2.636246714659682
    vertex 10.395858023125587 10.862517505024785 1.786366405719977
  endloop
endfacet
facet normal -0.47475914809375364 -0.3643638458091787 0.8011508841463251
  outer loop
    vertex 11.389691199219659 11.436276114803874 2.636246714659682
    vertex 10.598479266117083 10.59845635903903 1.7863425360647818
    vertex 11.409953325454115 11.4098700002053 2.636257909251081
  endloop
endfacet
facet normal 0.9238795323188583 -0.3826834318761956 -2.7013792322647633e-05
  outer loop
    vertex 12.604181084582386 10.862527799912005 0.21382814383440601
    vertex 12.73159583381111 11.170023222487522 1.7861853320952055
    vertex 12.604222795378849 10.86251750502479 1.786187044618119
  endloop
endfacet
facet normal 0.9238795323188583 -0.3826834318761956 -2.7013792322647633e-05
  outer loop
    vertex 12.73159583381111 11.170023222487522 1.7861853320952055
    vertex 12.604181084582386 10.862527799912005 0.21382814383440601
    vertex 12.731554123231858 11.17003351737474 0.21382963265211402
  endloop
endfacet
facet normal -0.9238795322875291 -0.38268343227263946 2.2004741700021264e-05
  outer loop
    vertex 10.268484985024326 11.170023222487522 1.786385383409817
    vertex 10.395816305155144 10.862527799912003 0.2138501641462161
    vertex 10.395858023125587 10.862517505024785 1.786366405719977
  endloop
endfacet
facet normal -0.9238795322875291 -0.38268343227263946 2.2004741700021264e-05
  outer loop
    vertex 10.395816305155144 10.862527799912003 0.2138501641462161
    vertex 10.268484985024326 11.170023222487522 1.786385383409817
    vertex 10.268443266443546 11.170033517374737 0.2138541931185685
  endloop
endfacet
facet normal -0.9914448610274684 -0.13052619237002497 2.5448128015815628e-05
  outer loop
    vertex 10.225040413866022 11.500017504959377 1.7863981758361038
    vertex 10.268443266443546 11.170033517374737 0.2138541931185685
    vertex 10.268484985024326 11.170023222487522 1.786385383409817
  endloop
endfacet
facet normal -0.9914448610274684 -0.13052619237002497 2.5448128015815628e-05
  outer loop
    vertex 10.268443266443546 11.170033517374737 0.2138541931185685
    vertex 10.225040413866022 11.500017504959377 1.7863981758361038
    vertex 10.224998694933166 11.500027799846595 0.21385758697734214
  endloop
endfacet
facet normal -0.6087614292457899 -0.7933533400336771 1.095590710032176e-05
  outer loop
    vertex 10.862540411136386 10.395835115247507 1.7863154011217857
    vertex 10.59843754897366 10.598466653926247 0.21384577462809284
    vertex 10.862498694980296 10.395845410134726 0.2138413237026024
  endloop
endfacet
facet normal -0.6087614292457899 -0.7933533400336771 1.095590710032176e-05
  outer loop
    vertex 10.59843754897366 10.598466653926247 0.21384577462809284
    vertex 10.862540411136386 10.395835115247507 1.7863154011217857
    vertex 10.598479266117083 10.59845635903903 1.7863425360647818
  endloop
endfacet
facet normal -0.5528790046676866 0.22901335465400655 0.8011726964817178
  outer loop
    vertex 11.376953893187299 11.53302554304452 2.6362346207857397
    vertex 10.395858023811817 12.137517504893967 1.7864021986932124
    vertex 10.268484985379546 11.830011787431236 1.7864039112161259
  endloop
endfacet
facet normal -0.5528790046676866 0.22901335465400655 0.8011726964817178
  outer loop
    vertex 10.395858023811817 12.137517504893967 1.7864021986932124
    vertex 11.376953893187299 11.53302554304452 2.6362346207857397
    vertex 11.389691197632018 11.563776114790794 2.6362386706759064
  endloop
endfacet
facet normal -0.1305261919958405 0.9914448613533641 9.953580456513948e-06
  outer loop
    vertex 11.170004412207605 12.731583228238797 0.21385921335297223
    vertex 11.500040410281567 12.77501750482856 1.7863304146289003
    vertex 11.499998694675597 12.775027799715774 0.21385631265255484
  endloop
endfacet
facet normal -0.1305261919958405 0.9914448613533641 9.953580456513948e-06
  outer loop
    vertex 11.500040410281567 12.77501750482856 1.7863304146289003
    vertex 11.170004412207605 12.731583228238797 0.21385921335297223
    vertex 11.170046128857805 12.73157293335158 1.7863559968070104
  endloop
endfacet
facet normal 0.9914448610275299 0.13052619236998933 -2.5445915051852546e-05
  outer loop
    vertex 12.774998694675578 11.500027799846595 0.2138321601114424
    vertex 12.731595834166333 11.830011787431236 1.7862038599015133
    vertex 12.775040405324642 11.500017504959377 1.7861910674752264
  endloop
endfacet
facet normal 0.9914448610275299 0.13052619236998933 -2.5445915051852546e-05
  outer loop
    vertex 12.731595834166333 11.830011787431236 1.7862038599015133
    vertex 12.774998694675578 11.500027799846595 0.2138321601114424
    vertex 12.731554123165196 11.83002208231845 0.213835553970217
  endloop
endfacet
facet normal 0.07818433906743175 -0.593429802454505 0.8010794459249321
  outer loop
    vertex 11.830034690332864 10.268462076567177 1.7862332465043205
    vertex 11.500109447303279 11.372526114810418 2.6363026628111044
    vertex 11.500040408909102 10.225017505090195 1.7862588286824308
  endloop
endfacet
facet normal 0.07818433906743175 -0.593429802454505 0.8010794459249321
  outer loop
    vertex 11.500109447303279 11.372526114810418 2.6363026628111044
    vertex 11.830034690332864 10.268462076567177 1.7862332465043205
    vertex 11.533108877982457 11.376870571958115 2.6363179072926695
  endloop
endfacet
facet normal 0.793353340236972 -0.6087614285648035 -2.5031566596711767e-05
  outer loop
    vertex 12.401559840817212 10.598466653926248 0.21382779511878763
    vertex 12.604222795378849 10.86251750502479 1.786187044618119
    vertex 12.40160155210311 10.598456359039034 1.7861960883383623
  endloop
endfacet
facet normal 0.793353340236972 -0.6087614285648035 -2.5031566596711767e-05
  outer loop
    vertex 12.604222795378849 10.86251750502479 1.786187044618119
    vertex 12.401559840817212 10.598466653926248 0.21382779511878763
    vertex 12.604181084582386 10.862527799912005 0.21382814383440601
  endloop
endfacet
facet normal -0.3826834322909223 0.9238795323999646 1.6200684500048782e-05
  outer loop
    vertex 10.862498694757246 12.604210189558462 0.21386113681913546
    vertex 11.170046128857805 12.73157293335158 1.7863559968070104
    vertex 11.170004412207605 12.731583228238797 0.21385921335297223
  endloop
endfacet
facet normal -0.3826834322909223 0.9238795323999646 1.6200684500048782e-05
  outer loop
    vertex 11.170046128857805 12.73157293335158 1.7863559968070104
    vertex 10.862498694757246 12.604210189558462 0.21386113681913546
    vertex 10.862540412324972 12.604199894671247 1.7863773963699854
  endloop
endfacet
facet normal 0.3826834327349237 0.9238795323489849 -4.103188682165703e-06
  outer loop
    vertex 11.829992977152367 12.731583228238797 0.21385263239582059
    vertex 12.137540408054283 12.604199894671247 1.7862738421895443
    vertex 12.137498694628452 12.604210189558462 0.21384842338618332
  endloop
endfacet
facet normal 0.3826834327349237 0.9238795323489849 -4.103188682165703e-06
  outer loop
    vertex 12.137540408054283 12.604199894671247 1.7862738421895443
    vertex 11.829992977152367 12.731583228238797 0.21385263239582059
    vertex 11.830034691658561 12.73157293335158 1.7863023932188158
  endloop
endfacet
facet normal -0.7933533402369389 0.6087614285648039 2.5032607464037284e-05
  outer loop
    vertex 10.59847926708756 12.401578650879726 1.7863931549729686
    vertex 10.395816305026369 12.137527799781186 0.21386160325437853
    vertex 10.395858023811817 12.137517504893967 1.7864021986932124
  endloop
endfacet
facet normal -0.7933533402369389 0.6087614285648039 2.5032607464037284e-05
  outer loop
    vertex 10.395816305026369 12.137527799781186 0.21386160325437853
    vertex 10.59847926708756 12.401578650879726 1.7863931549729686
    vertex 10.598437548791543 12.40158894576694 0.2138619519699963
  endloop
endfacet
facet normal -0.47475914809375364 -0.3643638458091787 0.8011508841463251
  outer loop
    vertex 0.43938890727519464 15.4393398281751 1.8500173422894046
    vertex 1.3702264756311664 16.425010129074916 2.849904611224582
    vertex 0.20101097434402349 15.749999999923045 1.8500454242366935
  endloop
endfacet
facet normal -0.47475914809375364 -0.3643638458091787 0.8011508841463251
  outer loop
    vertex 1.3702264756311664 16.425010129074916 2.849904611224582
    vertex 0.43938890727519464 15.4393398281751 1.8500173422894046
    vertex 1.3940642712011146 16.393944111900122 2.84991778133211
  endloop
endfacet
facet normal -0.0780617376935219 -0.5934205172831549 0.8010982803474619
  outer loop
    vertex 11.500040408909102 15.225017505090195 1.7862588286824308
    vertex 11.46711001651591 16.376870571958115 2.6362868701453355
    vertex 11.170046127532105 15.268462076567177 1.7862868500925153
  endloop
endfacet
facet normal -0.0780617376935219 -0.5934205172831549 0.8010982803474619
  outer loop
    vertex 11.46711001651591 16.376870571958115 2.6362868701453355
    vertex 11.500040408909102 15.225017505090195 1.7862588286824308
    vertex 11.500109447303279 16.372526114810416 2.6363026628111044
  endloop
endfacet
facet normal 0.22911123287659993 -0.5529986971450513 0.8010620974216919
  outer loop
    vertex 11.830034690332864 15.268462076567177 1.7862332465043205
    vertex 11.56385945188679 16.389607875826144 2.636331564703813
    vertex 11.533108877982457 16.376870571958115 2.6363179072926695
  endloop
endfacet
facet normal 0.22911123287659993 -0.5529986971450513 0.8010620974216919
  outer loop
    vertex 11.56385945188679 16.389607875826144 2.636331564703813
    vertex 11.830034690332864 15.268462076567177 1.7862332465043205
    vertex 12.137540406865696 15.395835115247511 1.7862118469413455
  endloop
endfacet
facet normal -0.38268343229092217 0.9238795323999645 1.620068450004878e-05
  outer loop
    vertex 0.749999999793034 17.799050217021488 3.922552982098537e-05
    vertex 1.1118205104995724 17.94888873913104 1.8500331784567328
    vertex 1.1117714320875747 17.948900850763057 3.6962628452463785e-05
  endloop
endfacet
facet normal -0.38268343229092217 0.9238795323999645 1.620068450004878e-05
  outer loop
    vertex 1.1118205104995724 17.94888873913104 1.8500331784567328
    vertex 0.749999999793034 17.799050217021488 3.922552982098537e-05
    vertex 0.7500490792844756 17.79903810538947 1.8500583544131741
  endloop
endfacet
facet normal -0.0780630383585376 0.5933868782836101 0.8011230708967666
  outer loop
    vertex 11.467110013448826 16.623181657636557 2.6362713303619865
    vertex 11.500040410281567 17.775017504828558 1.7863304146289003
    vertex 11.170046128857805 17.73157293335158 1.7863559968070104
  endloop
endfacet
facet normal -0.0780630383585376 0.5933868782836101 0.8011230708967666
  outer loop
    vertex 11.500040410281567 17.775017504828558 1.7863304146289003
    vertex 11.467110013448826 16.623181657636557 2.6362713303619865
    vertex 11.500109444128 16.627526114784253 2.636286574843557
  endloop
endfacet
facet normal 0.0781856435274817 0.5933961646457189 0.8011042359955068
  outer loop
    vertex 11.500109444128 16.627526114784253 2.636286574843557
    vertex 11.830034691658561 17.73157293335158 1.7863023932188158
    vertex 11.500040410281567 17.775017504828558 1.7863304146289003
  endloop
endfacet
facet normal 0.0781856435274817 0.5933961646457189 0.8011042359955068
  outer loop
    vertex 11.830034691658561 17.73157293335158 1.7863023932188158
    vertex 11.500109444128 16.627526114784253 2.636286574843557
    vertex 11.533108874915376 16.623181657636557 2.636302367509322
  endloop
endfacet
facet normal 0.5530616331793157 0.2290387271651872 0.8010393819055209
  outer loop
    vertex 11.62326499742216 16.53302554304452 2.6363504529965187
    vertex 12.604222796065082 17.13751750489397 1.7862228375913543
    vertex 11.610527692211624 16.563776114790794 2.6363425229949797
  endloop
endfacet
facet normal 0.5530616331793157 0.2290387271651872 0.8010393819055209
  outer loop
    vertex 12.604222796065082 17.13751750489397 1.7862228375913543
    vertex 11.62326499742216 16.53302554304452 2.6363504529965187
    vertex 12.731595834166333 16.830011787431236 1.7862038599015133
  endloop
endfacet
facet normal 0.6087614290059584 -0.7933533400062551 -2.1343452113854715e-05
  outer loop
    vertex 12.40160155210311 15.598456359039032 1.7861960883383623
    vertex 12.137498694851505 15.395845410134724 0.21382861026965086
    vertex 12.401559840817212 15.598466653926247 0.21382779511878763
  endloop
endfacet
facet normal 0.6087614290059584 -0.7933533400062551 -2.1343452113854715e-05
  outer loop
    vertex 12.137498694851505 15.395845410134724 0.21382861026965086
    vertex 12.40160155210311 15.598456359039032 1.7861960883383623
    vertex 12.137540406865696 15.395835115247511 1.7862118469413455
  endloop
endfacet
facet normal 0.9914448610275299 0.13052619236998933 -2.5445915051852546e-05
  outer loop
    vertex 2.9999999996969575 16.500012111478117 5.135285476171036e-06
    vertex 2.948937810862551 16.888228567460043 1.84985419386203
    vertex 3.0000490710487973 16.4999999998461 1.8498391439487512
  endloop
endfacet
facet normal 0.9914448610275299 0.13052619236998933 -2.5445915051852546e-05
  outer loop
    vertex 2.948937810862551 16.888228567460043 1.84985419386203
    vertex 2.9999999996969575 16.500012111478117 5.135285476171036e-06
    vertex 2.948888739096509 16.888240679092064 9.128060505117495e-06
  endloop
endfacet
facet normal 0.5935049451872905 0.07810665430903625 0.8010313543119771
  outer loop
    vertex 1.6501303063234132 16.50001012906722 2.8500315092622523
    vertex 2.948937810862551 16.888228567460043 1.84985419386203
    vertex 1.6450191793988134 16.538832985828616 2.850026656326743
  endloop
endfacet
facet normal 0.5935049451872905 0.07810665430903625 0.8010313543119771
  outer loop
    vertex 2.948937810862551 16.888228567460043 1.84985419386203
    vertex 1.6501303063234132 16.50001012906722 2.8500315092622523
    vertex 3.0000490710487973 16.4999999998461 1.8498391439487512
  endloop
endfacet
facet normal -0.5933117294472857 -0.07814072940582896 0.8011711540664679
  outer loop
    vertex 10.268484985024326 16.170023222487522 1.786385383409817
    vertex 11.372609436123211 16.500026114797333 2.636234659662959
    vertex 10.225040413866022 16.500017504959377 1.7863981758361038
  endloop
endfacet
facet normal -0.5933117294472857 -0.07814072940582896 0.8011711540664679
  outer loop
    vertex 11.372609436123211 16.500026114797333 2.636234659662959
    vertex 10.268484985024326 16.170023222487522 1.786385383409817
    vertex 11.376953894009121 16.46702668655015 2.6362387846581394
  endloop
endfacet
facet normal -0.1305261919958405 0.991444861353364 9.953580456513948e-06
  outer loop
    vertex 1.1117714320875747 17.948900850763057 3.6962628452463785e-05
    vertex 1.5000490768804695 17.999999999692193 1.850003081776603
    vertex 1.499999999696976 18.00001211132421 3.355003972614068e-05
  endloop
endfacet
facet normal -0.1305261919958405 0.991444861353364 9.953580456513948e-06
  outer loop
    vertex 1.5000490768804695 17.999999999692193 1.850003081776603
    vertex 1.1117714320875747 17.948900850763057 3.6962628452463785e-05
    vertex 1.1118205104995724 17.94888873913104 1.8500331784567328
  endloop
endfacet
facet normal 0.5530580734115021 -0.2290807821412119 0.8010298138570924
  outer loop
    vertex 2.7990871769949206 15.749999999923052 1.849834411175684
    vertex 1.6450191803656644 16.461187272305825 2.8500315550001543
    vertex 1.6300341163130536 16.425010129074916 2.8500267904234926
  endloop
endfacet
facet normal 0.5530580734115021 -0.2290807821412119 0.8010298138570924
  outer loop
    vertex 1.6450191803656644 16.461187272305825 2.8500315550001543
    vertex 2.7990871769949206 15.749999999923052 1.849834411175684
    vertex 2.9489378104446433 16.11177143223215 1.8498323964428445
  endloop
endfacet
facet normal 0.9238795322876059 0.38268343227257057 -2.200271704695856e-05
  outer loop
    vertex 2.948888739096509 16.888240679092064 9.128060505117495e-06
    vertex 2.799087177802255 17.249999999769145 1.8498765205559606
    vertex 2.948937810862551 16.888228567460043 1.84985419386203
  endloop
endfacet
facet normal 0.9238795322876059 0.38268343227257057 -2.200271704695856e-05
  outer loop
    vertex 2.799087177802255 17.249999999769145 1.8498765205559606
    vertex 2.948888739096509 16.888240679092064 9.128060505117495e-06
    vertex 2.79903810531817 17.250012111401162 1.3868027978844454e-05
  endloop
endfacet
facet normal -0.5933130316149383 0.07809736512198172 0.8011744180120176
  outer loop
    vertex 11.372609436123211 16.500026114797333 2.636234659662959
    vertex 10.268484985379546 16.830011787431236 1.7864039112161259
    vertex 10.225040413866022 16.500017504959377 1.7863981758361038
  endloop
endfacet
facet normal -0.5933130316149383 0.07809736512198172 0.8011744180120176
  outer loop
    vertex 10.268484985379546 16.830011787431236 1.7864039112161259
    vertex 11.372609436123211 16.500026114797333 2.636234659662959
    vertex 11.376953893187299 16.53302554304452 2.6362346207857397
  endloop
endfacet
facet normal 0.13052619257432008 0.9914448613225452 3.0283121568082447e-06
  outer loop
    vertex 11.499998694675597 17.775027799715772 0.21385631265255484
    vertex 11.830034691658561 17.73157293335158 1.7863023932188158
    vertex 11.829992977152367 17.731583228238797 0.21385263239582059
  endloop
endfacet
facet normal 0.13052619257432008 0.9914448613225452 3.0283121568082447e-06
  outer loop
    vertex 11.830034691658561 17.73157293335158 1.7863023932188158
    vertex 11.499998694675597 17.775027799715772 0.21385631265255484
    vertex 11.500040410281567 17.775017504828558 1.7863304146289003
  endloop
endfacet
facet normal 0.13052619257432008 0.9914448613225453 3.0283121568082447e-06
  outer loop
    vertex 1.499999999696976 18.00001211132421 3.355003972614068e-05
    vertex 1.8882776432063457 17.94888873913104 1.849970115411798
    vertex 1.8882285673167063 17.948900850763057 2.9220325921106016e-05
  endloop
endfacet
facet normal 0.13052619257432008 0.9914448613225453 3.0283121568082447e-06
  outer loop
    vertex 1.8882776432063457 17.94888873913104 1.849970115411798
    vertex 1.499999999696976 18.00001211132421 3.355003972614068e-05
    vertex 1.5000490768804695 17.999999999692193 1.850003081776603
  endloop
endfacet
facet normal -0.9238795323188097 0.38268343187619697 2.7015437298646785e-05
  outer loop
    vertex 10.395858023811817 17.137517504893967 1.7864021986932124
    vertex 10.268443266376886 16.83002208231845 0.21386011443667202
    vertex 10.268484985379546 16.830011787431236 1.7864039112161259
  endloop
endfacet
facet normal -0.9238795323188097 0.38268343187619697 2.7015437298646785e-05
  outer loop
    vertex 10.268443266376886 16.83002208231845 0.21386011443667202
    vertex 10.395858023811817 17.137517504893967 1.7864021986932124
    vertex 10.395816305026369 17.137527799781186 0.21386160325437853
  endloop
endfacet
facet normal 0.5530580734115021 -0.22908078214121189 0.8010298138570924
  outer loop
    vertex 12.604222795378849 15.86251750502479 1.786187044618119
    vertex 11.623264998243982 16.46702668655015 2.6363546168689194
    vertex 11.610527693799263 16.436276114803874 2.636350566978756
  endloop
endfacet
facet normal 0.5530580734115021 -0.22908078214121189 0.8010298138570924
  outer loop
    vertex 11.623264998243982 16.46702668655015 2.6363546168689194
    vertex 12.604222795378849 15.86251750502479 1.786187044618119
    vertex 12.73159583381111 16.170023222487522 1.7861853320952055
  endloop
endfacet
facet normal -0.9914448610515701 0.13052619184255929 2.7157178237090876e-05
  outer loop
    vertex 10.268484985379546 16.830011787431236 1.7864039112161259
    vertex 10.224998694933166 16.500027799846595 0.21385758697734214
    vertex 10.225040413866022 16.500017504959377 1.7863981758361038
  endloop
endfacet
facet normal -0.9914448610515701 0.13052619184255929 2.7157178237090876e-05
  outer loop
    vertex 10.224998694933166 16.500027799846595 0.21385758697734214
    vertex 10.268484985379546 16.830011787431236 1.7864039112161259
    vertex 10.268443266376886 16.83002208231845 0.21386011443667202
  endloop
endfacet
facet normal -9.971319961377487e-06 8.97184953849753e-06 -0.9999999999100394
  outer loop
    vertex 10.268443266376886 16.83002208231845 0.21386011443667202
    vertex 10.268443266443546 16.170033517374737 0.2138541931185685
    vertex 10.224998694933166 16.500027799846595 0.21385758697734214
  endloop
endfacet
facet normal -9.971319961377487e-06 8.97184953849753e-06 -0.9999999999100394
  outer loop
    vertex 10.268443266443546 16.170033517374737 0.2138541931185685
    vertex 10.268443266376886 16.83002208231845 0.21386011443667202
    vertex 10.395816305026369 17.137527799781186 0.21386160325437853
  endloop
endfacet
facet normal -9.971319961377487e-06 8.97184953849753e-06 -0.9999999999100394
  outer loop
    vertex 10.268443266443546 16.170033517374737 0.2138541931185685
    vertex 10.395816305026369 17.137527799781186 0.21386160325437853
    vertex 10.395816305155144 15.862527799912002 0.2138501641462161
  endloop
endfacet
facet normal -9.971319961377487e-06 8.97184953849753e-06 -0.9999999999100394
  outer loop
    vertex 10.395816305155144 15.862527799912002 0.2138501641462161
    vertex 10.395816305026369 17.137527799781186 0.21386160325437853
    vertex 10.598437548791543 17.40158894576694 0.2138619519699963
  endloop
endfacet
facet normal -9.971319961377487e-06 8.97184953849753e-06 -0.9999999999100394
  outer loop
    vertex 10.395816305155144 15.862527799912002 0.2138501641462161
    vertex 10.598437548791543 17.40158894576694 0.2138619519699963
    vertex 10.59843754897366 15.598466653926245 0.21384577462809284
  endloop
endfacet
facet normal -9.971319961377487e-06 8.97184953849753e-06 -0.9999999999100394
  outer loop
    vertex 10.59843754897366 15.598466653926245 0.21384577462809284
    vertex 10.598437548791543 17.40158894576694 0.2138619519699963
    vertex 10.862498694757246 17.60421018955846 0.21386113681913546
  endloop
endfacet
facet normal -9.971319961377487e-06 8.97184953849753e-06 -0.9999999999100394
  outer loop
    vertex 10.59843754897366 15.598466653926245 0.21384577462809284
    vertex 10.862498694757246 17.60421018955846 0.21386113681913546
    vertex 10.862498694980296 15.395845410134724 0.2138413237026024
  endloop
endfacet
facet normal -9.971319961377487e-06 8.97184953849753e-06 -0.9999999999100394
  outer loop
    vertex 10.862498694980296 15.395845410134724 0.2138413237026024
    vertex 10.862498694757246 17.60421018955846 0.21386113681913546
    vertex 11.170004412207605 17.731583228238797 0.21385921335297223
  endloop
endfacet
facet normal -9.971319961377487e-06 8.97184953849753e-06 -0.9999999999100394
  outer loop
    vertex 10.862498694980296 15.395845410134724 0.2138413237026024
    vertex 11.170004412207605 17.731583228238797 0.21385921335297223
    vertex 11.170004412456384 15.268472371454392 0.2138371146929646
  endloop
endfacet
facet normal -9.971319961377487e-06 8.97184953849753e-06 -0.9999999999100394
  outer loop
    vertex 11.170004412456384 15.268472371454392 0.2138371146929646
    vertex 11.170004412207605 17.731583228238797 0.21385921335297223
    vertex 11.499998694675597 17.775027799715772 0.21385631265255484
  endloop
endfacet
facet normal -9.971319961377487e-06 8.97184953849753e-06 -0.9999999999100394
  outer loop
    vertex 11.170004412456384 15.268472371454392 0.2138371146929646
    vertex 11.499998694675597 17.775027799715772 0.21385631265255484
    vertex 11.499998694933154 15.22502779997741 0.21383343443623026
  endloop
endfacet
facet normal -9.971319961377487e-06 8.97184953849753e-06 -0.9999999999100394
  outer loop
    vertex 11.499998694933154 15.22502779997741 0.21383343443623026
    vertex 11.499998694675597 17.775027799715772 0.21385631265255484
    vertex 11.829992977152367 17.731583228238797 0.21385263239582059
  endloop
endfacet
facet normal -9.971319961377487e-06 8.97184953849753e-06 -0.9999999999100394
  outer loop
    vertex 11.499998694933154 15.22502779997741 0.21383343443623026
    vertex 11.829992977152367 17.731583228238797 0.21385263239582059
    vertex 11.829992977401146 15.268472371454392 0.21383053373581323
  endloop
endfacet
facet normal -9.971319961377487e-06 8.97184953849753e-06 -0.9999999999100394
  outer loop
    vertex 11.829992977401146 15.268472371454392 0.21383053373581323
    vertex 11.829992977152367 17.731583228238797 0.21385263239582059
    vertex 12.137498694628452 17.60421018955846 0.21384842338618332
  endloop
endfacet
facet normal -9.971319961377487e-06 8.97184953849753e-06 -0.9999999999100394
  outer loop
    vertex 11.829992977401146 15.268472371454392 0.21383053373581323
    vertex 12.137498694628452 17.60421018955846 0.21384842338618332
    vertex 12.137498694851505 15.395845410134724 0.21382861026965086
  endloop
endfacet
facet normal -9.971319961377487e-06 8.97184953849753e-06 -0.9999999999100394
  outer loop
    vertex 12.137498694851505 15.395845410134724 0.21382861026965086
    vertex 12.137498694628452 17.60421018955846 0.21384842338618332
    vertex 12.401559840635091 17.40158894576694 0.21384397246069295
  endloop
endfacet
facet normal -9.971319961377487e-06 8.97184953849753e-06 -0.9999999999100394
  outer loop
    vertex 12.137498694851505 15.395845410134724 0.21382861026965086
    vertex 12.401559840635091 17.40158894576694 0.21384397246069295
    vertex 12.401559840817212 15.598466653926247 0.21382779511878763
  endloop
endfacet
facet normal -9.971319961377487e-06 8.97184953849753e-06 -0.9999999999100394
  outer loop
    vertex 12.401559840817212 15.598466653926247 0.21382779511878763
    vertex 12.401559840635091 17.40158894576694 0.21384397246069295
    vertex 12.60418108445361 17.137527799781186 0.21383958294256963
  endloop
endfacet
facet normal -9.971319961377487e-06 8.97184953849753e-06 -0.9999999999100394
  outer loop
    vertex 12.401559840817212 15.598466653926247 0.21382779511878763
    vertex 12.60418108445361 17.137527799781186 0.21383958294256963
    vertex 12.604181084582386 15.862527799912005 0.21382814383440601
  endloop
endfacet
facet normal -9.971319961377487e-06 8.97184953849753e-06 -0.9999999999100394
  outer loop
    vertex 12.604181084582386 15.862527799912005 0.21382814383440601
    vertex 12.60418108445361 17.137527799781186 0.21383958294256963
    vertex 12.731554123165196 16.83002208231845 0.213835553970217
  endloop
endfacet
facet normal -9.971319961377487e-06 8.97184953849753e-06 -0.9999999999100394
  outer loop
    vertex 12.604181084582386 15.862527799912005 0.21382814383440601
    vertex 12.731554123165196 16.83002208231845 0.213835553970217
    vertex 12.731554123231858 16.17003351737474 0.21382963265211402
  endloop
endfacet
facet normal -9.971319961377487e-06 8.97184953849753e-06 -0.9999999999100394
  outer loop
    vertex 12.731554123231858 16.17003351737474 0.21382963265211402
    vertex 12.731554123165196 16.83002208231845 0.213835553970217
    vertex 12.774998694675578 16.500027799846595 0.2138321601114424
  endloop
endfacet
facet normal 0.13052619199583831 -0.9914448613533621 -9.953810369627914e-06
  outer loop
    vertex 11.830034690332864 15.268462076567177 1.7862332465043205
    vertex 11.499998694933154 15.22502779997741 0.21383343443623026
    vertex 11.829992977401146 15.268472371454392 0.21383053373581323
  endloop
endfacet
facet normal 0.13052619199583831 -0.9914448613533621 -9.953810369627914e-06
  outer loop
    vertex 11.499998694933154 15.22502779997741 0.21383343443623026
    vertex 11.830034690332864 15.268462076567177 1.7862332465043205
    vertex 11.500040408909102 15.225017505090195 1.7862588286824308
  endloop
endfacet
facet normal 0.47493055331458267 0.3643586985658716 0.8010516264933794
  outer loop
    vertex 1.6300341144452433 16.575010129059525 2.8500173269131674
    vertex 2.560709244871075 17.560660171517092 1.8499046025032495
    vertex 1.6061963188752926 16.606076146234322 2.8500041568056367
  endloop
endfacet
facet normal 0.47493055331458267 0.3643586985658716 0.8010516264933794
  outer loop
    vertex 2.560709244871075 17.560660171517092 1.8499046025032495
    vertex 1.6300341144452433 16.575010129059525 2.8500173269131674
    vertex 2.799087177802255 17.249999999769145 1.8498765205559606
  endloop
endfacet
facet normal -0.7933533402369387 0.6087614285648038 2.5032607464037277e-05
  outer loop
    vertex 10.59847926708756 17.401578650879724 1.7863931549729686
    vertex 10.395816305026369 17.137527799781186 0.21386160325437853
    vertex 10.395858023811817 17.137517504893967 1.7864021986932124
  endloop
endfacet
facet normal -0.7933533402369387 0.6087614285648038 2.5032607464037277e-05
  outer loop
    vertex 10.395816305026369 17.137527799781186 0.21386160325437853
    vertex 10.59847926708756 17.401578650879724 1.7863931549729686
    vertex 10.598437548791543 17.40158894576694 0.2138619519699963
  endloop
endfacet
facet normal -0.1305261925743301 -0.9914448613225435 -3.028403098795414e-06
  outer loop
    vertex 11.500040408909102 15.225017505090195 1.7862588286824308
    vertex 11.170004412456384 15.268472371454392 0.2138371146929646
    vertex 11.499998694933154 15.22502779997741 0.21383343443623026
  endloop
endfacet
facet normal -0.1305261925743301 -0.9914448613225435 -3.028403098795414e-06
  outer loop
    vertex 11.170004412456384 15.268472371454392 0.2138371146929646
    vertex 11.500040408909102 15.225017505090195 1.7862588286824308
    vertex 11.170046127532105 15.268462076567177 1.7862868500925153
  endloop
endfacet
facet normal 0.7933533402369718 -0.6087614285648034 -2.503156659671176e-05
  outer loop
    vertex 12.401559840817212 15.598466653926247 0.21382779511878763
    vertex 12.604222795378849 15.86251750502479 1.786187044618119
    vertex 12.40160155210311 15.598456359039032 1.7861960883383623
  endloop
endfacet
facet normal 0.7933533402369718 -0.6087614285648034 -2.503156659671176e-05
  outer loop
    vertex 12.604222795378849 15.86251750502479 1.786187044618119
    vertex 12.401559840817212 15.598466653926247 0.21382779511878763
    vertex 12.604181084582386 15.862527799912005 0.21382814383440601
  endloop
endfacet
facet normal -0.9914448610274684 -0.13052619237002497 2.5448128015815628e-05
  outer loop
    vertex 10.225040413866022 16.500017504959377 1.7863981758361038
    vertex 10.268443266443546 16.170033517374737 0.2138541931185685
    vertex 10.268484985024326 16.170023222487522 1.786385383409817
  endloop
endfacet
facet normal -0.9914448610274684 -0.13052619237002497 2.5448128015815628e-05
  outer loop
    vertex 10.268443266443546 16.170033517374737 0.2138541931185685
    vertex 10.225040413866022 16.500017504959377 1.7863981758361038
    vertex 10.224998694933166 16.500027799846595 0.21385758697734214
  endloop
endfacet
facet normal 0.2291147934494129 0.5529637578669088 0.8010851976589878
  outer loop
    vertex 11.563859449136917 16.61044435376852 2.6363176321152206
    vertex 11.830034691658561 17.73157293335158 1.7863023932188158
    vertex 11.533108874915376 16.623181657636557 2.636302367509322
  endloop
endfacet
facet normal 0.2291147934494129 0.5529637578669088 0.8010851976589878
  outer loop
    vertex 11.830034691658561 17.73157293335158 1.7863023932188158
    vertex 11.563859449136917 16.61044435376852 2.6363176321152206
    vertex 12.137540408054283 17.604199894671247 1.7862738421895443
  endloop
endfacet
facet normal 0.9914448610275299 0.13052619236998933 -2.5445915051852546e-05
  outer loop
    vertex 12.774998694675578 16.500027799846595 0.2138321601114424
    vertex 12.731595834166333 16.830011787431236 1.7862038599015133
    vertex 12.775040405324642 16.500017504959377 1.7861910674752264
  endloop
endfacet
facet normal 0.9914448610275299 0.13052619236998933 -2.5445915051852546e-05
  outer loop
    vertex 12.731595834166333 16.830011787431236 1.7862038599015133
    vertex 12.774998694675578 16.500027799846595 0.2138321601114424
    vertex 12.731554123165196 16.83002208231845 0.213835553970217
  endloop
endfacet
facet normal -0.5528790046676865 0.2290133546540065 0.8011726964817176
  outer loop
    vertex 11.376953893187299 16.53302554304452 2.6362346207857397
    vertex 10.395858023811817 17.137517504893967 1.7864021986932124
    vertex 10.268484985379546 16.830011787431236 1.7864039112161259
  endloop
endfacet
facet normal -0.5528790046676865 0.2290133546540065 0.8011726964817176
  outer loop
    vertex 10.395858023811817 17.137517504893967 1.7864021986932124
    vertex 11.376953893187299 16.53302554304452 2.6362346207857397
    vertex 11.389691197632018 16.563776114790794 2.6362386706759064
  endloop
endfacet
facet normal -0.608761429005947 0.7933533400062526 2.1343875650710824e-05
  outer loop
    vertex 10.598437548791543 17.40158894576694 0.2138619519699963
    vertex 10.862540412324972 17.604199894671247 1.7863773963699854
    vertex 10.862498694757246 17.60421018955846 0.21386113681913546
  endloop
endfacet
facet normal -0.608761429005947 0.7933533400062526 2.1343875650710824e-05
  outer loop
    vertex 10.862540412324972 17.604199894671247 1.7863773963699854
    vertex 10.598437548791543 17.40158894576694 0.2138619519699963
    vertex 10.59847926708756 17.401578650879724 1.7863931549729686
  endloop
endfacet
facet normal 0.6087614292458369 0.793353340033654 -1.0954964915344836e-05
  outer loop
    vertex 12.137498694628452 17.60421018955846 0.21384842338618332
    vertex 12.401601553073581 17.401578650879724 1.7862467072465495
    vertex 12.401559840635091 17.40158894576694 0.21384397246069295
  endloop
endfacet
facet normal 0.6087614292458369 0.793353340033654 -1.0954964915344836e-05
  outer loop
    vertex 12.401601553073581 17.401578650879724 1.7862467072465495
    vertex 12.137498694628452 17.60421018955846 0.21384842338618332
    vertex 12.137540408054283 17.604199894671247 1.7862738421895443
  endloop
endfacet
facet normal -0.474764007729273 0.36432404055306505 0.8011661066470095
  outer loop
    vertex 11.389691197632018 16.563776114790794 2.6362386706759064
    vertex 10.59847926708756 17.401578650879724 1.7863931549729686
    vertex 10.395858023811817 17.137517504893967 1.7864021986932124
  endloop
endfacet
facet normal -0.474764007729273 0.36432404055306505 0.8011661066470095
  outer loop
    vertex 10.59847926708756 17.401578650879724 1.7863931549729686
    vertex 11.389691197632018 16.563776114790794 2.6362386706759064
    vertex 11.409953323208853 16.59018222938937 2.6362465333401324
  endloop
endfacet
facet normal 0.3644376861893073 0.47484358299210494 0.8010672534664015
  outer loop
    vertex 11.590265565977166 16.59018222938937 2.6363313284035783
    vertex 12.137540408054283 17.604199894671247 1.7862738421895443
    vertex 11.563859449136917 16.61044435376852 2.6363176321152206
  endloop
endfacet
facet normal 0.3644376861893073 0.47484358299210494 0.8010672534664015
  outer loop
    vertex 12.137540408054283 17.604199894671247 1.7862738421895443
    vertex 11.590265565977166 16.59018222938937 2.6363313284035783
    vertex 12.401601553073581 17.401578650879724 1.7862467072465495
  endloop
endfacet
facet normal -0.1305261919958405 0.9914448613533641 9.953580456513948e-06
  outer loop
    vertex 11.170004412207605 17.731583228238797 0.21385921335297223
    vertex 11.500040410281567 17.775017504828558 1.7863304146289003
    vertex 11.499998694675597 17.775027799715772 0.21385631265255484
  endloop
endfacet
facet normal -0.1305261919958405 0.9914448613533641 9.953580456513948e-06
  outer loop
    vertex 11.500040410281567 17.775017504828558 1.7863304146289003
    vertex 11.170004412207605 17.731583228238797 0.21385921335297223
    vertex 11.170046128857805 17.73157293335158 1.7863559968070104
  endloop
endfacet
facet normal -0.3826834322909223 0.9238795323999646 1.6200684500048782e-05
  outer loop
    vertex 10.862498694757246 17.60421018955846 0.21386113681913546
    vertex 11.170046128857805 17.73157293335158 1.7863559968070104
    vertex 11.170004412207605 17.731583228238797 0.21385921335297223
  endloop
endfacet
facet normal -0.3826834322909223 0.9238795323999646 1.6200684500048782e-05
  outer loop
    vertex 11.170046128857805 17.73157293335158 1.7863559968070104
    vertex 10.862498694757246 17.60421018955846 0.21386113681913546
    vertex 10.862540412324972 17.604199894671247 1.7863773963699854
  endloop
endfacet
facet normal -0.7933533402956873 -0.6087614287638254 1.70616991830714e-05
  outer loop
    vertex 10.395858023125587 15.862517505024785 1.786366405719977
    vertex 10.59843754897366 15.598466653926245 0.21384577462809284
    vertex 10.598479266117083 15.59845635903903 1.7863425360647818
  endloop
endfacet
facet normal -0.7933533402956873 -0.6087614287638254 1.70616991830714e-05
  outer loop
    vertex 10.59843754897366 15.598466653926245 0.21384577462809284
    vertex 10.395858023125587 15.862517505024785 1.786366405719977
    vertex 10.395816305155144 15.862527799912002 0.2138501641462161
  endloop
endfacet
facet normal -0.6087614292457899 -0.7933533400336771 1.095590710032176e-05
  outer loop
    vertex 10.862540411136386 15.395835115247507 1.7863154011217857
    vertex 10.59843754897366 15.598466653926245 0.21384577462809284
    vertex 10.862498694980296 15.395845410134724 0.2138413237026024
  endloop
endfacet
facet normal -0.6087614292457899 -0.7933533400336771 1.095590710032176e-05
  outer loop
    vertex 10.59843754897366 15.598466653926245 0.21384577462809284
    vertex 10.862540411136386 15.395835115247507 1.7863154011217857
    vertex 10.598479266117083 15.59845635903903 1.7863425360647818
  endloop
endfacet
facet normal -0.22897934574420728 -0.5529733296471647 0.801117317202345
  outer loop
    vertex 11.170046127532105 15.268462076567177 1.7862868500925153
    vertex 11.436359442294362 16.389607875826144 2.6362716055394384
    vertex 10.862540411136386 15.395835115247507 1.7863154011217857
  endloop
endfacet
facet normal -0.22897934574420728 -0.5529733296471647 0.801117317202345
  outer loop
    vertex 11.436359442294362 16.389607875826144 2.6362716055394384
    vertex 11.170046127532105 15.268462076567177 1.7862868500925153
    vertex 11.46711001651591 16.376870571958115 2.6362868701453355
  endloop
endfacet
facet normal 0.3826834327349237 0.9238795323489849 -4.103188682165703e-06
  outer loop
    vertex 11.829992977152367 17.731583228238797 0.21385263239582059
    vertex 12.137540408054283 17.604199894671247 1.7862738421895443
    vertex 12.137498694628452 17.60421018955846 0.21384842338618332
  endloop
endfacet
facet normal 0.3826834327349237 0.9238795323489849 -4.103188682165703e-06
  outer loop
    vertex 12.137540408054283 17.604199894671247 1.7862738421895443
    vertex 11.829992977152367 17.731583228238797 0.21385263239582059
    vertex 11.830034691658561 17.73157293335158 1.7863023932188158
  endloop
endfacet
facet normal -0.9238795322875291 -0.38268343227263946 2.2004741700021264e-05
  outer loop
    vertex 10.268484985024326 16.170023222487522 1.786385383409817
    vertex 10.395816305155144 15.862527799912002 0.2138501641462161
    vertex 10.395858023125587 15.862517505024785 1.786366405719977
  endloop
endfacet
facet normal -0.9238795322875291 -0.38268343227263946 2.2004741700021264e-05
  outer loop
    vertex 10.395816305155144 15.862527799912002 0.2138501641462161
    vertex 10.268484985024326 16.170023222487522 1.786385383409817
    vertex 10.268443266443546 16.170033517374737 0.2138541931185685
  endloop
endfacet
facet normal 0.07818433906743175 -0.593429802454505 0.8010794459249321
  outer loop
    vertex 11.830034690332864 15.268462076567177 1.7862332465043205
    vertex 11.500109447303279 16.372526114810416 2.6363026628111044
    vertex 11.500040408909102 15.225017505090195 1.7862588286824308
  endloop
endfacet
facet normal 0.07818433906743175 -0.593429802454505 0.8010794459249321
  outer loop
    vertex 11.500109447303279 16.372526114810416 2.6363026628111044
    vertex 11.830034690332864 15.268462076567177 1.7862332465043205
    vertex 11.533108877982457 16.376870571958115 2.6363179072926695
  endloop
endfacet
facet normal 0.36443282311857395 -0.47488077753422664 0.8010474171747354
  outer loop
    vertex 12.137540406865696 15.395835115247511 1.7862118469413455
    vertex 11.590265568222426 16.4098700002053 2.636342704314526
    vertex 11.56385945188679 16.389607875826144 2.636331564703813
  endloop
endfacet
facet normal 0.36443282311857395 -0.47488077753422664 0.8010474171747354
  outer loop
    vertex 11.590265568222426 16.4098700002053 2.636342704314526
    vertex 12.137540406865696 15.395835115247511 1.7862118469413455
    vertex 12.40160155210311 15.598456359039032 1.7861960883383623
  endloop
endfacet
facet normal -0.47475914809375364 -0.3643638458091787 0.8011508841463251
  outer loop
    vertex 10.598479266117083 15.59845635903903 1.7863425360647818
    vertex 11.389691199219659 16.436276114803874 2.636246714659682
    vertex 10.395858023125587 15.862517505024785 1.786366405719977
  endloop
endfacet
facet normal -0.47475914809375364 -0.3643638458091787 0.8011508841463251
  outer loop
    vertex 11.389691199219659 16.436276114803874 2.636246714659682
    vertex 10.598479266117083 15.59845635903903 1.7863425360647818
    vertex 11.409953325454115 16.4098700002053 2.636257909251081
  endloop
endfacet
facet normal -0.36428485250181925 -0.4748461251102363 0.8011352593073916
  outer loop
    vertex 10.862540411136386 15.395835115247507 1.7863154011217857
    vertex 11.409953325454115 16.4098700002053 2.636257909251081
    vertex 10.598479266117083 15.59845635903903 1.7863425360647818
  endloop
endfacet
facet normal -0.36428485250181925 -0.4748461251102363 0.8011352593073916
  outer loop
    vertex 11.409953325454115 16.4098700002053 2.636257909251081
    vertex 10.862540411136386 15.395835115247507 1.7863154011217857
    vertex 11.436359442294362 16.389607875826144 2.6362716055394384
  endloop
endfacet
facet normal 0.9238795323188583 -0.3826834318761956 -2.7013792322647633e-05
  outer loop
    vertex 12.604181084582386 15.862527799912005 0.21382814383440601
    vertex 12.73159583381111 16.170023222487522 1.7861853320952055
    vertex 12.604222795378849 15.86251750502479 1.786187044618119
  endloop
endfacet
facet normal 0.9238795323188583 -0.3826834318761956 -2.7013792322647633e-05
  outer loop
    vertex 12.73159583381111 16.170023222487522 1.7861853320952055
    vertex 12.604181084582386 15.862527799912005 0.21382814383440601
    vertex 12.731554123231858 16.17003351737474 0.21382963265211402
  endloop
endfacet
facet normal 0.9238795322876059 0.38268343227257057 -2.200271704695856e-05
  outer loop
    vertex 12.731554123165196 16.83002208231845 0.213835553970217
    vertex 12.604222796065082 17.13751750489397 1.7862228375913543
    vertex 12.731595834166333 16.830011787431236 1.7862038599015133
  endloop
endfacet
facet normal 0.9238795322876059 0.38268343227257057 -2.200271704695856e-05
  outer loop
    vertex 12.604222796065082 17.13751750489397 1.7862228375913543
    vertex 12.731554123165196 16.83002208231845 0.213835553970217
    vertex 12.60418108445361 17.137527799781186 0.21383958294256963
  endloop
endfacet
facet normal -0.38268343273490696 -0.9238795323489905 4.1035267571537925e-06
  outer loop
    vertex 1.1118205089399251 15.051111260561154 1.8499518293808561
    vertex 0.750000000055446 15.20097400593474 1.5915980958564056e-05
    vertex 1.1117714323802532 15.051123372193171 1.0964204914043484e-05
  endloop
endfacet
facet normal -0.38268343273490696 -0.9238795323489905 4.1035267571537925e-06
  outer loop
    vertex 0.750000000055446 15.20097400593474 1.5915980958564056e-05
    vertex 1.1118205089399251 15.051111260561154 1.8499518293808561
    vertex 0.7500490778861388 15.20096189430272 1.8499854188270566
  endloop
endfacet
facet normal 0.6087614292458369 0.793353340033654 -1.0954964915344836e-05
  outer loop
    vertex 2.2499999996415134 17.799050217021488 2.4268549877290435e-05
    vertex 2.560709244871075 17.560660171517092 1.8499046025032495
    vertex 2.5606601714140287 17.56067228314911 1.903216694739973e-05
  endloop
endfacet
facet normal 0.6087614292458369 0.793353340033654 -1.0954964915344836e-05
  outer loop
    vertex 2.560709244871075 17.560660171517092 1.8499046025032495
    vertex 2.2499999996415134 17.799050217021488 2.4268549877290435e-05
    vertex 2.2500490742601373 17.79903810538947 1.8499365259655962
  endloop
endfacet
facet normal 0.5935036422298597 -0.07815001175210214 0.8010280908451569
  outer loop
    vertex 2.9489378104446433 16.11177143223215 1.8498323964428445
    vertex 1.6501303063234132 16.50001012906722 2.8500315092622523
    vertex 1.6450191803656644 16.461187272305825 2.8500315550001543
  endloop
endfacet
facet normal 0.5935036422298597 -0.07815001175210214 0.8010280908451569
  outer loop
    vertex 1.6501303063234132 16.50001012906722 2.8500315092622523
    vertex 2.9489378104446433 16.11177143223215 1.8498323964428445
    vertex 3.0000490710487973 16.4999999998461 1.8498391439487512
  endloop
endfacet
facet normal -0.2289793457442073 -0.5529733296471647 0.801117317202345
  outer loop
    vertex 1.1118205089399251 15.051111260561154 1.8499518293808561
    vertex 1.4251302910131691 16.370106318512885 2.8499338946125303
    vertex 0.7500490778861388 15.20096189430272 1.8499854188270566
  endloop
endfacet
facet normal -0.2289793457442073 -0.5529733296471647 0.801117317202345
  outer loop
    vertex 1.4251302910131691 16.370106318512885 2.8499338946125303
    vertex 1.1118205089399251 15.051111260561154 1.8499518293808561
    vertex 1.4613074371561676 16.35512125513873 2.849951852972409
  endloop
endfacet
facet normal -0.5933117294472857 -0.07814072940582896 0.8011711540664679
  outer loop
    vertex 0.05116034128371816 16.11177143223215 1.8500677509306225
    vertex 1.3501302837529907 16.50001012906722 2.849890428875496
    vertex 4.9081097477388086e-05 16.4999999998461 1.8500828008439014
  endloop
endfacet
facet normal -0.5933117294472857 -0.07814072940582896 0.8011711540664679
  outer loop
    vertex 1.3501302837529907 16.50001012906722 2.849890428875496
    vertex 0.05116034128371816 16.11177143223215 1.8500677509306225
    vertex 1.3552414106775934 16.461187272305825 2.849895281811002
  endloop
endfacet
facet normal -0.0780630383585376 0.5933868782836101 0.8011230708967666
  outer loop
    vertex 1.4613074335478344 16.644899002995718 2.849933570874352
    vertex 1.5000490768804695 17.999999999692193 1.850003081776603
    vertex 1.1118205104995724 17.94888873913104 1.8500331784567328
  endloop
endfacet
facet normal -0.0780630383585376 0.5933868782836101 0.8011230708967666
  outer loop
    vertex 1.5000490768804695 17.999999999692193 1.850003081776603
    vertex 1.4613074335478344 16.644899002995718 2.849933570874352
    vertex 1.5001302931703904 16.650010129051832 2.8499515055585523
  endloop
endfacet
facet normal -0.00047026786754685533 6.309005586637441e-05 0.9999998874338825
  outer loop
    vertex 1.3552414106775934 16.461187272305825 2.849895281811002
    vertex 1.3552414097107424 16.538832985828616 2.849890383137591
    vertex 1.3501302837529907 16.50001012906722 2.849890428875496
  endloop
endfacet
facet normal -0.00047026786754685533 6.309005586637441e-05 0.9999998874338825
  outer loop
    vertex 1.3552414097107424 16.538832985828616 2.849890383137591
    vertex 1.3552414106775934 16.461187272305825 2.849895281811002
    vertex 1.3702264737633532 16.575010129059525 2.8498951477142573
  endloop
endfacet
facet normal -0.00047026786754685533 6.309005586637441e-05 0.9999998874338825
  outer loop
    vertex 1.3702264737633532 16.575010129059525 2.8498951477142573
    vertex 1.3552414106775934 16.461187272305825 2.849895281811002
    vertex 1.3702264756311664 16.425010129074916 2.849904611224582
  endloop
endfacet
facet normal -0.00047026786754685533 6.309005586637441e-05 0.9999998874338825
  outer loop
    vertex 1.3702264737633532 16.575010129059525 2.8498951477142573
    vertex 1.3702264756311664 16.425010129074916 2.849904611224582
    vertex 1.3940642685596294 16.606076146234322 2.8499043979074643
  endloop
endfacet
facet normal -0.00047026786754685533 6.309005586637441e-05 0.9999998874338825
  outer loop
    vertex 1.3940642685596294 16.606076146234322 2.8499043979074643
    vertex 1.3702264756311664 16.425010129074916 2.849904611224582
    vertex 1.3940642712011146 16.393944111900122 2.84991778133211
  endloop
endfacet
facet normal -0.00047026786754685533 6.309005586637441e-05 0.9999998874338825
  outer loop
    vertex 1.3940642685596294 16.606076146234322 2.8499043979074643
    vertex 1.3940642712011146 16.393944111900122 2.84991778133211
    vertex 1.4251302877780245 16.62991393962156 2.849917503331835
  endloop
endfacet
facet normal -0.00047026786754685533 6.309005586637441e-05 0.9999998874338825
  outer loop
    vertex 1.4251302877780245 16.62991393962156 2.849917503331835
    vertex 1.3940642712011146 16.393944111900122 2.84991778133211
    vertex 1.4251302910131691 16.370106318512885 2.8499338946125303
  endloop
endfacet
facet normal -0.00047026786754685533 6.309005586637441e-05 0.9999998874338825
  outer loop
    vertex 1.4251302877780245 16.62991393962156 2.849917503331835
    vertex 1.4251302910131691 16.370106318512885 2.8499338946125303
    vertex 1.4613074335478344 16.644899002995718 2.849933570874352
  endloop
endfacet
facet normal -0.00047026786754685533 6.309005586637441e-05 0.9999998874338825
  outer loop
    vertex 1.4613074335478344 16.644899002995718 2.849933570874352
    vertex 1.4251302910131691 16.370106318512885 2.8499338946125303
    vertex 1.4613074371561676 16.35512125513873 2.849951852972409
  endloop
endfacet
facet normal -0.00047026786754685533 6.309005586637441e-05 0.9999998874338825
  outer loop
    vertex 1.4613074335478344 16.644899002995718 2.849933570874352
    vertex 1.4613074371561676 16.35512125513873 2.849951852972409
    vertex 1.5001302931703904 16.650010129051832 2.8499515055585523
  endloop
endfacet
facet normal -0.00047026786754685533 6.309005586637441e-05 0.9999998874338825
  outer loop
    vertex 1.5001302931703904 16.650010129051832 2.8499515055585523
    vertex 1.4613074371561676 16.35512125513873 2.849951852972409
    vertex 1.5001302969060142 16.350010129082612 2.849970432579196
  endloop
endfacet
facet normal -0.00047026786754685533 6.309005586637441e-05 0.9999998874338825
  outer loop
    vertex 1.5001302931703904 16.650010129051832 2.8499515055585523
    vertex 1.5001302969060142 16.350010129082612 2.849970432579196
    vertex 1.5389531529202454 16.644899002995718 2.8499700851653347
  endloop
endfacet
facet normal -0.00047026786754685533 6.309005586637441e-05 0.9999998874338825
  outer loop
    vertex 1.5389531529202454 16.644899002995718 2.8499700851653347
    vertex 1.5001302969060142 16.350010129082612 2.849970432579196
    vertex 1.538953156528576 16.35512125513873 2.8499883672633906
  endloop
endfacet
facet normal -0.00047026786754685533 6.309005586637441e-05 0.9999998874338825
  outer loop
    vertex 1.5389531529202454 16.644899002995718 2.8499700851653347
    vertex 1.538953156528576 16.35512125513873 2.8499883672633906
    vertex 1.5751302990632348 16.62991393962156 2.8499880435252147
  endloop
endfacet
facet normal -0.00047026786754685533 6.309005586637441e-05 0.9999998874338825
  outer loop
    vertex 1.5751302990632348 16.62991393962156 2.8499880435252147
    vertex 1.538953156528576 16.35512125513873 2.8499883672633906
    vertex 1.5751303022983794 16.370106318512885 2.8500044348059115
  endloop
endfacet
facet normal -0.00047026786754685533 6.309005586637441e-05 0.9999998874338825
  outer loop
    vertex 1.5751302990632348 16.62991393962156 2.8499880435252147
    vertex 1.5751303022983794 16.370106318512885 2.8500044348059115
    vertex 1.6061963188752926 16.606076146234322 2.8500041568056367
  endloop
endfacet
facet normal -0.00047026786754685533 6.309005586637441e-05 0.9999998874338825
  outer loop
    vertex 1.6061963188752926 16.606076146234322 2.8500041568056367
    vertex 1.5751303022983794 16.370106318512885 2.8500044348059115
    vertex 1.606196321516775 16.393944111900122 2.8500175402302808
  endloop
endfacet
facet normal -0.00047026786754685533 6.309005586637441e-05 0.9999998874338825
  outer loop
    vertex 1.6061963188752926 16.606076146234322 2.8500041568056367
    vertex 1.606196321516775 16.393944111900122 2.8500175402302808
    vertex 1.6300341144452433 16.575010129059525 2.8500173269131674
  endloop
endfacet
facet normal -0.00047026786754685533 6.309005586637441e-05 0.9999998874338825
  outer loop
    vertex 1.6300341144452433 16.575010129059525 2.8500173269131674
    vertex 1.606196321516775 16.393944111900122 2.8500175402302808
    vertex 1.6300341163130536 16.425010129074916 2.8500267904234926
  endloop
endfacet
facet normal -0.00047026786754685533 6.309005586637441e-05 0.9999998874338825
  outer loop
    vertex 1.6300341144452433 16.575010129059525 2.8500173269131674
    vertex 1.6300341163130536 16.425010129074916 2.8500267904234926
    vertex 1.6450191793988134 16.538832985828616 2.850026656326743
  endloop
endfacet
facet normal -0.00047026786754685533 6.309005586637441e-05 0.9999998874338825
  outer loop
    vertex 1.6450191793988134 16.538832985828616 2.850026656326743
    vertex 1.6300341163130536 16.425010129074916 2.8500267904234926
    vertex 1.6450191803656644 16.461187272305825 2.8500315550001543
  endloop
endfacet
facet normal -0.00047026786754685533 6.309005586637441e-05 0.9999998874338825
  outer loop
    vertex 1.6450191793988134 16.538832985828616 2.850026656326743
    vertex 1.6450191803656644 16.461187272305825 2.8500315550001543
    vertex 1.6501303063234132 16.50001012906722 2.8500315092622523
  endloop
endfacet
facet normal -0.5933130316149383 0.07809736512198172 0.8011744180120176
  outer loop
    vertex 1.3501302837529907 16.50001012906722 2.849890428875496
    vertex 0.05116034170162309 16.888228567460043 1.8500895483498097
    vertex 4.9081097477388086e-05 16.4999999998461 1.8500828008439014
  endloop
endfacet
facet normal -0.5933130316149383 0.07809736512198172 0.8011744180120176
  outer loop
    vertex 0.05116034170162309 16.888228567460043 1.8500895483498097
    vertex 1.3501302837529907 16.50001012906722 2.849890428875496
    vertex 1.3552414097107424 16.538832985828616 2.849890383137591
  endloop
endfacet
facet normal -0.7933533402369387 0.6087614285648038 2.5032607464037277e-05
  outer loop
    vertex 0.4393889084169314 17.560660171517092 1.8500768939460956
    vertex 0.2009618942272938 17.250012111401162 3.977427716575221e-05
    vertex 0.2010109751513517 17.24999999976914 1.8500875336169702
  endloop
endfacet
facet normal -0.7933533402369387 0.6087614285648038 2.5032607464037277e-05
  outer loop
    vertex 0.2009618942272938 17.250012111401162 3.977427716575221e-05
    vertex 0.4393889084169314 17.560660171517092 1.8500768939460956
    vertex 0.4393398280686768 17.56067228314911 4.0184530833739514e-05
  endloop
endfacet
facet normal 0.36443282311857395 -0.47488077753422664 0.8010474171747354
  outer loop
    vertex 2.250049072861801 15.200961894302722 1.84986359037948
    vertex 1.606196321516775 16.393944111900122 2.8500175402302808
    vertex 1.5751303022983794 16.370106318512885 2.8500044348059115
  endloop
endfacet
facet normal 0.36443282311857395 -0.47488077753422664 0.8010474171747354
  outer loop
    vertex 1.606196321516775 16.393944111900122 2.8500175402302808
    vertex 2.250049072861801 15.200961894302722 1.84986359037948
    vertex 2.560709243729344 15.439339828175102 1.8498450508465587
  endloop
endfacet
facet normal 0.5935036422298597 -0.07815001175210214 0.8010280908451569
  outer loop
    vertex 12.73159583381111 16.170023222487522 1.7861853320952055
    vertex 11.627609455308068 16.500026114797333 2.6363545779917024
    vertex 11.623264998243982 16.46702668655015 2.6363546168689194
  endloop
endfacet
facet normal 0.5935036422298597 -0.07815001175210214 0.8010280908451569
  outer loop
    vertex 11.627609455308068 16.500026114797333 2.6363545779917024
    vertex 12.73159583381111 16.170023222487522 1.7861853320952055
    vertex 12.775040405324642 16.500017504959377 1.7861910674752264
  endloop
endfacet
facet normal -0.6087614290059469 0.7933533400062526 2.134387565071082e-05
  outer loop
    vertex 5.545403313418756 17.45462225714129 0.1426131723215342
    vertex 5.825041639512976 17.669151497157614 1.8076295252156405
    vertex 5.824997467970678 17.66916239762643 0.14261230922062273
  endloop
endfacet
facet normal -0.6087614290059469 0.7933533400062526 2.134387565071082e-05
  outer loop
    vertex 5.825041639512976 17.669151497157614 1.8076295252156405
    vertex 5.545403313418756 17.45462225714129 0.1426131723215342
    vertex 5.545447485732185 17.454611356672473 1.8076462107952695
  endloop
endfacet
facet normal 0.6087614292458369 0.7933533400336542 -1.0954964915344834e-05
  outer loop
    vertex 7.174997467834308 17.66916239762643 0.14259884793867342
    vertex 7.454635788540915 17.454611356672473 1.8074911484967084
    vertex 7.454591622429573 17.45462225714129 0.14259413519403652
  endloop
endfacet
facet normal 0.6087614292458369 0.7933533400336542 -1.0954964915344834e-05
  outer loop
    vertex 7.454635788540915 17.454611356672473 1.8074911484967084
    vertex 7.174997467834308 17.66916239762643 0.14259884793867342
    vertex 7.17504163499107 17.669151497157614 1.8075198796128205
  endloop
endfacet
facet normal -0.36428485250181925 -0.4748461251102363 0.8011352593073916
  outer loop
    vertex 0.7500490778861388 15.20096189430272 1.8499854188270566
    vertex 1.3940642712011146 16.393944111900122 2.84991778133211
    vertex 0.43938890727519464 15.4393398281751 1.8500173422894046
  endloop
endfacet
facet normal -0.36428485250181925 -0.4748461251102363 0.8011352593073916
  outer loop
    vertex 1.3940642712011146 16.393944111900122 2.84991778133211
    vertex 0.7500490778861388 15.20096189430272 1.8499854188270566
    vertex 1.4251302910131691 16.370106318512885 2.8499338946125303
  endloop
endfacet
facet normal -0.9914448610274684 -0.13052619237002497 2.5448128015815628e-05
  outer loop
    vertex 5.150041641144677 16.50001720216858 1.8076515270032953
    vertex 5.195997602697348 16.15062239178484 0.1426049570670812
    vertex 5.196041775312294 16.150611491316024 1.8076379820813442
  endloop
endfacet
facet normal -0.9914448610274684 -0.13052619237002497 2.5448128015815628e-05
  outer loop
    vertex 5.195997602697348 16.15062239178484 0.1426049570670812
    vertex 5.150041641144677 16.50001720216858 1.8076515270032953
    vertex 5.149997468156947 16.500028102637394 0.14260855056460628
  endloop
endfacet
facet normal -0.22897934574420734 -0.5529733296471646 0.8011173172023451
  outer loop
    vertex 6.15063592620288 15.19601733681213 1.8075336526865549
    vertex 6.432614730068799 16.383112888968686 2.7075175113950616
    vertex 5.825041638254472 15.330882907179538 1.8075638831881347
  endloop
endfacet
facet normal -0.22897934574420734 -0.5529733296471646 0.8011173172023451
  outer loop
    vertex 6.432614730068799 16.383112888968686 2.7075175113950616
    vertex 6.15063592620288 15.19601733681213 1.8075336526865549
    vertex 6.465174161597497 16.369626331931943 2.7075336739189524
  endloop
endfacet
facet normal 0.9238795322876059 0.38268343227257057 -2.200271704695856e-05
  outer loop
    vertex 7.803997333343806 16.84943381348995 0.14258522149823843
    vertex 7.6691759281789755 17.175017202099323 1.8074658747441488
    vertex 7.804041497933242 16.849422913021133 1.807445780719611
  endloop
endfacet
facet normal 0.9238795322876059 0.38268343227257057 -2.200271704695856e-05
  outer loop
    vertex 7.6691759281789755 17.175017202099323 1.8074658747441488
    vertex 7.803997333343806 16.84943381348995 0.14258522149823843
    vertex 7.669131762943299 17.175028102568138 0.1425894874689648
  endloop
endfacet
facet normal -0.5528754471014158 -0.22905541627977016 0.8011631271253756
  outer loop
    vertex 0.20101097434402349 15.749999999923045 1.8500454242366935
    vertex 1.3552414106775934 16.461187272305825 2.849895281811002
    vertex 0.05116034128371816 16.11177143223215 1.8500677509306225
  endloop
endfacet
facet normal -0.5528754471014158 -0.22905541627977016 0.8011631271253756
  outer loop
    vertex 1.3552414106775934 16.461187272305825 2.849895281811002
    vertex 0.20101097434402349 15.749999999923045 1.8500454242366935
    vertex 1.3702264756311664 16.425010129074916 2.849904611224582
  endloop
endfacet
facet normal 0.4749305533145826 0.3643586985658716 0.8010516264933794
  outer loop
    vertex 11.610527692211624 16.563776114790794 2.6363425229949797
    vertex 12.401601553073581 17.401578650879724 1.7862467072465495
    vertex 11.590265565977166 16.59018222938937 2.6363313284035783
  endloop
endfacet
facet normal 0.4749305533145826 0.3643586985658716 0.8010516264933794
  outer loop
    vertex 12.401601553073581 17.401578650879724 1.7862467072465495
    vertex 11.610527692211624 16.563776114790794 2.6363425229949797
    vertex 12.604222796065082 17.13751750489397 1.7862228375913543
  endloop
endfacet
facet normal 0.07818564352748168 0.5933961646457189 0.8011042359955068
  outer loop
    vertex 6.500114732010298 16.63502631845374 2.707533361246481
    vertex 6.849447347042657 17.804017067525027 1.8075501101144025
    vertex 6.500041637349369 17.850017202030063 1.807579779842727
  endloop
endfacet
facet normal 0.07818564352748168 0.5933961646457189 0.8011042359955068
  outer loop
    vertex 6.849447347042657 17.804017067525027 1.8075501101144025
    vertex 6.500114732010298 16.63502631845374 2.707533361246481
    vertex 6.535055305785168 16.630426305003233 2.7075500828925856
  endloop
endfacet
facet normal 0.7933533402957378 0.608761428763803 -1.7060139666046218e-05
  outer loop
    vertex 12.60418108445361 17.137527799781186 0.21383958294256963
    vertex 12.401601553073581 17.401578650879724 1.7862467072465495
    vertex 12.604222796065082 17.13751750489397 1.7862228375913543
  endloop
endfacet
facet normal 0.7933533402957378 0.608761428763803 -1.7060139666046218e-05
  outer loop
    vertex 12.401601553073581 17.401578650879724 1.7862467072465495
    vertex 12.60418108445361 17.137527799781186 0.21383958294256963
    vertex 12.401559840635091 17.40158894576694 0.21384397246069295
  endloop
endfacet
facet normal 0.5530616331793157 0.22903872716518717 0.8010393819055209
  outer loop
    vertex 1.6450191793988134 16.538832985828616 2.850026656326743
    vertex 2.799087177802255 17.249999999769145 1.8498765205559606
    vertex 1.6300341144452433 16.575010129059525 2.8500173269131674
  endloop
endfacet
facet normal 0.5530616331793157 0.22903872716518717 0.8010393819055209
  outer loop
    vertex 2.799087177802255 17.249999999769145 1.8498765205559606
    vertex 1.6450191793988134 16.538832985828616 2.850026656326743
    vertex 2.948937810862551 16.888228567460043 1.84985419386203
  endloop
endfacet
facet normal -0.5933130316149383 0.07809736512198172 0.8011744180120176
  outer loop
    vertex 6.3651147235346395 16.500026318467587 2.70747839223173
    vertex 5.196041775688408 16.849422913021133 1.807657599758613
    vertex 5.150041641144677 16.50001720216858 1.8076515270032953
  endloop
endfacet
facet normal -0.5933130316149383 0.07809736512198172 0.8011744180120176
  outer loop
    vertex 5.196041775688408 16.849422913021133 1.807657599758613
    vertex 6.3651147235346395 16.500026318467587 2.70747839223173
    vertex 6.369714736896615 16.534966889552845 2.707478351067616
  endloop
endfacet
facet normal -0.0780617376935219 -0.5934205172831549 0.8010982803474619
  outer loop
    vertex 6.500041635896173 15.150017202307088 1.80750398295823
    vertex 6.465174161597497 16.369626331931943 2.7075336739189524
    vertex 6.15063592620288 15.19601733681213 1.8075336526865549
  endloop
endfacet
facet normal -0.0780617376935219 -0.5934205172831549 0.8010982803474619
  outer loop
    vertex 6.465174161597497 16.369626331931943 2.7075336739189524
    vertex 6.500041635896173 15.150017202307088 1.80750398295823
    vertex 6.50011473537236 16.36502631848144 2.70755039556506
  endloop
endfacet
facet normal 0.6087614290059584 -0.7933533400062551 -2.1343452113854715e-05
  outer loop
    vertex 7.4546357875133555 15.545423047664682 1.807437552005687
    vertex 7.174997468070483 15.330893807648357 0.14257786934469785
    vertex 7.4545916226224085 15.545433948133498 0.14257700624378383
  endloop
endfacet
facet normal 0.6087614290059584 -0.7933533400062551 -2.1343452113854715e-05
  outer loop
    vertex 7.174997468070483 15.330893807648357 0.14257786934469785
    vertex 7.4546357875133555 15.545423047664682 1.807437552005687
    vertex 7.175041633732566 15.330882907179541 1.8074542375853162
  endloop
endfacet
facet normal -0.9238795323188097 0.38268343187619697 2.7015437298646785e-05
  outer loop
    vertex 5.330907345793164 17.175017202099323 1.8076557864990572
    vertex 5.195997602626767 16.84943381348995 0.14261122669801438
    vertex 5.196041775688408 16.849422913021133 1.807657599758613
  endloop
endfacet
facet normal -0.9238795323188097 0.38268343187619697 2.7015437298646785e-05
  outer loop
    vertex 5.195997602626767 16.84943381348995 0.14261122669801438
    vertex 5.330907345793164 17.175017202099323 1.8076557864990572
    vertex 5.330863172961512 17.175028102568138 0.14261280309323301
  endloop
endfacet
facet normal 0.4749256904909438 -0.36439849770247273 0.8010364057793388
  outer loop
    vertex 12.40160155210311 15.598456359039032 1.7861960883383623
    vertex 11.610527693799263 16.436276114803874 2.636350566978756
    vertex 11.590265568222426 16.4098700002053 2.636342704314526
  endloop
endfacet
facet normal 0.4749256904909438 -0.36439849770247273 0.8010364057793388
  outer loop
    vertex 11.610527693799263 16.436276114803874 2.636350566978756
    vertex 12.40160155210311 15.598456359039032 1.7861960883383623
    vertex 12.604222795378849 15.86251750502479 1.786187044618119
  endloop
endfacet
facet normal -0.22898290250545908 0.5529383869918667 0.8011404187475551
  outer loop
    vertex 11.43635943954449 16.61044435376852 2.6362576729508476
    vertex 11.170046128857805 17.73157293335158 1.7863559968070104
    vertex 10.862540412324972 17.604199894671247 1.7863773963699854
  endloop
endfacet
facet normal -0.22898290250545908 0.5529383869918667 0.8011404187475551
  outer loop
    vertex 11.170046128857805 17.73157293335158 1.7863559968070104
    vertex 11.43635943954449 16.61044435376852 2.6362576729508476
    vertex 11.467110013448826 16.623181657636557 2.6362713303619865
  endloop
endfacet
facet normal 0.9914448610275299 0.1305261923699893 -2.5445915051852546e-05
  outer loop
    vertex 7.849997467884209 16.500028102637394 0.1425816280007124
    vertex 7.804041497933242 16.849422913021133 1.807445780719611
    vertex 7.850041632100865 16.50001720216858 1.8074322357976598
  endloop
endfacet
facet normal 0.9914448610275299 0.1305261923699893 -2.5445915051852546e-05
  outer loop
    vertex 7.804041497933242 16.849422913021133 1.807445780719611
    vertex 7.849997467884209 16.500028102637394 0.1425816280007124
    vertex 7.803997333343806 16.84943381348995 0.14258522149823843
  endloop
endfacet
facet normal -0.5528790046676865 0.22901335465400655 0.8011726964817178
  outer loop
    vertex 6.369714736896615 16.534966889552845 2.707478351067616
    vertex 5.330907345793164 17.175017202099323 1.8076557864990572
    vertex 5.196041775688408 16.849422913021133 1.807657599758613
  endloop
endfacet
facet normal -0.5528790046676865 0.22901335465400655 0.8011726964817178
  outer loop
    vertex 5.330907345793164 17.175017202099323 1.8076557864990572
    vertex 6.369714736896615 16.534966889552845 2.707478351067616
    vertex 6.383201294543967 16.56752631846066 2.707482639186615
  endloop
endfacet
facet normal -0.36428971189025033 0.4748089255098576 0.8011550973857016
  outer loop
    vertex 6.404655309860614 16.59548573391798 2.7074909643605016
    vertex 5.825041639512976 17.669151497157614 1.8076295252156405
    vertex 5.545447485732185 17.454611356672473 1.8076462107952695
  endloop
endfacet
facet normal -0.36428971189025033 0.4748089255098576 0.8011550973857016
  outer loop
    vertex 5.825041639512976 17.669151497157614 1.8076295252156405
    vertex 6.404655309860614 16.59548573391798 2.7074909643605016
    vertex 6.43261472715717 16.616939747966494 2.7075027592424354
  endloop
endfacet
facet normal 0.3826834322909183 -0.9238795323999655 -1.6200726100776727e-05
  outer loop
    vertex 7.175041633732566 15.330882907179541 1.8074542375853162
    vertex 6.849403179005393 15.196028237280945 0.1425799059559286
    vertex 7.174997468070483 15.330893807648357 0.14257786934469785
  endloop
endfacet
facet normal 0.3826834322909183 -0.9238795323999655 -1.6200726100776727e-05
  outer loop
    vertex 6.849403179005393 15.196028237280945 0.1425799059559286
    vertex 7.175041633732566 15.330882907179541 1.8074542375853162
    vertex 6.849447345638978 15.19601733681213 1.8074768959461134
  endloop
endfacet
facet normal -0.47475914809375364 -0.3643638458091787 0.8011508841463251
  outer loop
    vertex 5.5454474847046225 15.54542304766468 1.807592614304248
    vertex 6.383201296224996 16.432526318474515 2.707491156345908
    vertex 5.330907345066568 15.825017202237833 1.8076178880568083
  endloop
endfacet
facet normal -0.47475914809375364 -0.3643638458091787 0.8011508841463251
  outer loop
    vertex 6.383201296224996 16.432526318474515 2.707491156345908
    vertex 5.5454474847046225 15.54542304766468 1.807592614304248
    vertex 6.40465531223795 16.4045669030172 2.707503009442683
  endloop
endfacet
facet normal 0.4749256904909437 -0.36439849770247273 0.8010364057793388
  outer loop
    vertex 7.4546357875133555 15.545423047664682 1.807437552005687
    vertex 6.617028172838695 16.432526318474515 2.7076011176249275
    vertex 6.595574157522044 16.4045669030172 2.707592792451037
  endloop
endfacet
facet normal 0.4749256904909437 -0.36439849770247273 0.8010364057793388
  outer loop
    vertex 6.617028172838695 16.432526318474515 2.7076011176249275
    vertex 7.4546357875133555 15.545423047664682 1.807437552005687
    vertex 7.6691759274523745 15.825017202237838 1.8074279763018992
  endloop
endfacet
facet normal -0.9238795323188096 0.38268343187619686 2.701543729864678e-05
  outer loop
    vertex 0.2010109751513517 17.24999999976914 1.8500875336169702
    vertex 0.05111126052202264 16.888240679092064 3.802272692281505e-05
    vertex 0.05116034170162309 16.888228567460043 1.8500895483498097
  endloop
endfacet
facet normal -0.9238795323188096 0.38268343187619686 2.701543729864678e-05
  outer loop
    vertex 0.05111126052202264 16.888240679092064 3.802272692281505e-05
    vertex 0.2010109751513517 17.24999999976914 1.8500875336169702
    vertex 0.2009618942272938 17.250012111401162 3.977427716575221e-05
  endloop
endfacet
facet normal 0.7933533402957378 0.608761428763803 -1.7060139666046218e-05
  outer loop
    vertex 7.669131762943299 17.175028102568138 0.1425894874689648
    vertex 7.454635788540915 17.454611356672473 1.8074911484967084
    vertex 7.6691759281789755 17.175017202099323 1.8074658747441488
  endloop
endfacet
facet normal 0.7933533402957378 0.608761428763803 -1.7060139666046218e-05
  outer loop
    vertex 7.454635788540915 17.454611356672473 1.8074911484967084
    vertex 7.669131762943299 17.175028102568138 0.1425894874689648
    vertex 7.454591622429573 17.45462225714129 0.14259413519403652
  endloop
endfacet
facet normal 0.3644376861893073 0.47484358299210494 0.8010672534664015
  outer loop
    vertex 1.6061963188752926 16.606076146234322 2.8500041568056367
    vertex 2.2500490742601373 17.79903810538947 1.8499365259655962
    vertex 1.5751302990632348 16.62991393962156 2.8499880435252147
  endloop
endfacet
facet normal 0.3644376861893073 0.47484358299210494 0.8010672534664015
  outer loop
    vertex 2.2500490742601373 17.79903810538947 1.8499365259655962
    vertex 1.6061963188752926 16.606076146234322 2.8500041568056367
    vertex 2.560709244871075 17.560660171517092 1.8499046025032495
  endloop
endfacet
facet normal -0.0780630383585376 0.5933868782836101 0.8011230708967666
  outer loop
    vertex 6.465174158349999 16.630426305003233 2.7075172200307005
    vertex 6.500041637349369 17.850017202030063 1.807579779842727
    vertex 6.150635927606563 17.804017067525027 1.807606866854843
  endloop
endfacet
facet normal -0.0780630383585376 0.5933868782836101 0.8011230708967666
  outer loop
    vertex 6.500041637349369 17.850017202030063 1.807579779842727
    vertex 6.465174158349999 16.630426305003233 2.7075172200307005
    vertex 6.500114732010298 16.63502631845374 2.707533361246481
  endloop
endfacet
facet normal -0.7933533402369389 0.6087614285648038 2.5032607464037284e-05
  outer loop
    vertex 5.545447485732185 17.454611356672473 1.8076462107952695
    vertex 5.330863172961512 17.175028102568138 0.14261280309323301
    vertex 5.330907345793164 17.175017202099323 1.8076557864990572
  endloop
endfacet
facet normal -0.7933533402369389 0.6087614285648038 2.5032607464037284e-05
  outer loop
    vertex 5.330863172961512 17.175028102568138 0.14261280309323301
    vertex 5.545447485732185 17.454611356672473 1.8076462107952695
    vertex 5.545403313418756 17.45462225714129 0.1426131723215342
  endloop
endfacet
facet normal -0.36428971189025033 0.47480892550985754 0.8011550973857016
  outer loop
    vertex 11.409953323208853 16.59018222938937 2.6362465333401324
    vertex 10.862540412324972 17.604199894671247 1.7863773963699854
    vertex 10.59847926708756 17.401578650879724 1.7863931549729686
  endloop
endfacet
facet normal -0.36428971189025033 0.47480892550985754 0.8011550973857016
  outer loop
    vertex 10.862540412324972 17.604199894671247 1.7863773963699854
    vertex 11.409953323208853 16.59018222938937 2.6362465333401324
    vertex 11.43635943954449 16.61044435376852 2.6362576729508476
  endloop
endfacet
facet normal 0.3826834327349237 0.923879532348985 -4.103188682165703e-06
  outer loop
    vertex 1.8882285673167063 17.948900850763057 2.9220325921106016e-05
    vertex 2.2500490742601373 17.79903810538947 1.8499365259655962
    vertex 2.2499999996415134 17.799050217021488 2.4268549877290435e-05
  endloop
endfacet
facet normal 0.3826834327349237 0.923879532348985 -4.103188682165703e-06
  outer loop
    vertex 2.2500490742601373 17.79903810538947 1.8499365259655962
    vertex 1.8882285673167063 17.948900850763057 2.9220325921106016e-05
    vertex 1.8882776432063457 17.94888873913104 1.849970115411798
  endloop
endfacet
facet normal 0.7933533402957378 0.608761428763803 -1.7060139666046218e-05
  outer loop
    vertex 2.79903810531817 17.250012111401162 1.3868027978844454e-05
    vertex 2.560709244871075 17.560660171517092 1.8499046025032495
    vertex 2.799087177802255 17.249999999769145 1.8498765205559606
  endloop
endfacet
facet normal 0.7933533402957378 0.608761428763803 -1.7060139666046218e-05
  outer loop
    vertex 2.560709244871075 17.560660171517092 1.8499046025032495
    vertex 2.79903810531817 17.250012111401162 1.3868027978844454e-05
    vertex 2.5606601714140287 17.56067228314911 1.903216694739973e-05
  endloop
endfacet
facet normal 0.3826834322909183 -0.9238795323999655 -1.6200726100776727e-05
  outer loop
    vertex 2.250049072861801 15.200961894302722 1.84986359037948
    vertex 1.8882285676093848 15.051123372193171 3.221902383038211e-06
    vertex 2.249999999903928 15.20097400593474 9.590010155741124e-07
  endloop
endfacet
facet normal 0.3826834322909183 -0.9238795323999655 -1.6200726100776727e-05
  outer loop
    vertex 1.8882285676093848 15.051123372193171 3.221902383038211e-06
    vertex 2.250049072861801 15.200961894302722 1.84986359037948
    vertex 1.888277641646701 15.051111260561154 1.8498887663359214
  endloop
endfacet
facet normal -0.474764007729273 0.36432404055306505 0.8011661066470095
  outer loop
    vertex 1.3702264737633532 16.575010129059525 2.8498951477142573
    vertex 0.4393889084169314 17.560660171517092 1.8500768939460956
    vertex 0.2010109751513517 17.24999999976914 1.8500875336169702
  endloop
endfacet
facet normal -0.474764007729273 0.36432404055306505 0.8011661066470095
  outer loop
    vertex 0.4393889084169314 17.560660171517092 1.8500768939460956
    vertex 1.3702264737633532 16.575010129059525 2.8498951477142573
    vertex 1.3940642685596294 16.606076146234322 2.8499043979074643
  endloop
endfacet
facet normal -0.38268343273490696 -0.9238795323489905 4.1035267571537925e-06
  outer loop
    vertex 11.170046127532105 15.268462076567177 1.7862868500925153
    vertex 10.862498694980296 15.395845410134724 0.2138413237026024
    vertex 11.170004412456384 15.268472371454392 0.2138371146929646
  endloop
endfacet
facet normal -0.38268343273490696 -0.9238795323489905 4.1035267571537925e-06
  outer loop
    vertex 10.862498694980296 15.395845410134724 0.2138413237026024
    vertex 11.170046127532105 15.268462076567177 1.7862868500925153
    vertex 10.862540411136386 15.395835115247507 1.7863154011217857
  endloop
endfacet
facet normal -0.6087614292457899 -0.7933533400336771 1.095590710032176e-05
  outer loop
    vertex 0.7500490778861388 15.20096189430272 1.8499854188270566
    vertex 0.4393398282829322 15.439351939807118 2.115236388845476e-05
    vertex 0.750000000055446 15.20097400593474 1.5915980958564056e-05
  endloop
endfacet
facet normal -0.6087614292457899 -0.7933533400336771 1.095590710032176e-05
  outer loop
    vertex 0.4393398282829322 15.439351939807118 2.115236388845476e-05
    vertex 0.7500490778861388 15.20096189430272 1.8499854188270566
    vertex 0.43938890727519464 15.4393398281751 1.8500173422894046
  endloop
endfacet
facet normal -0.5528790046676865 0.2290133546540065 0.8011726964817176
  outer loop
    vertex 1.3552414097107424 16.538832985828616 2.849890383137591
    vertex 0.2010109751513517 17.24999999976914 1.8500875336169702
    vertex 0.05116034170162309 16.888228567460043 1.8500895483498097
  endloop
endfacet
facet normal -0.5528790046676865 0.2290133546540065 0.8011726964817176
  outer loop
    vertex 0.2010109751513517 17.24999999976914 1.8500875336169702
    vertex 1.3552414097107424 16.538832985828616 2.849890383137591
    vertex 1.3702264737633532 16.575010129059525 2.8498951477142573
  endloop
endfacet
facet normal -0.5933117294472857 -0.07814072940582896 0.8011711540664679
  outer loop
    vertex 5.196041775312294 16.150611491316024 1.8076379820813442
    vertex 6.3651147235346395 16.500026318467587 2.70747839223173
    vertex 5.150041641144677 16.50001720216858 1.8076515270032953
  endloop
endfacet
facet normal -0.5933117294472857 -0.07814072940582896 0.8011711540664679
  outer loop
    vertex 6.3651147235346395 16.500026318467587 2.70747839223173
    vertex 5.196041775312294 16.150611491316024 1.8076379820813442
    vertex 6.369714737766781 16.465085747382332 2.707482759873686
  endloop
endfacet
facet normal -0.9914448610515701 0.1305261918425593 2.715717823709088e-05
  outer loop
    vertex 0.05116034170162309 16.888228567460043 1.8500895483498097
    vertex 0.0 16.500012111478117 3.504924535827347e-05
    vertex 4.9081097477388086e-05 16.4999999998461 1.8500828008439014
  endloop
endfacet
facet normal -0.9914448610515701 0.1305261918425593 2.715717823709088e-05
  outer loop
    vertex 0.0 16.500012111478117 3.504924535827347e-05
    vertex 0.05116034170162309 16.888228567460043 1.8500895483498097
    vertex 0.05111126052202264 16.888240679092064 3.802272692281505e-05
  endloop
endfacet
facet normal -0.9238795322875292 -0.3826834322726395 2.2004741700021264e-05
  outer loop
    vertex 0.05116034128371816 16.11177143223215 1.8500677509306225
    vertex 0.2009618943787965 15.750012111555066 2.6316502857010037e-05
    vertex 0.20101097434402349 15.749999999923045 1.8500454242366935
  endloop
endfacet
facet normal -0.9238795322875292 -0.3826834322726395 2.2004741700021264e-05
  outer loop
    vertex 0.2009618943787965 15.750012111555066 2.6316502857010037e-05
    vertex 0.05116034128371816 16.11177143223215 1.8500677509306225
    vertex 0.05111126060044591 16.111783543864167 3.10564703303845e-05
  endloop
endfacet
facet normal -0.608761429005947 0.7933533400062526 2.1343875650710824e-05
  outer loop
    vertex 0.4393398280686768 17.56067228314911 4.0184530833739514e-05
    vertex 0.7500490792844756 17.79903810538947 1.8500583544131741
    vertex 0.749999999793034 17.799050217021488 3.922552982098537e-05
  endloop
endfacet
facet normal -0.608761429005947 0.7933533400062526 2.1343875650710824e-05
  outer loop
    vertex 0.7500490792844756 17.79903810538947 1.8500583544131741
    vertex 0.4393398280686768 17.56067228314911 4.0184530833739514e-05
    vertex 0.4393889084169314 17.560660171517092 1.8500768939460956
  endloop
endfacet
facet normal 0.47492569049094374 -0.36439849770247273 0.8010364057793388
  outer loop
    vertex 2.560709243729344 15.439339828175102 1.8498450508465587
    vertex 1.6300341163130536 16.425010129074916 2.8500267904234926
    vertex 1.606196321516775 16.393944111900122 2.8500175402302808
  endloop
endfacet
facet normal 0.47492569049094374 -0.36439849770247273 0.8010364057793388
  outer loop
    vertex 1.6300341163130536 16.425010129074916 2.8500267904234926
    vertex 2.560709243729344 15.439339828175102 1.8498450508465587
    vertex 2.7990871769949206 15.749999999923052 1.849834411175684
  endloop
endfacet
facet normal -0.9238795322875292 -0.38268343227263957 2.200474170002126e-05
  outer loop
    vertex 5.196041775312294 16.150611491316024 1.8076379820813442
    vertex 5.330863173097864 15.82502810270665 0.14260069109635515
    vertex 5.330907345066568 15.825017202237833 1.8076178880568083
  endloop
endfacet
facet normal -0.9238795322875292 -0.38268343227263957 2.200474170002126e-05
  outer loop
    vertex 5.330863173097864 15.82502810270665 0.14260069109635515
    vertex 5.196041775312294 16.150611491316024 1.8076379820813442
    vertex 5.195997602697348 16.15062239178484 0.1426049570670812
  endloop
endfacet
facet normal 0.6087614290059584 -0.7933533400062551 -2.1343452113854715e-05
  outer loop
    vertex 2.560709243729344 15.439339828175102 1.8498450508465587
    vertex 2.249999999903928 15.20097400593474 9.590010155741124e-07
    vertex 2.5606601716282897 15.43935193980712 0.0
  endloop
endfacet
facet normal 0.6087614290059584 -0.7933533400062551 -2.1343452113854715e-05
  outer loop
    vertex 2.249999999903928 15.20097400593474 9.590010155741124e-07
    vertex 2.560709243729344 15.439339828175102 1.8498450508465587
    vertex 2.250049072861801 15.200961894302722 1.84986359037948
  endloop
endfacet
facet normal -0.7933533402956873 -0.6087614287638254 1.7061699183071403e-05
  outer loop
    vertex 0.20101097434402349 15.749999999923045 1.8500454242366935
    vertex 0.4393398282829322 15.439351939807118 2.115236388845476e-05
    vertex 0.43938890727519464 15.4393398281751 1.8500173422894046
  endloop
endfacet
facet normal -0.7933533402956873 -0.6087614287638254 1.7061699183071403e-05
  outer loop
    vertex 0.4393398282829322 15.439351939807118 2.115236388845476e-05
    vertex 0.20101097434402349 15.749999999923045 1.8500454242366935
    vertex 0.2009618943787965 15.750012111555066 2.6316502857010037e-05
  endloop
endfacet
facet normal 0.47493055331458267 0.36435869856587155 0.8010516264933794
  outer loop
    vertex 6.617028171157665 16.56752631846066 2.7075926004656345
    vertex 7.454635788540915 17.454611356672473 1.8074911484967084
    vertex 6.595574155144711 16.59548573391798 2.7075807473688567
  endloop
endfacet
facet normal 0.47493055331458267 0.36435869856587155 0.8010516264933794
  outer loop
    vertex 7.454635788540915 17.454611356672473 1.8074911484967084
    vertex 6.617028171157665 16.56752631846066 2.7075926004656345
    vertex 7.6691759281789755 17.175017202099323 1.8074658747441488
  endloop
endfacet
facet normal 0.9238795323188583 -0.3826834318761957 -2.7013792322647637e-05
  outer loop
    vertex 7.66913176307965 15.825028102706653 0.14257737547208565
    vertex 7.804041497557126 16.150611491316024 1.8074261630423443
    vertex 7.6691759274523745 15.825017202237838 1.8074279763018992
  endloop
endfacet
facet normal 0.9238795323188583 -0.3826834318761957 -2.7013792322647637e-05
  outer loop
    vertex 7.804041497557126 16.150611491316024 1.8074261630423443
    vertex 7.66913176307965 15.825028102706653 0.14257737547208565
    vertex 7.803997333414387 16.150622391784843 0.1425789518673059
  endloop
endfacet
facet normal -0.22898290250545908 0.5529383869918667 0.8011404187475551
  outer loop
    vertex 1.4251302877780245 16.62991393962156 2.849917503331835
    vertex 1.1118205104995724 17.94888873913104 1.8500331784567328
    vertex 0.7500490792844756 17.79903810538947 1.8500583544131741
  endloop
endfacet
facet normal -0.22898290250545908 0.5529383869918667 0.8011404187475551
  outer loop
    vertex 1.1118205104995724 17.94888873913104 1.8500331784567328
    vertex 1.4251302877780245 16.62991393962156 2.849917503331835
    vertex 1.4613074335478344 16.644899002995718 2.849933570874352
  endloop
endfacet
facet normal 0.5935049451872905 0.07810665430903624 0.801031354311977
  outer loop
    vertex 11.627609455308068 16.500026114797333 2.6363545779917024
    vertex 12.731595834166333 16.830011787431236 1.7862038599015133
    vertex 11.62326499742216 16.53302554304452 2.6363504529965187
  endloop
endfacet
facet normal 0.5935049451872905 0.07810665430903624 0.801031354311977
  outer loop
    vertex 12.731595834166333 16.830011787431236 1.7862038599015133
    vertex 11.627609455308068 16.500026114797333 2.6363545779917024
    vertex 12.775040405324642 16.500017504959377 1.7861910674752264
  endloop
endfacet
facet normal 0.7933533402369718 -0.6087614285648034 -2.503156659671176e-05
  outer loop
    vertex 2.5606601716282897 15.43935193980712 0.0
    vertex 2.7990871769949206 15.749999999923052 1.849834411175684
    vertex 2.560709243729344 15.439339828175102 1.8498450508465587
  endloop
endfacet
facet normal 0.7933533402369718 -0.6087614285648034 -2.503156659671176e-05
  outer loop
    vertex 2.7990871769949206 15.749999999923052 1.849834411175684
    vertex 2.5606601716282897 15.43935193980712 0.0
    vertex 2.7990381054696702 15.750012111555069 4.1025366869229525e-07
  endloop
endfacet
facet normal 0.9238795323188583 -0.38268343187619563 -2.7013792322647637e-05
  outer loop
    vertex 2.7990381054696702 15.750012111555069 4.1025366869229525e-07
    vertex 2.9489378104446433 16.11177143223215 1.8498323964428445
    vertex 2.7990871769949206 15.749999999923052 1.849834411175684
  endloop
endfacet
facet normal 0.9238795323188583 -0.38268343187619563 -2.7013792322647637e-05
  outer loop
    vertex 2.9489378104446433 16.11177143223215 1.8498323964428445
    vertex 2.7990381054696702 15.750012111555069 4.1025366869229525e-07
    vertex 2.948888739174932 16.11178354386417 2.161803913391935e-06
  endloop
endfacet
facet normal -0.3826834322909223 0.9238795323999646 1.6200684500048782e-05
  outer loop
    vertex 5.824997467970678 17.66916239762643 0.14261230922062273
    vertex 6.150635927606563 17.804017067525027 1.807606866854843
    vertex 6.150591757035764 17.804027967993843 0.14261027260939105
  endloop
endfacet
facet normal -0.3826834322909223 0.9238795323999646 1.6200684500048782e-05
  outer loop
    vertex 6.150635927606563 17.804017067525027 1.807606866854843
    vertex 5.824997467970678 17.66916239762643 0.14261230922062273
    vertex 5.825041639512976 17.669151497157614 1.8076295252156405
  endloop
endfacet
facet normal -0.9914448610274684 -0.13052619237002497 2.5448128015815628e-05
  outer loop
    vertex 4.9081097477388086e-05 16.4999999998461 1.8500828008439014
    vertex 0.05111126060044591 16.111783543864167 3.10564703303845e-05
    vertex 0.05116034128371816 16.11177143223215 1.8500677509306225
  endloop
endfacet
facet normal -0.9914448610274684 -0.13052619237002497 2.5448128015815628e-05
  outer loop
    vertex 0.05111126060044591 16.111783543864167 3.10564703303845e-05
    vertex 4.9081097477388086e-05 16.4999999998461 1.8500828008439014
    vertex 0.0 16.500012111478117 3.504924535827347e-05
  endloop
endfacet
facet normal 0.0781856435274817 0.5933961646457189 0.8011042359955068
  outer loop
    vertex 1.5001302931703904 16.650010129051832 2.8499515055585523
    vertex 1.8882776432063457 17.94888873913104 1.849970115411798
    vertex 1.5000490768804695 17.999999999692193 1.850003081776603
  endloop
endfacet
facet normal 0.0781856435274817 0.5933961646457189 0.8011042359955068
  outer loop
    vertex 1.8882776432063457 17.94888873913104 1.849970115411798
    vertex 1.5001302931703904 16.650010129051832 2.8499515055585523
    vertex 1.5389531529202454 16.644899002995718 2.8499700851653347
  endloop
endfacet
facet normal 0.07818433906743176 -0.593429802454505 0.8010794459249322
  outer loop
    vertex 1.888277641646701 15.051111260561154 1.8498887663359214
    vertex 1.5001302969060142 16.350010129082612 2.849970432579196
    vertex 1.5000490752658076 14.999999999999998 1.849918863016051
  endloop
endfacet
facet normal 0.07818433906743176 -0.593429802454505 0.8010794459249322
  outer loop
    vertex 1.5001302969060142 16.350010129082612 2.849970432579196
    vertex 1.888277641646701 15.051111260561154 1.8498887663359214
    vertex 1.538953156528576 16.35512125513873 2.8499883672633906
  endloop
endfacet
facet normal 0.22911479344941293 0.5529637578669088 0.8010851976589878
  outer loop
    vertex 6.567614737313859 16.616939747966494 2.7075662454164773
    vertex 6.849447347042657 17.804017067525027 1.8075501101144025
    vertex 6.535055305785168 16.630426305003233 2.7075500828925856
  endloop
endfacet
facet normal 0.22911479344941293 0.5529637578669088 0.8010851976589878
  outer loop
    vertex 6.849447347042657 17.804017067525027 1.8075501101144025
    vertex 6.567614737313859 16.616939747966494 2.7075662454164773
    vertex 7.17504163499107 17.669151497157614 1.8075198796128205
  endloop
endfacet
facet normal 0.07818433906743175 -0.5934298024545049 0.801079445924932
  outer loop
    vertex 6.849447345638978 15.19601733681213 1.8074768959461134
    vertex 6.50011473537236 16.36502631848144 2.70755039556506
    vertex 6.500041635896173 15.150017202307088 1.80750398295823
  endloop
endfacet
facet normal 0.07818433906743175 -0.5934298024545049 0.801079445924932
  outer loop
    vertex 6.50011473537236 16.36502631848144 2.70755039556506
    vertex 6.849447345638978 15.19601733681213 1.8074768959461134
    vertex 6.535055309032665 16.369626331931943 2.7075665367808357
  endloop
endfacet
facet normal -0.13052619257433007 -0.9914448613225435 -3.028403098795414e-06
  outer loop
    vertex 6.500041635896173 15.150017202307088 1.80750398295823
    vertex 6.150591757299176 15.196028237280945 0.1425868740282065
    vertex 6.499997468156933 15.150028102775904 0.14258297728578195
  endloop
endfacet
facet normal -0.13052619257433007 -0.9914448613225435 -3.028403098795414e-06
  outer loop
    vertex 6.150591757299176 15.196028237280945 0.1425868740282065
    vertex 6.500041635896173 15.150017202307088 1.80750398295823
    vertex 6.15063592620288 15.19601733681213 1.8075336526865549
  endloop
endfacet
facet normal 0.22911123287659993 -0.5529986971450513 0.8010620974216919
  outer loop
    vertex 1.888277641646701 15.051111260561154 1.8498887663359214
    vertex 1.5751303022983794 16.370106318512885 2.8500044348059115
    vertex 1.538953156528576 16.35512125513873 2.8499883672633906
  endloop
endfacet
facet normal 0.22911123287659993 -0.5529986971450513 0.8010620974216919
  outer loop
    vertex 1.5751303022983794 16.370106318512885 2.8500044348059115
    vertex 1.888277641646701 15.051111260561154 1.8498887663359214
    vertex 2.250049072861801 15.200961894302722 1.84986359037948
  endloop
endfacet
facet normal 0.22911479344941293 0.5529637578669088 0.8010851976589878
  outer loop
    vertex 1.5751302990632348 16.62991393962156 2.8499880435252147
    vertex 1.8882776432063457 17.94888873913104 1.849970115411798
    vertex 1.5389531529202454 16.644899002995718 2.8499700851653347
  endloop
endfacet
facet normal 0.22911479344941293 0.5529637578669088 0.8010851976589878
  outer loop
    vertex 1.8882776432063457 17.94888873913104 1.849970115411798
    vertex 1.5751302990632348 16.62991393962156 2.8499880435252147
    vertex 2.2500490742601373 17.79903810538947 1.8499365259655962
  endloop
endfacet
facet normal 0.5935036422298597 -0.07815001175210214 0.8010280908451569
  outer loop
    vertex 7.804041497557126 16.150611491316024 1.8074261630423443
    vertex 6.635114743848019 16.500026318467587 2.7076053645798113
    vertex 6.630514730486045 16.465085747382332 2.707605405743923
  endloop
endfacet
facet normal 0.5935036422298597 -0.07815001175210214 0.8010280908451569
  outer loop
    vertex 6.635114743848019 16.500026318467587 2.7076053645798113
    vertex 7.804041497557126 16.150611491316024 1.8074261630423443
    vertex 7.850041632100865 16.50001720216858 1.8074322357976598
  endloop
endfacet
facet normal -0.6087614292457899 -0.7933533400336771 1.095590710032176e-05
  outer loop
    vertex 5.825041638254472 15.330882907179538 1.8075638831881347
    vertex 5.545403313611587 15.545433948133496 0.14259604337128345
    vertex 5.824997468206849 15.330893807648357 0.14259133062664656
  endloop
endfacet
facet normal -0.6087614292457899 -0.7933533400336771 1.095590710032176e-05
  outer loop
    vertex 5.545403313611587 15.545433948133496 0.14259604337128345
    vertex 5.825041638254472 15.330882907179538 1.8075638831881347
    vertex 5.5454474847046225 15.54542304766468 1.807592614304248
  endloop
endfacet
facet normal -0.36428971189025033 0.47480892550985754 0.8011550973857016
  outer loop
    vertex 1.3940642685596294 16.606076146234322 2.8499043979074643
    vertex 0.7500490792844756 17.79903810538947 1.8500583544131741
    vertex 0.4393889084169314 17.560660171517092 1.8500768939460956
  endloop
endfacet
facet normal -0.36428971189025033 0.47480892550985754 0.8011550973857016
  outer loop
    vertex 0.7500490792844756 17.79903810538947 1.8500583544131741
    vertex 1.3940642685596294 16.606076146234322 2.8499043979074643
    vertex 1.4251302877780245 16.62991393962156 2.849917503331835
  endloop
endfacet
facet normal -0.0780617376935219 -0.5934205172831549 0.8010982803474619
  outer loop
    vertex 1.5000490752658076 14.999999999999998 1.849918863016051
    vertex 1.4613074371561676 16.35512125513873 2.849951852972409
    vertex 1.1118205089399251 15.051111260561154 1.8499518293808561
  endloop
endfacet
facet normal -0.0780617376935219 -0.5934205172831549 0.8010982803474619
  outer loop
    vertex 1.4613074371561676 16.35512125513873 2.849951852972409
    vertex 1.5000490752658076 14.999999999999998 1.849918863016051
    vertex 1.5001302969060142 16.350010129082612 2.849970432579196
  endloop
endfacet
facet normal 0.9914448610516207 -0.13052619184260708 -2.715510424415529e-05
  outer loop
    vertex 12.731554123231858 16.17003351737474 0.21382963265211402
    vertex 12.775040405324642 16.500017504959377 1.7861910674752264
    vertex 12.73159583381111 16.170023222487522 1.7861853320952055
  endloop
endfacet
facet normal 0.9914448610516207 -0.13052619184260708 -2.715510424415529e-05
  outer loop
    vertex 12.775040405324642 16.500017504959377 1.7861910674752264
    vertex 12.731554123231858 16.17003351737474 0.21382963265211402
    vertex 12.774998694675578 16.500027799846595 0.2138321601114424
  endloop
endfacet
facet normal 0.13052619199583831 -0.9914448613533621 -9.953810369627916e-06
  outer loop
    vertex 1.888277641646701 15.051111260561154 1.8498887663359214
    vertex 1.4999999999999842 15.000012111632016 6.6344911090088214e-06
    vertex 1.8882285676093848 15.051123372193171 3.221902383038211e-06
  endloop
endfacet
facet normal 0.13052619199583831 -0.9914448613533621 -9.953810369627916e-06
  outer loop
    vertex 1.4999999999999842 15.000012111632016 6.6344911090088214e-06
    vertex 1.888277641646701 15.051111260561154 1.8498887663359214
    vertex 1.5000490752658076 14.999999999999998 1.849918863016051
  endloop
endfacet
facet normal 0.9914448610516208 -0.1305261918426071 -2.7155104244155293e-05
  outer loop
    vertex 2.948888739174932 16.11178354386417 2.161803913391935e-06
    vertex 3.0000490710487973 16.4999999998461 1.8498391439487512
    vertex 2.9489378104446433 16.11177143223215 1.8498323964428445
  endloop
endfacet
facet normal 0.9914448610516208 -0.1305261918426071 -2.7155104244155293e-05
  outer loop
    vertex 3.0000490710487973 16.4999999998461 1.8498391439487512
    vertex 2.948888739174932 16.11178354386417 2.161803913391935e-06
    vertex 2.9999999996969575 16.500012111478117 5.135285476171036e-06
  endloop
endfacet
facet normal 0.38268343273492367 0.9238795323489848 -4.103188682165701e-06
  outer loop
    vertex 6.849403178741982 17.804027967993843 0.14260330453711284
    vertex 7.17504163499107 17.669151497157614 1.8075198796128205
    vertex 7.174997467834308 17.66916239762643 0.14259884793867342
  endloop
endfacet
facet normal 0.38268343273492367 0.9238795323489848 -4.103188682165701e-06
  outer loop
    vertex 7.17504163499107 17.669151497157614 1.8075198796128205
    vertex 6.849403178741982 17.804027967993843 0.14260330453711284
    vertex 6.849447347042657 17.804017067525027 1.8075501101144025
  endloop
endfacet
facet normal -0.2289829025054591 0.5529383869918667 0.8011404187475551
  outer loop
    vertex 6.43261472715717 16.616939747966494 2.7075027592424354
    vertex 6.150635927606563 17.804017067525027 1.807606866854843
    vertex 5.825041639512976 17.669151497157614 1.8076295252156405
  endloop
endfacet
facet normal -0.2289829025054591 0.5529383869918667 0.8011404187475551
  outer loop
    vertex 6.150635927606563 17.804017067525027 1.807606866854843
    vertex 6.43261472715717 16.616939747966494 2.7075027592424354
    vertex 6.465174158349999 16.630426305003233 2.7075172200307005
  endloop
endfacet
facet normal -0.1305261925743301 -0.9914448613225435 -3.028403098795414e-06
  outer loop
    vertex 1.5000490752658076 14.999999999999998 1.849918863016051
    vertex 1.1117714323802532 15.051123372193171 1.0964204914043484e-05
    vertex 1.4999999999999842 15.000012111632016 6.6344911090088214e-06
  endloop
endfacet
facet normal -0.1305261925743301 -0.9914448613225435 -3.028403098795414e-06
  outer loop
    vertex 1.1117714323802532 15.051123372193171 1.0964204914043484e-05
    vertex 1.5000490752658076 14.999999999999998 1.849918863016051
    vertex 1.1118205089399251 15.051111260561154 1.8499518293808561
  endloop
endfacet
facet normal -0.0004702678675468554 6.309005586637443e-05 0.9999998874338826
  outer loop
    vertex 6.369714737766781 16.465085747382332 2.707482759873686
    vertex 6.369714736896615 16.534966889552845 2.707478351067616
    vertex 6.3651147235346395 16.500026318467587 2.70747839223173
  endloop
endfacet
facet normal -0.0004702678675468554 6.309005586637443e-05 0.9999998874338826
  outer loop
    vertex 6.369714736896615 16.534966889552845 2.707478351067616
    vertex 6.369714737766781 16.465085747382332 2.707482759873686
    vertex 6.383201294543967 16.56752631846066 2.707482639186615
  endloop
endfacet
facet normal -0.0004702678675468554 6.309005586637443e-05 0.9999998874338826
  outer loop
    vertex 6.383201294543967 16.56752631846066 2.707482639186615
    vertex 6.369714737766781 16.465085747382332 2.707482759873686
    vertex 6.383201296224996 16.432526318474515 2.707491156345908
  endloop
endfacet
facet normal -0.0004702678675468554 6.309005586637443e-05 0.9999998874338826
  outer loop
    vertex 6.383201294543967 16.56752631846066 2.707482639186615
    vertex 6.383201296224996 16.432526318474515 2.707491156345908
    vertex 6.404655309860614 16.59548573391798 2.7074909643605016
  endloop
endfacet
facet normal -0.0004702678675468554 6.309005586637443e-05 0.9999998874338826
  outer loop
    vertex 6.404655309860614 16.59548573391798 2.7074909643605016
    vertex 6.383201296224996 16.432526318474515 2.707491156345908
    vertex 6.40465531223795 16.4045669030172 2.707503009442683
  endloop
endfacet
facet normal -0.0004702678675468554 6.309005586637443e-05 0.9999998874338826
  outer loop
    vertex 6.404655309860614 16.59548573391798 2.7074909643605016
    vertex 6.40465531223795 16.4045669030172 2.707503009442683
    vertex 6.43261472715717 16.616939747966494 2.7075027592424354
  endloop
endfacet
facet normal -0.0004702678675468554 6.309005586637443e-05 0.9999998874338826
  outer loop
    vertex 6.43261472715717 16.616939747966494 2.7075027592424354
    vertex 6.40465531223795 16.4045669030172 2.707503009442683
    vertex 6.432614730068799 16.383112888968686 2.7075175113950616
  endloop
endfacet
facet normal -0.0004702678675468554 6.309005586637443e-05 0.9999998874338826
  outer loop
    vertex 6.43261472715717 16.616939747966494 2.7075027592424354
    vertex 6.432614730068799 16.383112888968686 2.7075175113950616
    vertex 6.465174158349999 16.630426305003233 2.7075172200307005
  endloop
endfacet
facet normal -0.0004702678675468554 6.309005586637443e-05 0.9999998874338826
  outer loop
    vertex 6.465174158349999 16.630426305003233 2.7075172200307005
    vertex 6.432614730068799 16.383112888968686 2.7075175113950616
    vertex 6.465174161597497 16.369626331931943 2.7075336739189524
  endloop
endfacet
facet normal -0.0004702678675468554 6.309005586637443e-05 0.9999998874338826
  outer loop
    vertex 6.465174158349999 16.630426305003233 2.7075172200307005
    vertex 6.465174161597497 16.369626331931943 2.7075336739189524
    vertex 6.500114732010298 16.63502631845374 2.707533361246481
  endloop
endfacet
facet normal -0.0004702678675468554 6.309005586637443e-05 0.9999998874338826
  outer loop
    vertex 6.500114732010298 16.63502631845374 2.707533361246481
    vertex 6.465174161597497 16.369626331931943 2.7075336739189524
    vertex 6.50011473537236 16.36502631848144 2.70755039556506
  endloop
endfacet
facet normal -0.0004702678675468554 6.309005586637443e-05 0.9999998874338826
  outer loop
    vertex 6.500114732010298 16.63502631845374 2.707533361246481
    vertex 6.50011473537236 16.36502631848144 2.70755039556506
    vertex 6.535055305785168 16.630426305003233 2.7075500828925856
  endloop
endfacet
facet normal -0.0004702678675468554 6.309005586637443e-05 0.9999998874338826
  outer loop
    vertex 6.535055305785168 16.630426305003233 2.7075500828925856
    vertex 6.50011473537236 16.36502631848144 2.70755039556506
    vertex 6.535055309032665 16.369626331931943 2.7075665367808357
  endloop
endfacet
facet normal -0.0004702678675468554 6.309005586637443e-05 0.9999998874338826
  outer loop
    vertex 6.535055305785168 16.630426305003233 2.7075500828925856
    vertex 6.535055309032665 16.369626331931943 2.7075665367808357
    vertex 6.567614737313859 16.616939747966494 2.7075662454164773
  endloop
endfacet
facet normal -0.0004702678675468554 6.309005586637443e-05 0.9999998874338826
  outer loop
    vertex 6.567614737313859 16.616939747966494 2.7075662454164773
    vertex 6.535055309032665 16.369626331931943 2.7075665367808357
    vertex 6.567614740225489 16.383112888968686 2.7075809975691043
  endloop
endfacet
facet normal -0.0004702678675468554 6.309005586637443e-05 0.9999998874338826
  outer loop
    vertex 6.567614737313859 16.616939747966494 2.7075662454164773
    vertex 6.567614740225489 16.383112888968686 2.7075809975691043
    vertex 6.595574155144711 16.59548573391798 2.7075807473688567
  endloop
endfacet
facet normal -0.0004702678675468554 6.309005586637443e-05 0.9999998874338826
  outer loop
    vertex 6.595574155144711 16.59548573391798 2.7075807473688567
    vertex 6.567614740225489 16.383112888968686 2.7075809975691043
    vertex 6.595574157522044 16.4045669030172 2.707592792451037
  endloop
endfacet
facet normal -0.0004702678675468554 6.309005586637443e-05 0.9999998874338826
  outer loop
    vertex 6.595574155144711 16.59548573391798 2.7075807473688567
    vertex 6.595574157522044 16.4045669030172 2.707592792451037
    vertex 6.617028171157665 16.56752631846066 2.7075926004656345
  endloop
endfacet
facet normal -0.0004702678675468554 6.309005586637443e-05 0.9999998874338826
  outer loop
    vertex 6.617028171157665 16.56752631846066 2.7075926004656345
    vertex 6.595574157522044 16.4045669030172 2.707592792451037
    vertex 6.617028172838695 16.432526318474515 2.7076011176249275
  endloop
endfacet
facet normal -0.0004702678675468554 6.309005586637443e-05 0.9999998874338826
  outer loop
    vertex 6.617028171157665 16.56752631846066 2.7075926004656345
    vertex 6.617028172838695 16.432526318474515 2.7076011176249275
    vertex 6.6305147296158795 16.534966889552845 2.7076009969378525
  endloop
endfacet
facet normal -0.0004702678675468554 6.309005586637443e-05 0.9999998874338826
  outer loop
    vertex 6.6305147296158795 16.534966889552845 2.7076009969378525
    vertex 6.617028172838695 16.432526318474515 2.7076011176249275
    vertex 6.630514730486045 16.465085747382332 2.707605405743923
  endloop
endfacet
facet normal -0.0004702678675468554 6.309005586637443e-05 0.9999998874338826
  outer loop
    vertex 6.6305147296158795 16.534966889552845 2.7076009969378525
    vertex 6.630514730486045 16.465085747382332 2.707605405743923
    vertex 6.635114743848019 16.500026318467587 2.7076053645798113
  endloop
endfacet
facet normal 0.9914448610516207 -0.1305261918426071 -2.7155104244155293e-05
  outer loop
    vertex 7.803997333414387 16.150622391784843 0.1425789518673059
    vertex 7.850041632100865 16.50001720216858 1.8074322357976598
    vertex 7.804041497557126 16.150611491316024 1.8074261630423443
  endloop
endfacet
facet normal 0.9914448610516207 -0.1305261918426071 -2.7155104244155293e-05
  outer loop
    vertex 7.850041632100865 16.50001720216858 1.8074322357976598
    vertex 7.803997333414387 16.150622391784843 0.1425789518673059
    vertex 7.849997467884209 16.500028102637394 0.1425816280007124
  endloop
endfacet
facet normal 0.3644376861893073 0.47484358299210494 0.8010672534664015
  outer loop
    vertex 6.595574155144711 16.59548573391798 2.7075807473688567
    vertex 7.17504163499107 17.669151497157614 1.8075198796128205
    vertex 6.567614737313859 16.616939747966494 2.7075662454164773
  endloop
endfacet
facet normal 0.3644376861893073 0.47484358299210494 0.8010672534664015
  outer loop
    vertex 7.17504163499107 17.669151497157614 1.8075198796128205
    vertex 6.595574155144711 16.59548573391798 2.7075807473688567
    vertex 7.454635788540915 17.454611356672473 1.8074911484967084
  endloop
endfacet
facet normal 0.5935049451872905 0.07810665430903625 0.8010313543119771
  outer loop
    vertex 6.635114743848019 16.500026318467587 2.7076053645798113
    vertex 7.804041497933242 16.849422913021133 1.807445780719611
    vertex 6.6305147296158795 16.534966889552845 2.7076009969378525
  endloop
endfacet
facet normal 0.5935049451872905 0.07810665430903625 0.8010313543119771
  outer loop
    vertex 7.804041497933242 16.849422913021133 1.807445780719611
    vertex 6.635114743848019 16.500026318467587 2.7076053645798113
    vertex 7.850041632100865 16.50001720216858 1.8074322357976598
  endloop
endfacet
facet normal -9.971319961377485e-06 8.971849538497529e-06 -0.9999999999100393
  outer loop
    vertex 0.05111126052202264 16.888240679092064 3.802272692281505e-05
    vertex 0.05111126060044591 16.111783543864167 3.10564703303845e-05
    vertex 0.0 16.500012111478117 3.504924535827347e-05
  endloop
endfacet
facet normal -9.971319961377485e-06 8.971849538497529e-06 -0.9999999999100393
  outer loop
    vertex 0.05111126060044591 16.111783543864167 3.10564703303845e-05
    vertex 0.05111126052202264 16.888240679092064 3.802272692281505e-05
    vertex 0.2009618942272938 17.250012111401162 3.977427716575221e-05
  endloop
endfacet
facet normal -9.971319961377485e-06 8.971849538497529e-06 -0.9999999999100393
  outer loop
    vertex 0.05111126060044591 16.111783543864167 3.10564703303845e-05
    vertex 0.2009618942272938 17.250012111401162 3.977427716575221e-05
    vertex 0.2009618943787965 15.750012111555066 2.6316502857010037e-05
  endloop
endfacet
facet normal -9.971319961377485e-06 8.971849538497529e-06 -0.9999999999100393
  outer loop
    vertex 0.2009618943787965 15.750012111555066 2.6316502857010037e-05
    vertex 0.2009618942272938 17.250012111401162 3.977427716575221e-05
    vertex 0.4393398280686768 17.56067228314911 4.0184530833739514e-05
  endloop
endfacet
facet normal -9.971319961377485e-06 8.971849538497529e-06 -0.9999999999100393
  outer loop
    vertex 0.2009618943787965 15.750012111555066 2.6316502857010037e-05
    vertex 0.4393398280686768 17.56067228314911 4.0184530833739514e-05
    vertex 0.4393398282829322 15.439351939807118 2.115236388845476e-05
  endloop
endfacet
facet normal -9.971319961377485e-06 8.971849538497529e-06 -0.9999999999100393
  outer loop
    vertex 0.4393398282829322 15.439351939807118 2.115236388845476e-05
    vertex 0.4393398280686768 17.56067228314911 4.0184530833739514e-05
    vertex 0.749999999793034 17.799050217021488 3.922552982098537e-05
  endloop
endfacet
facet normal -9.971319961377485e-06 8.971849538497529e-06 -0.9999999999100393
  outer loop
    vertex 0.4393398282829322 15.439351939807118 2.115236388845476e-05
    vertex 0.749999999793034 17.799050217021488 3.922552982098537e-05
    vertex 0.750000000055446 15.20097400593474 1.5915980958564056e-05
  endloop
endfacet
facet normal -9.971319961377485e-06 8.971849538497529e-06 -0.9999999999100393
  outer loop
    vertex 0.750000000055446 15.20097400593474 1.5915980958564056e-05
    vertex 0.749999999793034 17.799050217021488 3.922552982098537e-05
    vertex 1.1117714320875747 17.948900850763057 3.6962628452463785e-05
  endloop
endfacet
facet normal -9.971319961377485e-06 8.971849538497529e-06 -0.9999999999100393
  outer loop
    vertex 0.750000000055446 15.20097400593474 1.5915980958564056e-05
    vertex 1.1117714320875747 17.948900850763057 3.6962628452463785e-05
    vertex 1.1117714323802532 15.051123372193171 1.0964204914043484e-05
  endloop
endfacet
facet normal -9.971319961377485e-06 8.971849538497529e-06 -0.9999999999100393
  outer loop
    vertex 1.1117714323802532 15.051123372193171 1.0964204914043484e-05
    vertex 1.1117714320875747 17.948900850763057 3.6962628452463785e-05
    vertex 1.499999999696976 18.00001211132421 3.355003972614068e-05
  endloop
endfacet
facet normal -9.971319961377485e-06 8.971849538497529e-06 -0.9999999999100393
  outer loop
    vertex 1.1117714323802532 15.051123372193171 1.0964204914043484e-05
    vertex 1.499999999696976 18.00001211132421 3.355003972614068e-05
    vertex 1.4999999999999842 15.000012111632016 6.6344911090088214e-06
  endloop
endfacet
facet normal -9.971319961377485e-06 8.971849538497529e-06 -0.9999999999100393
  outer loop
    vertex 1.4999999999999842 15.000012111632016 6.6344911090088214e-06
    vertex 1.499999999696976 18.00001211132421 3.355003972614068e-05
    vertex 1.8882285673167063 17.948900850763057 2.9220325921106016e-05
  endloop
endfacet
facet normal -9.971319961377485e-06 8.971849538497529e-06 -0.9999999999100393
  outer loop
    vertex 1.4999999999999842 15.000012111632016 6.6344911090088214e-06
    vertex 1.8882285673167063 17.948900850763057 2.9220325921106016e-05
    vertex 1.8882285676093848 15.051123372193171 3.221902383038211e-06
  endloop
endfacet
facet normal -9.971319961377485e-06 8.971849538497529e-06 -0.9999999999100393
  outer loop
    vertex 1.8882285676093848 15.051123372193171 3.221902383038211e-06
    vertex 1.8882285673167063 17.948900850763057 2.9220325921106016e-05
    vertex 2.2499999996415134 17.799050217021488 2.4268549877290435e-05
  endloop
endfacet
facet normal -9.971319961377485e-06 8.971849538497529e-06 -0.9999999999100393
  outer loop
    vertex 1.8882285676093848 15.051123372193171 3.221902383038211e-06
    vertex 2.2499999996415134 17.799050217021488 2.4268549877290435e-05
    vertex 2.249999999903928 15.20097400593474 9.590010155741124e-07
  endloop
endfacet
facet normal -9.971319961377485e-06 8.971849538497529e-06 -0.9999999999100393
  outer loop
    vertex 2.249999999903928 15.20097400593474 9.590010155741124e-07
    vertex 2.2499999996415134 17.799050217021488 2.4268549877290435e-05
    vertex 2.5606601714140287 17.56067228314911 1.903216694739973e-05
  endloop
endfacet
facet normal -9.971319961377485e-06 8.971849538497529e-06 -0.9999999999100393
  outer loop
    vertex 2.249999999903928 15.20097400593474 9.590010155741124e-07
    vertex 2.5606601714140287 17.56067228314911 1.903216694739973e-05
    vertex 2.5606601716282897 15.43935193980712 0.0
  endloop
endfacet
facet normal -9.971319961377485e-06 8.971849538497529e-06 -0.9999999999100393
  outer loop
    vertex 2.5606601716282897 15.43935193980712 0.0
    vertex 2.5606601714140287 17.56067228314911 1.903216694739973e-05
    vertex 2.79903810531817 17.250012111401162 1.3868027978844454e-05
  endloop
endfacet
facet normal -9.971319961377485e-06 8.971849538497529e-06 -0.9999999999100393
  outer loop
    vertex 2.5606601716282897 15.43935193980712 0.0
    vertex 2.79903810531817 17.250012111401162 1.3868027978844454e-05
    vertex 2.7990381054696702 15.750012111555069 4.1025366869229525e-07
  endloop
endfacet
facet normal -9.971319961377485e-06 8.971849538497529e-06 -0.9999999999100393
  outer loop
    vertex 2.7990381054696702 15.750012111555069 4.1025366869229525e-07
    vertex 2.79903810531817 17.250012111401162 1.3868027978844454e-05
    vertex 2.948888739096509 16.888240679092064 9.128060505117495e-06
  endloop
endfacet
facet normal -9.971319961377485e-06 8.971849538497529e-06 -0.9999999999100393
  outer loop
    vertex 2.7990381054696702 15.750012111555069 4.1025366869229525e-07
    vertex 2.948888739096509 16.888240679092064 9.128060505117495e-06
    vertex 2.948888739174932 16.11178354386417 2.161803913391935e-06
  endloop
endfacet
facet normal -9.971319961377485e-06 8.971849538497529e-06 -0.9999999999100393
  outer loop
    vertex 2.948888739174932 16.11178354386417 2.161803913391935e-06
    vertex 2.948888739096509 16.888240679092064 9.128060505117495e-06
    vertex 2.9999999996969575 16.500012111478117 5.135285476171036e-06
  endloop
endfacet
facet normal 0.13052619257432008 0.9914448613225452 3.0283121568082447e-06
  outer loop
    vertex 6.499997467884225 17.85002810249888 0.14260720127953738
    vertex 6.849447347042657 17.804017067525027 1.8075501101144025
    vertex 6.849403178741982 17.804027967993843 0.14260330453711284
  endloop
endfacet
facet normal 0.13052619257432008 0.9914448613225452 3.0283121568082447e-06
  outer loop
    vertex 6.849447347042657 17.804017067525027 1.8075501101144025
    vertex 6.499997467884225 17.85002810249888 0.14260720127953738
    vertex 6.500041637349369 17.850017202030063 1.807579779842727
  endloop
endfacet
facet normal -0.4747640077292731 0.36432404055306505 0.8011661066470095
  outer loop
    vertex 6.383201294543967 16.56752631846066 2.707482639186615
    vertex 5.545447485732185 17.454611356672473 1.8076462107952695
    vertex 5.330907345793164 17.175017202099323 1.8076557864990572
  endloop
endfacet
facet normal -0.4747640077292731 0.36432404055306505 0.8011661066470095
  outer loop
    vertex 5.545447485732185 17.454611356672473 1.8076462107952695
    vertex 6.383201294543967 16.56752631846066 2.707482639186615
    vertex 6.404655309860614 16.59548573391798 2.7074909643605016
  endloop
endfacet
facet normal -0.9914448610515701 0.1305261918425593 2.715717823709088e-05
  outer loop
    vertex 5.196041775688408 16.849422913021133 1.807657599758613
    vertex 5.149997468156947 16.500028102637394 0.14260855056460628
    vertex 5.150041641144677 16.50001720216858 1.8076515270032953
  endloop
endfacet
facet normal -0.9914448610515701 0.1305261918425593 2.715717823709088e-05
  outer loop
    vertex 5.149997468156947 16.500028102637394 0.14260855056460628
    vertex 5.196041775688408 16.849422913021133 1.807657599758613
    vertex 5.195997602626767 16.84943381348995 0.14261122669801438
  endloop
endfacet
facet normal -9.971319961377483e-06 8.971849538497529e-06 -0.9999999999100393
  outer loop
    vertex 5.195997602626767 16.84943381348995 0.14261122669801438
    vertex 5.195997602697348 16.15062239178484 0.1426049570670812
    vertex 5.149997468156947 16.500028102637394 0.14260855056460628
  endloop
endfacet
facet normal -9.971319961377483e-06 8.971849538497529e-06 -0.9999999999100393
  outer loop
    vertex 5.195997602697348 16.15062239178484 0.1426049570670812
    vertex 5.195997602626767 16.84943381348995 0.14261122669801438
    vertex 5.330863172961512 17.175028102568138 0.14261280309323301
  endloop
endfacet
facet normal -9.971319961377483e-06 8.971849538497529e-06 -0.9999999999100393
  outer loop
    vertex 5.195997602697348 16.15062239178484 0.1426049570670812
    vertex 5.330863172961512 17.175028102568138 0.14261280309323301
    vertex 5.330863173097864 15.82502810270665 0.14260069109635515
  endloop
endfacet
facet normal -9.971319961377483e-06 8.971849538497529e-06 -0.9999999999100393
  outer loop
    vertex 5.330863173097864 15.82502810270665 0.14260069109635515
    vertex 5.330863172961512 17.175028102568138 0.14261280309323301
    vertex 5.545403313418756 17.45462225714129 0.1426131723215342
  endloop
endfacet
facet normal -9.971319961377483e-06 8.971849538497529e-06 -0.9999999999100393
  outer loop
    vertex 5.330863173097864 15.82502810270665 0.14260069109635515
    vertex 5.545403313418756 17.45462225714129 0.1426131723215342
    vertex 5.545403313611587 15.545433948133496 0.14259604337128345
  endloop
endfacet
facet normal -9.971319961377483e-06 8.971849538497529e-06 -0.9999999999100393
  outer loop
    vertex 5.545403313611587 15.545433948133496 0.14259604337128345
    vertex 5.545403313418756 17.45462225714129 0.1426131723215342
    vertex 5.824997467970678 17.66916239762643 0.14261230922062273
  endloop
endfacet
facet normal -9.971319961377483e-06 8.971849538497529e-06 -0.9999999999100393
  outer loop
    vertex 5.545403313611587 15.545433948133496 0.14259604337128345
    vertex 5.824997467970678 17.66916239762643 0.14261230922062273
    vertex 5.824997468206849 15.330893807648357 0.14259133062664656
  endloop
endfacet
facet normal -9.971319961377483e-06 8.971849538497529e-06 -0.9999999999100393
  outer loop
    vertex 5.824997468206849 15.330893807648357 0.14259133062664656
    vertex 5.824997467970678 17.66916239762643 0.14261230922062273
    vertex 6.150591757035764 17.804027967993843 0.14261027260939105
  endloop
endfacet
facet normal -9.971319961377483e-06 8.971849538497529e-06 -0.9999999999100393
  outer loop
    vertex 5.824997468206849 15.330893807648357 0.14259133062664656
    vertex 6.150591757035764 17.804027967993843 0.14261027260939105
    vertex 6.150591757299176 15.196028237280945 0.1425868740282065
  endloop
endfacet
facet normal -9.971319961377483e-06 8.971849538497529e-06 -0.9999999999100393
  outer loop
    vertex 6.150591757299176 15.196028237280945 0.1425868740282065
    vertex 6.150591757035764 17.804027967993843 0.14261027260939105
    vertex 6.499997467884225 17.85002810249888 0.14260720127953738
  endloop
endfacet
facet normal -9.971319961377483e-06 8.971849538497529e-06 -0.9999999999100393
  outer loop
    vertex 6.150591757299176 15.196028237280945 0.1425868740282065
    vertex 6.499997467884225 17.85002810249888 0.14260720127953738
    vertex 6.499997468156933 15.150028102775904 0.14258297728578195
  endloop
endfacet
facet normal -9.971319961377483e-06 8.971849538497529e-06 -0.9999999999100393
  outer loop
    vertex 6.499997468156933 15.150028102775904 0.14258297728578195
    vertex 6.499997467884225 17.85002810249888 0.14260720127953738
    vertex 6.849403178741982 17.804027967993843 0.14260330453711284
  endloop
endfacet
facet normal -9.971319961377483e-06 8.971849538497529e-06 -0.9999999999100393
  outer loop
    vertex 6.499997468156933 15.150028102775904 0.14258297728578195
    vertex 6.849403178741982 17.804027967993843 0.14260330453711284
    vertex 6.849403179005393 15.196028237280945 0.1425799059559286
  endloop
endfacet
facet normal -9.971319961377483e-06 8.971849538497529e-06 -0.9999999999100393
  outer loop
    vertex 6.849403179005393 15.196028237280945 0.1425799059559286
    vertex 6.849403178741982 17.804027967993843 0.14260330453711284
    vertex 7.174997467834308 17.66916239762643 0.14259884793867342
  endloop
endfacet
facet normal -9.971319961377483e-06 8.971849538497529e-06 -0.9999999999100393
  outer loop
    vertex 6.849403179005393 15.196028237280945 0.1425799059559286
    vertex 7.174997467834308 17.66916239762643 0.14259884793867342
    vertex 7.174997468070483 15.330893807648357 0.14257786934469785
  endloop
endfacet
facet normal -9.971319961377483e-06 8.971849538497529e-06 -0.9999999999100393
  outer loop
    vertex 7.174997468070483 15.330893807648357 0.14257786934469785
    vertex 7.174997467834308 17.66916239762643 0.14259884793867342
    vertex 7.454591622429573 17.45462225714129 0.14259413519403652
  endloop
endfacet
facet normal -9.971319961377483e-06 8.971849538497529e-06 -0.9999999999100393
  outer loop
    vertex 7.174997468070483 15.330893807648357 0.14257786934469785
    vertex 7.454591622429573 17.45462225714129 0.14259413519403652
    vertex 7.4545916226224085 15.545433948133498 0.14257700624378383
  endloop
endfacet
facet normal -9.971319961377483e-06 8.971849538497529e-06 -0.9999999999100393
  outer loop
    vertex 7.4545916226224085 15.545433948133498 0.14257700624378383
    vertex 7.454591622429573 17.45462225714129 0.14259413519403652
    vertex 7.669131762943299 17.175028102568138 0.1425894874689648
  endloop
endfacet
facet normal -9.971319961377483e-06 8.971849538497529e-06 -0.9999999999100393
  outer loop
    vertex 7.4545916226224085 15.545433948133498 0.14257700624378383
    vertex 7.669131762943299 17.175028102568138 0.1425894874689648
    vertex 7.66913176307965 15.825028102706653 0.14257737547208565
  endloop
endfacet
facet normal -9.971319961377483e-06 8.971849538497529e-06 -0.9999999999100393
  outer loop
    vertex 7.66913176307965 15.825028102706653 0.14257737547208565
    vertex 7.669131762943299 17.175028102568138 0.1425894874689648
    vertex 7.803997333343806 16.84943381348995 0.14258522149823843
  endloop
endfacet
facet normal -9.971319961377483e-06 8.971849538497529e-06 -0.9999999999100393
  outer loop
    vertex 7.66913176307965 15.825028102706653 0.14257737547208565
    vertex 7.803997333343806 16.84943381348995 0.14258522149823843
    vertex 7.803997333414387 16.150622391784843 0.1425789518673059
  endloop
endfacet
facet normal -9.971319961377483e-06 8.971849538497529e-06 -0.9999999999100393
  outer loop
    vertex 7.803997333414387 16.150622391784843 0.1425789518673059
    vertex 7.803997333343806 16.84943381348995 0.14258522149823843
    vertex 7.849997467884209 16.500028102637394 0.1425816280007124
  endloop
endfacet
facet normal -0.38268343273490696 -0.9238795323489903 4.1035267571537925e-06
  outer loop
    vertex 6.15063592620288 15.19601733681213 1.8075336526865549
    vertex 5.824997468206849 15.330893807648357 0.14259133062664656
    vertex 6.150591757299176 15.196028237280945 0.1425868740282065
  endloop
endfacet
facet normal -0.38268343273490696 -0.9238795323489903 4.1035267571537925e-06
  outer loop
    vertex 5.824997468206849 15.330893807648357 0.14259133062664656
    vertex 6.15063592620288 15.19601733681213 1.8075336526865549
    vertex 5.825041638254472 15.330882907179538 1.8075638831881347
  endloop
endfacet
facet normal 0.36443282311857395 -0.4748807775342266 0.8010474171747354
  outer loop
    vertex 7.175041633732566 15.330882907179541 1.8074542375853162
    vertex 6.595574157522044 16.4045669030172 2.707592792451037
    vertex 6.567614740225489 16.383112888968686 2.7075809975691043
  endloop
endfacet
facet normal 0.36443282311857395 -0.4748807775342266 0.8010474171747354
  outer loop
    vertex 6.595574157522044 16.4045669030172 2.707592792451037
    vertex 7.175041633732566 15.330882907179541 1.8074542375853162
    vertex 7.4546357875133555 15.545423047664682 1.807437552005687
  endloop
endfacet
facet normal 0.5530616331793157 0.22903872716518717 0.8010393819055209
  outer loop
    vertex 6.6305147296158795 16.534966889552845 2.7076009969378525
    vertex 7.6691759281789755 17.175017202099323 1.8074658747441488
    vertex 6.617028171157665 16.56752631846066 2.7075926004656345
  endloop
endfacet
facet normal 0.5530616331793157 0.22903872716518717 0.8010393819055209
  outer loop
    vertex 7.6691759281789755 17.175017202099323 1.8074658747441488
    vertex 6.6305147296158795 16.534966889552845 2.7076009969378525
    vertex 7.804041497933242 16.849422913021133 1.807445780719611
  endloop
endfacet
facet normal 0.22911123287659993 -0.5529986971450513 0.8010620974216919
  outer loop
    vertex 6.849447345638978 15.19601733681213 1.8074768959461134
    vertex 6.567614740225489 16.383112888968686 2.7075809975691043
    vertex 6.535055309032665 16.369626331931943 2.7075665367808357
  endloop
endfacet
facet normal 0.22911123287659993 -0.5529986971450513 0.8010620974216919
  outer loop
    vertex 6.567614740225489 16.383112888968686 2.7075809975691043
    vertex 6.849447345638978 15.19601733681213 1.8074768959461134
    vertex 7.175041633732566 15.330882907179541 1.8074542375853162
  endloop
endfacet
facet normal 0.7933533402369718 -0.6087614285648034 -2.503156659671176e-05
  outer loop
    vertex 7.4545916226224085 15.545433948133498 0.14257700624378383
    vertex 7.6691759274523745 15.825017202237838 1.8074279763018992
    vertex 7.4546357875133555 15.545423047664682 1.807437552005687
  endloop
endfacet
facet normal 0.7933533402369718 -0.6087614285648034 -2.503156659671176e-05
  outer loop
    vertex 7.6691759274523745 15.825017202237838 1.8074279763018992
    vertex 7.4545916226224085 15.545433948133498 0.14257700624378383
    vertex 7.66913176307965 15.825028102706653 0.14257737547208565
  endloop
endfacet
facet normal -0.7933533402956873 -0.6087614287638254 1.7061699183071403e-05
  outer loop
    vertex 5.330907345066568 15.825017202237833 1.8076178880568083
    vertex 5.545403313611587 15.545433948133496 0.14259604337128345
    vertex 5.5454474847046225 15.54542304766468 1.807592614304248
  endloop
endfacet
facet normal -0.7933533402956873 -0.6087614287638254 1.7061699183071403e-05
  outer loop
    vertex 5.545403313611587 15.545433948133496 0.14259604337128345
    vertex 5.330907345066568 15.825017202237833 1.8076178880568083
    vertex 5.330863173097864 15.82502810270665 0.14260069109635515
  endloop
endfacet
facet normal 0.5530580734115021 -0.22908078214121194 0.8010298138570924
  outer loop
    vertex 7.6691759274523745 15.825017202237838 1.8074279763018992
    vertex 6.630514730486045 16.465085747382332 2.707605405743923
    vertex 6.617028172838695 16.432526318474515 2.7076011176249275
  endloop
endfacet
facet normal 0.5530580734115021 -0.22908078214121194 0.8010298138570924
  outer loop
    vertex 6.630514730486045 16.465085747382332 2.707605405743923
    vertex 7.6691759274523745 15.825017202237838 1.8074279763018992
    vertex 7.804041497557126 16.150611491316024 1.8074261630423443
  endloop
endfacet
facet normal -0.13052619199584053 0.9914448613533641 9.95358045651395e-06
  outer loop
    vertex 6.150591757035764 17.804027967993843 0.14261027260939105
    vertex 6.500041637349369 17.850017202030063 1.807579779842727
    vertex 6.499997467884225 17.85002810249888 0.14260720127953738
  endloop
endfacet
facet normal -0.13052619199584053 0.9914448613533641 9.95358045651395e-06
  outer loop
    vertex 6.500041637349369 17.850017202030063 1.807579779842727
    vertex 6.150591757035764 17.804027967993843 0.14261027260939105
    vertex 6.150635927606563 17.804017067525027 1.807606866854843
  endloop
endfacet
facet normal -0.5528754471014158 -0.22905541627977016 0.8011631271253756
  outer loop
    vertex 10.395858023125587 15.862517505024785 1.786366405719977
    vertex 11.376953894009121 16.46702668655015 2.6362387846581394
    vertex 10.268484985024326 16.170023222487522 1.786385383409817
  endloop
endfacet
facet normal -0.5528754471014158 -0.22905541627977016 0.8011631271253756
  outer loop
    vertex 11.376953894009121 16.46702668655015 2.6362387846581394
    vertex 10.395858023125587 15.862517505024785 1.786366405719977
    vertex 11.389691199219659 16.436276114803874 2.636246714659682
  endloop
endfacet
facet normal -0.0004702678675468555 6.309005586637443e-05 0.9999998874338826
  outer loop
    vertex 11.376953894009121 16.46702668655015 2.6362387846581394
    vertex 11.376953893187299 16.53302554304452 2.6362346207857397
    vertex 11.372609436123211 16.500026114797333 2.636234659662959
  endloop
endfacet
facet normal -0.0004702678675468555 6.309005586637443e-05 0.9999998874338826
  outer loop
    vertex 11.376953893187299 16.53302554304452 2.6362346207857397
    vertex 11.376953894009121 16.46702668655015 2.6362387846581394
    vertex 11.389691197632018 16.563776114790794 2.6362386706759064
  endloop
endfacet
facet normal -0.0004702678675468555 6.309005586637443e-05 0.9999998874338826
  outer loop
    vertex 11.389691197632018 16.563776114790794 2.6362386706759064
    vertex 11.376953894009121 16.46702668655015 2.6362387846581394
    vertex 11.389691199219659 16.436276114803874 2.636246714659682
  endloop
endfacet
facet normal -0.0004702678675468555 6.309005586637443e-05 0.9999998874338826
  outer loop
    vertex 11.389691197632018 16.563776114790794 2.6362386706759064
    vertex 11.389691199219659 16.436276114803874 2.636246714659682
    vertex 11.409953323208853 16.59018222938937 2.6362465333401324
  endloop
endfacet
facet normal -0.0004702678675468555 6.309005586637443e-05 0.9999998874338826
  outer loop
    vertex 11.409953323208853 16.59018222938937 2.6362465333401324
    vertex 11.389691199219659 16.436276114803874 2.636246714659682
    vertex 11.409953325454115 16.4098700002053 2.636257909251081
  endloop
endfacet
facet normal -0.0004702678675468555 6.309005586637443e-05 0.9999998874338826
  outer loop
    vertex 11.409953323208853 16.59018222938937 2.6362465333401324
    vertex 11.409953325454115 16.4098700002053 2.636257909251081
    vertex 11.43635943954449 16.61044435376852 2.6362576729508476
  endloop
endfacet
facet normal -0.0004702678675468555 6.309005586637443e-05 0.9999998874338826
  outer loop
    vertex 11.43635943954449 16.61044435376852 2.6362576729508476
    vertex 11.409953325454115 16.4098700002053 2.636257909251081
    vertex 11.436359442294362 16.389607875826144 2.6362716055394384
  endloop
endfacet
facet normal -0.0004702678675468555 6.309005586637443e-05 0.9999998874338826
  outer loop
    vertex 11.43635943954449 16.61044435376852 2.6362576729508476
    vertex 11.436359442294362 16.389607875826144 2.6362716055394384
    vertex 11.467110013448826 16.623181657636557 2.6362713303619865
  endloop
endfacet
facet normal -0.0004702678675468555 6.309005586637443e-05 0.9999998874338826
  outer loop
    vertex 11.467110013448826 16.623181657636557 2.6362713303619865
    vertex 11.436359442294362 16.389607875826144 2.6362716055394384
    vertex 11.46711001651591 16.376870571958115 2.6362868701453355
  endloop
endfacet
facet normal -0.0004702678675468555 6.309005586637443e-05 0.9999998874338826
  outer loop
    vertex 11.467110013448826 16.623181657636557 2.6362713303619865
    vertex 11.46711001651591 16.376870571958115 2.6362868701453355
    vertex 11.500109444128 16.627526114784253 2.636286574843557
  endloop
endfacet
facet normal -0.0004702678675468555 6.309005586637443e-05 0.9999998874338826
  outer loop
    vertex 11.500109444128 16.627526114784253 2.636286574843557
    vertex 11.46711001651591 16.376870571958115 2.6362868701453355
    vertex 11.500109447303279 16.372526114810416 2.6363026628111044
  endloop
endfacet
facet normal -0.0004702678675468555 6.309005586637443e-05 0.9999998874338826
  outer loop
    vertex 11.500109444128 16.627526114784253 2.636286574843557
    vertex 11.500109447303279 16.372526114810416 2.6363026628111044
    vertex 11.533108874915376 16.623181657636557 2.636302367509322
  endloop
endfacet
facet normal -0.0004702678675468555 6.309005586637443e-05 0.9999998874338826
  outer loop
    vertex 11.533108874915376 16.623181657636557 2.636302367509322
    vertex 11.500109447303279 16.372526114810416 2.6363026628111044
    vertex 11.533108877982457 16.376870571958115 2.6363179072926695
  endloop
endfacet
facet normal -0.0004702678675468555 6.309005586637443e-05 0.9999998874338826
  outer loop
    vertex 11.533108874915376 16.623181657636557 2.636302367509322
    vertex 11.533108877982457 16.376870571958115 2.6363179072926695
    vertex 11.563859449136917 16.61044435376852 2.6363176321152206
  endloop
endfacet
facet normal -0.0004702678675468555 6.309005586637443e-05 0.9999998874338826
  outer loop
    vertex 11.563859449136917 16.61044435376852 2.6363176321152206
    vertex 11.533108877982457 16.376870571958115 2.6363179072926695
    vertex 11.56385945188679 16.389607875826144 2.636331564703813
  endloop
endfacet
facet normal -0.0004702678675468555 6.309005586637443e-05 0.9999998874338826
  outer loop
    vertex 11.563859449136917 16.61044435376852 2.6363176321152206
    vertex 11.56385945188679 16.389607875826144 2.636331564703813
    vertex 11.590265565977166 16.59018222938937 2.6363313284035783
  endloop
endfacet
facet normal -0.0004702678675468555 6.309005586637443e-05 0.9999998874338826
  outer loop
    vertex 11.590265565977166 16.59018222938937 2.6363313284035783
    vertex 11.56385945188679 16.389607875826144 2.636331564703813
    vertex 11.590265568222426 16.4098700002053 2.636342704314526
  endloop
endfacet
facet normal -0.0004702678675468555 6.309005586637443e-05 0.9999998874338826
  outer loop
    vertex 11.590265565977166 16.59018222938937 2.6363313284035783
    vertex 11.590265568222426 16.4098700002053 2.636342704314526
    vertex 11.610527692211624 16.563776114790794 2.6363425229949797
  endloop
endfacet
facet normal -0.0004702678675468555 6.309005586637443e-05 0.9999998874338826
  outer loop
    vertex 11.610527692211624 16.563776114790794 2.6363425229949797
    vertex 11.590265568222426 16.4098700002053 2.636342704314526
    vertex 11.610527693799263 16.436276114803874 2.636350566978756
  endloop
endfacet
facet normal -0.0004702678675468555 6.309005586637443e-05 0.9999998874338826
  outer loop
    vertex 11.610527692211624 16.563776114790794 2.6363425229949797
    vertex 11.610527693799263 16.436276114803874 2.636350566978756
    vertex 11.62326499742216 16.53302554304452 2.6363504529965187
  endloop
endfacet
facet normal -0.0004702678675468555 6.309005586637443e-05 0.9999998874338826
  outer loop
    vertex 11.62326499742216 16.53302554304452 2.6363504529965187
    vertex 11.610527693799263 16.436276114803874 2.636350566978756
    vertex 11.623264998243982 16.46702668655015 2.6363546168689194
  endloop
endfacet
facet normal -0.0004702678675468555 6.309005586637443e-05 0.9999998874338826
  outer loop
    vertex 11.62326499742216 16.53302554304452 2.6363504529965187
    vertex 11.623264998243982 16.46702668655015 2.6363546168689194
    vertex 11.627609455308068 16.500026114797333 2.6363545779917024
  endloop
endfacet
facet normal -0.5528754471014158 -0.22905541627977016 0.8011631271253756
  outer loop
    vertex 5.330907345066568 15.825017202237833 1.8076178880568083
    vertex 6.369714737766781 16.465085747382332 2.707482759873686
    vertex 5.196041775312294 16.150611491316024 1.8076379820813442
  endloop
endfacet
facet normal -0.5528754471014158 -0.22905541627977016 0.8011631271253756
  outer loop
    vertex 6.369714737766781 16.465085747382332 2.707482759873686
    vertex 5.330907345066568 15.825017202237833 1.8076178880568083
    vertex 6.383201296224996 16.432526318474515 2.707491156345908
  endloop
endfacet
facet normal 0.13052619199583831 -0.9914448613533621 -9.953810369627916e-06
  outer loop
    vertex 6.849447345638978 15.19601733681213 1.8074768959461134
    vertex 6.499997468156933 15.150028102775904 0.14258297728578195
    vertex 6.849403179005393 15.196028237280945 0.1425799059559286
  endloop
endfacet
facet normal 0.13052619199583831 -0.9914448613533621 -9.953810369627916e-06
  outer loop
    vertex 6.499997468156933 15.150028102775904 0.14258297728578195
    vertex 6.849447345638978 15.19601733681213 1.8074768959461134
    vertex 6.500041635896173 15.150017202307088 1.80750398295823
  endloop
endfacet
facet normal -0.36428485250181925 -0.4748461251102362 0.8011352593073916
  outer loop
    vertex 5.825041638254472 15.330882907179538 1.8075638831881347
    vertex 6.40465531223795 16.4045669030172 2.707503009442683
    vertex 5.5454474847046225 15.54542304766468 1.807592614304248
  endloop
endfacet
facet normal -0.36428485250181925 -0.4748461251102362 0.8011352593073916
  outer loop
    vertex 6.40465531223795 16.4045669030172 2.707503009442683
    vertex 5.825041638254472 15.330882907179538 1.8075638831881347
    vertex 6.432614730068799 16.383112888968686 2.7075175113950616
  endloop
endfacet
facet normal 0.3826834322909182 -0.9238795323999653 -1.6200726100776727e-05
  outer loop
    vertex 12.137540406865696 15.395835115247511 1.7862118469413455
    vertex 11.829992977401146 15.268472371454392 0.21383053373581323
    vertex 12.137498694851505 15.395845410134724 0.21382861026965086
  endloop
endfacet
facet normal 0.3826834322909182 -0.9238795323999653 -1.6200726100776727e-05
  outer loop
    vertex 11.829992977401146 15.268472371454392 0.21383053373581323
    vertex 12.137540406865696 15.395835115247511 1.7862118469413455
    vertex 11.830034690332864 15.268462076567177 1.7862332465043205
  endloop
endfacet
facet normal 0.5530580734115021 -0.22908078214121189 0.8010298138570924
  outer loop
    vertex 12.604222795378849 20.86251750502479 1.786187044618119
    vertex 11.623264998243982 21.467026686550145 2.6363546168689194
    vertex 11.610527693799263 21.436276114803874 2.636350566978756
  endloop
endfacet
facet normal 0.5530580734115021 -0.22908078214121189 0.8010298138570924
  outer loop
    vertex 11.623264998243982 21.467026686550145 2.6363546168689194
    vertex 12.604222795378849 20.86251750502479 1.786187044618119
    vertex 12.73159583381111 21.170023222487522 1.7861853320952055
  endloop
endfacet
facet normal -0.9914448610515701 0.13052619184255929 2.7157178237090876e-05
  outer loop
    vertex 10.268484985379546 21.830011787431232 1.7864039112161259
    vertex 10.224998694933166 21.500027799846595 0.21385758697734214
    vertex 10.225040413866022 21.500017504959377 1.7863981758361038
  endloop
endfacet
facet normal -0.9914448610515701 0.13052619184255929 2.7157178237090876e-05
  outer loop
    vertex 10.224998694933166 21.500027799846595 0.21385758697734214
    vertex 10.268484985379546 21.830011787431232 1.7864039112161259
    vertex 10.268443266376886 21.830022082318447 0.21386011443667202
  endloop
endfacet
facet normal 0.4749305533145828 0.36435869856587166 0.8010516264933796
  outer loop
    vertex 1.6300341144452433 21.575010129059525 2.8500173269131674
    vertex 2.560709244871075 22.56066017151709 1.8499046025032495
    vertex 1.6061963188752926 21.606076146234322 2.8500041568056367
  endloop
endfacet
facet normal 0.4749305533145828 0.36435869856587166 0.8010516264933796
  outer loop
    vertex 2.560709244871075 22.56066017151709 1.8499046025032495
    vertex 1.6300341144452433 21.575010129059525 2.8500173269131674
    vertex 2.799087177802255 22.249999999769145 1.8498765205559606
  endloop
endfacet
facet normal -0.13052619257433012 -0.9914448613225437 -3.028403098795415e-06
  outer loop
    vertex 11.500040408909102 20.225017505090193 1.7862588286824308
    vertex 11.170004412456384 20.26847237145439 0.2138371146929646
    vertex 11.499998694933154 20.225027799977408 0.21383343443623026
  endloop
endfacet
facet normal -0.13052619257433012 -0.9914448613225437 -3.028403098795415e-06
  outer loop
    vertex 11.170004412456384 20.26847237145439 0.2138371146929646
    vertex 11.500040408909102 20.225017505090193 1.7862588286824308
    vertex 11.170046127532105 20.268462076567175 1.7862868500925153
  endloop
endfacet
facet normal 0.793353340236972 -0.6087614285648035 -2.5031566596711767e-05
  outer loop
    vertex 12.401559840817212 20.598466653926245 0.21382779511878763
    vertex 12.604222795378849 20.86251750502479 1.786187044618119
    vertex 12.40160155210311 20.59845635903903 1.7861960883383623
  endloop
endfacet
facet normal 0.793353340236972 -0.6087614285648035 -2.5031566596711767e-05
  outer loop
    vertex 12.604222795378849 20.86251750502479 1.786187044618119
    vertex 12.401559840817212 20.598466653926245 0.21382779511878763
    vertex 12.604181084582386 20.862527799912005 0.21382814383440601
  endloop
endfacet
facet normal 0.2291147934494129 0.5529637578669088 0.8010851976589878
  outer loop
    vertex 11.563859449136917 21.61044435376852 2.6363176321152206
    vertex 11.830034691658561 22.73157293335158 1.7863023932188158
    vertex 11.533108874915376 21.623181657636557 2.636302367509322
  endloop
endfacet
facet normal 0.2291147934494129 0.5529637578669088 0.8010851976589878
  outer loop
    vertex 11.830034691658561 22.73157293335158 1.7863023932188158
    vertex 11.563859449136917 21.61044435376852 2.6363176321152206
    vertex 12.137540408054283 22.604199894671247 1.7862738421895443
  endloop
endfacet
facet normal 0.9914448610275299 0.13052619236998933 -2.5445915051852546e-05
  outer loop
    vertex 12.774998694675578 21.500027799846595 0.2138321601114424
    vertex 12.731595834166333 21.830011787431232 1.7862038599015133
    vertex 12.775040405324642 21.500017504959377 1.7861910674752264
  endloop
endfacet
facet normal 0.9914448610275299 0.13052619236998933 -2.5445915051852546e-05
  outer loop
    vertex 12.731595834166333 21.830011787431232 1.7862038599015133
    vertex 12.774998694675578 21.500027799846595 0.2138321601114424
    vertex 12.731554123165196 21.830022082318447 0.213835553970217
  endloop
endfacet
facet normal -0.9238795323188097 0.38268343187619697 2.7015437298646785e-05
  outer loop
    vertex 10.395858023811817 22.137517504893967 1.7864021986932124
    vertex 10.268443266376886 21.830022082318447 0.21386011443667202
    vertex 10.268484985379546 21.830011787431232 1.7864039112161259
  endloop
endfacet
facet normal -0.9238795323188097 0.38268343187619697 2.7015437298646785e-05
  outer loop
    vertex 10.268443266376886 21.830022082318447 0.21386011443667202
    vertex 10.395858023811817 22.137517504893967 1.7864021986932124
    vertex 10.395816305026369 22.137527799781182 0.21386160325437853
  endloop
endfacet
facet normal -0.7933533402369389 0.6087614285648039 2.5032607464037284e-05
  outer loop
    vertex 10.59847926708756 22.401578650879724 1.7863931549729686
    vertex 10.395816305026369 22.137527799781182 0.21386160325437853
    vertex 10.395858023811817 22.137517504893967 1.7864021986932124
  endloop
endfacet
facet normal -0.7933533402369389 0.6087614285648039 2.5032607464037284e-05
  outer loop
    vertex 10.395816305026369 22.137527799781182 0.21386160325437853
    vertex 10.59847926708756 22.401578650879724 1.7863931549729686
    vertex 10.598437548791543 22.40158894576694 0.2138619519699963
  endloop
endfacet
facet normal -0.5528790046676866 0.22901335465400655 0.8011726964817178
  outer loop
    vertex 11.376953893187299 21.53302554304452 2.6362346207857397
    vertex 10.395858023811817 22.137517504893967 1.7864021986932124
    vertex 10.268484985379546 21.830011787431232 1.7864039112161259
  endloop
endfacet
facet normal -0.5528790046676866 0.22901335465400655 0.8011726964817178
  outer loop
    vertex 10.395858023811817 22.137517504893967 1.7864021986932124
    vertex 11.376953893187299 21.53302554304452 2.6362346207857397
    vertex 11.389691197632018 21.56377611479079 2.6362386706759064
  endloop
endfacet
facet normal 0.13052619199583831 -0.9914448613533621 -9.953810369627914e-06
  outer loop
    vertex 11.830034690332864 20.268462076567175 1.7862332465043205
    vertex 11.499998694933154 20.225027799977408 0.21383343443623026
    vertex 11.829992977401146 20.26847237145439 0.21383053373581323
  endloop
endfacet
facet normal 0.13052619199583831 -0.9914448613533621 -9.953810369627914e-06
  outer loop
    vertex 11.499998694933154 20.225027799977408 0.21383343443623026
    vertex 11.830034690332864 20.268462076567175 1.7862332465043205
    vertex 11.500040408909102 20.225017505090193 1.7862588286824308
  endloop
endfacet
facet normal -9.971319961377487e-06 8.97184953849753e-06 -0.9999999999100394
  outer loop
    vertex 10.268443266376886 21.830022082318447 0.21386011443667202
    vertex 10.268443266443546 21.170033517374737 0.2138541931185685
    vertex 10.224998694933166 21.500027799846595 0.21385758697734214
  endloop
endfacet
facet normal -9.971319961377487e-06 8.97184953849753e-06 -0.9999999999100394
  outer loop
    vertex 10.268443266443546 21.170033517374737 0.2138541931185685
    vertex 10.268443266376886 21.830022082318447 0.21386011443667202
    vertex 10.395816305026369 22.137527799781182 0.21386160325437853
  endloop
endfacet
facet normal -9.971319961377487e-06 8.97184953849753e-06 -0.9999999999100394
  outer loop
    vertex 10.268443266443546 21.170033517374737 0.2138541931185685
    vertex 10.395816305026369 22.137527799781182 0.21386160325437853
    vertex 10.395816305155144 20.862527799912 0.2138501641462161
  endloop
endfacet
facet normal -9.971319961377487e-06 8.97184953849753e-06 -0.9999999999100394
  outer loop
    vertex 10.395816305155144 20.862527799912 0.2138501641462161
    vertex 10.395816305026369 22.137527799781182 0.21386160325437853
    vertex 10.598437548791543 22.40158894576694 0.2138619519699963
  endloop
endfacet
facet normal -9.971319961377487e-06 8.97184953849753e-06 -0.9999999999100394
  outer loop
    vertex 10.395816305155144 20.862527799912 0.2138501641462161
    vertex 10.598437548791543 22.40158894576694 0.2138619519699963
    vertex 10.59843754897366 20.598466653926245 0.21384577462809284
  endloop
endfacet
facet normal -9.971319961377487e-06 8.97184953849753e-06 -0.9999999999100394
  outer loop
    vertex 10.59843754897366 20.598466653926245 0.21384577462809284
    vertex 10.598437548791543 22.40158894576694 0.2138619519699963
    vertex 10.862498694757246 22.60421018955846 0.21386113681913546
  endloop
endfacet
facet normal -9.971319961377487e-06 8.97184953849753e-06 -0.9999999999100394
  outer loop
    vertex 10.59843754897366 20.598466653926245 0.21384577462809284
    vertex 10.862498694757246 22.60421018955846 0.21386113681913546
    vertex 10.862498694980296 20.395845410134726 0.2138413237026024
  endloop
endfacet
facet normal -9.971319961377487e-06 8.97184953849753e-06 -0.9999999999100394
  outer loop
    vertex 10.862498694980296 20.395845410134726 0.2138413237026024
    vertex 10.862498694757246 22.60421018955846 0.21386113681913546
    vertex 11.170004412207605 22.731583228238797 0.21385921335297223
  endloop
endfacet
facet normal -9.971319961377487e-06 8.97184953849753e-06 -0.9999999999100394
  outer loop
    vertex 10.862498694980296 20.395845410134726 0.2138413237026024
    vertex 11.170004412207605 22.731583228238797 0.21385921335297223
    vertex 11.170004412456384 20.26847237145439 0.2138371146929646
  endloop
endfacet
facet normal -9.971319961377487e-06 8.97184953849753e-06 -0.9999999999100394
  outer loop
    vertex 11.170004412456384 20.26847237145439 0.2138371146929646
    vertex 11.170004412207605 22.731583228238797 0.21385921335297223
    vertex 11.499998694675597 22.775027799715772 0.21385631265255484
  endloop
endfacet
facet normal -9.971319961377487e-06 8.97184953849753e-06 -0.9999999999100394
  outer loop
    vertex 11.170004412456384 20.26847237145439 0.2138371146929646
    vertex 11.499998694675597 22.775027799715772 0.21385631265255484
    vertex 11.499998694933154 20.225027799977408 0.21383343443623026
  endloop
endfacet
facet normal -9.971319961377487e-06 8.97184953849753e-06 -0.9999999999100394
  outer loop
    vertex 11.499998694933154 20.225027799977408 0.21383343443623026
    vertex 11.499998694675597 22.775027799715772 0.21385631265255484
    vertex 11.829992977152367 22.731583228238797 0.21385263239582059
  endloop
endfacet
facet normal -9.971319961377487e-06 8.97184953849753e-06 -0.9999999999100394
  outer loop
    vertex 11.499998694933154 20.225027799977408 0.21383343443623026
    vertex 11.829992977152367 22.731583228238797 0.21385263239582059
    vertex 11.829992977401146 20.26847237145439 0.21383053373581323
  endloop
endfacet
facet normal -9.971319961377487e-06 8.97184953849753e-06 -0.9999999999100394
  outer loop
    vertex 11.829992977401146 20.26847237145439 0.21383053373581323
    vertex 11.829992977152367 22.731583228238797 0.21385263239582059
    vertex 12.137498694628452 22.60421018955846 0.21384842338618332
  endloop
endfacet
facet normal -9.971319961377487e-06 8.97184953849753e-06 -0.9999999999100394
  outer loop
    vertex 11.829992977401146 20.26847237145439 0.21383053373581323
    vertex 12.137498694628452 22.60421018955846 0.21384842338618332
    vertex 12.137498694851505 20.395845410134726 0.21382861026965086
  endloop
endfacet
facet normal -9.971319961377487e-06 8.97184953849753e-06 -0.9999999999100394
  outer loop
    vertex 12.137498694851505 20.395845410134726 0.21382861026965086
    vertex 12.137498694628452 22.60421018955846 0.21384842338618332
    vertex 12.401559840635091 22.40158894576694 0.21384397246069295
  endloop
endfacet
facet normal -9.971319961377487e-06 8.97184953849753e-06 -0.9999999999100394
  outer loop
    vertex 12.137498694851505 20.395845410134726 0.21382861026965086
    vertex 12.401559840635091 22.40158894576694 0.21384397246069295
    vertex 12.401559840817212 20.598466653926245 0.21382779511878763
  endloop
endfacet
facet normal -9.971319961377487e-06 8.97184953849753e-06 -0.9999999999100394
  outer loop
    vertex 12.401559840817212 20.598466653926245 0.21382779511878763
    vertex 12.401559840635091 22.40158894576694 0.21384397246069295
    vertex 12.60418108445361 22.137527799781182 0.21383958294256963
  endloop
endfacet
facet normal -9.971319961377487e-06 8.97184953849753e-06 -0.9999999999100394
  outer loop
    vertex 12.401559840817212 20.598466653926245 0.21382779511878763
    vertex 12.60418108445361 22.137527799781182 0.21383958294256963
    vertex 12.604181084582386 20.862527799912005 0.21382814383440601
  endloop
endfacet
facet normal -9.971319961377487e-06 8.97184953849753e-06 -0.9999999999100394
  outer loop
    vertex 12.604181084582386 20.862527799912005 0.21382814383440601
    vertex 12.60418108445361 22.137527799781182 0.21383958294256963
    vertex 12.731554123165196 21.830022082318447 0.213835553970217
  endloop
endfacet
facet normal -9.971319961377487e-06 8.97184953849753e-06 -0.9999999999100394
  outer loop
    vertex 12.604181084582386 20.862527799912005 0.21382814383440601
    vertex 12.731554123165196 21.830022082318447 0.213835553970217
    vertex 12.731554123231858 21.17003351737474 0.21382963265211402
  endloop
endfacet
facet normal -9.971319961377487e-06 8.97184953849753e-06 -0.9999999999100394
  outer loop
    vertex 12.731554123231858 21.17003351737474 0.21382963265211402
    vertex 12.731554123165196 21.830022082318447 0.213835553970217
    vertex 12.774998694675578 21.500027799846595 0.2138321601114424
  endloop
endfacet
facet normal -0.9914448610274684 -0.13052619237002497 2.5448128015815628e-05
  outer loop
    vertex 10.225040413866022 21.500017504959377 1.7863981758361038
    vertex 10.268443266443546 21.170033517374737 0.2138541931185685
    vertex 10.268484985024326 21.170023222487522 1.786385383409817
  endloop
endfacet
facet normal -0.9914448610274684 -0.13052619237002497 2.5448128015815628e-05
  outer loop
    vertex 10.268443266443546 21.170033517374737 0.2138541931185685
    vertex 10.225040413866022 21.500017504959377 1.7863981758361038
    vertex 10.224998694933166 21.500027799846595 0.21385758697734214
  endloop
endfacet
facet normal -0.608761429005947 0.7933533400062526 2.1343875650710824e-05
  outer loop
    vertex 10.598437548791543 22.40158894576694 0.2138619519699963
    vertex 10.862540412324972 22.604199894671247 1.7863773963699854
    vertex 10.862498694757246 22.60421018955846 0.21386113681913546
  endloop
endfacet
facet normal -0.608761429005947 0.7933533400062526 2.1343875650710824e-05
  outer loop
    vertex 10.862540412324972 22.604199894671247 1.7863773963699854
    vertex 10.598437548791543 22.40158894576694 0.2138619519699963
    vertex 10.59847926708756 22.401578650879724 1.7863931549729686
  endloop
endfacet
facet normal 0.608761429245837 0.7933533400336542 -1.0954964915344837e-05
  outer loop
    vertex 12.137498694628452 22.60421018955846 0.21384842338618332
    vertex 12.401601553073581 22.401578650879724 1.7862467072465495
    vertex 12.401559840635091 22.40158894576694 0.21384397246069295
  endloop
endfacet
facet normal 0.608761429245837 0.7933533400336542 -1.0954964915344837e-05
  outer loop
    vertex 12.401601553073581 22.401578650879724 1.7862467072465495
    vertex 12.137498694628452 22.60421018955846 0.21384842338618332
    vertex 12.137540408054283 22.604199894671247 1.7862738421895443
  endloop
endfacet
facet normal 0.608761429245837 0.7933533400336542 -1.0954964915344837e-05
  outer loop
    vertex 2.2499999996415134 22.799050217021488 2.4268549877290435e-05
    vertex 2.560709244871075 22.56066017151709 1.8499046025032495
    vertex 2.5606601714140287 22.56067228314911 1.903216694739973e-05
  endloop
endfacet
facet normal 0.608761429245837 0.7933533400336542 -1.0954964915344837e-05
  outer loop
    vertex 2.560709244871075 22.56066017151709 1.8499046025032495
    vertex 2.2499999996415134 22.799050217021488 2.4268549877290435e-05
    vertex 2.2500490742601373 22.79903810538947 1.8499365259655962
  endloop
endfacet
facet normal 0.5935036422298597 -0.07815001175210214 0.8010280908451569
  outer loop
    vertex 2.9489378104446433 21.11177143223215 1.8498323964428445
    vertex 1.6501303063234132 21.50001012906722 2.8500315092622523
    vertex 1.6450191803656644 21.461187272305825 2.8500315550001543
  endloop
endfacet
facet normal 0.5935036422298597 -0.07815001175210214 0.8010280908451569
  outer loop
    vertex 1.6501303063234132 21.50001012906722 2.8500315092622523
    vertex 2.9489378104446433 21.11177143223215 1.8498323964428445
    vertex 3.0000490710487973 21.499999999846096 1.8498391439487512
  endloop
endfacet
facet normal -0.6087614292457899 -0.7933533400336771 1.095590710032176e-05
  outer loop
    vertex 10.862540411136386 20.395835115247507 1.7863154011217857
    vertex 10.59843754897366 20.598466653926245 0.21384577462809284
    vertex 10.862498694980296 20.395845410134726 0.2138413237026024
  endloop
endfacet
facet normal -0.6087614292457899 -0.7933533400336771 1.095590710032176e-05
  outer loop
    vertex 10.59843754897366 20.598466653926245 0.21384577462809284
    vertex 10.862540411136386 20.395835115247507 1.7863154011217857
    vertex 10.598479266117083 20.59845635903903 1.7863425360647818
  endloop
endfacet
facet normal 0.3644376861893073 0.47484358299210494 0.8010672534664015
  outer loop
    vertex 11.590265565977166 21.59018222938937 2.6363313284035783
    vertex 12.137540408054283 22.604199894671247 1.7862738421895443
    vertex 11.563859449136917 21.61044435376852 2.6363176321152206
  endloop
endfacet
facet normal 0.3644376861893073 0.47484358299210494 0.8010672534664015
  outer loop
    vertex 12.137540408054283 22.604199894671247 1.7862738421895443
    vertex 11.590265565977166 21.59018222938937 2.6363313284035783
    vertex 12.401601553073581 22.401578650879724 1.7862467072465495
  endloop
endfacet
facet normal 0.3826834327349237 0.9238795323489849 -4.103188682165703e-06
  outer loop
    vertex 11.829992977152367 22.731583228238797 0.21385263239582059
    vertex 12.137540408054283 22.604199894671247 1.7862738421895443
    vertex 12.137498694628452 22.60421018955846 0.21384842338618332
  endloop
endfacet
facet normal 0.3826834327349237 0.9238795323489849 -4.103188682165703e-06
  outer loop
    vertex 12.137540408054283 22.604199894671247 1.7862738421895443
    vertex 11.829992977152367 22.731583228238797 0.21385263239582059
    vertex 11.830034691658561 22.73157293335158 1.7863023932188158
  endloop
endfacet
facet normal 0.07818433906743175 -0.593429802454505 0.8010794459249321
  outer loop
    vertex 11.830034690332864 20.268462076567175 1.7862332465043205
    vertex 11.500109447303279 21.372526114810416 2.6363026628111044
    vertex 11.500040408909102 20.225017505090193 1.7862588286824308
  endloop
endfacet
facet normal 0.07818433906743175 -0.593429802454505 0.8010794459249321
  outer loop
    vertex 11.500109447303279 21.372526114810416 2.6363026628111044
    vertex 11.830034690332864 20.268462076567175 1.7862332465043205
    vertex 11.533108877982457 21.37687057195811 2.6363179072926695
  endloop
endfacet
facet normal -0.3826834322909223 0.9238795323999646 1.6200684500048782e-05
  outer loop
    vertex 10.862498694757246 22.60421018955846 0.21386113681913546
    vertex 11.170046128857805 22.73157293335158 1.7863559968070104
    vertex 11.170004412207605 22.731583228238797 0.21385921335297223
  endloop
endfacet
facet normal -0.3826834322909223 0.9238795323999646 1.6200684500048782e-05
  outer loop
    vertex 11.170046128857805 22.73157293335158 1.7863559968070104
    vertex 10.862498694757246 22.60421018955846 0.21386113681913546
    vertex 10.862540412324972 22.604199894671247 1.7863773963699854
  endloop
endfacet
facet normal -0.7933533402956873 -0.6087614287638254 1.70616991830714e-05
  outer loop
    vertex 10.395858023125587 20.862517505024783 1.786366405719977
    vertex 10.59843754897366 20.598466653926245 0.21384577462809284
    vertex 10.598479266117083 20.59845635903903 1.7863425360647818
  endloop
endfacet
facet normal -0.7933533402956873 -0.6087614287638254 1.70616991830714e-05
  outer loop
    vertex 10.59843754897366 20.598466653926245 0.21384577462809284
    vertex 10.395858023125587 20.862517505024783 1.786366405719977
    vertex 10.395816305155144 20.862527799912 0.2138501641462161
  endloop
endfacet
facet normal -0.474764007729273 0.36432404055306505 0.8011661066470095
  outer loop
    vertex 11.389691197632018 21.56377611479079 2.6362386706759064
    vertex 10.59847926708756 22.401578650879724 1.7863931549729686
    vertex 10.395858023811817 22.137517504893967 1.7864021986932124
  endloop
endfacet
facet normal -0.474764007729273 0.36432404055306505 0.8011661066470095
  outer loop
    vertex 10.59847926708756 22.401578650879724 1.7863931549729686
    vertex 11.389691197632018 21.56377611479079 2.6362386706759064
    vertex 11.409953323208853 21.59018222938937 2.6362465333401324
  endloop
endfacet
facet normal -0.1305261919958405 0.9914448613533641 9.953580456513948e-06
  outer loop
    vertex 11.170004412207605 22.731583228238797 0.21385921335297223
    vertex 11.500040410281567 22.775017504828558 1.7863304146289003
    vertex 11.499998694675597 22.775027799715772 0.21385631265255484
  endloop
endfacet
facet normal -0.1305261919958405 0.9914448613533641 9.953580456513948e-06
  outer loop
    vertex 11.500040410281567 22.775017504828558 1.7863304146289003
    vertex 11.170004412207605 22.731583228238797 0.21385921335297223
    vertex 11.170046128857805 22.73157293335158 1.7863559968070104
  endloop
endfacet
facet normal -0.22897934574420734 -0.5529733296471648 0.8011173172023452
  outer loop
    vertex 11.170046127532105 20.268462076567175 1.7862868500925153
    vertex 11.436359442294362 21.389607875826144 2.6362716055394384
    vertex 10.862540411136386 20.395835115247507 1.7863154011217857
  endloop
endfacet
facet normal -0.22897934574420734 -0.5529733296471648 0.8011173172023452
  outer loop
    vertex 11.436359442294362 21.389607875826144 2.6362716055394384
    vertex 11.170046127532105 20.268462076567175 1.7862868500925153
    vertex 11.46711001651591 21.37687057195811 2.6362868701453355
  endloop
endfacet
facet normal -0.38268343273490696 -0.9238795323489905 4.1035267571537925e-06
  outer loop
    vertex 1.1118205089399251 20.051111260561154 1.8499518293808561
    vertex 0.750000000055446 20.20097400593474 1.5915980958564056e-05
    vertex 1.1117714323802532 20.05112337219317 1.0964204914043484e-05
  endloop
endfacet
facet normal -0.38268343273490696 -0.9238795323489905 4.1035267571537925e-06
  outer loop
    vertex 0.750000000055446 20.20097400593474 1.5915980958564056e-05
    vertex 1.1118205089399251 20.051111260561154 1.8499518293808561
    vertex 0.7500490778861388 20.20096189430272 1.8499854188270566
  endloop
endfacet
facet normal 0.36443282311857395 -0.47488077753422664 0.8010474171747354
  outer loop
    vertex 12.137540406865696 20.39583511524751 1.7862118469413455
    vertex 11.590265568222426 21.4098700002053 2.636342704314526
    vertex 11.56385945188679 21.389607875826144 2.636331564703813
  endloop
endfacet
facet normal 0.36443282311857395 -0.47488077753422664 0.8010474171747354
  outer loop
    vertex 11.590265568222426 21.4098700002053 2.636342704314526
    vertex 12.137540406865696 20.39583511524751 1.7862118469413455
    vertex 12.40160155210311 20.59845635903903 1.7861960883383623
  endloop
endfacet
facet normal -0.9238795322875291 -0.38268343227263946 2.2004741700021264e-05
  outer loop
    vertex 10.268484985024326 21.170023222487522 1.786385383409817
    vertex 10.395816305155144 20.862527799912 0.2138501641462161
    vertex 10.395858023125587 20.862517505024783 1.786366405719977
  endloop
endfacet
facet normal -0.9238795322875291 -0.38268343227263946 2.2004741700021264e-05
  outer loop
    vertex 10.395816305155144 20.862527799912 0.2138501641462161
    vertex 10.268484985024326 21.170023222487522 1.786385383409817
    vertex 10.268443266443546 21.170033517374737 0.2138541931185685
  endloop
endfacet
facet normal 0.9238795323188583 -0.3826834318761956 -2.7013792322647633e-05
  outer loop
    vertex 12.604181084582386 20.862527799912005 0.21382814383440601
    vertex 12.73159583381111 21.170023222487522 1.7861853320952055
    vertex 12.604222795378849 20.86251750502479 1.786187044618119
  endloop
endfacet
facet normal 0.9238795323188583 -0.3826834318761956 -2.7013792322647633e-05
  outer loop
    vertex 12.73159583381111 21.170023222487522 1.7861853320952055
    vertex 12.604181084582386 20.862527799912005 0.21382814383440601
    vertex 12.731554123231858 21.17003351737474 0.21382963265211402
  endloop
endfacet
facet normal -0.22897934574420736 -0.5529733296471648 0.8011173172023452
  outer loop
    vertex 1.1118205089399251 20.051111260561154 1.8499518293808561
    vertex 1.4251302910131691 21.37010631851288 2.8499338946125303
    vertex 0.7500490778861388 20.20096189430272 1.8499854188270566
  endloop
endfacet
facet normal -0.22897934574420736 -0.5529733296471648 0.8011173172023452
  outer loop
    vertex 1.4251302910131691 21.37010631851288 2.8499338946125303
    vertex 1.1118205089399251 20.051111260561154 1.8499518293808561
    vertex 1.4613074371561676 21.355121255138727 2.849951852972409
  endloop
endfacet
facet normal -0.47475914809375364 -0.3643638458091787 0.8011508841463251
  outer loop
    vertex 10.598479266117083 20.59845635903903 1.7863425360647818
    vertex 11.389691199219659 21.436276114803874 2.636246714659682
    vertex 10.395858023125587 20.862517505024783 1.786366405719977
  endloop
endfacet
facet normal -0.47475914809375364 -0.3643638458091787 0.8011508841463251
  outer loop
    vertex 11.389691199219659 21.436276114803874 2.636246714659682
    vertex 10.598479266117083 20.59845635903903 1.7863425360647818
    vertex 11.409953325454115 21.4098700002053 2.636257909251081
  endloop
endfacet
facet normal 0.9238795322876059 0.38268343227257057 -2.200271704695856e-05
  outer loop
    vertex 12.731554123165196 21.830022082318447 0.213835553970217
    vertex 12.604222796065082 22.137517504893967 1.7862228375913543
    vertex 12.731595834166333 21.830011787431232 1.7862038599015133
  endloop
endfacet
facet normal 0.9238795322876059 0.38268343227257057 -2.200271704695856e-05
  outer loop
    vertex 12.604222796065082 22.137517504893967 1.7862228375913543
    vertex 12.731554123165196 21.830022082318447 0.213835553970217
    vertex 12.60418108445361 22.137527799781182 0.21383958294256963
  endloop
endfacet
facet normal -0.36428485250181925 -0.4748461251102363 0.8011352593073916
  outer loop
    vertex 10.862540411136386 20.395835115247507 1.7863154011217857
    vertex 11.409953325454115 21.4098700002053 2.636257909251081
    vertex 10.598479266117083 20.59845635903903 1.7863425360647818
  endloop
endfacet
facet normal -0.36428485250181925 -0.4748461251102363 0.8011352593073916
  outer loop
    vertex 11.409953325454115 21.4098700002053 2.636257909251081
    vertex 10.862540411136386 20.395835115247507 1.7863154011217857
    vertex 11.436359442294362 21.389607875826144 2.6362716055394384
  endloop
endfacet
facet normal 0.6087614292458369 0.7933533400336542 -1.0954964915344834e-05
  outer loop
    vertex 7.174997467834308 22.66916239762643 0.14259884793867342
    vertex 7.454635788540915 22.454611356672473 1.8074911484967084
    vertex 7.454591622429573 22.45462225714129 0.14259413519403652
  endloop
endfacet
facet normal 0.6087614292458369 0.7933533400336542 -1.0954964915344834e-05
  outer loop
    vertex 7.454635788540915 22.454611356672473 1.8074911484967084
    vertex 7.174997467834308 22.66916239762643 0.14259884793867342
    vertex 7.17504163499107 22.669151497157614 1.8075198796128205
  endloop
endfacet
facet normal -0.9914448610274684 -0.13052619237002497 2.5448128015815628e-05
  outer loop
    vertex 5.150041641144677 21.50001720216858 1.8076515270032953
    vertex 5.195997602697348 21.15062239178484 0.1426049570670812
    vertex 5.196041775312294 21.150611491316024 1.8076379820813442
  endloop
endfacet
facet normal -0.9914448610274684 -0.13052619237002497 2.5448128015815628e-05
  outer loop
    vertex 5.195997602697348 21.15062239178484 0.1426049570670812
    vertex 5.150041641144677 21.50001720216858 1.8076515270032953
    vertex 5.149997468156947 21.500028102637394 0.14260855056460628
  endloop
endfacet
facet normal -0.6087614290059469 0.7933533400062526 2.134387565071082e-05
  outer loop
    vertex 5.545403313418756 22.45462225714129 0.1426131723215342
    vertex 5.825041639512976 22.669151497157614 1.8076295252156405
    vertex 5.824997467970678 22.66916239762643 0.14261230922062273
  endloop
endfacet
facet normal -0.6087614290059469 0.7933533400062526 2.134387565071082e-05
  outer loop
    vertex 5.825041639512976 22.669151497157614 1.8076295252156405
    vertex 5.545403313418756 22.45462225714129 0.1426131723215342
    vertex 5.545447485732185 22.454611356672473 1.8076462107952695
  endloop
endfacet
facet normal -0.0780630383585376 0.5933868782836101 0.8011230708967666
  outer loop
    vertex 1.4613074335478344 21.644899002995718 2.849933570874352
    vertex 1.5000490768804695 22.999999999692193 1.850003081776603
    vertex 1.1118205104995724 22.94888873913104 1.8500331784567328
  endloop
endfacet
facet normal -0.0780630383585376 0.5933868782836101 0.8011230708967666
  outer loop
    vertex 1.5000490768804695 22.999999999692193 1.850003081776603
    vertex 1.4613074335478344 21.644899002995718 2.849933570874352
    vertex 1.5001302931703904 21.650010129051832 2.8499515055585523
  endloop
endfacet
facet normal -0.36428485250181925 -0.4748461251102363 0.8011352593073916
  outer loop
    vertex 0.7500490778861388 20.20096189430272 1.8499854188270566
    vertex 1.3940642712011146 21.393944111900122 2.84991778133211
    vertex 0.43938890727519464 20.4393398281751 1.8500173422894046
  endloop
endfacet
facet normal -0.36428485250181925 -0.4748461251102363 0.8011352593073916
  outer loop
    vertex 1.3940642712011146 21.393944111900122 2.84991778133211
    vertex 0.7500490778861388 20.20096189430272 1.8499854188270566
    vertex 1.4251302910131691 21.37010631851288 2.8499338946125303
  endloop
endfacet
facet normal -0.00047026786754685533 6.309005586637441e-05 0.9999998874338825
  outer loop
    vertex 1.3552414106775934 21.461187272305825 2.849895281811002
    vertex 1.3552414097107424 21.538832985828616 2.849890383137591
    vertex 1.3501302837529907 21.50001012906722 2.849890428875496
  endloop
endfacet
facet normal -0.00047026786754685533 6.309005586637441e-05 0.9999998874338825
  outer loop
    vertex 1.3552414097107424 21.538832985828616 2.849890383137591
    vertex 1.3552414106775934 21.461187272305825 2.849895281811002
    vertex 1.3702264737633532 21.575010129059525 2.8498951477142573
  endloop
endfacet
facet normal -0.00047026786754685533 6.309005586637441e-05 0.9999998874338825
  outer loop
    vertex 1.3702264737633532 21.575010129059525 2.8498951477142573
    vertex 1.3552414106775934 21.461187272305825 2.849895281811002
    vertex 1.3702264756311664 21.425010129074916 2.849904611224582
  endloop
endfacet
facet normal -0.00047026786754685533 6.309005586637441e-05 0.9999998874338825
  outer loop
    vertex 1.3702264737633532 21.575010129059525 2.8498951477142573
    vertex 1.3702264756311664 21.425010129074916 2.849904611224582
    vertex 1.3940642685596294 21.606076146234322 2.8499043979074643
  endloop
endfacet
facet normal -0.00047026786754685533 6.309005586637441e-05 0.9999998874338825
  outer loop
    vertex 1.3940642685596294 21.606076146234322 2.8499043979074643
    vertex 1.3702264756311664 21.425010129074916 2.849904611224582
    vertex 1.3940642712011146 21.393944111900122 2.84991778133211
  endloop
endfacet
facet normal -0.00047026786754685533 6.309005586637441e-05 0.9999998874338825
  outer loop
    vertex 1.3940642685596294 21.606076146234322 2.8499043979074643
    vertex 1.3940642712011146 21.393944111900122 2.84991778133211
    vertex 1.4251302877780245 21.62991393962156 2.849917503331835
  endloop
endfacet
facet normal -0.00047026786754685533 6.309005586637441e-05 0.9999998874338825
  outer loop
    vertex 1.4251302877780245 21.62991393962156 2.849917503331835
    vertex 1.3940642712011146 21.393944111900122 2.84991778133211
    vertex 1.4251302910131691 21.37010631851288 2.8499338946125303
  endloop
endfacet
facet normal -0.00047026786754685533 6.309005586637441e-05 0.9999998874338825
  outer loop
    vertex 1.4251302877780245 21.62991393962156 2.849917503331835
    vertex 1.4251302910131691 21.37010631851288 2.8499338946125303
    vertex 1.4613074335478344 21.644899002995718 2.849933570874352
  endloop
endfacet
facet normal -0.00047026786754685533 6.309005586637441e-05 0.9999998874338825
  outer loop
    vertex 1.4613074335478344 21.644899002995718 2.849933570874352
    vertex 1.4251302910131691 21.37010631851288 2.8499338946125303
    vertex 1.4613074371561676 21.355121255138727 2.849951852972409
  endloop
endfacet
facet normal -0.00047026786754685533 6.309005586637441e-05 0.9999998874338825
  outer loop
    vertex 1.4613074335478344 21.644899002995718 2.849933570874352
    vertex 1.4613074371561676 21.355121255138727 2.849951852972409
    vertex 1.5001302931703904 21.650010129051832 2.8499515055585523
  endloop
endfacet
facet normal -0.00047026786754685533 6.309005586637441e-05 0.9999998874338825
  outer loop
    vertex 1.5001302931703904 21.650010129051832 2.8499515055585523
    vertex 1.4613074371561676 21.355121255138727 2.849951852972409
    vertex 1.5001302969060142 21.350010129082612 2.849970432579196
  endloop
endfacet
facet normal -0.00047026786754685533 6.309005586637441e-05 0.9999998874338825
  outer loop
    vertex 1.5001302931703904 21.650010129051832 2.8499515055585523
    vertex 1.5001302969060142 21.350010129082612 2.849970432579196
    vertex 1.5389531529202454 21.644899002995718 2.8499700851653347
  endloop
endfacet
facet normal -0.00047026786754685533 6.309005586637441e-05 0.9999998874338825
  outer loop
    vertex 1.5389531529202454 21.644899002995718 2.8499700851653347
    vertex 1.5001302969060142 21.350010129082612 2.849970432579196
    vertex 1.538953156528576 21.355121255138727 2.8499883672633906
  endloop
endfacet
facet normal -0.00047026786754685533 6.309005586637441e-05 0.9999998874338825
  outer loop
    vertex 1.5389531529202454 21.644899002995718 2.8499700851653347
    vertex 1.538953156528576 21.355121255138727 2.8499883672633906
    vertex 1.5751302990632348 21.62991393962156 2.8499880435252147
  endloop
endfacet
facet normal -0.00047026786754685533 6.309005586637441e-05 0.9999998874338825
  outer loop
    vertex 1.5751302990632348 21.62991393962156 2.8499880435252147
    vertex 1.538953156528576 21.355121255138727 2.8499883672633906
    vertex 1.5751303022983794 21.37010631851288 2.8500044348059115
  endloop
endfacet
facet normal -0.00047026786754685533 6.309005586637441e-05 0.9999998874338825
  outer loop
    vertex 1.5751302990632348 21.62991393962156 2.8499880435252147
    vertex 1.5751303022983794 21.37010631851288 2.8500044348059115
    vertex 1.6061963188752926 21.606076146234322 2.8500041568056367
  endloop
endfacet
facet normal -0.00047026786754685533 6.309005586637441e-05 0.9999998874338825
  outer loop
    vertex 1.6061963188752926 21.606076146234322 2.8500041568056367
    vertex 1.5751303022983794 21.37010631851288 2.8500044348059115
    vertex 1.606196321516775 21.393944111900122 2.8500175402302808
  endloop
endfacet
facet normal -0.00047026786754685533 6.309005586637441e-05 0.9999998874338825
  outer loop
    vertex 1.6061963188752926 21.606076146234322 2.8500041568056367
    vertex 1.606196321516775 21.393944111900122 2.8500175402302808
    vertex 1.6300341144452433 21.575010129059525 2.8500173269131674
  endloop
endfacet
facet normal -0.00047026786754685533 6.309005586637441e-05 0.9999998874338825
  outer loop
    vertex 1.6300341144452433 21.575010129059525 2.8500173269131674
    vertex 1.606196321516775 21.393944111900122 2.8500175402302808
    vertex 1.6300341163130536 21.425010129074916 2.8500267904234926
  endloop
endfacet
facet normal -0.00047026786754685533 6.309005586637441e-05 0.9999998874338825
  outer loop
    vertex 1.6300341144452433 21.575010129059525 2.8500173269131674
    vertex 1.6300341163130536 21.425010129074916 2.8500267904234926
    vertex 1.6450191793988134 21.538832985828616 2.850026656326743
  endloop
endfacet
facet normal -0.00047026786754685533 6.309005586637441e-05 0.9999998874338825
  outer loop
    vertex 1.6450191793988134 21.538832985828616 2.850026656326743
    vertex 1.6300341163130536 21.425010129074916 2.8500267904234926
    vertex 1.6450191803656644 21.461187272305825 2.8500315550001543
  endloop
endfacet
facet normal -0.00047026786754685533 6.309005586637441e-05 0.9999998874338825
  outer loop
    vertex 1.6450191793988134 21.538832985828616 2.850026656326743
    vertex 1.6450191803656644 21.461187272305825 2.8500315550001543
    vertex 1.6501303063234132 21.50001012906722 2.8500315092622523
  endloop
endfacet
facet normal -0.7933533402369389 0.6087614285648039 2.5032607464037284e-05
  outer loop
    vertex 0.4393889084169314 22.56066017151709 1.8500768939460956
    vertex 0.2009618942272938 22.25001211140116 3.977427716575221e-05
    vertex 0.2010109751513517 22.24999999976914 1.8500875336169702
  endloop
endfacet
facet normal -0.7933533402369389 0.6087614285648039 2.5032607464037284e-05
  outer loop
    vertex 0.2009618942272938 22.25001211140116 3.977427716575221e-05
    vertex 0.4393889084169314 22.56066017151709 1.8500768939460956
    vertex 0.4393398280686768 22.56067228314911 4.0184530833739514e-05
  endloop
endfacet
facet normal -0.5933130316149383 0.07809736512198172 0.8011744180120176
  outer loop
    vertex 1.3501302837529907 21.50001012906722 2.849890428875496
    vertex 0.05116034170162309 21.888228567460043 1.8500895483498097
    vertex 4.9081097477388086e-05 21.499999999846096 1.8500828008439014
  endloop
endfacet
facet normal -0.5933130316149383 0.07809736512198172 0.8011744180120176
  outer loop
    vertex 0.05116034170162309 21.888228567460043 1.8500895483498097
    vertex 1.3501302837529907 21.50001012906722 2.849890428875496
    vertex 1.3552414097107424 21.538832985828616 2.849890383137591
  endloop
endfacet
facet normal 0.5935036422298597 -0.07815001175210214 0.8010280908451569
  outer loop
    vertex 12.73159583381111 21.170023222487522 1.7861853320952055
    vertex 11.627609455308068 21.500026114797333 2.6363545779917024
    vertex 11.623264998243982 21.467026686550145 2.6363546168689194
  endloop
endfacet
facet normal 0.5935036422298597 -0.07815001175210214 0.8010280908451569
  outer loop
    vertex 11.627609455308068 21.500026114797333 2.6363545779917024
    vertex 12.73159583381111 21.170023222487522 1.7861853320952055
    vertex 12.775040405324642 21.500017504959377 1.7861910674752264
  endloop
endfacet
facet normal -0.2289793457442074 -0.5529733296471647 0.8011173172023454
  outer loop
    vertex 6.15063592620288 20.19601733681213 1.8075336526865549
    vertex 6.432614730068799 21.383112888968686 2.7075175113950616
    vertex 5.825041638254472 20.330882907179536 1.8075638831881347
  endloop
endfacet
facet normal -0.2289793457442074 -0.5529733296471647 0.8011173172023454
  outer loop
    vertex 6.432614730068799 21.383112888968686 2.7075175113950616
    vertex 6.15063592620288 20.19601733681213 1.8075336526865549
    vertex 6.465174161597497 21.369626331931943 2.7075336739189524
  endloop
endfacet
facet normal 0.36443282311857395 -0.47488077753422664 0.8010474171747354
  outer loop
    vertex 2.250049072861801 20.200961894302722 1.84986359037948
    vertex 1.606196321516775 21.393944111900122 2.8500175402302808
    vertex 1.5751303022983794 21.37010631851288 2.8500044348059115
  endloop
endfacet
facet normal 0.36443282311857395 -0.47488077753422664 0.8010474171747354
  outer loop
    vertex 1.606196321516775 21.393944111900122 2.8500175402302808
    vertex 2.250049072861801 20.200961894302722 1.84986359037948
    vertex 2.560709243729344 20.4393398281751 1.8498450508465587
  endloop
endfacet
facet normal -0.5933117294472857 -0.07814072940582896 0.8011711540664679
  outer loop
    vertex 0.05116034128371816 21.11177143223215 1.8500677509306225
    vertex 1.3501302837529907 21.50001012906722 2.849890428875496
    vertex 4.9081097477388086e-05 21.499999999846096 1.8500828008439014
  endloop
endfacet
facet normal -0.5933117294472857 -0.07814072940582896 0.8011711540664679
  outer loop
    vertex 1.3501302837529907 21.50001012906722 2.849890428875496
    vertex 0.05116034128371816 21.11177143223215 1.8500677509306225
    vertex 1.3552414106775934 21.461187272305825 2.849895281811002
  endloop
endfacet
facet normal -0.0780617376935219 -0.5934205172831549 0.8010982803474619
  outer loop
    vertex 1.5000490752658076 19.999999999999996 1.849918863016051
    vertex 1.4613074371561676 21.355121255138727 2.849951852972409
    vertex 1.1118205089399251 20.051111260561154 1.8499518293808561
  endloop
endfacet
facet normal -0.0780617376935219 -0.5934205172831549 0.8010982803474619
  outer loop
    vertex 1.4613074371561676 21.355121255138727 2.849951852972409
    vertex 1.5000490752658076 19.999999999999996 1.849918863016051
    vertex 1.5001302969060142 21.350010129082612 2.849970432579196
  endloop
endfacet
facet normal 0.7933533402957378 0.608761428763803 -1.7060139666046218e-05
  outer loop
    vertex 12.60418108445361 22.137527799781182 0.21383958294256963
    vertex 12.401601553073581 22.401578650879724 1.7862467072465495
    vertex 12.604222796065082 22.137517504893967 1.7862228375913543
  endloop
endfacet
facet normal 0.7933533402957378 0.608761428763803 -1.7060139666046218e-05
  outer loop
    vertex 12.401601553073581 22.401578650879724 1.7862467072465495
    vertex 12.60418108445361 22.137527799781182 0.21383958294256963
    vertex 12.401559840635091 22.40158894576694 0.21384397246069295
  endloop
endfacet
facet normal -0.22898290250545913 0.5529383869918668 0.8011404187475554
  outer loop
    vertex 11.43635943954449 21.61044435376852 2.6362576729508476
    vertex 11.170046128857805 22.73157293335158 1.7863559968070104
    vertex 10.862540412324972 22.604199894671247 1.7863773963699854
  endloop
endfacet
facet normal -0.22898290250545913 0.5529383869918668 0.8011404187475554
  outer loop
    vertex 11.170046128857805 22.73157293335158 1.7863559968070104
    vertex 11.43635943954449 21.61044435376852 2.6362576729508476
    vertex 11.467110013448826 21.623181657636557 2.6362713303619865
  endloop
endfacet
facet normal -0.5528754471014158 -0.22905541627977016 0.8011631271253756
  outer loop
    vertex 0.20101097434402349 20.749999999923045 1.8500454242366935
    vertex 1.3552414106775934 21.461187272305825 2.849895281811002
    vertex 0.05116034128371816 21.11177143223215 1.8500677509306225
  endloop
endfacet
facet normal -0.5528754471014158 -0.22905541627977016 0.8011631271253756
  outer loop
    vertex 1.3552414106775934 21.461187272305825 2.849895281811002
    vertex 0.20101097434402349 20.749999999923045 1.8500454242366935
    vertex 1.3702264756311664 21.425010129074916 2.849904611224582
  endloop
endfacet
facet normal 0.4749305533145827 0.36435869856587166 0.8010516264933796
  outer loop
    vertex 11.610527692211624 21.56377611479079 2.6363425229949797
    vertex 12.401601553073581 22.401578650879724 1.7862467072465495
    vertex 11.590265565977166 21.59018222938937 2.6363313284035783
  endloop
endfacet
facet normal 0.4749305533145827 0.36435869856587166 0.8010516264933796
  outer loop
    vertex 12.401601553073581 22.401578650879724 1.7862467072465495
    vertex 11.610527692211624 21.56377611479079 2.6363425229949797
    vertex 12.604222796065082 22.137517504893967 1.7862228375913543
  endloop
endfacet
facet normal -0.36428971189025033 0.4748089255098576 0.8011550973857016
  outer loop
    vertex 6.404655309860614 21.59548573391798 2.7074909643605016
    vertex 5.825041639512976 22.669151497157614 1.8076295252156405
    vertex 5.545447485732185 22.454611356672473 1.8076462107952695
  endloop
endfacet
facet normal -0.36428971189025033 0.4748089255098576 0.8011550973857016
  outer loop
    vertex 5.825041639512976 22.669151497157614 1.8076295252156405
    vertex 6.404655309860614 21.59548573391798 2.7074909643605016
    vertex 6.43261472715717 21.616939747966494 2.7075027592424354
  endloop
endfacet
facet normal 0.07818564352748168 0.5933961646457189 0.8011042359955068
  outer loop
    vertex 6.500114732010298 21.635026318453736 2.707533361246481
    vertex 6.849447347042657 22.804017067525027 1.8075501101144025
    vertex 6.500041637349369 22.850017202030063 1.807579779842727
  endloop
endfacet
facet normal 0.07818564352748168 0.5933961646457189 0.8011042359955068
  outer loop
    vertex 6.849447347042657 22.804017067525027 1.8075501101144025
    vertex 6.500114732010298 21.635026318453736 2.707533361246481
    vertex 6.535055305785168 21.630426305003233 2.7075500828925856
  endloop
endfacet
facet normal 0.5530616331793157 0.22903872716518717 0.8010393819055209
  outer loop
    vertex 1.6450191793988134 21.538832985828616 2.850026656326743
    vertex 2.799087177802255 22.249999999769145 1.8498765205559606
    vertex 1.6300341144452433 21.575010129059525 2.8500173269131674
  endloop
endfacet
facet normal 0.5530616331793157 0.22903872716518717 0.8010393819055209
  outer loop
    vertex 2.799087177802255 22.249999999769145 1.8498765205559606
    vertex 1.6450191793988134 21.538832985828616 2.850026656326743
    vertex 2.948937810862551 21.888228567460043 1.84985419386203
  endloop
endfacet
facet normal -0.5933130316149383 0.07809736512198172 0.8011744180120176
  outer loop
    vertex 6.3651147235346395 21.500026318467587 2.70747839223173
    vertex 5.196041775688408 21.84942291302113 1.807657599758613
    vertex 5.150041641144677 21.50001720216858 1.8076515270032953
  endloop
endfacet
facet normal -0.5933130316149383 0.07809736512198172 0.8011744180120176
  outer loop
    vertex 5.196041775688408 21.84942291302113 1.807657599758613
    vertex 6.3651147235346395 21.500026318467587 2.70747839223173
    vertex 6.369714736896615 21.534966889552845 2.707478351067616
  endloop
endfacet
facet normal 0.6087614290059584 -0.7933533400062551 -2.1343452113854715e-05
  outer loop
    vertex 7.4546357875133555 20.54542304766468 1.807437552005687
    vertex 7.174997468070483 20.330893807648355 0.14257786934469785
    vertex 7.4545916226224085 20.545433948133496 0.14257700624378383
  endloop
endfacet
facet normal 0.6087614290059584 -0.7933533400062551 -2.1343452113854715e-05
  outer loop
    vertex 7.174997468070483 20.330893807648355 0.14257786934469785
    vertex 7.4546357875133555 20.54542304766468 1.807437552005687
    vertex 7.175041633732566 20.33088290717954 1.8074542375853162
  endloop
endfacet
facet normal 0.4749256904909438 -0.36439849770247273 0.8010364057793388
  outer loop
    vertex 12.40160155210311 20.59845635903903 1.7861960883383623
    vertex 11.610527693799263 21.436276114803874 2.636350566978756
    vertex 11.590265568222426 21.4098700002053 2.636342704314526
  endloop
endfacet
facet normal 0.4749256904909438 -0.36439849770247273 0.8010364057793388
  outer loop
    vertex 11.610527693799263 21.436276114803874 2.636350566978756
    vertex 12.40160155210311 20.59845635903903 1.7861960883383623
    vertex 12.604222795378849 20.86251750502479 1.786187044618119
  endloop
endfacet
facet normal 0.3826834322909183 -0.9238795323999655 -1.6200726100776727e-05
  outer loop
    vertex 7.175041633732566 20.33088290717954 1.8074542375853162
    vertex 6.849403179005393 20.196028237280945 0.1425799059559286
    vertex 7.174997468070483 20.330893807648355 0.14257786934469785
  endloop
endfacet
facet normal 0.3826834322909183 -0.9238795323999655 -1.6200726100776727e-05
  outer loop
    vertex 6.849403179005393 20.196028237280945 0.1425799059559286
    vertex 7.175041633732566 20.33088290717954 1.8074542375853162
    vertex 6.849447345638978 20.19601733681213 1.8074768959461134
  endloop
endfacet
facet normal -0.0780617376935219 -0.5934205172831549 0.8010982803474619
  outer loop
    vertex 6.500041635896173 20.150017202307087 1.80750398295823
    vertex 6.465174161597497 21.369626331931943 2.7075336739189524
    vertex 6.15063592620288 20.19601733681213 1.8075336526865549
  endloop
endfacet
facet normal -0.0780617376935219 -0.5934205172831549 0.8010982803474619
  outer loop
    vertex 6.465174161597497 21.369626331931943 2.7075336739189524
    vertex 6.500041635896173 20.150017202307087 1.80750398295823
    vertex 6.50011473537236 21.36502631848144 2.70755039556506
  endloop
endfacet
facet normal 0.9914448610275299 0.1305261923699893 -2.5445915051852546e-05
  outer loop
    vertex 7.849997467884209 21.500028102637394 0.1425816280007124
    vertex 7.804041497933242 21.84942291302113 1.807445780719611
    vertex 7.850041632100865 21.50001720216858 1.8074322357976598
  endloop
endfacet
facet normal 0.9914448610275299 0.1305261923699893 -2.5445915051852546e-05
  outer loop
    vertex 7.804041497933242 21.84942291302113 1.807445780719611
    vertex 7.849997467884209 21.500028102637394 0.1425816280007124
    vertex 7.803997333343806 21.849433813489945 0.14258522149823843
  endloop
endfacet
facet normal -0.47475914809375364 -0.3643638458091787 0.8011508841463251
  outer loop
    vertex 5.5454474847046225 20.54542304766468 1.807592614304248
    vertex 6.383201296224996 21.432526318474515 2.707491156345908
    vertex 5.330907345066568 20.82501720223783 1.8076178880568083
  endloop
endfacet
facet normal -0.47475914809375364 -0.3643638458091787 0.8011508841463251
  outer loop
    vertex 6.383201296224996 21.432526318474515 2.707491156345908
    vertex 5.5454474847046225 20.54542304766468 1.807592614304248
    vertex 6.40465531223795 21.404566903017198 2.707503009442683
  endloop
endfacet
facet normal -0.9238795323188097 0.38268343187619697 2.7015437298646785e-05
  outer loop
    vertex 5.330907345793164 22.17501720209932 1.8076557864990572
    vertex 5.195997602626767 21.849433813489945 0.14261122669801438
    vertex 5.196041775688408 21.84942291302113 1.807657599758613
  endloop
endfacet
facet normal -0.9238795323188097 0.38268343187619697 2.7015437298646785e-05
  outer loop
    vertex 5.195997602626767 21.849433813489945 0.14261122669801438
    vertex 5.330907345793164 22.17501720209932 1.8076557864990572
    vertex 5.330863172961512 22.175028102568135 0.14261280309323301
  endloop
endfacet
facet normal 0.9238795322876059 0.38268343227257057 -2.200271704695856e-05
  outer loop
    vertex 7.803997333343806 21.849433813489945 0.14258522149823843
    vertex 7.6691759281789755 22.175017202099323 1.8074658747441488
    vertex 7.804041497933242 21.84942291302113 1.807445780719611
  endloop
endfacet
facet normal 0.9238795322876059 0.38268343227257057 -2.200271704695856e-05
  outer loop
    vertex 7.6691759281789755 22.175017202099323 1.8074658747441488
    vertex 7.803997333343806 21.849433813489945 0.14258522149823843
    vertex 7.669131762943299 22.175028102568138 0.1425894874689648
  endloop
endfacet
facet normal -0.5528790046676865 0.22901335465400655 0.8011726964817178
  outer loop
    vertex 6.369714736896615 21.534966889552845 2.707478351067616
    vertex 5.330907345793164 22.17501720209932 1.8076557864990572
    vertex 5.196041775688408 21.84942291302113 1.807657599758613
  endloop
endfacet
facet normal -0.5528790046676865 0.22901335465400655 0.8011726964817178
  outer loop
    vertex 5.330907345793164 22.17501720209932 1.8076557864990572
    vertex 6.369714736896615 21.534966889552845 2.707478351067616
    vertex 6.383201294543967 21.56752631846066 2.707482639186615
  endloop
endfacet
facet normal 0.4749256904909437 -0.36439849770247273 0.8010364057793388
  outer loop
    vertex 7.4546357875133555 20.54542304766468 1.807437552005687
    vertex 6.617028172838695 21.432526318474515 2.7076011176249275
    vertex 6.595574157522044 21.404566903017198 2.707592792451037
  endloop
endfacet
facet normal 0.4749256904909437 -0.36439849770247273 0.8010364057793388
  outer loop
    vertex 6.617028172838695 21.432526318474515 2.7076011176249275
    vertex 7.4546357875133555 20.54542304766468 1.807437552005687
    vertex 7.6691759274523745 20.825017202237838 1.8074279763018992
  endloop
endfacet
facet normal 0.4749305533145828 0.3643586985658716 0.8010516264933796
  outer loop
    vertex 6.617028171157665 21.56752631846066 2.7075926004656345
    vertex 7.454635788540915 22.454611356672473 1.8074911484967084
    vertex 6.595574155144711 21.59548573391798 2.7075807473688567
  endloop
endfacet
facet normal 0.4749305533145828 0.3643586985658716 0.8010516264933796
  outer loop
    vertex 7.454635788540915 22.454611356672473 1.8074911484967084
    vertex 6.617028171157665 21.56752631846066 2.7075926004656345
    vertex 7.6691759281789755 22.175017202099323 1.8074658747441488
  endloop
endfacet
facet normal 0.3826834327349237 0.923879532348985 -4.103188682165703e-06
  outer loop
    vertex 1.8882285673167063 22.948900850763057 2.9220325921106016e-05
    vertex 2.2500490742601373 22.79903810538947 1.8499365259655962
    vertex 2.2499999996415134 22.799050217021488 2.4268549877290435e-05
  endloop
endfacet
facet normal 0.3826834327349237 0.923879532348985 -4.103188682165703e-06
  outer loop
    vertex 2.2500490742601373 22.79903810538947 1.8499365259655962
    vertex 1.8882285673167063 22.948900850763057 2.9220325921106016e-05
    vertex 1.8882776432063457 22.94888873913104 1.849970115411798
  endloop
endfacet
facet normal -0.38268343273490696 -0.9238795323489905 4.1035267571537925e-06
  outer loop
    vertex 11.170046127532105 20.268462076567175 1.7862868500925153
    vertex 10.862498694980296 20.395845410134726 0.2138413237026024
    vertex 11.170004412456384 20.26847237145439 0.2138371146929646
  endloop
endfacet
facet normal -0.38268343273490696 -0.9238795323489905 4.1035267571537925e-06
  outer loop
    vertex 10.862498694980296 20.395845410134726 0.2138413237026024
    vertex 11.170046127532105 20.268462076567175 1.7862868500925153
    vertex 10.862540411136386 20.395835115247507 1.7863154011217857
  endloop
endfacet
facet normal -0.474764007729273 0.36432404055306505 0.8011661066470095
  outer loop
    vertex 1.3702264737633532 21.575010129059525 2.8498951477142573
    vertex 0.4393889084169314 22.56066017151709 1.8500768939460956
    vertex 0.2010109751513517 22.24999999976914 1.8500875336169702
  endloop
endfacet
facet normal -0.474764007729273 0.36432404055306505 0.8011661066470095
  outer loop
    vertex 0.4393889084169314 22.56066017151709 1.8500768939460956
    vertex 1.3702264737633532 21.575010129059525 2.8498951477142573
    vertex 1.3940642685596294 21.606076146234322 2.8499043979074643
  endloop
endfacet
facet normal 0.3644376861893073 0.47484358299210494 0.8010672534664015
  outer loop
    vertex 1.6061963188752926 21.606076146234322 2.8500041568056367
    vertex 2.2500490742601373 22.79903810538947 1.8499365259655962
    vertex 1.5751302990632348 21.62991393962156 2.8499880435252147
  endloop
endfacet
facet normal 0.3644376861893073 0.47484358299210494 0.8010672534664015
  outer loop
    vertex 2.2500490742601373 22.79903810538947 1.8499365259655962
    vertex 1.6061963188752926 21.606076146234322 2.8500041568056367
    vertex 2.560709244871075 22.56066017151709 1.8499046025032495
  endloop
endfacet
facet normal -0.608761429005947 0.7933533400062526 2.1343875650710824e-05
  outer loop
    vertex 0.4393398280686768 22.56067228314911 4.0184530833739514e-05
    vertex 0.7500490792844756 22.79903810538947 1.8500583544131741
    vertex 0.749999999793034 22.799050217021488 3.922552982098537e-05
  endloop
endfacet
facet normal -0.608761429005947 0.7933533400062526 2.1343875650710824e-05
  outer loop
    vertex 0.7500490792844756 22.79903810538947 1.8500583544131741
    vertex 0.4393398280686768 22.56067228314911 4.0184530833739514e-05
    vertex 0.4393889084169314 22.56066017151709 1.8500768939460956
  endloop
endfacet
facet normal 0.7933533402957378 0.608761428763803 -1.7060139666046218e-05
  outer loop
    vertex 7.669131762943299 22.175028102568138 0.1425894874689648
    vertex 7.454635788540915 22.454611356672473 1.8074911484967084
    vertex 7.6691759281789755 22.175017202099323 1.8074658747441488
  endloop
endfacet
facet normal 0.7933533402957378 0.608761428763803 -1.7060139666046218e-05
  outer loop
    vertex 7.454635788540915 22.454611356672473 1.8074911484967084
    vertex 7.669131762943299 22.175028102568138 0.1425894874689648
    vertex 7.454591622429573 22.45462225714129 0.14259413519403652
  endloop
endfacet
facet normal -0.7933533402369389 0.6087614285648038 2.5032607464037284e-05
  outer loop
    vertex 5.545447485732185 22.454611356672473 1.8076462107952695
    vertex 5.330863172961512 22.175028102568135 0.14261280309323301
    vertex 5.330907345793164 22.17501720209932 1.8076557864990572
  endloop
endfacet
facet normal -0.7933533402369389 0.6087614285648038 2.5032607464037284e-05
  outer loop
    vertex 5.330863172961512 22.175028102568135 0.14261280309323301
    vertex 5.545447485732185 22.454611356672473 1.8076462107952695
    vertex 5.545403313418756 22.45462225714129 0.1426131723215342
  endloop
endfacet
facet normal -0.5528790046676866 0.22901335465400655 0.8011726964817178
  outer loop
    vertex 1.3552414097107424 21.538832985828616 2.849890383137591
    vertex 0.2010109751513517 22.24999999976914 1.8500875336169702
    vertex 0.05116034170162309 21.888228567460043 1.8500895483498097
  endloop
endfacet
facet normal -0.5528790046676866 0.22901335465400655 0.8011726964817178
  outer loop
    vertex 0.2010109751513517 22.24999999976914 1.8500875336169702
    vertex 1.3552414097107424 21.538832985828616 2.849890383137591
    vertex 1.3702264737633532 21.575010129059525 2.8498951477142573
  endloop
endfacet
facet normal -0.9238795322875292 -0.38268343227263957 2.200474170002126e-05
  outer loop
    vertex 5.196041775312294 21.150611491316024 1.8076379820813442
    vertex 5.330863173097864 20.82502810270665 0.14260069109635515
    vertex 5.330907345066568 20.82501720223783 1.8076178880568083
  endloop
endfacet
facet normal -0.9238795322875292 -0.38268343227263957 2.200474170002126e-05
  outer loop
    vertex 5.330863173097864 20.82502810270665 0.14260069109635515
    vertex 5.196041775312294 21.150611491316024 1.8076379820813442
    vertex 5.195997602697348 21.15062239178484 0.1426049570670812
  endloop
endfacet
facet normal 0.9238795323188583 -0.3826834318761957 -2.7013792322647637e-05
  outer loop
    vertex 7.66913176307965 20.825028102706653 0.14257737547208565
    vertex 7.804041497557126 21.150611491316024 1.8074261630423443
    vertex 7.6691759274523745 20.825017202237838 1.8074279763018992
  endloop
endfacet
facet normal 0.9238795323188583 -0.3826834318761957 -2.7013792322647637e-05
  outer loop
    vertex 7.804041497557126 21.150611491316024 1.8074261630423443
    vertex 7.66913176307965 20.825028102706653 0.14257737547208565
    vertex 7.803997333414387 21.150622391784843 0.1425789518673059
  endloop
endfacet
facet normal -0.5933117294472857 -0.07814072940582896 0.8011711540664679
  outer loop
    vertex 5.196041775312294 21.150611491316024 1.8076379820813442
    vertex 6.3651147235346395 21.500026318467587 2.70747839223173
    vertex 5.150041641144677 21.50001720216858 1.8076515270032953
  endloop
endfacet
facet normal -0.5933117294472857 -0.07814072940582896 0.8011711540664679
  outer loop
    vertex 6.3651147235346395 21.500026318467587 2.70747839223173
    vertex 5.196041775312294 21.150611491316024 1.8076379820813442
    vertex 6.369714737766781 21.465085747382332 2.707482759873686
  endloop
endfacet
facet normal 0.47492569049094374 -0.36439849770247273 0.8010364057793388
  outer loop
    vertex 2.560709243729344 20.4393398281751 1.8498450508465587
    vertex 1.6300341163130536 21.425010129074916 2.8500267904234926
    vertex 1.606196321516775 21.393944111900122 2.8500175402302808
  endloop
endfacet
facet normal 0.47492569049094374 -0.36439849770247273 0.8010364057793388
  outer loop
    vertex 1.6300341163130536 21.425010129074916 2.8500267904234926
    vertex 2.560709243729344 20.4393398281751 1.8498450508465587
    vertex 2.7990871769949206 20.74999999992305 1.849834411175684
  endloop
endfacet
facet normal 0.6087614290059584 -0.7933533400062551 -2.1343452113854715e-05
  outer loop
    vertex 2.560709243729344 20.4393398281751 1.8498450508465587
    vertex 2.249999999903928 20.20097400593474 9.590010155741124e-07
    vertex 2.5606601716282897 20.439351939807118 0.0
  endloop
endfacet
facet normal 0.6087614290059584 -0.7933533400062551 -2.1343452113854715e-05
  outer loop
    vertex 2.249999999903928 20.20097400593474 9.590010155741124e-07
    vertex 2.560709243729344 20.4393398281751 1.8498450508465587
    vertex 2.250049072861801 20.200961894302722 1.84986359037948
  endloop
endfacet
facet normal 0.3826834322909183 -0.9238795323999655 -1.6200726100776727e-05
  outer loop
    vertex 2.250049072861801 20.200961894302722 1.84986359037948
    vertex 1.8882285676093848 20.05112337219317 3.221902383038211e-06
    vertex 2.249999999903928 20.20097400593474 9.590010155741124e-07
  endloop
endfacet
facet normal 0.3826834322909183 -0.9238795323999655 -1.6200726100776727e-05
  outer loop
    vertex 1.8882285676093848 20.05112337219317 3.221902383038211e-06
    vertex 2.250049072861801 20.200961894302722 1.84986359037948
    vertex 1.888277641646701 20.051111260561154 1.8498887663359214
  endloop
endfacet
facet normal -0.9238795323188096 0.38268343187619686 2.701543729864678e-05
  outer loop
    vertex 0.2010109751513517 22.24999999976914 1.8500875336169702
    vertex 0.05111126052202264 21.88824067909206 3.802272692281505e-05
    vertex 0.05116034170162309 21.888228567460043 1.8500895483498097
  endloop
endfacet
facet normal -0.9238795323188096 0.38268343187619686 2.701543729864678e-05
  outer loop
    vertex 0.05111126052202264 21.88824067909206 3.802272692281505e-05
    vertex 0.2010109751513517 22.24999999976914 1.8500875336169702
    vertex 0.2009618942272938 22.25001211140116 3.977427716575221e-05
  endloop
endfacet
facet normal -0.9238795322875292 -0.3826834322726395 2.2004741700021264e-05
  outer loop
    vertex 0.05116034128371816 21.11177143223215 1.8500677509306225
    vertex 0.2009618943787965 20.750012111555066 2.6316502857010037e-05
    vertex 0.20101097434402349 20.749999999923045 1.8500454242366935
  endloop
endfacet
facet normal -0.9238795322875292 -0.3826834322726395 2.2004741700021264e-05
  outer loop
    vertex 0.2009618943787965 20.750012111555066 2.6316502857010037e-05
    vertex 0.05116034128371816 21.11177143223215 1.8500677509306225
    vertex 0.05111126060044591 21.111783543864167 3.10564703303845e-05
  endloop
endfacet
facet normal -0.36428971189025033 0.47480892550985754 0.8011550973857016
  outer loop
    vertex 11.409953323208853 21.59018222938937 2.6362465333401324
    vertex 10.862540412324972 22.604199894671247 1.7863773963699854
    vertex 10.59847926708756 22.401578650879724 1.7863931549729686
  endloop
endfacet
facet normal -0.36428971189025033 0.47480892550985754 0.8011550973857016
  outer loop
    vertex 10.862540412324972 22.604199894671247 1.7863773963699854
    vertex 11.409953323208853 21.59018222938937 2.6362465333401324
    vertex 11.43635943954449 21.61044435376852 2.6362576729508476
  endloop
endfacet
facet normal -0.0780630383585376 0.5933868782836101 0.8011230708967666
  outer loop
    vertex 6.465174158349999 21.630426305003233 2.7075172200307005
    vertex 6.500041637349369 22.850017202030063 1.807579779842727
    vertex 6.150635927606563 22.804017067525027 1.807606866854843
  endloop
endfacet
facet normal -0.0780630383585376 0.5933868782836101 0.8011230708967666
  outer loop
    vertex 6.500041637349369 22.850017202030063 1.807579779842727
    vertex 6.465174158349999 21.630426305003233 2.7075172200307005
    vertex 6.500114732010298 21.635026318453736 2.707533361246481
  endloop
endfacet
facet normal -0.6087614292457899 -0.7933533400336771 1.095590710032176e-05
  outer loop
    vertex 0.7500490778861388 20.20096189430272 1.8499854188270566
    vertex 0.4393398282829322 20.439351939807118 2.115236388845476e-05
    vertex 0.750000000055446 20.20097400593474 1.5915980958564056e-05
  endloop
endfacet
facet normal -0.6087614292457899 -0.7933533400336771 1.095590710032176e-05
  outer loop
    vertex 0.4393398282829322 20.439351939807118 2.115236388845476e-05
    vertex 0.7500490778861388 20.20096189430272 1.8499854188270566
    vertex 0.43938890727519464 20.4393398281751 1.8500173422894046
  endloop
endfacet
facet normal 0.7933533402957378 0.608761428763803 -1.7060139666046218e-05
  outer loop
    vertex 2.79903810531817 22.250012111401162 1.3868027978844454e-05
    vertex 2.560709244871075 22.56066017151709 1.8499046025032495
    vertex 2.799087177802255 22.249999999769145 1.8498765205559606
  endloop
endfacet
facet normal 0.7933533402957378 0.608761428763803 -1.7060139666046218e-05
  outer loop
    vertex 2.560709244871075 22.56066017151709 1.8499046025032495
    vertex 2.79903810531817 22.250012111401162 1.3868027978844454e-05
    vertex 2.5606601714140287 22.56067228314911 1.903216694739973e-05
  endloop
endfacet
facet normal -0.9914448610515701 0.1305261918425593 2.715717823709088e-05
  outer loop
    vertex 0.05116034170162309 21.888228567460043 1.8500895483498097
    vertex 0.0 21.500012111478114 3.504924535827347e-05
    vertex 4.9081097477388086e-05 21.499999999846096 1.8500828008439014
  endloop
endfacet
facet normal -0.9914448610515701 0.1305261918425593 2.715717823709088e-05
  outer loop
    vertex 0.0 21.500012111478114 3.504924535827347e-05
    vertex 0.05116034170162309 21.888228567460043 1.8500895483498097
    vertex 0.05111126052202264 21.88824067909206 3.802272692281505e-05
  endloop
endfacet
facet normal -0.7933533402956873 -0.6087614287638254 1.7061699183071403e-05
  outer loop
    vertex 0.20101097434402349 20.749999999923045 1.8500454242366935
    vertex 0.4393398282829322 20.439351939807118 2.115236388845476e-05
    vertex 0.43938890727519464 20.4393398281751 1.8500173422894046
  endloop
endfacet
facet normal -0.7933533402956873 -0.6087614287638254 1.7061699183071403e-05
  outer loop
    vertex 0.4393398282829322 20.439351939807118 2.115236388845476e-05
    vertex 0.20101097434402349 20.749999999923045 1.8500454242366935
    vertex 0.2009618943787965 20.750012111555066 2.6316502857010037e-05
  endloop
endfacet
facet normal 0.793353340236972 -0.6087614285648035 -2.5031566596711767e-05
  outer loop
    vertex 2.5606601716282897 20.439351939807118 0.0
    vertex 2.7990871769949206 20.74999999992305 1.849834411175684
    vertex 2.560709243729344 20.4393398281751 1.8498450508465587
  endloop
endfacet
facet normal 0.793353340236972 -0.6087614285648035 -2.5031566596711767e-05
  outer loop
    vertex 2.7990871769949206 20.74999999992305 1.849834411175684
    vertex 2.5606601716282897 20.439351939807118 0.0
    vertex 2.7990381054696702 20.75001211155507 4.1025366869229525e-07
  endloop
endfacet
facet normal 0.9914448610516207 -0.13052619184260708 -2.715510424415529e-05
  outer loop
    vertex 12.731554123231858 21.17003351737474 0.21382963265211402
    vertex 12.775040405324642 21.500017504959377 1.7861910674752264
    vertex 12.73159583381111 21.170023222487522 1.7861853320952055
  endloop
endfacet
facet normal 0.9914448610516207 -0.13052619184260708 -2.715510424415529e-05
  outer loop
    vertex 12.775040405324642 21.500017504959377 1.7861910674752264
    vertex 12.731554123231858 21.17003351737474 0.21382963265211402
    vertex 12.774998694675578 21.500027799846595 0.2138321601114424
  endloop
endfacet
facet normal 0.13052619199583831 -0.9914448613533621 -9.953810369627916e-06
  outer loop
    vertex 1.888277641646701 20.051111260561154 1.8498887663359214
    vertex 1.4999999999999842 20.000012111632014 6.6344911090088214e-06
    vertex 1.8882285676093848 20.05112337219317 3.221902383038211e-06
  endloop
endfacet
facet normal 0.13052619199583831 -0.9914448613533621 -9.953810369627916e-06
  outer loop
    vertex 1.4999999999999842 20.000012111632014 6.6344911090088214e-06
    vertex 1.888277641646701 20.051111260561154 1.8498887663359214
    vertex 1.5000490752658076 19.999999999999996 1.849918863016051
  endloop
endfacet
facet normal 0.22911479344941293 0.5529637578669088 0.8010851976589878
  outer loop
    vertex 1.5751302990632348 21.62991393962156 2.8499880435252147
    vertex 1.8882776432063457 22.94888873913104 1.849970115411798
    vertex 1.5389531529202454 21.644899002995718 2.8499700851653347
  endloop
endfacet
facet normal 0.22911479344941293 0.5529637578669088 0.8010851976589878
  outer loop
    vertex 1.8882776432063457 22.94888873913104 1.849970115411798
    vertex 1.5751302990632348 21.62991393962156 2.8499880435252147
    vertex 2.2500490742601373 22.79903810538947 1.8499365259655962
  endloop
endfacet
facet normal -0.3826834322909223 0.9238795323999646 1.6200684500048782e-05
  outer loop
    vertex 5.824997467970678 22.66916239762643 0.14261230922062273
    vertex 6.150635927606563 22.804017067525027 1.807606866854843
    vertex 6.150591757035764 22.804027967993843 0.14261027260939105
  endloop
endfacet
facet normal -0.3826834322909223 0.9238795323999646 1.6200684500048782e-05
  outer loop
    vertex 6.150635927606563 22.804017067525027 1.807606866854843
    vertex 5.824997467970678 22.66916239762643 0.14261230922062273
    vertex 5.825041639512976 22.669151497157614 1.8076295252156405
  endloop
endfacet
facet normal 0.07818433906743176 -0.593429802454505 0.8010794459249322
  outer loop
    vertex 6.849447345638978 20.19601733681213 1.8074768959461134
    vertex 6.50011473537236 21.36502631848144 2.70755039556506
    vertex 6.500041635896173 20.150017202307087 1.80750398295823
  endloop
endfacet
facet normal 0.07818433906743176 -0.593429802454505 0.8010794459249322
  outer loop
    vertex 6.50011473537236 21.36502631848144 2.70755039556506
    vertex 6.849447345638978 20.19601733681213 1.8074768959461134
    vertex 6.535055309032665 21.369626331931943 2.7075665367808357
  endloop
endfacet
facet normal -0.6087614292457899 -0.7933533400336771 1.095590710032176e-05
  outer loop
    vertex 5.825041638254472 20.330882907179536 1.8075638831881347
    vertex 5.545403313611587 20.545433948133496 0.14259604337128345
    vertex 5.824997468206849 20.330893807648355 0.14259133062664656
  endloop
endfacet
facet normal -0.6087614292457899 -0.7933533400336771 1.095590710032176e-05
  outer loop
    vertex 5.545403313611587 20.545433948133496 0.14259604337128345
    vertex 5.825041638254472 20.330882907179536 1.8075638831881347
    vertex 5.5454474847046225 20.54542304766468 1.807592614304248
  endloop
endfacet
facet normal -0.9914448610274684 -0.13052619237002497 2.5448128015815628e-05
  outer loop
    vertex 4.9081097477388086e-05 21.499999999846096 1.8500828008439014
    vertex 0.05111126060044591 21.111783543864167 3.10564703303845e-05
    vertex 0.05116034128371816 21.11177143223215 1.8500677509306225
  endloop
endfacet
facet normal -0.9914448610274684 -0.13052619237002497 2.5448128015815628e-05
  outer loop
    vertex 0.05111126060044591 21.111783543864167 3.10564703303845e-05
    vertex 4.9081097477388086e-05 21.499999999846096 1.8500828008439014
    vertex 0.0 21.500012111478114 3.504924535827347e-05
  endloop
endfacet
facet normal 0.07818433906743175 -0.5934298024545049 0.801079445924932
  outer loop
    vertex 1.888277641646701 20.051111260561154 1.8498887663359214
    vertex 1.5001302969060142 21.350010129082612 2.849970432579196
    vertex 1.5000490752658076 19.999999999999996 1.849918863016051
  endloop
endfacet
facet normal 0.07818433906743175 -0.5934298024545049 0.801079445924932
  outer loop
    vertex 1.5001302969060142 21.350010129082612 2.849970432579196
    vertex 1.888277641646701 20.051111260561154 1.8498887663359214
    vertex 1.538953156528576 21.355121255138727 2.8499883672633906
  endloop
endfacet
facet normal 0.5935036422298597 -0.07815001175210214 0.8010280908451569
  outer loop
    vertex 7.804041497557126 21.150611491316024 1.8074261630423443
    vertex 6.635114743848019 21.500026318467587 2.7076053645798113
    vertex 6.630514730486045 21.465085747382332 2.707605405743923
  endloop
endfacet
facet normal 0.5935036422298597 -0.07815001175210214 0.8010280908451569
  outer loop
    vertex 6.635114743848019 21.500026318467587 2.7076053645798113
    vertex 7.804041497557126 21.150611491316024 1.8074261630423443
    vertex 7.850041632100865 21.50001720216858 1.8074322357976598
  endloop
endfacet
facet normal 0.22911479344941293 0.5529637578669088 0.8010851976589878
  outer loop
    vertex 6.567614737313859 21.616939747966494 2.7075662454164773
    vertex 6.849447347042657 22.804017067525027 1.8075501101144025
    vertex 6.535055305785168 21.630426305003233 2.7075500828925856
  endloop
endfacet
facet normal 0.22911479344941293 0.5529637578669088 0.8010851976589878
  outer loop
    vertex 6.849447347042657 22.804017067525027 1.8075501101144025
    vertex 6.567614737313859 21.616939747966494 2.7075662454164773
    vertex 7.17504163499107 22.669151497157614 1.8075198796128205
  endloop
endfacet
facet normal -0.36428971189025033 0.47480892550985754 0.8011550973857016
  outer loop
    vertex 1.3940642685596294 21.606076146234322 2.8499043979074643
    vertex 0.7500490792844756 22.79903810538947 1.8500583544131741
    vertex 0.4393889084169314 22.56066017151709 1.8500768939460956
  endloop
endfacet
facet normal -0.36428971189025033 0.47480892550985754 0.8011550973857016
  outer loop
    vertex 0.7500490792844756 22.79903810538947 1.8500583544131741
    vertex 1.3940642685596294 21.606076146234322 2.8499043979074643
    vertex 1.4251302877780245 21.62991393962156 2.849917503331835
  endloop
endfacet
facet normal 0.0781856435274817 0.5933961646457189 0.8011042359955068
  outer loop
    vertex 1.5001302931703904 21.650010129051832 2.8499515055585523
    vertex 1.8882776432063457 22.94888873913104 1.849970115411798
    vertex 1.5000490768804695 22.999999999692193 1.850003081776603
  endloop
endfacet
facet normal 0.0781856435274817 0.5933961646457189 0.8011042359955068
  outer loop
    vertex 1.8882776432063457 22.94888873913104 1.849970115411798
    vertex 1.5001302931703904 21.650010129051832 2.8499515055585523
    vertex 1.5389531529202454 21.644899002995718 2.8499700851653347
  endloop
endfacet
facet normal 0.5935049451872905 0.07810665430903624 0.801031354311977
  outer loop
    vertex 11.627609455308068 21.500026114797333 2.6363545779917024
    vertex 12.731595834166333 21.830011787431232 1.7862038599015133
    vertex 11.62326499742216 21.53302554304452 2.6363504529965187
  endloop
endfacet
facet normal 0.5935049451872905 0.07810665430903624 0.801031354311977
  outer loop
    vertex 12.731595834166333 21.830011787431232 1.7862038599015133
    vertex 11.627609455308068 21.500026114797333 2.6363545779917024
    vertex 12.775040405324642 21.500017504959377 1.7861910674752264
  endloop
endfacet
facet normal 0.9238795323188583 -0.38268343187619563 -2.7013792322647637e-05
  outer loop
    vertex 2.7990381054696702 20.75001211155507 4.1025366869229525e-07
    vertex 2.9489378104446433 21.11177143223215 1.8498323964428445
    vertex 2.7990871769949206 20.74999999992305 1.849834411175684
  endloop
endfacet
facet normal 0.9238795323188583 -0.38268343187619563 -2.7013792322647637e-05
  outer loop
    vertex 2.9489378104446433 21.11177143223215 1.8498323964428445
    vertex 2.7990381054696702 20.75001211155507 4.1025366869229525e-07
    vertex 2.948888739174932 21.111783543864167 2.161803913391935e-06
  endloop
endfacet
facet normal -0.22898290250545913 0.5529383869918668 0.8011404187475554
  outer loop
    vertex 1.4251302877780245 21.62991393962156 2.849917503331835
    vertex 1.1118205104995724 22.94888873913104 1.8500331784567328
    vertex 0.7500490792844756 22.79903810538947 1.8500583544131741
  endloop
endfacet
facet normal -0.22898290250545913 0.5529383869918668 0.8011404187475554
  outer loop
    vertex 1.1118205104995724 22.94888873913104 1.8500331784567328
    vertex 1.4251302877780245 21.62991393962156 2.849917503331835
    vertex 1.4613074335478344 21.644899002995718 2.849933570874352
  endloop
endfacet
facet normal -0.1305261925743301 -0.9914448613225437 -3.028403098795415e-06
  outer loop
    vertex 6.500041635896173 20.150017202307087 1.80750398295823
    vertex 6.150591757299176 20.196028237280945 0.1425868740282065
    vertex 6.499997468156933 20.150028102775902 0.14258297728578195
  endloop
endfacet
facet normal -0.1305261925743301 -0.9914448613225437 -3.028403098795415e-06
  outer loop
    vertex 6.150591757299176 20.196028237280945 0.1425868740282065
    vertex 6.500041635896173 20.150017202307087 1.80750398295823
    vertex 6.15063592620288 20.19601733681213 1.8075336526865549
  endloop
endfacet
facet normal 0.22911123287659993 -0.5529986971450513 0.8010620974216919
  outer loop
    vertex 1.888277641646701 20.051111260561154 1.8498887663359214
    vertex 1.5751303022983794 21.37010631851288 2.8500044348059115
    vertex 1.538953156528576 21.355121255138727 2.8499883672633906
  endloop
endfacet
facet normal 0.22911123287659993 -0.5529986971450513 0.8010620974216919
  outer loop
    vertex 1.5751303022983794 21.37010631851288 2.8500044348059115
    vertex 1.888277641646701 20.051111260561154 1.8498887663359214
    vertex 2.250049072861801 20.200961894302722 1.84986359037948
  endloop
endfacet
facet normal -0.13052619199584053 0.9914448613533642 9.95358045651395e-06
  outer loop
    vertex 1.1117714320875747 22.948900850763057 3.6962628452463785e-05
    vertex 1.5000490768804695 22.999999999692193 1.850003081776603
    vertex 1.499999999696976 23.00001211132421 3.355003972614068e-05
  endloop
endfacet
facet normal -0.13052619199584053 0.9914448613533642 9.95358045651395e-06
  outer loop
    vertex 1.5000490768804695 22.999999999692193 1.850003081776603
    vertex 1.1117714320875747 22.948900850763057 3.6962628452463785e-05
    vertex 1.1118205104995724 22.94888873913104 1.8500331784567328
  endloop
endfacet
facet normal 0.13052619257432008 0.9914448613225452 3.0283121568082447e-06
  outer loop
    vertex 11.499998694675597 22.775027799715772 0.21385631265255484
    vertex 11.830034691658561 22.73157293335158 1.7863023932188158
    vertex 11.829992977152367 22.731583228238797 0.21385263239582059
  endloop
endfacet
facet normal 0.13052619257432008 0.9914448613225452 3.0283121568082447e-06
  outer loop
    vertex 11.830034691658561 22.73157293335158 1.7863023932188158
    vertex 11.499998694675597 22.775027799715772 0.21385631265255484
    vertex 11.500040410281567 22.775017504828558 1.7863304146289003
  endloop
endfacet
facet normal 0.6087614290059584 -0.7933533400062551 -2.1343452113854715e-05
  outer loop
    vertex 12.40160155210311 20.59845635903903 1.7861960883383623
    vertex 12.137498694851505 20.395845410134726 0.21382861026965086
    vertex 12.401559840817212 20.598466653926245 0.21382779511878763
  endloop
endfacet
facet normal 0.6087614290059584 -0.7933533400062551 -2.1343452113854715e-05
  outer loop
    vertex 12.137498694851505 20.395845410134726 0.21382861026965086
    vertex 12.40160155210311 20.59845635903903 1.7861960883383623
    vertex 12.137540406865696 20.39583511524751 1.7862118469413455
  endloop
endfacet
facet normal -0.0780630383585376 0.5933868782836101 0.8011230708967666
  outer loop
    vertex 11.467110013448826 21.623181657636557 2.6362713303619865
    vertex 11.500040410281567 22.775017504828558 1.7863304146289003
    vertex 11.170046128857805 22.73157293335158 1.7863559968070104
  endloop
endfacet
facet normal -0.0780630383585376 0.5933868782836101 0.8011230708967666
  outer loop
    vertex 11.500040410281567 22.775017504828558 1.7863304146289003
    vertex 11.467110013448826 21.623181657636557 2.6362713303619865
    vertex 11.500109444128 21.627526114784253 2.636286574843557
  endloop
endfacet
facet normal 0.5935049451872905 0.07810665430903625 0.8010313543119771
  outer loop
    vertex 1.6501303063234132 21.50001012906722 2.8500315092622523
    vertex 2.948937810862551 21.888228567460043 1.84985419386203
    vertex 1.6450191793988134 21.538832985828616 2.850026656326743
  endloop
endfacet
facet normal 0.5935049451872905 0.07810665430903625 0.8010313543119771
  outer loop
    vertex 2.948937810862551 21.888228567460043 1.84985419386203
    vertex 1.6501303063234132 21.50001012906722 2.8500315092622523
    vertex 3.0000490710487973 21.499999999846096 1.8498391439487512
  endloop
endfacet
facet normal 0.5530580734115021 -0.2290807821412119 0.8010298138570924
  outer loop
    vertex 2.7990871769949206 20.74999999992305 1.849834411175684
    vertex 1.6450191803656644 21.461187272305825 2.8500315550001543
    vertex 1.6300341163130536 21.425010129074916 2.8500267904234926
  endloop
endfacet
facet normal 0.5530580734115021 -0.2290807821412119 0.8010298138570924
  outer loop
    vertex 1.6450191803656644 21.461187272305825 2.8500315550001543
    vertex 2.7990871769949206 20.74999999992305 1.849834411175684
    vertex 2.9489378104446433 21.11177143223215 1.8498323964428445
  endloop
endfacet
facet normal 0.0781856435274817 0.5933961646457189 0.8011042359955068
  outer loop
    vertex 11.500109444128 21.627526114784253 2.636286574843557
    vertex 11.830034691658561 22.73157293335158 1.7863023932188158
    vertex 11.500040410281567 22.775017504828558 1.7863304146289003
  endloop
endfacet
facet normal 0.0781856435274817 0.5933961646457189 0.8011042359955068
  outer loop
    vertex 11.830034691658561 22.73157293335158 1.7863023932188158
    vertex 11.500109444128 21.627526114784253 2.636286574843557
    vertex 11.533108874915376 21.623181657636557 2.636302367509322
  endloop
endfacet
facet normal -0.5933117294472857 -0.07814072940582896 0.8011711540664679
  outer loop
    vertex 10.268484985024326 21.170023222487522 1.786385383409817
    vertex 11.372609436123211 21.500026114797333 2.636234659662959
    vertex 10.225040413866022 21.500017504959377 1.7863981758361038
  endloop
endfacet
facet normal -0.5933117294472857 -0.07814072940582896 0.8011711540664679
  outer loop
    vertex 11.372609436123211 21.500026114797333 2.636234659662959
    vertex 10.268484985024326 21.170023222487522 1.786385383409817
    vertex 11.376953894009121 21.467026686550145 2.6362387846581394
  endloop
endfacet
facet normal 0.9238795322876059 0.38268343227257057 -2.200271704695856e-05
  outer loop
    vertex 2.948888739096509 21.88824067909206 9.128060505117495e-06
    vertex 2.799087177802255 22.249999999769145 1.8498765205559606
    vertex 2.948937810862551 21.888228567460043 1.84985419386203
  endloop
endfacet
facet normal 0.9238795322876059 0.38268343227257057 -2.200271704695856e-05
  outer loop
    vertex 2.799087177802255 22.249999999769145 1.8498765205559606
    vertex 2.948888739096509 21.88824067909206 9.128060505117495e-06
    vertex 2.79903810531817 22.250012111401162 1.3868027978844454e-05
  endloop
endfacet
facet normal -0.5933130316149383 0.07809736512198172 0.8011744180120176
  outer loop
    vertex 11.372609436123211 21.500026114797333 2.636234659662959
    vertex 10.268484985379546 21.830011787431232 1.7864039112161259
    vertex 10.225040413866022 21.500017504959377 1.7863981758361038
  endloop
endfacet
facet normal -0.5933130316149383 0.07809736512198172 0.8011744180120176
  outer loop
    vertex 10.268484985379546 21.830011787431232 1.7864039112161259
    vertex 11.372609436123211 21.500026114797333 2.636234659662959
    vertex 11.376953893187299 21.53302554304452 2.6362346207857397
  endloop
endfacet
facet normal 0.5530616331793157 0.2290387271651872 0.8010393819055209
  outer loop
    vertex 11.62326499742216 21.53302554304452 2.6363504529965187
    vertex 12.604222796065082 22.137517504893967 1.7862228375913543
    vertex 11.610527692211624 21.56377611479079 2.6363425229949797
  endloop
endfacet
facet normal 0.5530616331793157 0.2290387271651872 0.8010393819055209
  outer loop
    vertex 12.604222796065082 22.137517504893967 1.7862228375913543
    vertex 11.62326499742216 21.53302554304452 2.6363504529965187
    vertex 12.731595834166333 21.830011787431232 1.7862038599015133
  endloop
endfacet
facet normal 0.9914448610275299 0.13052619236998933 -2.5445915051852546e-05
  outer loop
    vertex 2.9999999996969575 21.500012111478114 5.135285476171036e-06
    vertex 2.948937810862551 21.888228567460043 1.84985419386203
    vertex 3.0000490710487973 21.499999999846096 1.8498391439487512
  endloop
endfacet
facet normal 0.9914448610275299 0.13052619236998933 -2.5445915051852546e-05
  outer loop
    vertex 2.948937810862551 21.888228567460043 1.84985419386203
    vertex 2.9999999996969575 21.500012111478114 5.135285476171036e-06
    vertex 2.948888739096509 21.88824067909206 9.128060505117495e-06
  endloop
endfacet
facet normal -0.3826834322909223 0.9238795323999647 1.6200684500048782e-05
  outer loop
    vertex 0.749999999793034 22.799050217021488 3.922552982098537e-05
    vertex 1.1118205104995724 22.94888873913104 1.8500331784567328
    vertex 1.1117714320875747 22.948900850763057 3.6962628452463785e-05
  endloop
endfacet
facet normal -0.3826834322909223 0.9238795323999647 1.6200684500048782e-05
  outer loop
    vertex 1.1118205104995724 22.94888873913104 1.8500331784567328
    vertex 0.749999999793034 22.799050217021488 3.922552982098537e-05
    vertex 0.7500490792844756 22.79903810538947 1.8500583544131741
  endloop
endfacet
facet normal 0.22911123287659993 -0.5529986971450513 0.8010620974216919
  outer loop
    vertex 11.830034690332864 20.268462076567175 1.7862332465043205
    vertex 11.56385945188679 21.389607875826144 2.636331564703813
    vertex 11.533108877982457 21.37687057195811 2.6363179072926695
  endloop
endfacet
facet normal 0.22911123287659993 -0.5529986971450513 0.8010620974216919
  outer loop
    vertex 11.56385945188679 21.389607875826144 2.636331564703813
    vertex 11.830034690332864 20.268462076567175 1.7862332465043205
    vertex 12.137540406865696 20.39583511524751 1.7862118469413455
  endloop
endfacet
facet normal -0.0780617376935219 -0.5934205172831549 0.8010982803474619
  outer loop
    vertex 11.500040408909102 20.225017505090193 1.7862588286824308
    vertex 11.46711001651591 21.37687057195811 2.6362868701453355
    vertex 11.170046127532105 20.268462076567175 1.7862868500925153
  endloop
endfacet
facet normal -0.0780617376935219 -0.5934205172831549 0.8010982803474619
  outer loop
    vertex 11.46711001651591 21.37687057195811 2.6362868701453355
    vertex 11.500040408909102 20.225017505090193 1.7862588286824308
    vertex 11.500109447303279 21.372526114810416 2.6363026628111044
  endloop
endfacet
facet normal -0.47475914809375364 -0.3643638458091787 0.8011508841463251
  outer loop
    vertex 0.43938890727519464 20.4393398281751 1.8500173422894046
    vertex 1.3702264756311664 21.425010129074916 2.849904611224582
    vertex 0.20101097434402349 20.749999999923045 1.8500454242366935
  endloop
endfacet
facet normal -0.47475914809375364 -0.3643638458091787 0.8011508841463251
  outer loop
    vertex 1.3702264756311664 21.425010129074916 2.849904611224582
    vertex 0.43938890727519464 20.4393398281751 1.8500173422894046
    vertex 1.3940642712011146 21.393944111900122 2.84991778133211
  endloop
endfacet
facet normal 0.13052619257432008 0.9914448613225453 3.0283121568082447e-06
  outer loop
    vertex 1.499999999696976 23.00001211132421 3.355003972614068e-05
    vertex 1.8882776432063457 22.94888873913104 1.849970115411798
    vertex 1.8882285673167063 22.948900850763057 2.9220325921106016e-05
  endloop
endfacet
facet normal 0.13052619257432008 0.9914448613225453 3.0283121568082447e-06
  outer loop
    vertex 1.8882776432063457 22.94888873913104 1.849970115411798
    vertex 1.499999999696976 23.00001211132421 3.355003972614068e-05
    vertex 1.5000490768804695 22.999999999692193 1.850003081776603
  endloop
endfacet
facet normal 0.22911123287659993 -0.5529986971450513 0.8010620974216919
  outer loop
    vertex 6.849447345638978 20.19601733681213 1.8074768959461134
    vertex 6.567614740225489 21.383112888968686 2.7075809975691043
    vertex 6.535055309032665 21.369626331931943 2.7075665367808357
  endloop
endfacet
facet normal 0.22911123287659993 -0.5529986971450513 0.8010620974216919
  outer loop
    vertex 6.567614740225489 21.383112888968686 2.7075809975691043
    vertex 6.849447345638978 20.19601733681213 1.8074768959461134
    vertex 7.175041633732566 20.33088290717954 1.8074542375853162
  endloop
endfacet
facet normal 0.364432823118574 -0.4748807775342267 0.8010474171747356
  outer loop
    vertex 7.175041633732566 20.33088290717954 1.8074542375853162
    vertex 6.595574157522044 21.404566903017198 2.707592792451037
    vertex 6.567614740225489 21.383112888968686 2.7075809975691043
  endloop
endfacet
facet normal 0.364432823118574 -0.4748807775342267 0.8010474171747356
  outer loop
    vertex 6.595574157522044 21.404566903017198 2.707592792451037
    vertex 7.175041633732566 20.33088290717954 1.8074542375853162
    vertex 7.4546357875133555 20.54542304766468 1.807437552005687
  endloop
endfacet
facet normal -0.7933533402956873 -0.6087614287638254 1.7061699183071403e-05
  outer loop
    vertex 5.330907345066568 20.82501720223783 1.8076178880568083
    vertex 5.545403313611587 20.545433948133496 0.14259604337128345
    vertex 5.5454474847046225 20.54542304766468 1.807592614304248
  endloop
endfacet
facet normal -0.7933533402956873 -0.6087614287638254 1.7061699183071403e-05
  outer loop
    vertex 5.545403313611587 20.545433948133496 0.14259604337128345
    vertex 5.330907345066568 20.82501720223783 1.8076178880568083
    vertex 5.330863173097864 20.82502810270665 0.14260069109635515
  endloop
endfacet
facet normal -0.38268343273490696 -0.9238795323489903 4.1035267571537925e-06
  outer loop
    vertex 6.15063592620288 20.19601733681213 1.8075336526865549
    vertex 5.824997468206849 20.330893807648355 0.14259133062664656
    vertex 6.150591757299176 20.196028237280945 0.1425868740282065
  endloop
endfacet
facet normal -0.38268343273490696 -0.9238795323489903 4.1035267571537925e-06
  outer loop
    vertex 5.824997468206849 20.330893807648355 0.14259133062664656
    vertex 6.15063592620288 20.19601733681213 1.8075336526865549
    vertex 5.825041638254472 20.330882907179536 1.8075638831881347
  endloop
endfacet
facet normal -0.5528754471014158 -0.22905541627977016 0.8011631271253756
  outer loop
    vertex 10.395858023125587 20.862517505024783 1.786366405719977
    vertex 11.376953894009121 21.467026686550145 2.6362387846581394
    vertex 10.268484985024326 21.170023222487522 1.786385383409817
  endloop
endfacet
facet normal -0.5528754471014158 -0.22905541627977016 0.8011631271253756
  outer loop
    vertex 11.376953894009121 21.467026686550145 2.6362387846581394
    vertex 10.395858023125587 20.862517505024783 1.786366405719977
    vertex 11.389691199219659 21.436276114803874 2.636246714659682
  endloop
endfacet
facet normal -0.0004702678675468554 6.309005586637443e-05 0.9999998874338826
  outer loop
    vertex 6.369714737766781 21.465085747382332 2.707482759873686
    vertex 6.369714736896615 21.534966889552845 2.707478351067616
    vertex 6.3651147235346395 21.500026318467587 2.70747839223173
  endloop
endfacet
facet normal -0.0004702678675468554 6.309005586637443e-05 0.9999998874338826
  outer loop
    vertex 6.369714736896615 21.534966889552845 2.707478351067616
    vertex 6.369714737766781 21.465085747382332 2.707482759873686
    vertex 6.383201294543967 21.56752631846066 2.707482639186615
  endloop
endfacet
facet normal -0.0004702678675468554 6.309005586637443e-05 0.9999998874338826
  outer loop
    vertex 6.383201294543967 21.56752631846066 2.707482639186615
    vertex 6.369714737766781 21.465085747382332 2.707482759873686
    vertex 6.383201296224996 21.432526318474515 2.707491156345908
  endloop
endfacet
facet normal -0.0004702678675468554 6.309005586637443e-05 0.9999998874338826
  outer loop
    vertex 6.383201294543967 21.56752631846066 2.707482639186615
    vertex 6.383201296224996 21.432526318474515 2.707491156345908
    vertex 6.404655309860614 21.59548573391798 2.7074909643605016
  endloop
endfacet
facet normal -0.0004702678675468554 6.309005586637443e-05 0.9999998874338826
  outer loop
    vertex 6.404655309860614 21.59548573391798 2.7074909643605016
    vertex 6.383201296224996 21.432526318474515 2.707491156345908
    vertex 6.40465531223795 21.404566903017198 2.707503009442683
  endloop
endfacet
facet normal -0.0004702678675468554 6.309005586637443e-05 0.9999998874338826
  outer loop
    vertex 6.404655309860614 21.59548573391798 2.7074909643605016
    vertex 6.40465531223795 21.404566903017198 2.707503009442683
    vertex 6.43261472715717 21.616939747966494 2.7075027592424354
  endloop
endfacet
facet normal -0.0004702678675468554 6.309005586637443e-05 0.9999998874338826
  outer loop
    vertex 6.43261472715717 21.616939747966494 2.7075027592424354
    vertex 6.40465531223795 21.404566903017198 2.707503009442683
    vertex 6.432614730068799 21.383112888968686 2.7075175113950616
  endloop
endfacet
facet normal -0.0004702678675468554 6.309005586637443e-05 0.9999998874338826
  outer loop
    vertex 6.43261472715717 21.616939747966494 2.7075027592424354
    vertex 6.432614730068799 21.383112888968686 2.7075175113950616
    vertex 6.465174158349999 21.630426305003233 2.7075172200307005
  endloop
endfacet
facet normal -0.0004702678675468554 6.309005586637443e-05 0.9999998874338826
  outer loop
    vertex 6.465174158349999 21.630426305003233 2.7075172200307005
    vertex 6.432614730068799 21.383112888968686 2.7075175113950616
    vertex 6.465174161597497 21.369626331931943 2.7075336739189524
  endloop
endfacet
facet normal -0.0004702678675468554 6.309005586637443e-05 0.9999998874338826
  outer loop
    vertex 6.465174158349999 21.630426305003233 2.7075172200307005
    vertex 6.465174161597497 21.369626331931943 2.7075336739189524
    vertex 6.500114732010298 21.635026318453736 2.707533361246481
  endloop
endfacet
facet normal -0.0004702678675468554 6.309005586637443e-05 0.9999998874338826
  outer loop
    vertex 6.500114732010298 21.635026318453736 2.707533361246481
    vertex 6.465174161597497 21.369626331931943 2.7075336739189524
    vertex 6.50011473537236 21.36502631848144 2.70755039556506
  endloop
endfacet
facet normal -0.0004702678675468554 6.309005586637443e-05 0.9999998874338826
  outer loop
    vertex 6.500114732010298 21.635026318453736 2.707533361246481
    vertex 6.50011473537236 21.36502631848144 2.70755039556506
    vertex 6.535055305785168 21.630426305003233 2.7075500828925856
  endloop
endfacet
facet normal -0.0004702678675468554 6.309005586637443e-05 0.9999998874338826
  outer loop
    vertex 6.535055305785168 21.630426305003233 2.7075500828925856
    vertex 6.50011473537236 21.36502631848144 2.70755039556506
    vertex 6.535055309032665 21.369626331931943 2.7075665367808357
  endloop
endfacet
facet normal -0.0004702678675468554 6.309005586637443e-05 0.9999998874338826
  outer loop
    vertex 6.535055305785168 21.630426305003233 2.7075500828925856
    vertex 6.535055309032665 21.369626331931943 2.7075665367808357
    vertex 6.567614737313859 21.616939747966494 2.7075662454164773
  endloop
endfacet
facet normal -0.0004702678675468554 6.309005586637443e-05 0.9999998874338826
  outer loop
    vertex 6.567614737313859 21.616939747966494 2.7075662454164773
    vertex 6.535055309032665 21.369626331931943 2.7075665367808357
    vertex 6.567614740225489 21.383112888968686 2.7075809975691043
  endloop
endfacet
facet normal -0.0004702678675468554 6.309005586637443e-05 0.9999998874338826
  outer loop
    vertex 6.567614737313859 21.616939747966494 2.7075662454164773
    vertex 6.567614740225489 21.383112888968686 2.7075809975691043
    vertex 6.595574155144711 21.59548573391798 2.7075807473688567
  endloop
endfacet
facet normal -0.0004702678675468554 6.309005586637443e-05 0.9999998874338826
  outer loop
    vertex 6.595574155144711 21.59548573391798 2.7075807473688567
    vertex 6.567614740225489 21.383112888968686 2.7075809975691043
    vertex 6.595574157522044 21.404566903017198 2.707592792451037
  endloop
endfacet
facet normal -0.0004702678675468554 6.309005586637443e-05 0.9999998874338826
  outer loop
    vertex 6.595574155144711 21.59548573391798 2.7075807473688567
    vertex 6.595574157522044 21.404566903017198 2.707592792451037
    vertex 6.617028171157665 21.56752631846066 2.7075926004656345
  endloop
endfacet
facet normal -0.0004702678675468554 6.309005586637443e-05 0.9999998874338826
  outer loop
    vertex 6.617028171157665 21.56752631846066 2.7075926004656345
    vertex 6.595574157522044 21.404566903017198 2.707592792451037
    vertex 6.617028172838695 21.432526318474515 2.7076011176249275
  endloop
endfacet
facet normal -0.0004702678675468554 6.309005586637443e-05 0.9999998874338826
  outer loop
    vertex 6.617028171157665 21.56752631846066 2.7075926004656345
    vertex 6.617028172838695 21.432526318474515 2.7076011176249275
    vertex 6.6305147296158795 21.534966889552845 2.7076009969378525
  endloop
endfacet
facet normal -0.0004702678675468554 6.309005586637443e-05 0.9999998874338826
  outer loop
    vertex 6.6305147296158795 21.534966889552845 2.7076009969378525
    vertex 6.617028172838695 21.432526318474515 2.7076011176249275
    vertex 6.630514730486045 21.465085747382332 2.707605405743923
  endloop
endfacet
facet normal -0.0004702678675468554 6.309005586637443e-05 0.9999998874338826
  outer loop
    vertex 6.6305147296158795 21.534966889552845 2.7076009969378525
    vertex 6.630514730486045 21.465085747382332 2.707605405743923
    vertex 6.635114743848019 21.500026318467587 2.7076053645798113
  endloop
endfacet
facet normal -0.5528754471014158 -0.22905541627977016 0.8011631271253756
  outer loop
    vertex 5.330907345066568 20.82501720223783 1.8076178880568083
    vertex 6.369714737766781 21.465085747382332 2.707482759873686
    vertex 5.196041775312294 21.150611491316024 1.8076379820813442
  endloop
endfacet
facet normal -0.5528754471014158 -0.22905541627977016 0.8011631271253756
  outer loop
    vertex 6.369714737766781 21.465085747382332 2.707482759873686
    vertex 5.330907345066568 20.82501720223783 1.8076178880568083
    vertex 6.383201296224996 21.432526318474515 2.707491156345908
  endloop
endfacet
facet normal 0.9914448610516208 -0.1305261918426071 -2.7155104244155293e-05
  outer loop
    vertex 2.948888739174932 21.111783543864167 2.161803913391935e-06
    vertex 3.0000490710487973 21.499999999846096 1.8498391439487512
    vertex 2.9489378104446433 21.11177143223215 1.8498323964428445
  endloop
endfacet
facet normal 0.9914448610516208 -0.1305261918426071 -2.7155104244155293e-05
  outer loop
    vertex 3.0000490710487973 21.499999999846096 1.8498391439487512
    vertex 2.948888739174932 21.111783543864167 2.161803913391935e-06
    vertex 2.9999999996969575 21.500012111478114 5.135285476171036e-06
  endloop
endfacet
facet normal -9.971319961377485e-06 8.97184953849753e-06 -0.9999999999100395
  outer loop
    vertex 5.195997602626767 21.849433813489945 0.14261122669801438
    vertex 5.195997602697348 21.15062239178484 0.1426049570670812
    vertex 5.149997468156947 21.500028102637394 0.14260855056460628
  endloop
endfacet
facet normal -9.971319961377485e-06 8.97184953849753e-06 -0.9999999999100395
  outer loop
    vertex 5.195997602697348 21.15062239178484 0.1426049570670812
    vertex 5.195997602626767 21.849433813489945 0.14261122669801438
    vertex 5.330863172961512 22.175028102568135 0.14261280309323301
  endloop
endfacet
facet normal -9.971319961377485e-06 8.97184953849753e-06 -0.9999999999100395
  outer loop
    vertex 5.195997602697348 21.15062239178484 0.1426049570670812
    vertex 5.330863172961512 22.175028102568135 0.14261280309323301
    vertex 5.330863173097864 20.82502810270665 0.14260069109635515
  endloop
endfacet
facet normal -9.971319961377485e-06 8.97184953849753e-06 -0.9999999999100395
  outer loop
    vertex 5.330863173097864 20.82502810270665 0.14260069109635515
    vertex 5.330863172961512 22.175028102568135 0.14261280309323301
    vertex 5.545403313418756 22.45462225714129 0.1426131723215342
  endloop
endfacet
facet normal -9.971319961377485e-06 8.97184953849753e-06 -0.9999999999100395
  outer loop
    vertex 5.330863173097864 20.82502810270665 0.14260069109635515
    vertex 5.545403313418756 22.45462225714129 0.1426131723215342
    vertex 5.545403313611587 20.545433948133496 0.14259604337128345
  endloop
endfacet
facet normal -9.971319961377485e-06 8.97184953849753e-06 -0.9999999999100395
  outer loop
    vertex 5.545403313611587 20.545433948133496 0.14259604337128345
    vertex 5.545403313418756 22.45462225714129 0.1426131723215342
    vertex 5.824997467970678 22.66916239762643 0.14261230922062273
  endloop
endfacet
facet normal -9.971319961377485e-06 8.97184953849753e-06 -0.9999999999100395
  outer loop
    vertex 5.545403313611587 20.545433948133496 0.14259604337128345
    vertex 5.824997467970678 22.66916239762643 0.14261230922062273
    vertex 5.824997468206849 20.330893807648355 0.14259133062664656
  endloop
endfacet
facet normal -9.971319961377485e-06 8.97184953849753e-06 -0.9999999999100395
  outer loop
    vertex 5.824997468206849 20.330893807648355 0.14259133062664656
    vertex 5.824997467970678 22.66916239762643 0.14261230922062273
    vertex 6.150591757035764 22.804027967993843 0.14261027260939105
  endloop
endfacet
facet normal -9.971319961377485e-06 8.97184953849753e-06 -0.9999999999100395
  outer loop
    vertex 5.824997468206849 20.330893807648355 0.14259133062664656
    vertex 6.150591757035764 22.804027967993843 0.14261027260939105
    vertex 6.150591757299176 20.196028237280945 0.1425868740282065
  endloop
endfacet
facet normal -9.971319961377485e-06 8.97184953849753e-06 -0.9999999999100395
  outer loop
    vertex 6.150591757299176 20.196028237280945 0.1425868740282065
    vertex 6.150591757035764 22.804027967993843 0.14261027260939105
    vertex 6.499997467884225 22.85002810249888 0.14260720127953738
  endloop
endfacet
facet normal -9.971319961377485e-06 8.97184953849753e-06 -0.9999999999100395
  outer loop
    vertex 6.150591757299176 20.196028237280945 0.1425868740282065
    vertex 6.499997467884225 22.85002810249888 0.14260720127953738
    vertex 6.499997468156933 20.150028102775902 0.14258297728578195
  endloop
endfacet
facet normal -9.971319961377485e-06 8.97184953849753e-06 -0.9999999999100395
  outer loop
    vertex 6.499997468156933 20.150028102775902 0.14258297728578195
    vertex 6.499997467884225 22.85002810249888 0.14260720127953738
    vertex 6.849403178741982 22.804027967993843 0.14260330453711284
  endloop
endfacet
facet normal -9.971319961377485e-06 8.97184953849753e-06 -0.9999999999100395
  outer loop
    vertex 6.499997468156933 20.150028102775902 0.14258297728578195
    vertex 6.849403178741982 22.804027967993843 0.14260330453711284
    vertex 6.849403179005393 20.196028237280945 0.1425799059559286
  endloop
endfacet
facet normal -9.971319961377485e-06 8.97184953849753e-06 -0.9999999999100395
  outer loop
    vertex 6.849403179005393 20.196028237280945 0.1425799059559286
    vertex 6.849403178741982 22.804027967993843 0.14260330453711284
    vertex 7.174997467834308 22.66916239762643 0.14259884793867342
  endloop
endfacet
facet normal -9.971319961377485e-06 8.97184953849753e-06 -0.9999999999100395
  outer loop
    vertex 6.849403179005393 20.196028237280945 0.1425799059559286
    vertex 7.174997467834308 22.66916239762643 0.14259884793867342
    vertex 7.174997468070483 20.330893807648355 0.14257786934469785
  endloop
endfacet
facet normal -9.971319961377485e-06 8.97184953849753e-06 -0.9999999999100395
  outer loop
    vertex 7.174997468070483 20.330893807648355 0.14257786934469785
    vertex 7.174997467834308 22.66916239762643 0.14259884793867342
    vertex 7.454591622429573 22.45462225714129 0.14259413519403652
  endloop
endfacet
facet normal -9.971319961377485e-06 8.97184953849753e-06 -0.9999999999100395
  outer loop
    vertex 7.174997468070483 20.330893807648355 0.14257786934469785
    vertex 7.454591622429573 22.45462225714129 0.14259413519403652
    vertex 7.4545916226224085 20.545433948133496 0.14257700624378383
  endloop
endfacet
facet normal -9.971319961377485e-06 8.97184953849753e-06 -0.9999999999100395
  outer loop
    vertex 7.4545916226224085 20.545433948133496 0.14257700624378383
    vertex 7.454591622429573 22.45462225714129 0.14259413519403652
    vertex 7.669131762943299 22.175028102568138 0.1425894874689648
  endloop
endfacet
facet normal -9.971319961377485e-06 8.97184953849753e-06 -0.9999999999100395
  outer loop
    vertex 7.4545916226224085 20.545433948133496 0.14257700624378383
    vertex 7.669131762943299 22.175028102568138 0.1425894874689648
    vertex 7.66913176307965 20.825028102706653 0.14257737547208565
  endloop
endfacet
facet normal -9.971319961377485e-06 8.97184953849753e-06 -0.9999999999100395
  outer loop
    vertex 7.66913176307965 20.825028102706653 0.14257737547208565
    vertex 7.669131762943299 22.175028102568138 0.1425894874689648
    vertex 7.803997333343806 21.849433813489945 0.14258522149823843
  endloop
endfacet
facet normal -9.971319961377485e-06 8.97184953849753e-06 -0.9999999999100395
  outer loop
    vertex 7.66913176307965 20.825028102706653 0.14257737547208565
    vertex 7.803997333343806 21.849433813489945 0.14258522149823843
    vertex 7.803997333414387 21.150622391784843 0.1425789518673059
  endloop
endfacet
facet normal -9.971319961377485e-06 8.97184953849753e-06 -0.9999999999100395
  outer loop
    vertex 7.803997333414387 21.150622391784843 0.1425789518673059
    vertex 7.803997333343806 21.849433813489945 0.14258522149823843
    vertex 7.849997467884209 21.500028102637394 0.1425816280007124
  endloop
endfacet
facet normal 0.5530616331793157 0.22903872716518717 0.8010393819055209
  outer loop
    vertex 6.6305147296158795 21.534966889552845 2.7076009969378525
    vertex 7.6691759281789755 22.175017202099323 1.8074658747441488
    vertex 6.617028171157665 21.56752631846066 2.7075926004656345
  endloop
endfacet
facet normal 0.5530616331793157 0.22903872716518717 0.8010393819055209
  outer loop
    vertex 7.6691759281789755 22.175017202099323 1.8074658747441488
    vertex 6.6305147296158795 21.534966889552845 2.7076009969378525
    vertex 7.804041497933242 21.84942291302113 1.807445780719611
  endloop
endfacet
facet normal 0.3826834327349238 0.923879532348985 -4.103188682165702e-06
  outer loop
    vertex 6.849403178741982 22.804027967993843 0.14260330453711284
    vertex 7.17504163499107 22.669151497157614 1.8075198796128205
    vertex 7.174997467834308 22.66916239762643 0.14259884793867342
  endloop
endfacet
facet normal 0.3826834327349238 0.923879532348985 -4.103188682165702e-06
  outer loop
    vertex 7.17504163499107 22.669151497157614 1.8075198796128205
    vertex 6.849403178741982 22.804027967993843 0.14260330453711284
    vertex 6.849447347042657 22.804017067525027 1.8075501101144025
  endloop
endfacet
facet normal -0.13052619257433012 -0.9914448613225437 -3.028403098795415e-06
  outer loop
    vertex 1.5000490752658076 19.999999999999996 1.849918863016051
    vertex 1.1117714323802532 20.05112337219317 1.0964204914043484e-05
    vertex 1.4999999999999842 20.000012111632014 6.6344911090088214e-06
  endloop
endfacet
facet normal -0.13052619257433012 -0.9914448613225437 -3.028403098795415e-06
  outer loop
    vertex 1.1117714323802532 20.05112337219317 1.0964204914043484e-05
    vertex 1.5000490752658076 19.999999999999996 1.849918863016051
    vertex 1.1118205089399251 20.051111260561154 1.8499518293808561
  endloop
endfacet
facet normal 0.13052619257432008 0.9914448613225452 3.0283121568082447e-06
  outer loop
    vertex 6.499997467884225 22.85002810249888 0.14260720127953738
    vertex 6.849447347042657 22.804017067525027 1.8075501101144025
    vertex 6.849403178741982 22.804027967993843 0.14260330453711284
  endloop
endfacet
facet normal 0.13052619257432008 0.9914448613225452 3.0283121568082447e-06
  outer loop
    vertex 6.849447347042657 22.804017067525027 1.8075501101144025
    vertex 6.499997467884225 22.85002810249888 0.14260720127953738
    vertex 6.500041637349369 22.850017202030063 1.807579779842727
  endloop
endfacet
facet normal -9.971319961377487e-06 8.97184953849753e-06 -0.9999999999100395
  outer loop
    vertex 0.05111126052202264 21.88824067909206 3.802272692281505e-05
    vertex 0.05111126060044591 21.111783543864167 3.10564703303845e-05
    vertex 0.0 21.500012111478114 3.504924535827347e-05
  endloop
endfacet
facet normal -9.971319961377487e-06 8.97184953849753e-06 -0.9999999999100395
  outer loop
    vertex 0.05111126060044591 21.111783543864167 3.10564703303845e-05
    vertex 0.05111126052202264 21.88824067909206 3.802272692281505e-05
    vertex 0.2009618942272938 22.25001211140116 3.977427716575221e-05
  endloop
endfacet
facet normal -9.971319961377487e-06 8.97184953849753e-06 -0.9999999999100395
  outer loop
    vertex 0.05111126060044591 21.111783543864167 3.10564703303845e-05
    vertex 0.2009618942272938 22.25001211140116 3.977427716575221e-05
    vertex 0.2009618943787965 20.750012111555066 2.6316502857010037e-05
  endloop
endfacet
facet normal -9.971319961377487e-06 8.97184953849753e-06 -0.9999999999100395
  outer loop
    vertex 0.2009618943787965 20.750012111555066 2.6316502857010037e-05
    vertex 0.2009618942272938 22.25001211140116 3.977427716575221e-05
    vertex 0.4393398280686768 22.56067228314911 4.0184530833739514e-05
  endloop
endfacet
facet normal -9.971319961377487e-06 8.97184953849753e-06 -0.9999999999100395
  outer loop
    vertex 0.2009618943787965 20.750012111555066 2.6316502857010037e-05
    vertex 0.4393398280686768 22.56067228314911 4.0184530833739514e-05
    vertex 0.4393398282829322 20.439351939807118 2.115236388845476e-05
  endloop
endfacet
facet normal -9.971319961377487e-06 8.97184953849753e-06 -0.9999999999100395
  outer loop
    vertex 0.4393398282829322 20.439351939807118 2.115236388845476e-05
    vertex 0.4393398280686768 22.56067228314911 4.0184530833739514e-05
    vertex 0.749999999793034 22.799050217021488 3.922552982098537e-05
  endloop
endfacet
facet normal -9.971319961377487e-06 8.97184953849753e-06 -0.9999999999100395
  outer loop
    vertex 0.4393398282829322 20.439351939807118 2.115236388845476e-05
    vertex 0.749999999793034 22.799050217021488 3.922552982098537e-05
    vertex 0.750000000055446 20.20097400593474 1.5915980958564056e-05
  endloop
endfacet
facet normal -9.971319961377487e-06 8.97184953849753e-06 -0.9999999999100395
  outer loop
    vertex 0.750000000055446 20.20097400593474 1.5915980958564056e-05
    vertex 0.749999999793034 22.799050217021488 3.922552982098537e-05
    vertex 1.1117714320875747 22.948900850763057 3.6962628452463785e-05
  endloop
endfacet
facet normal -9.971319961377487e-06 8.97184953849753e-06 -0.9999999999100395
  outer loop
    vertex 0.750000000055446 20.20097400593474 1.5915980958564056e-05
    vertex 1.1117714320875747 22.948900850763057 3.6962628452463785e-05
    vertex 1.1117714323802532 20.05112337219317 1.0964204914043484e-05
  endloop
endfacet
facet normal -9.971319961377487e-06 8.97184953849753e-06 -0.9999999999100395
  outer loop
    vertex 1.1117714323802532 20.05112337219317 1.0964204914043484e-05
    vertex 1.1117714320875747 22.948900850763057 3.6962628452463785e-05
    vertex 1.499999999696976 23.00001211132421 3.355003972614068e-05
  endloop
endfacet
facet normal -9.971319961377487e-06 8.97184953849753e-06 -0.9999999999100395
  outer loop
    vertex 1.1117714323802532 20.05112337219317 1.0964204914043484e-05
    vertex 1.499999999696976 23.00001211132421 3.355003972614068e-05
    vertex 1.4999999999999842 20.000012111632014 6.6344911090088214e-06
  endloop
endfacet
facet normal -9.971319961377487e-06 8.97184953849753e-06 -0.9999999999100395
  outer loop
    vertex 1.4999999999999842 20.000012111632014 6.6344911090088214e-06
    vertex 1.499999999696976 23.00001211132421 3.355003972614068e-05
    vertex 1.8882285673167063 22.948900850763057 2.9220325921106016e-05
  endloop
endfacet
facet normal -9.971319961377487e-06 8.97184953849753e-06 -0.9999999999100395
  outer loop
    vertex 1.4999999999999842 20.000012111632014 6.6344911090088214e-06
    vertex 1.8882285673167063 22.948900850763057 2.9220325921106016e-05
    vertex 1.8882285676093848 20.05112337219317 3.221902383038211e-06
  endloop
endfacet
facet normal -9.971319961377487e-06 8.97184953849753e-06 -0.9999999999100395
  outer loop
    vertex 1.8882285676093848 20.05112337219317 3.221902383038211e-06
    vertex 1.8882285673167063 22.948900850763057 2.9220325921106016e-05
    vertex 2.2499999996415134 22.799050217021488 2.4268549877290435e-05
  endloop
endfacet
facet normal -9.971319961377487e-06 8.97184953849753e-06 -0.9999999999100395
  outer loop
    vertex 1.8882285676093848 20.05112337219317 3.221902383038211e-06
    vertex 2.2499999996415134 22.799050217021488 2.4268549877290435e-05
    vertex 2.249999999903928 20.20097400593474 9.590010155741124e-07
  endloop
endfacet
facet normal -9.971319961377487e-06 8.97184953849753e-06 -0.9999999999100395
  outer loop
    vertex 2.249999999903928 20.20097400593474 9.590010155741124e-07
    vertex 2.2499999996415134 22.799050217021488 2.4268549877290435e-05
    vertex 2.5606601714140287 22.56067228314911 1.903216694739973e-05
  endloop
endfacet
facet normal -9.971319961377487e-06 8.97184953849753e-06 -0.9999999999100395
  outer loop
    vertex 2.249999999903928 20.20097400593474 9.590010155741124e-07
    vertex 2.5606601714140287 22.56067228314911 1.903216694739973e-05
    vertex 2.5606601716282897 20.439351939807118 0.0
  endloop
endfacet
facet normal -9.971319961377487e-06 8.97184953849753e-06 -0.9999999999100395
  outer loop
    vertex 2.5606601716282897 20.439351939807118 0.0
    vertex 2.5606601714140287 22.56067228314911 1.903216694739973e-05
    vertex 2.79903810531817 22.250012111401162 1.3868027978844454e-05
  endloop
endfacet
facet normal -9.971319961377487e-06 8.97184953849753e-06 -0.9999999999100395
  outer loop
    vertex 2.5606601716282897 20.439351939807118 0.0
    vertex 2.79903810531817 22.250012111401162 1.3868027978844454e-05
    vertex 2.7990381054696702 20.75001211155507 4.1025366869229525e-07
  endloop
endfacet
facet normal -9.971319961377487e-06 8.97184953849753e-06 -0.9999999999100395
  outer loop
    vertex 2.7990381054696702 20.75001211155507 4.1025366869229525e-07
    vertex 2.79903810531817 22.250012111401162 1.3868027978844454e-05
    vertex 2.948888739096509 21.88824067909206 9.128060505117495e-06
  endloop
endfacet
facet normal -9.971319961377487e-06 8.97184953849753e-06 -0.9999999999100395
  outer loop
    vertex 2.7990381054696702 20.75001211155507 4.1025366869229525e-07
    vertex 2.948888739096509 21.88824067909206 9.128060505117495e-06
    vertex 2.948888739174932 21.111783543864167 2.161803913391935e-06
  endloop
endfacet
facet normal -9.971319961377487e-06 8.97184953849753e-06 -0.9999999999100395
  outer loop
    vertex 2.948888739174932 21.111783543864167 2.161803913391935e-06
    vertex 2.948888739096509 21.88824067909206 9.128060505117495e-06
    vertex 2.9999999996969575 21.500012111478114 5.135285476171036e-06
  endloop
endfacet
facet normal 0.9914448610516207 -0.1305261918426071 -2.7155104244155293e-05
  outer loop
    vertex 7.803997333414387 21.150622391784843 0.1425789518673059
    vertex 7.850041632100865 21.50001720216858 1.8074322357976598
    vertex 7.804041497557126 21.150611491316024 1.8074261630423443
  endloop
endfacet
facet normal 0.9914448610516207 -0.1305261918426071 -2.7155104244155293e-05
  outer loop
    vertex 7.850041632100865 21.50001720216858 1.8074322357976598
    vertex 7.803997333414387 21.150622391784843 0.1425789518673059
    vertex 7.849997467884209 21.500028102637394 0.1425816280007124
  endloop
endfacet
facet normal -0.4747640077292731 0.36432404055306505 0.8011661066470095
  outer loop
    vertex 6.383201294543967 21.56752631846066 2.707482639186615
    vertex 5.545447485732185 22.454611356672473 1.8076462107952695
    vertex 5.330907345793164 22.17501720209932 1.8076557864990572
  endloop
endfacet
facet normal -0.4747640077292731 0.36432404055306505 0.8011661066470095
  outer loop
    vertex 5.545447485732185 22.454611356672473 1.8076462107952695
    vertex 6.383201294543967 21.56752631846066 2.707482639186615
    vertex 6.404655309860614 21.59548573391798 2.7074909643605016
  endloop
endfacet
facet normal -0.9914448610515701 0.1305261918425593 2.715717823709088e-05
  outer loop
    vertex 5.196041775688408 21.84942291302113 1.807657599758613
    vertex 5.149997468156947 21.500028102637394 0.14260855056460628
    vertex 5.150041641144677 21.50001720216858 1.8076515270032953
  endloop
endfacet
facet normal -0.9914448610515701 0.1305261918425593 2.715717823709088e-05
  outer loop
    vertex 5.149997468156947 21.500028102637394 0.14260855056460628
    vertex 5.196041775688408 21.84942291302113 1.807657599758613
    vertex 5.195997602626767 21.849433813489945 0.14261122669801438
  endloop
endfacet
facet normal -0.0004702678675468555 6.309005586637443e-05 0.9999998874338826
  outer loop
    vertex 11.376953894009121 21.467026686550145 2.6362387846581394
    vertex 11.376953893187299 21.53302554304452 2.6362346207857397
    vertex 11.372609436123211 21.500026114797333 2.636234659662959
  endloop
endfacet
facet normal -0.0004702678675468555 6.309005586637443e-05 0.9999998874338826
  outer loop
    vertex 11.376953893187299 21.53302554304452 2.6362346207857397
    vertex 11.376953894009121 21.467026686550145 2.6362387846581394
    vertex 11.389691197632018 21.56377611479079 2.6362386706759064
  endloop
endfacet
facet normal -0.0004702678675468555 6.309005586637443e-05 0.9999998874338826
  outer loop
    vertex 11.389691197632018 21.56377611479079 2.6362386706759064
    vertex 11.376953894009121 21.467026686550145 2.6362387846581394
    vertex 11.389691199219659 21.436276114803874 2.636246714659682
  endloop
endfacet
facet normal -0.0004702678675468555 6.309005586637443e-05 0.9999998874338826
  outer loop
    vertex 11.389691197632018 21.56377611479079 2.6362386706759064
    vertex 11.389691199219659 21.436276114803874 2.636246714659682
    vertex 11.409953323208853 21.59018222938937 2.6362465333401324
  endloop
endfacet
facet normal -0.0004702678675468555 6.309005586637443e-05 0.9999998874338826
  outer loop
    vertex 11.409953323208853 21.59018222938937 2.6362465333401324
    vertex 11.389691199219659 21.436276114803874 2.636246714659682
    vertex 11.409953325454115 21.4098700002053 2.636257909251081
  endloop
endfacet
facet normal -0.0004702678675468555 6.309005586637443e-05 0.9999998874338826
  outer loop
    vertex 11.409953323208853 21.59018222938937 2.6362465333401324
    vertex 11.409953325454115 21.4098700002053 2.636257909251081
    vertex 11.43635943954449 21.61044435376852 2.6362576729508476
  endloop
endfacet
facet normal -0.0004702678675468555 6.309005586637443e-05 0.9999998874338826
  outer loop
    vertex 11.43635943954449 21.61044435376852 2.6362576729508476
    vertex 11.409953325454115 21.4098700002053 2.636257909251081
    vertex 11.436359442294362 21.389607875826144 2.6362716055394384
  endloop
endfacet
facet normal -0.0004702678675468555 6.309005586637443e-05 0.9999998874338826
  outer loop
    vertex 11.43635943954449 21.61044435376852 2.6362576729508476
    vertex 11.436359442294362 21.389607875826144 2.6362716055394384
    vertex 11.467110013448826 21.623181657636557 2.6362713303619865
  endloop
endfacet
facet normal -0.0004702678675468555 6.309005586637443e-05 0.9999998874338826
  outer loop
    vertex 11.467110013448826 21.623181657636557 2.6362713303619865
    vertex 11.436359442294362 21.389607875826144 2.6362716055394384
    vertex 11.46711001651591 21.37687057195811 2.6362868701453355
  endloop
endfacet
facet normal -0.0004702678675468555 6.309005586637443e-05 0.9999998874338826
  outer loop
    vertex 11.467110013448826 21.623181657636557 2.6362713303619865
    vertex 11.46711001651591 21.37687057195811 2.6362868701453355
    vertex 11.500109444128 21.627526114784253 2.636286574843557
  endloop
endfacet
facet normal -0.0004702678675468555 6.309005586637443e-05 0.9999998874338826
  outer loop
    vertex 11.500109444128 21.627526114784253 2.636286574843557
    vertex 11.46711001651591 21.37687057195811 2.6362868701453355
    vertex 11.500109447303279 21.372526114810416 2.6363026628111044
  endloop
endfacet
facet normal -0.0004702678675468555 6.309005586637443e-05 0.9999998874338826
  outer loop
    vertex 11.500109444128 21.627526114784253 2.636286574843557
    vertex 11.500109447303279 21.372526114810416 2.6363026628111044
    vertex 11.533108874915376 21.623181657636557 2.636302367509322
  endloop
endfacet
facet normal -0.0004702678675468555 6.309005586637443e-05 0.9999998874338826
  outer loop
    vertex 11.533108874915376 21.623181657636557 2.636302367509322
    vertex 11.500109447303279 21.372526114810416 2.6363026628111044
    vertex 11.533108877982457 21.37687057195811 2.6363179072926695
  endloop
endfacet
facet normal -0.0004702678675468555 6.309005586637443e-05 0.9999998874338826
  outer loop
    vertex 11.533108874915376 21.623181657636557 2.636302367509322
    vertex 11.533108877982457 21.37687057195811 2.6363179072926695
    vertex 11.563859449136917 21.61044435376852 2.6363176321152206
  endloop
endfacet
facet normal -0.0004702678675468555 6.309005586637443e-05 0.9999998874338826
  outer loop
    vertex 11.563859449136917 21.61044435376852 2.6363176321152206
    vertex 11.533108877982457 21.37687057195811 2.6363179072926695
    vertex 11.56385945188679 21.389607875826144 2.636331564703813
  endloop
endfacet
facet normal -0.0004702678675468555 6.309005586637443e-05 0.9999998874338826
  outer loop
    vertex 11.563859449136917 21.61044435376852 2.6363176321152206
    vertex 11.56385945188679 21.389607875826144 2.636331564703813
    vertex 11.590265565977166 21.59018222938937 2.6363313284035783
  endloop
endfacet
facet normal -0.0004702678675468555 6.309005586637443e-05 0.9999998874338826
  outer loop
    vertex 11.590265565977166 21.59018222938937 2.6363313284035783
    vertex 11.56385945188679 21.389607875826144 2.636331564703813
    vertex 11.590265568222426 21.4098700002053 2.636342704314526
  endloop
endfacet
facet normal -0.0004702678675468555 6.309005586637443e-05 0.9999998874338826
  outer loop
    vertex 11.590265565977166 21.59018222938937 2.6363313284035783
    vertex 11.590265568222426 21.4098700002053 2.636342704314526
    vertex 11.610527692211624 21.56377611479079 2.6363425229949797
  endloop
endfacet
facet normal -0.0004702678675468555 6.309005586637443e-05 0.9999998874338826
  outer loop
    vertex 11.610527692211624 21.56377611479079 2.6363425229949797
    vertex 11.590265568222426 21.4098700002053 2.636342704314526
    vertex 11.610527693799263 21.436276114803874 2.636350566978756
  endloop
endfacet
facet normal -0.0004702678675468555 6.309005586637443e-05 0.9999998874338826
  outer loop
    vertex 11.610527692211624 21.56377611479079 2.6363425229949797
    vertex 11.610527693799263 21.436276114803874 2.636350566978756
    vertex 11.62326499742216 21.53302554304452 2.6363504529965187
  endloop
endfacet
facet normal -0.0004702678675468555 6.309005586637443e-05 0.9999998874338826
  outer loop
    vertex 11.62326499742216 21.53302554304452 2.6363504529965187
    vertex 11.610527693799263 21.436276114803874 2.636350566978756
    vertex 11.623264998243982 21.467026686550145 2.6363546168689194
  endloop
endfacet
facet normal -0.0004702678675468555 6.309005586637443e-05 0.9999998874338826
  outer loop
    vertex 11.62326499742216 21.53302554304452 2.6363504529965187
    vertex 11.623264998243982 21.467026686550145 2.6363546168689194
    vertex 11.627609455308068 21.500026114797333 2.6363545779917024
  endloop
endfacet
facet normal 0.13052619199583831 -0.9914448613533621 -9.953810369627916e-06
  outer loop
    vertex 6.849447345638978 20.19601733681213 1.8074768959461134
    vertex 6.499997468156933 20.150028102775902 0.14258297728578195
    vertex 6.849403179005393 20.196028237280945 0.1425799059559286
  endloop
endfacet
facet normal 0.13052619199583831 -0.9914448613533621 -9.953810369627916e-06
  outer loop
    vertex 6.499997468156933 20.150028102775902 0.14258297728578195
    vertex 6.849447345638978 20.19601733681213 1.8074768959461134
    vertex 6.500041635896173 20.150017202307087 1.80750398295823
  endloop
endfacet
facet normal -0.3642848525018193 -0.47484612511023633 0.8011352593073918
  outer loop
    vertex 5.825041638254472 20.330882907179536 1.8075638831881347
    vertex 6.40465531223795 21.404566903017198 2.707503009442683
    vertex 5.5454474847046225 20.54542304766468 1.807592614304248
  endloop
endfacet
facet normal -0.3642848525018193 -0.47484612511023633 0.8011352593073918
  outer loop
    vertex 6.40465531223795 21.404566903017198 2.707503009442683
    vertex 5.825041638254472 20.330882907179536 1.8075638831881347
    vertex 6.432614730068799 21.383112888968686 2.7075175113950616
  endloop
endfacet
facet normal 0.38268343229091834 -0.9238795323999656 -1.620072610077673e-05
  outer loop
    vertex 12.137540406865696 20.39583511524751 1.7862118469413455
    vertex 11.829992977401146 20.26847237145439 0.21383053373581323
    vertex 12.137498694851505 20.395845410134726 0.21382861026965086
  endloop
endfacet
facet normal 0.38268343229091834 -0.9238795323999656 -1.620072610077673e-05
  outer loop
    vertex 11.829992977401146 20.26847237145439 0.21383053373581323
    vertex 12.137540406865696 20.39583511524751 1.7862118469413455
    vertex 11.830034690332864 20.268462076567175 1.7862332465043205
  endloop
endfacet
facet normal 0.5935049451872905 0.07810665430903625 0.8010313543119771
  outer loop
    vertex 6.635114743848019 21.500026318467587 2.7076053645798113
    vertex 7.804041497933242 21.84942291302113 1.807445780719611
    vertex 6.6305147296158795 21.534966889552845 2.7076009969378525
  endloop
endfacet
facet normal 0.5935049451872905 0.07810665430903625 0.8010313543119771
  outer loop
    vertex 7.804041497933242 21.84942291302113 1.807445780719611
    vertex 6.635114743848019 21.500026318467587 2.7076053645798113
    vertex 7.850041632100865 21.50001720216858 1.8074322357976598
  endloop
endfacet
facet normal 0.793353340236972 -0.6087614285648035 -2.5031566596711767e-05
  outer loop
    vertex 7.4545916226224085 20.545433948133496 0.14257700624378383
    vertex 7.6691759274523745 20.825017202237838 1.8074279763018992
    vertex 7.4546357875133555 20.54542304766468 1.807437552005687
  endloop
endfacet
facet normal 0.793353340236972 -0.6087614285648035 -2.5031566596711767e-05
  outer loop
    vertex 7.6691759274523745 20.825017202237838 1.8074279763018992
    vertex 7.4545916226224085 20.545433948133496 0.14257700624378383
    vertex 7.66913176307965 20.825028102706653 0.14257737547208565
  endloop
endfacet
facet normal 0.5530580734115021 -0.22908078214121194 0.8010298138570924
  outer loop
    vertex 7.6691759274523745 20.825017202237838 1.8074279763018992
    vertex 6.630514730486045 21.465085747382332 2.707605405743923
    vertex 6.617028172838695 21.432526318474515 2.7076011176249275
  endloop
endfacet
facet normal 0.5530580734115021 -0.22908078214121194 0.8010298138570924
  outer loop
    vertex 6.630514730486045 21.465085747382332 2.707605405743923
    vertex 7.6691759274523745 20.825017202237838 1.8074279763018992
    vertex 7.804041497557126 21.150611491316024 1.8074261630423443
  endloop
endfacet
facet normal 0.3644376861893073 0.47484358299210494 0.8010672534664015
  outer loop
    vertex 6.595574155144711 21.59548573391798 2.7075807473688567
    vertex 7.17504163499107 22.669151497157614 1.8075198796128205
    vertex 6.567614737313859 21.616939747966494 2.7075662454164773
  endloop
endfacet
facet normal 0.3644376861893073 0.47484358299210494 0.8010672534664015
  outer loop
    vertex 7.17504163499107 22.669151497157614 1.8075198796128205
    vertex 6.595574155144711 21.59548573391798 2.7075807473688567
    vertex 7.454635788540915 22.454611356672473 1.8074911484967084
  endloop
endfacet
facet normal -0.13052619199584053 0.9914448613533641 9.95358045651395e-06
  outer loop
    vertex 6.150591757035764 22.804027967993843 0.14261027260939105
    vertex 6.500041637349369 22.850017202030063 1.807579779842727
    vertex 6.499997467884225 22.85002810249888 0.14260720127953738
  endloop
endfacet
facet normal -0.13052619199584053 0.9914448613533641 9.95358045651395e-06
  outer loop
    vertex 6.500041637349369 22.850017202030063 1.807579779842727
    vertex 6.150591757035764 22.804027967993843 0.14261027260939105
    vertex 6.150635927606563 22.804017067525027 1.807606866854843
  endloop
endfacet
facet normal -0.22898290250545916 0.5529383869918668 0.8011404187475554
  outer loop
    vertex 6.43261472715717 21.616939747966494 2.7075027592424354
    vertex 6.150635927606563 22.804017067525027 1.807606866854843
    vertex 5.825041639512976 22.669151497157614 1.8076295252156405
  endloop
endfacet
facet normal -0.22898290250545916 0.5529383869918668 0.8011404187475554
  outer loop
    vertex 6.150635927606563 22.804017067525027 1.807606866854843
    vertex 6.43261472715717 21.616939747966494 2.7075027592424354
    vertex 6.465174158349999 21.630426305003233 2.7075172200307005
  endloop
endfacet
endsolid Dabo_109085Per
