solid 7931_KnPin
facet normal 0.23344536385590384 -0.972369920397677 -9.657871854494403e-16
  outer loop
    vertex 5.3006577808748165 1.0164078445964502 30.49999999999998
    vertex 4.781877181136776 0.8918596419765342 1.500000000000028
    vertex 5.300657780874828 1.0164078445964728 1.5000000000000195
  endloop
endfacet
facet normal 0.23344536385590384 -0.972369920397677 -9.657871854494403e-16
  outer loop
    vertex 4.781877181136776 0.8918596419765342 1.500000000000028
    vertex 5.3006577808748165 1.0164078445964502 30.49999999999998
    vertex 4.781877181136783 0.8918596419765004 30.50000000000001
  endloop
endfacet
facet normal -0.07845909572784034 0.9969173337331283 8.973148487145883e-16
  outer loop
    vertex 3.7181228188632134 7.608140358023447 1.500000000000028
    vertex 4.2500000000000036 7.649999999999955 30.50000000000001
    vertex 4.250000000000009 7.649999999999989 1.500000000000025
  endloop
endfacet
facet normal -0.07845909572784034 0.9969173337331283 8.973148487145883e-16
  outer loop
    vertex 4.2500000000000036 7.649999999999955 30.50000000000001
    vertex 3.7181228188632134 7.608140358023447 1.500000000000028
    vertex 3.7181228188632076 7.60814035802343 30.49999999999999
  endloop
endfacet
facet normal 0.3826834323650913 0.9238795325112862 1.5500262051886687e-15
  outer loop
    vertex 5.3006577808748165 7.483592155403477 30.5
    vertex 5.793567699114467 7.279422182240447 1.5000000000000222
    vertex 5.300657780874833 7.483592155403517 1.5000000000000195
  endloop
endfacet
facet normal 0.3826834323650913 0.9238795325112862 1.5500262051886687e-15
  outer loop
    vertex 5.793567699114467 7.279422182240447 1.5000000000000222
    vertex 5.3006577808748165 7.483592155403477 30.5
    vertex 5.79356769911445 7.279422182240407 30.5
  endloop
endfacet
facet normal 0.23344536385590883 0.9723699203976759 1.3303011825181067e-15
  outer loop
    vertex 4.781877181136793 7.608140358023459 1.500000000000025
    vertex 5.3006577808748165 7.483592155403477 30.5
    vertex 5.300657780874833 7.483592155403517 1.5000000000000195
  endloop
endfacet
facet normal 0.23344536385590883 0.9723699203976759 1.3303011825181067e-15
  outer loop
    vertex 5.3006577808748165 7.483592155403477 30.5
    vertex 4.781877181136793 7.608140358023459 1.500000000000025
    vertex 4.781877181136776 7.60814035802343 30.50000000000001
  endloop
endfacet
facet normal 0.5224985647159419 0.8526401643540966 1.22033653229368e-15
  outer loop
    vertex 5.79356769911445 7.279422182240407 30.5
    vertex 6.248469857794413 7.0006577808748105 1.500000000000025
    vertex 5.793567699114467 7.279422182240447 1.5000000000000222
  endloop
endfacet
facet normal 0.5224985647159419 0.8526401643540966 1.22033653229368e-15
  outer loop
    vertex 6.248469857794413 7.0006577808748105 1.500000000000025
    vertex 5.79356769911445 7.279422182240407 30.5
    vertex 6.248469857794403 7.000657780874788 30.50000000000001
  endloop
endfacet
facet normal 0.07845909572783613 0.9969173337331287 1.148221056823129e-15
  outer loop
    vertex 4.2500000000000036 7.649999999999955 30.50000000000001
    vertex 4.781877181136793 7.608140358023459 1.500000000000025
    vertex 4.250000000000009 7.649999999999989 1.500000000000025
  endloop
endfacet
facet normal 0.07845909572783613 0.9969173337331287 1.148221056823129e-15
  outer loop
    vertex 4.781877181136793 7.608140358023459 1.500000000000025
    vertex 4.2500000000000036 7.649999999999955 30.50000000000001
    vertex 4.781877181136776 7.60814035802343 30.50000000000001
  endloop
endfacet
facet normal 0.7604059656000236 0.6494480483301923 6.724404199623454e-16
  outer loop
    vertex 7.000657780874825 6.248469857794399 1.5000000000000335
    vertex 6.654163056034255 6.654163056034227 30.50000000000001
    vertex 7.000657780874825 6.248469857794372 30.49999999999999
  endloop
endfacet
facet normal 0.7604059656000236 0.6494480483301923 6.724404199623454e-16
  outer loop
    vertex 6.654163056034255 6.654163056034227 30.50000000000001
    vertex 7.000657780874825 6.248469857794399 1.5000000000000335
    vertex 6.65416305603426 6.654163056034249 1.5000000000000222
  endloop
endfacet
facet normal 0.9969173337331283 0.07845909572784146 5.096989226208931e-16
  outer loop
    vertex 7.650000000000003 4.250000000000001 1.5000000000000364
    vertex 7.608140358023461 4.7818771811367515 30.49999999999999
    vertex 7.6499999999999915 4.249999999999961 30.500000000000036
  endloop
endfacet
facet normal 0.9969173337331283 0.07845909572784146 5.096989226208931e-16
  outer loop
    vertex 7.608140358023461 4.7818771811367515 30.49999999999999
    vertex 7.650000000000003 4.250000000000001 1.5000000000000364
    vertex 7.608140358023473 4.781877181136785 1.500000000000028
  endloop
endfacet
facet normal -0.6494480483301882 -0.760405965600027 -7.074544513996291e-16
  outer loop
    vertex 2.2515301422055907 1.4993422191251513 30.500000000000036
    vertex 1.8458369439657467 1.8458369439657354 1.5000000000000364
    vertex 2.2515301422055933 1.4993422191251684 1.5000000000000335
  endloop
endfacet
facet normal -0.6494480483301882 -0.760405965600027 -7.074544513996291e-16
  outer loop
    vertex 1.8458369439657467 1.8458369439657354 1.5000000000000364
    vertex 2.2515301422055907 1.4993422191251513 30.500000000000036
    vertex 1.8458369439657354 1.8458369439657127 30.499999999999943
  endloop
endfacet
facet normal 0.649448048330188 -0.7604059656000272 -6.422236800143705e-16
  outer loop
    vertex 6.654163056034255 1.8458369439657072 30.5
    vertex 6.248469857794408 1.499342219125174 1.5000000000000306
    vertex 6.65416305603426 1.8458369439657296 1.5000000000000082
  endloop
endfacet
facet normal 0.649448048330188 -0.7604059656000272 -6.422236800143705e-16
  outer loop
    vertex 6.248469857794408 1.499342219125174 1.5000000000000306
    vertex 6.654163056034255 1.8458369439657072 30.5
    vertex 6.248469857794403 1.4993422191251402 30.49999999999999
  endloop
endfacet
facet normal 0.7604059656000269 -0.6494480483301882 -5.057060067788739e-16
  outer loop
    vertex 6.65416305603426 1.8458369439657296 1.5000000000000082
    vertex 7.000657780874819 2.251530142205557 30.50000000000001
    vertex 6.654163056034255 1.8458369439657072 30.5
  endloop
endfacet
facet normal 0.7604059656000269 -0.6494480483301882 -5.057060067788739e-16
  outer loop
    vertex 7.000657780874819 2.251530142205557 30.50000000000001
    vertex 6.65416305603426 1.8458369439657296 1.5000000000000082
    vertex 7.000657780874825 2.2515301422055907 1.500000000000011
  endloop
endfacet
facet normal 0.9723699203976776 0.233445363855902 5.584206875314056e-16
  outer loop
    vertex 7.608140358023473 4.781877181136785 1.500000000000028
    vertex 7.48359215540352 5.3006577808747855 30.50000000000001
    vertex 7.608140358023461 4.7818771811367515 30.49999999999999
  endloop
endfacet
facet normal 0.9723699203976776 0.233445363855902 5.584206875314056e-16
  outer loop
    vertex 7.48359215540352 5.3006577808747855 30.50000000000001
    vertex 7.608140358023473 4.781877181136785 1.500000000000028
    vertex 7.483592155403525 5.300657780874814 1.500000000000042
  endloop
endfacet
facet normal 0.9723699203976799 -0.23344536385589199 1.820292714003498e-16
  outer loop
    vertex 7.483592155403537 3.1993422191251764 1.5000000000000167
    vertex 7.608140358023461 3.7181228188631823 30.5
    vertex 7.48359215540352 3.1993422191251484 30.50000000000002
  endloop
endfacet
facet normal 0.9723699203976799 -0.23344536385589199 1.820292714003498e-16
  outer loop
    vertex 7.608140358023461 3.7181228188631823 30.5
    vertex 7.483592155403537 3.1993422191251764 1.5000000000000167
    vertex 7.608140358023467 3.718122818863205 1.500000000000042
  endloop
endfacet
facet normal 0.3826834323650797 -0.9238795325112908 -6.353628453230745e-16
  outer loop
    vertex 5.793567699114461 1.2205778177595377 1.5000000000000306
    vertex 5.3006577808748165 1.0164078445964502 30.49999999999998
    vertex 5.300657780874828 1.0164078445964728 1.5000000000000195
  endloop
endfacet
facet normal 0.3826834323650797 -0.9238795325112908 -6.353628453230745e-16
  outer loop
    vertex 5.3006577808748165 1.0164078445964502 30.49999999999998
    vertex 5.793567699114461 1.2205778177595377 1.5000000000000306
    vertex 5.793567699114456 1.220577817759515 30.50000000000002
  endloop
endfacet
facet normal 0.9238795325112867 0.3826834323650901 5.002307277158405e-16
  outer loop
    vertex 7.483592155403525 5.300657780874814 1.500000000000042
    vertex 7.27942218224045 5.7935676991144245 30.49999999999999
    vertex 7.48359215540352 5.3006577808747855 30.50000000000001
  endloop
endfacet
facet normal 0.9238795325112867 0.3826834323650901 5.002307277158405e-16
  outer loop
    vertex 7.27942218224045 5.7935676991144245 30.49999999999999
    vertex 7.483592155403525 5.300657780874814 1.500000000000042
    vertex 7.279422182240455 5.793567699114441 1.500000000000042
  endloop
endfacet
facet normal 0.6494480483301879 0.7604059656000274 8.171311905083287e-16
  outer loop
    vertex 6.248469857794413 7.0006577808748105 1.500000000000025
    vertex 6.654163056034255 6.654163056034227 30.50000000000001
    vertex 6.65416305603426 6.654163056034249 1.5000000000000222
  endloop
endfacet
facet normal 0.6494480483301879 0.7604059656000274 8.171311905083287e-16
  outer loop
    vertex 6.654163056034255 6.654163056034227 30.50000000000001
    vertex 6.248469857794413 7.0006577808748105 1.500000000000025
    vertex 6.248469857794403 7.000657780874788 30.50000000000001
  endloop
endfacet
facet normal 0.9238795325112852 -0.38268343236509356 -1.3515506376790063e-17
  outer loop
    vertex 7.279422182240455 2.7064323008855373 1.5000000000000195
    vertex 7.48359215540352 3.1993422191251484 30.50000000000002
    vertex 7.27942218224045 2.7064323008855093 30.50000000000001
  endloop
endfacet
facet normal 0.9238795325112852 -0.38268343236509356 -1.3515506376790063e-17
  outer loop
    vertex 7.48359215540352 3.1993422191251484 30.50000000000002
    vertex 7.279422182240455 2.7064323008855373 1.5000000000000195
    vertex 7.483592155403537 3.1993422191251764 1.5000000000000167
  endloop
endfacet
facet normal -0.760405965600033 -0.6494480483301811 -6.949686811040363e-16
  outer loop
    vertex 1.4993422191251795 2.251530142205568 30.50000000000001
    vertex 1.8458369439657467 1.8458369439657354 1.5000000000000364
    vertex 1.8458369439657354 1.8458369439657127 30.499999999999943
  endloop
endfacet
facet normal -0.760405965600033 -0.6494480483301811 -6.949686811040363e-16
  outer loop
    vertex 1.8458369439657467 1.8458369439657354 1.5000000000000364
    vertex 1.4993422191251795 2.251530142205568 30.50000000000001
    vertex 1.4993422191251853 2.251530142205585 1.500000000000028
  endloop
endfacet
facet normal -0.8526401643540983 -0.522498564715939 1.78243791882477e-15
  outer loop
    vertex 0.81167777390648 1.7519126777569909 1.5000000000000053
    vertex 0.4632222721994473 2.320540376106931 2.8199664825478975e-15
    vertex 0.8116777739064771 1.7519126777569851 3.101963130802687e-14
  endloop
endfacet
facet normal -0.8526401643540983 -0.522498564715939 1.78243791882477e-15
  outer loop
    vertex 0.4632222721994473 2.320540376106931 2.8199664825478975e-15
    vertex 0.81167777390648 1.7519126777569909 1.5000000000000053
    vertex 0.4632222721994473 2.320540376106931 1.5000000000000138
  endloop
endfacet
facet normal 0.9723699203976747 0.2334453638559138 -2.270485822691721e-15
  outer loop
    vertex 8.291990194254403 5.563322226093517 3.947953075567056e-14
    vertex 8.447675447529342 4.9148464764209825 1.5000000000000167
    vertex 8.44767544752933 4.914846476420971 3.101963130802687e-14
  endloop
endfacet
facet normal 0.9723699203976747 0.2334453638559138 -2.270485822691721e-15
  outer loop
    vertex 8.447675447529342 4.9148464764209825 1.5000000000000167
    vertex 8.291990194254403 5.563322226093517 3.947953075567056e-14
    vertex 8.291990194254396 5.563322226093511 1.5000000000000335
  endloop
endfacet
facet normal 0.07845909572784443 -0.9969173337331281 4.117463426207165e-15
  outer loop
    vertex 4.914846476420985 0.05232455247065841 3.665956427312267e-14
    vertex 4.250000000000001 0.0 1.4999999999999913
    vertex 4.250000000000009 0.0 1.6919798895287383e-14
  endloop
endfacet
facet normal 0.07845909572784443 -0.9969173337331281 4.117463426207165e-15
  outer loop
    vertex 4.250000000000001 0.0 1.4999999999999913
    vertex 4.914846476420985 0.05232455247065841 3.665956427312267e-14
    vertex 4.91484647642098 0.052324552470669694 1.500000000000011
  endloop
endfacet
facet normal -1.424639655935667e-17 7.08963075318139e-16 -1.0
  outer loop
    vertex 0.05232455247067533 4.9148464764209825 5.639932965095795e-15
    vertex 0.05232455247067533 3.585153523579024 1.4099832412739488e-14
    vertex 1.127986593019159e-14 4.250000000000001 1.127986593019159e-14
  endloop
endfacet
facet normal -1.424639655935667e-17 7.08963075318139e-16 -1.0
  outer loop
    vertex 0.05232455247067533 3.585153523579024 1.4099832412739488e-14
    vertex 0.05232455247067533 4.9148464764209825 5.639932965095795e-15
    vertex 0.2080098057456091 5.563322226093528 8.459899447643692e-15
  endloop
endfacet
facet normal -1.424639655935667e-17 7.08963075318139e-16 -1.0
  outer loop
    vertex 0.05232455247067533 3.585153523579024 1.4099832412739488e-14
    vertex 0.2080098057456091 5.563322226093528 8.459899447643692e-15
    vertex 0.2080098057455978 2.936677773906468 1.6919798895287383e-14
  endloop
endfacet
facet normal -1.424639655935667e-17 7.08963075318139e-16 -1.0
  outer loop
    vertex 0.2080098057455978 2.936677773906468 1.6919798895287383e-14
    vertex 0.2080098057456091 5.563322226093528 8.459899447643692e-15
    vertex 0.4632222721994473 2.320540376106931 2.8199664825478975e-15
  endloop
endfacet
facet normal -1.424639655935667e-17 7.08963075318139e-16 -1.0
  outer loop
    vertex 0.4632222721994473 2.320540376106931 2.8199664825478975e-15
    vertex 0.2080098057456091 5.563322226093528 8.459899447643692e-15
    vertex 0.4632222721994417 6.179459623893064 4.2299497238218464e-14
  endloop
endfacet
facet normal -1.424639655935667e-17 7.08963075318139e-16 -1.0
  outer loop
    vertex 0.4632222721994473 2.320540376106931 2.8199664825478975e-15
    vertex 0.4632222721994417 6.179459623893064 4.2299497238218464e-14
    vertex 0.8116777739064855 6.748087322242999 2.6789681584205025e-14
  endloop
endfacet
facet normal -1.424639655935667e-17 7.08963075318139e-16 -1.0
  outer loop
    vertex 0.4632222721994473 2.320540376106931 2.8199664825478975e-15
    vertex 0.8116777739064855 6.748087322242999 2.6789681584205025e-14
    vertex 0.8116777739064771 1.7519126777569851 3.101963130802687e-14
  endloop
endfacet
facet normal -1.424639655935667e-17 7.08963075318139e-16 -1.0
  outer loop
    vertex 0.8116777739064771 1.7519126777569851 3.101963130802687e-14
    vertex 0.8116777739064855 6.748087322242999 2.6789681584205025e-14
    vertex 1.2447961799571774 1.2447961799571718 1.6919798895287383e-14
  endloop
endfacet
facet normal -1.424639655935667e-17 7.08963075318139e-16 -1.0
  outer loop
    vertex 1.2447961799571774 1.2447961799571718 1.6919798895287383e-14
    vertex 0.8116777739064855 6.748087322242999 2.6789681584205025e-14
    vertex 1.2447961799571887 7.25520382004283 1.127986593019159e-14
  endloop
endfacet
facet normal -1.424639655935667e-17 7.08963075318139e-16 -1.0
  outer loop
    vertex 1.2447961799571774 1.2447961799571718 1.6919798895287383e-14
    vertex 1.2447961799571887 7.25520382004283 1.127986593019159e-14
    vertex 1.7519126777569938 0.811677773906463 1.973976537783528e-14
  endloop
endfacet
facet normal -1.424639655935667e-17 7.08963075318139e-16 -1.0
  outer loop
    vertex 1.7519126777569938 0.811677773906463 1.973976537783528e-14
    vertex 1.2447961799571887 7.25520382004283 1.127986593019159e-14
    vertex 1.7519126777569964 7.6883222260935185 3.665956427312267e-14
  endloop
endfacet
facet normal -1.424639655935667e-17 7.08963075318139e-16 -1.0
  outer loop
    vertex 1.7519126777569938 0.811677773906463 1.973976537783528e-14
    vertex 1.7519126777569964 7.6883222260935185 3.665956427312267e-14
    vertex 2.3205403761069285 0.46322227219943035 1.973976537783528e-14
  endloop
endfacet
facet normal -1.424639655935667e-17 7.08963075318139e-16 -1.0
  outer loop
    vertex 2.3205403761069285 0.46322227219943035 1.973976537783528e-14
    vertex 1.7519126777569964 7.6883222260935185 3.665956427312267e-14
    vertex 2.320540376106931 8.036777727800551 3.8069547514396615e-14
  endloop
endfacet
facet normal -1.424639655935667e-17 7.08963075318139e-16 -1.0
  outer loop
    vertex 2.3205403761069285 0.46322227219943035 1.973976537783528e-14
    vertex 2.320540376106931 8.036777727800551 3.8069547514396615e-14
    vertex 2.936677773906476 0.20800980574558653 1.973976537783528e-14
  endloop
endfacet
facet normal -1.424639655935667e-17 7.08963075318139e-16 -1.0
  outer loop
    vertex 2.936677773906476 0.20800980574558653 1.973976537783528e-14
    vertex 2.320540376106931 8.036777727800551 3.8069547514396615e-14
    vertex 2.936677773906493 8.291990194254407 2.255973186038318e-14
  endloop
endfacet
facet normal -1.424639655935667e-17 7.08963075318139e-16 -1.0
  outer loop
    vertex 2.936677773906476 0.20800980574558653 1.973976537783528e-14
    vertex 2.936677773906493 8.291990194254407 2.255973186038318e-14
    vertex 3.585153523579024 0.052324552470669694 3.101963130802687e-14
  endloop
endfacet
facet normal -1.424639655935667e-17 7.08963075318139e-16 -1.0
  outer loop
    vertex 3.585153523579024 0.052324552470669694 3.101963130802687e-14
    vertex 2.936677773906493 8.291990194254407 2.255973186038318e-14
    vertex 3.585153523579033 8.447675447529322 2.255973186038318e-14
  endloop
endfacet
facet normal -1.424639655935667e-17 7.08963075318139e-16 -1.0
  outer loop
    vertex 3.585153523579024 0.052324552470669694 3.101963130802687e-14
    vertex 3.585153523579033 8.447675447529322 2.255973186038318e-14
    vertex 4.250000000000009 0.0 1.6919798895287383e-14
  endloop
endfacet
facet normal -1.424639655935667e-17 7.08963075318139e-16 -1.0
  outer loop
    vertex 4.250000000000009 0.0 1.6919798895287383e-14
    vertex 3.585153523579033 8.447675447529322 2.255973186038318e-14
    vertex 4.250000000000009 8.499999999999993 1.973976537783528e-14
  endloop
endfacet
facet normal -1.424639655935667e-17 7.08963075318139e-16 -1.0
  outer loop
    vertex 4.250000000000009 0.0 1.6919798895287383e-14
    vertex 4.250000000000009 8.499999999999993 1.973976537783528e-14
    vertex 4.914846476420997 8.44767544752933 1.4099832412739488e-14
  endloop
endfacet
facet normal -1.424639655935667e-17 7.08963075318139e-16 -1.0
  outer loop
    vertex 4.250000000000009 0.0 1.6919798895287383e-14
    vertex 4.914846476420997 8.44767544752933 1.4099832412739488e-14
    vertex 4.914846476420985 0.05232455247065841 3.665956427312267e-14
  endloop
endfacet
facet normal -1.424639655935667e-17 7.08963075318139e-16 -1.0
  outer loop
    vertex 4.914846476420985 0.05232455247065841 3.665956427312267e-14
    vertex 4.914846476420997 8.44767544752933 1.4099832412739488e-14
    vertex 5.563322226093536 0.2080098057455978 0.0
  endloop
endfacet
facet normal -1.424639655935667e-17 7.08963075318139e-16 -1.0
  outer loop
    vertex 5.563322226093536 0.2080098057455978 0.0
    vertex 4.914846476420997 8.44767544752933 1.4099832412739488e-14
    vertex 5.563322226093531 8.291990194254401 1.4099832412739488e-14
  endloop
endfacet
facet normal -1.424639655935667e-17 7.08963075318139e-16 -1.0
  outer loop
    vertex 5.563322226093536 0.2080098057455978 0.0
    vertex 5.563322226093531 8.291990194254401 1.4099832412739488e-14
    vertex 6.179459623893078 8.036777727800562 1.127986593019159e-14
  endloop
endfacet
facet normal -1.424639655935667e-17 7.08963075318139e-16 -1.0
  outer loop
    vertex 5.563322226093536 0.2080098057455978 0.0
    vertex 6.179459623893078 8.036777727800562 1.127986593019159e-14
    vertex 6.179459623893073 0.4632222721994417 1.8329782136561334e-14
  endloop
endfacet
facet normal -1.424639655935667e-17 7.08963075318139e-16 -1.0
  outer loop
    vertex 6.179459623893073 0.4632222721994417 1.8329782136561334e-14
    vertex 6.179459623893078 8.036777727800562 1.127986593019159e-14
    vertex 6.748087322243011 0.8116777739064743 1.127986593019159e-14
  endloop
endfacet
facet normal -1.424639655935667e-17 7.08963075318139e-16 -1.0
  outer loop
    vertex 6.748087322243011 0.8116777739064743 1.127986593019159e-14
    vertex 6.179459623893078 8.036777727800562 1.127986593019159e-14
    vertex 6.7480873222430215 7.688322226093524 1.4099832412739488e-14
  endloop
endfacet
facet normal -1.424639655935667e-17 7.08963075318139e-16 -1.0
  outer loop
    vertex 6.748087322243011 0.8116777739064743 1.127986593019159e-14
    vertex 6.7480873222430215 7.688322226093524 1.4099832412739488e-14
    vertex 7.255203820042838 1.2447961799571663 5.639932965095795e-15
  endloop
endfacet
facet normal -1.424639655935667e-17 7.08963075318139e-16 -1.0
  outer loop
    vertex 7.255203820042838 1.2447961799571663 5.639932965095795e-15
    vertex 6.7480873222430215 7.688322226093524 1.4099832412739488e-14
    vertex 7.255203820042833 7.255203820042812 3.947953075567056e-14
  endloop
endfacet
facet normal -1.424639655935667e-17 7.08963075318139e-16 -1.0
  outer loop
    vertex 7.255203820042838 1.2447961799571663 5.639932965095795e-15
    vertex 7.255203820042833 7.255203820042812 3.947953075567056e-14
    vertex 7.688322226093533 6.748087322242999 2.3969715101657127e-14
  endloop
endfacet
facet normal -1.424639655935667e-17 7.08963075318139e-16 -1.0
  outer loop
    vertex 7.255203820042838 1.2447961799571663 5.639932965095795e-15
    vertex 7.688322226093533 6.748087322242999 2.3969715101657127e-14
    vertex 7.688322226093527 1.7519126777569964 8.459899447643692e-15
  endloop
endfacet
facet normal -1.424639655935667e-17 7.08963075318139e-16 -1.0
  outer loop
    vertex 7.688322226093527 1.7519126777569964 8.459899447643692e-15
    vertex 7.688322226093533 6.748087322242999 2.3969715101657127e-14
    vertex 8.036777727800558 2.320540376106926 7.049916206369744e-15
  endloop
endfacet
facet normal -1.424639655935667e-17 7.08963075318139e-16 -1.0
  outer loop
    vertex 8.036777727800558 2.320540376106926 7.049916206369744e-15
    vertex 7.688322226093533 6.748087322242999 2.3969715101657127e-14
    vertex 8.036777727800569 6.1794596238930755 1.4099832412739488e-14
  endloop
endfacet
facet normal -1.424639655935667e-17 7.08963075318139e-16 -1.0
  outer loop
    vertex 8.036777727800558 2.320540376106926 7.049916206369744e-15
    vertex 8.036777727800569 6.1794596238930755 1.4099832412739488e-14
    vertex 8.291990194254403 2.936677773906468 4.088951399694451e-14
  endloop
endfacet
facet normal -1.424639655935667e-17 7.08963075318139e-16 -1.0
  outer loop
    vertex 8.291990194254403 2.936677773906468 4.088951399694451e-14
    vertex 8.036777727800569 6.1794596238930755 1.4099832412739488e-14
    vertex 8.291990194254403 5.563322226093517 3.947953075567056e-14
  endloop
endfacet
facet normal -1.424639655935667e-17 7.08963075318139e-16 -1.0
  outer loop
    vertex 8.291990194254403 2.936677773906468 4.088951399694451e-14
    vertex 8.291990194254403 5.563322226093517 3.947953075567056e-14
    vertex 8.44767544752933 4.914846476420971 3.101963130802687e-14
  endloop
endfacet
facet normal -1.424639655935667e-17 7.08963075318139e-16 -1.0
  outer loop
    vertex 8.291990194254403 2.936677773906468 4.088951399694451e-14
    vertex 8.44767544752933 4.914846476420971 3.101963130802687e-14
    vertex 8.44767544752933 3.585153523579013 1.4099832412739488e-14
  endloop
endfacet
facet normal -1.424639655935667e-17 7.08963075318139e-16 -1.0
  outer loop
    vertex 8.44767544752933 3.585153523579013 1.4099832412739488e-14
    vertex 8.44767544752933 4.914846476420971 3.101963130802687e-14
    vertex 8.5 4.250000000000001 2.8199664825478975e-15
  endloop
endfacet
facet normal 0.8526401643540867 0.5224985647159577 -3.2016799343861116e-15
  outer loop
    vertex 7.688322226093533 6.748087322242999 2.3969715101657127e-14
    vertex 8.036777727800576 6.1794596238930755 1.5000000000000167
    vertex 8.036777727800569 6.1794596238930755 1.4099832412739488e-14
  endloop
endfacet
facet normal 0.8526401643540867 0.5224985647159577 -3.2016799343861116e-15
  outer loop
    vertex 8.036777727800576 6.1794596238930755 1.5000000000000167
    vertex 7.688322226093533 6.748087322242999 2.3969715101657127e-14
    vertex 7.688322226093538 6.748087322242999 1.5000000000000364
  endloop
endfacet
facet normal -0.23344536385589282 0.9723699203976797 -1.3137077240360451e-15
  outer loop
    vertex 2.9366777739064847 8.291990194254401 1.5000000000000167
    vertex 3.585153523579033 8.447675447529322 2.255973186038318e-14
    vertex 2.936677773906493 8.291990194254407 2.255973186038318e-14
  endloop
endfacet
facet normal -0.23344536385589282 0.9723699203976797 -1.3137077240360451e-15
  outer loop
    vertex 3.585153523579033 8.447675447529322 2.255973186038318e-14
    vertex 2.9366777739064847 8.291990194254401 1.5000000000000167
    vertex 3.585153523579024 8.44767544752933 1.5000000000000195
  endloop
endfacet
facet normal 0.9238795325112964 0.3826834323650664 7.210199584790053e-16
  outer loop
    vertex 8.291990194254403 5.563322226093517 3.947953075567056e-14
    vertex 8.036777727800576 6.1794596238930755 1.5000000000000167
    vertex 8.291990194254396 5.563322226093511 1.5000000000000335
  endloop
endfacet
facet normal 0.9238795325112964 0.3826834323650664 7.210199584790053e-16
  outer loop
    vertex 8.036777727800576 6.1794596238930755 1.5000000000000167
    vertex 8.291990194254403 5.563322226093517 3.947953075567056e-14
    vertex 8.036777727800569 6.1794596238930755 1.4099832412739488e-14
  endloop
endfacet
facet normal -0.7604059656000305 -0.6494480483301844 2.6534849239001356e-15
  outer loop
    vertex 0.81167777390648 1.7519126777569909 1.5000000000000053
    vertex 1.2447961799571774 1.2447961799571718 1.6919798895287383e-14
    vertex 1.2447961799571803 1.2447961799571718 1.499999999999994
  endloop
endfacet
facet normal -0.7604059656000305 -0.6494480483301844 2.6534849239001356e-15
  outer loop
    vertex 1.2447961799571774 1.2447961799571718 1.6919798895287383e-14
    vertex 0.81167777390648 1.7519126777569909 1.5000000000000053
    vertex 0.8116777739064771 1.7519126777569851 3.101963130802687e-14
  endloop
endfacet
facet normal -0.6494480483301839 -0.7604059656000307 5.710695763594249e-15
  outer loop
    vertex 1.7519126777569938 0.811677773906463 1.973976537783528e-14
    vertex 1.2447961799571803 1.2447961799571718 1.499999999999994
    vertex 1.2447961799571774 1.2447961799571718 1.6919798895287383e-14
  endloop
endfacet
facet normal -0.6494480483301839 -0.7604059656000307 5.710695763594249e-15
  outer loop
    vertex 1.2447961799571803 1.2447961799571718 1.499999999999994
    vertex 1.7519126777569938 0.811677773906463 1.973976537783528e-14
    vertex 1.7519126777569909 0.8116777739064855 1.4999999999999913
  endloop
endfacet
facet normal 0.233445363855898 -0.9723699203976784 1.3157143593333885e-15
  outer loop
    vertex 5.563322226093526 0.20800980574558653 1.5000000000000195
    vertex 4.914846476420985 0.05232455247065841 3.665956427312267e-14
    vertex 5.563322226093536 0.2080098057455978 0.0
  endloop
endfacet
facet normal 0.233445363855898 -0.9723699203976784 1.3157143593333885e-15
  outer loop
    vertex 4.914846476420985 0.05232455247065841 3.665956427312267e-14
    vertex 5.563322226093526 0.20800980574558653 1.5000000000000195
    vertex 4.91484647642098 0.052324552470669694 1.500000000000011
  endloop
endfacet
facet normal 0.07845909572784815 0.9969173337331279 1.872849180871651e-15
  outer loop
    vertex 4.250000000000009 8.499999999999993 1.973976537783528e-14
    vertex 4.914846476420991 8.447675447529322 1.500000000000025
    vertex 4.914846476420997 8.44767544752933 1.4099832412739488e-14
  endloop
endfacet
facet normal 0.07845909572784815 0.9969173337331279 1.872849180871651e-15
  outer loop
    vertex 4.914846476420991 8.447675447529322 1.500000000000025
    vertex 4.250000000000009 8.499999999999993 1.973976537783528e-14
    vertex 4.250000000000015 8.499999999999993 1.5000000000000167
  endloop
endfacet
facet normal -0.5224985647159476 0.852640164354093 -2.225549099809809e-15
  outer loop
    vertex 1.7519126777570022 7.688322226093524 1.5000000000000195
    vertex 2.320540376106931 8.036777727800551 3.8069547514396615e-14
    vertex 1.7519126777569964 7.6883222260935185 3.665956427312267e-14
  endloop
endfacet
facet normal -0.5224985647159476 0.852640164354093 -2.225549099809809e-15
  outer loop
    vertex 2.320540376106931 8.036777727800551 3.8069547514396615e-14
    vertex 1.7519126777570022 7.688322226093524 1.5000000000000195
    vertex 2.320540376106931 8.036777727800557 1.500000000000025
  endloop
endfacet
facet normal 0.7604059656000304 0.6494480483301843 -4.076676660690741e-15
  outer loop
    vertex 7.255203820042833 7.255203820042812 3.947953075567056e-14
    vertex 7.688322226093538 6.748087322242999 1.5000000000000364
    vertex 7.688322226093533 6.748087322242999 2.3969715101657127e-14
  endloop
endfacet
facet normal 0.7604059656000304 0.6494480483301843 -4.076676660690741e-15
  outer loop
    vertex 7.688322226093538 6.748087322242999 1.5000000000000364
    vertex 7.255203820042833 7.255203820042812 3.947953075567056e-14
    vertex 7.255203820042838 7.255203820042818 1.500000000000028
  endloop
endfacet
facet normal -0.07845909572785253 -0.9969173337331274 -2.2145382600332742e-16
  outer loop
    vertex 4.250000000000001 0.0 1.4999999999999913
    vertex 3.585153523579024 0.052324552470669694 3.101963130802687e-14
    vertex 4.250000000000009 0.0 1.6919798895287383e-14
  endloop
endfacet
facet normal -0.07845909572785253 -0.9969173337331274 -2.2145382600332742e-16
  outer loop
    vertex 3.585153523579024 0.052324552470669694 3.101963130802687e-14
    vertex 4.250000000000001 0.0 1.4999999999999913
    vertex 3.585153523579024 0.052324552470669694 1.4999999999999998
  endloop
endfacet
facet normal 0.6494480483301843 0.7604059656000304 2.858612446568217e-15
  outer loop
    vertex 6.748087322243016 7.688322226093507 1.500000000000028
    vertex 7.255203820042833 7.255203820042812 3.947953075567056e-14
    vertex 6.7480873222430215 7.688322226093524 1.4099832412739488e-14
  endloop
endfacet
facet normal 0.6494480483301843 0.7604059656000304 2.858612446568217e-15
  outer loop
    vertex 7.255203820042833 7.255203820042812 3.947953075567056e-14
    vertex 6.748087322243016 7.688322226093507 1.500000000000028
    vertex 7.255203820042838 7.255203820042818 1.500000000000028
  endloop
endfacet
facet normal -0.6494480483301815 0.7604059656000327 1.5783948117703435e-18
  outer loop
    vertex 1.2447961799571832 7.255203820042824 1.500000000000025
    vertex 1.7519126777569964 7.6883222260935185 3.665956427312267e-14
    vertex 1.2447961799571887 7.25520382004283 1.127986593019159e-14
  endloop
endfacet
facet normal -0.6494480483301815 0.7604059656000327 1.5783948117703435e-18
  outer loop
    vertex 1.7519126777569964 7.6883222260935185 3.665956427312267e-14
    vertex 1.2447961799571832 7.255203820042824 1.500000000000025
    vertex 1.7519126777570022 7.688322226093524 1.5000000000000195
  endloop
endfacet
facet normal 0.5224985647159561 0.8526401643540878 6.405570361599628e-15
  outer loop
    vertex 6.179459623893084 8.036777727800557 1.500000000000025
    vertex 6.7480873222430215 7.688322226093524 1.4099832412739488e-14
    vertex 6.179459623893078 8.036777727800562 1.127986593019159e-14
  endloop
endfacet
facet normal 0.5224985647159561 0.8526401643540878 6.405570361599628e-15
  outer loop
    vertex 6.7480873222430215 7.688322226093524 1.4099832412739488e-14
    vertex 6.179459623893084 8.036777727800557 1.500000000000025
    vertex 6.748087322243016 7.688322226093507 1.500000000000028
  endloop
endfacet
facet normal -0.3826834323650956 -0.9238795325112844 7.66200945390268e-15
  outer loop
    vertex 2.936677773906479 0.2080098057455978 1.4999999999999998
    vertex 2.3205403761069285 0.46322227219943035 1.973976537783528e-14
    vertex 2.936677773906476 0.20800980574558653 1.973976537783528e-14
  endloop
endfacet
facet normal -0.3826834323650956 -0.9238795325112844 7.66200945390268e-15
  outer loop
    vertex 2.3205403761069285 0.46322227219943035 1.973976537783528e-14
    vertex 2.936677773906479 0.2080098057455978 1.4999999999999998
    vertex 2.320540376106931 0.4632222721994417 1.4999999999999998
  endloop
endfacet
facet normal 0.7604059656000421 -0.6494480483301708 -5.96183912424376e-16
  outer loop
    vertex 7.255203820042838 1.2447961799571663 5.639932965095795e-15
    vertex 7.688322226093521 1.7519126777569796 1.5000000000000335
    vertex 7.255203820042826 1.2447961799571605 1.5000000000000335
  endloop
endfacet
facet normal 0.7604059656000421 -0.6494480483301708 -5.96183912424376e-16
  outer loop
    vertex 7.688322226093521 1.7519126777569796 1.5000000000000335
    vertex 7.255203820042838 1.2447961799571663 5.639932965095795e-15
    vertex 7.688322226093527 1.7519126777569964 8.459899447643692e-15
  endloop
endfacet
facet normal -0.9723699203976782 -0.2334453638558985 9.147939914351949e-16
  outer loop
    vertex 0.20800980574560626 2.936677773906473 1.500000000000011
    vertex 0.05232455247067533 3.585153523579024 1.4099832412739488e-14
    vertex 0.2080098057455978 2.936677773906468 1.6919798895287383e-14
  endloop
endfacet
facet normal -0.9723699203976782 -0.2334453638558985 9.147939914351949e-16
  outer loop
    vertex 0.05232455247067533 3.585153523579024 1.4099832412739488e-14
    vertex 0.20800980574560626 2.936677773906473 1.500000000000011
    vertex 0.052324552470669694 3.585153523579019 1.5000000000000053
  endloop
endfacet
facet normal -0.8526401643540896 0.522498564715953 -4.5409313871046146e-15
  outer loop
    vertex 0.4632222721994417 6.17945962389307 1.500000000000025
    vertex 0.8116777739064855 6.748087322242999 2.6789681584205025e-14
    vertex 0.4632222721994417 6.179459623893064 4.2299497238218464e-14
  endloop
endfacet
facet normal -0.8526401643540896 0.522498564715953 -4.5409313871046146e-15
  outer loop
    vertex 0.8116777739064855 6.748087322242999 2.6789681584205025e-14
    vertex 0.4632222721994417 6.17945962389307 1.500000000000025
    vertex 0.81167777390648 6.748087322243011 1.500000000000025
  endloop
endfacet
facet normal 0.6494480483301733 -0.7604059656000399 -6.264895656824377e-16
  outer loop
    vertex 7.255203820042826 1.2447961799571605 1.5000000000000335
    vertex 6.748087322243011 0.8116777739064743 1.127986593019159e-14
    vertex 7.255203820042838 1.2447961799571663 5.639932965095795e-15
  endloop
endfacet
facet normal 0.6494480483301733 -0.7604059656000399 -6.264895656824377e-16
  outer loop
    vertex 6.748087322243011 0.8116777739064743 1.127986593019159e-14
    vertex 7.255203820042826 1.2447961799571605 1.5000000000000335
    vertex 6.748087322243005 0.811677773906463 1.5000000000000167
  endloop
endfacet
facet normal 0.2334453638559009 0.9723699203976778 3.657733622115807e-15
  outer loop
    vertex 4.914846476420991 8.447675447529322 1.500000000000025
    vertex 5.563322226093531 8.291990194254401 1.4099832412739488e-14
    vertex 4.914846476420997 8.44767544752933 1.4099832412739488e-14
  endloop
endfacet
facet normal 0.2334453638559009 0.9723699203976778 3.657733622115807e-15
  outer loop
    vertex 5.563322226093531 8.291990194254401 1.4099832412739488e-14
    vertex 4.914846476420991 8.447675447529322 1.500000000000025
    vertex 5.563322226093536 8.291990194254396 1.500000000000025
  endloop
endfacet
facet normal 0.38268343236509844 -0.9238795325112831 -5.498525766565684e-15
  outer loop
    vertex 6.179459623893073 0.4632222721994417 1.8329782136561334e-14
    vertex 5.563322226093526 0.20800980574558653 1.5000000000000195
    vertex 5.563322226093536 0.2080098057455978 0.0
  endloop
endfacet
facet normal 0.38268343236509844 -0.9238795325112831 -5.498525766565684e-15
  outer loop
    vertex 5.563322226093526 0.20800980574558653 1.5000000000000195
    vertex 6.179459623893073 0.4632222721994417 1.8329782136561334e-14
    vertex 6.179459623893073 0.46322227219943035 1.500000000000011
  endloop
endfacet
facet normal 0.3826834323650883 0.9238795325112873 2.0337230456279937e-15
  outer loop
    vertex 5.563322226093531 8.291990194254401 1.4099832412739488e-14
    vertex 6.179459623893084 8.036777727800557 1.500000000000025
    vertex 6.179459623893078 8.036777727800562 1.127986593019159e-14
  endloop
endfacet
facet normal 0.3826834323650883 0.9238795325112873 2.0337230456279937e-15
  outer loop
    vertex 6.179459623893084 8.036777727800557 1.500000000000025
    vertex 5.563322226093531 8.291990194254401 1.4099832412739488e-14
    vertex 5.563322226093536 8.291990194254396 1.500000000000025
  endloop
endfacet
facet normal 0.9723699203976772 -0.23344536385590342 2.2638328718077795e-15
  outer loop
    vertex 8.44767544752933 3.585153523579013 1.4099832412739488e-14
    vertex 8.291990194254396 2.936677773906473 1.5000000000000335
    vertex 8.291990194254403 2.936677773906468 4.088951399694451e-14
  endloop
endfacet
facet normal 0.9723699203976772 -0.23344536385590342 2.2638328718077795e-15
  outer loop
    vertex 8.291990194254396 2.936677773906473 1.5000000000000335
    vertex 8.44767544752933 3.585153523579013 1.4099832412739488e-14
    vertex 8.44767544752933 3.585153523579013 1.5000000000000306
  endloop
endfacet
facet normal -0.7604059656000319 0.6494480483301825 -4.07585834628714e-15
  outer loop
    vertex 0.81167777390648 6.748087322243011 1.500000000000025
    vertex 1.2447961799571887 7.25520382004283 1.127986593019159e-14
    vertex 0.8116777739064855 6.748087322242999 2.6789681584205025e-14
  endloop
endfacet
facet normal -0.7604059656000319 0.6494480483301825 -4.07585834628714e-15
  outer loop
    vertex 1.2447961799571887 7.25520382004283 1.127986593019159e-14
    vertex 0.81167777390648 6.748087322243011 1.500000000000025
    vertex 1.2447961799571832 7.255203820042824 1.500000000000025
  endloop
endfacet
facet normal -0.9238795325112844 0.3826834323650954 -1.6150396581740854e-16
  outer loop
    vertex 1.2205778177595719 5.793567699114436 24.50000000000002
    vertex 1.0164078445964868 5.300657780874814 1.500000000000025
    vertex 1.0164078445964986 5.300657780874814 24.50000000000001
  endloop
endfacet
facet normal -0.9238795325112844 0.3826834323650954 -1.6150396581740854e-16
  outer loop
    vertex 1.0164078445964868 5.300657780874814 1.500000000000025
    vertex 1.2205778177595719 5.793567699114436 24.50000000000002
    vertex 1.2205778177595574 5.793567699114453 1.5000000000000167
  endloop
endfacet
facet normal 0.8526401643540897 -0.5224985647159528 -4.899606711622217e-15
  outer loop
    vertex 7.688322226093527 1.7519126777569964 8.459899447643692e-15
    vertex 8.036777727800564 2.3205403761069143 1.5000000000000393
    vertex 7.688322226093521 1.7519126777569796 1.5000000000000335
  endloop
endfacet
facet normal 0.8526401643540897 -0.5224985647159528 -4.899606711622217e-15
  outer loop
    vertex 8.036777727800564 2.3205403761069143 1.5000000000000393
    vertex 7.688322226093527 1.7519126777569964 8.459899447643692e-15
    vertex 8.036777727800558 2.320540376106926 7.049916206369744e-15
  endloop
endfacet
facet normal 0.9969173337331274 -0.0784590957278521 -1.4828100071274252e-16
  outer loop
    vertex 8.5 4.250000000000001 2.8199664825478975e-15
    vertex 8.44767544752933 3.585153523579013 1.5000000000000306
    vertex 8.44767544752933 3.585153523579013 1.4099832412739488e-14
  endloop
endfacet
facet normal 0.9969173337331274 -0.0784590957278521 -1.4828100071274252e-16
  outer loop
    vertex 8.44767544752933 3.585153523579013 1.5000000000000306
    vertex 8.5 4.250000000000001 2.8199664825478975e-15
    vertex 8.5 4.249999999999995 1.500000000000025
  endloop
endfacet
facet normal -0.9969173337331276 -0.07845909572784923 -6.066638686463873e-15
  outer loop
    vertex 0.0 4.249999999999989 1.5000000000000335
    vertex 0.05232455247067533 3.585153523579024 1.4099832412739488e-14
    vertex 0.052324552470669694 3.585153523579019 1.5000000000000053
  endloop
endfacet
facet normal -0.9969173337331276 -0.07845909572784923 -6.066638686463873e-15
  outer loop
    vertex 0.05232455247067533 3.585153523579024 1.4099832412739488e-14
    vertex 0.0 4.249999999999989 1.5000000000000335
    vertex 1.127986593019159e-14 4.250000000000001 1.127986593019159e-14
  endloop
endfacet
facet normal 0.852640164354095 0.5224985647159446 5.12056331002e-16
  outer loop
    vertex 7.279422182240455 5.793567699114441 1.500000000000042
    vertex 7.000657780874825 6.248469857794372 30.49999999999999
    vertex 7.27942218224045 5.7935676991144245 30.49999999999999
  endloop
endfacet
facet normal 0.852640164354095 0.5224985647159446 5.12056331002e-16
  outer loop
    vertex 7.000657780874825 6.248469857794372 30.49999999999999
    vertex 7.279422182240455 5.793567699114441 1.500000000000042
    vertex 7.000657780874825 6.248469857794399 1.5000000000000335
  endloop
endfacet
facet normal 0.9238795325112881 -0.38268343236508684 -7.237139318467993e-16
  outer loop
    vertex 8.036777727800558 2.320540376106926 7.049916206369744e-15
    vertex 8.291990194254396 2.936677773906473 1.5000000000000335
    vertex 8.036777727800564 2.3205403761069143 1.5000000000000393
  endloop
endfacet
facet normal 0.9238795325112881 -0.38268343236508684 -7.237139318467993e-16
  outer loop
    vertex 8.291990194254396 2.936677773906473 1.5000000000000335
    vertex 8.036777727800558 2.320540376106926 7.049916206369744e-15
    vertex 8.291990194254403 2.936677773906468 4.088951399694451e-14
  endloop
endfacet
facet normal 0.9969173337331281 0.07845909572784429 -3.895196430931757e-15
  outer loop
    vertex 8.5 4.250000000000001 2.8199664825478975e-15
    vertex 8.447675447529342 4.9148464764209825 1.5000000000000167
    vertex 8.5 4.249999999999995 1.500000000000025
  endloop
endfacet
facet normal 0.9969173337331281 0.07845909572784429 -3.895196430931757e-15
  outer loop
    vertex 8.447675447529342 4.9148464764209825 1.5000000000000167
    vertex 8.5 4.250000000000001 2.8199664825478975e-15
    vertex 8.44767544752933 4.914846476420971 3.101963130802687e-14
  endloop
endfacet
facet normal 0.5224985647159457 -0.8526401643540942 -5.427280011348028e-15
  outer loop
    vertex 6.748087322243005 0.811677773906463 1.5000000000000167
    vertex 6.179459623893073 0.4632222721994417 1.8329782136561334e-14
    vertex 6.748087322243011 0.8116777739064743 1.127986593019159e-14
  endloop
endfacet
facet normal 0.5224985647159457 -0.8526401643540942 -5.427280011348028e-15
  outer loop
    vertex 6.179459623893073 0.4632222721994417 1.8329782136561334e-14
    vertex 6.748087322243005 0.811677773906463 1.5000000000000167
    vertex 6.179459623893073 0.46322227219943035 1.500000000000011
  endloop
endfacet
facet normal -0.9723699203976763 0.23344536385590675 -3.725542161931408e-15
  outer loop
    vertex 0.2080098057455978 5.563322226093505 1.5000000000000364
    vertex 0.05232455247067533 4.9148464764209825 5.639932965095795e-15
    vertex 0.052324552470669694 4.9148464764209825 1.5000000000000195
  endloop
endfacet
facet normal -0.9723699203976763 0.23344536385590675 -3.725542161931408e-15
  outer loop
    vertex 0.05232455247067533 4.9148464764209825 5.639932965095795e-15
    vertex 0.2080098057455978 5.563322226093505 1.5000000000000364
    vertex 0.2080098057456091 5.563322226093528 8.459899447643692e-15
  endloop
endfacet
facet normal -0.23344536385589168 0.9723699203976799 4.3519671716675385e-16
  outer loop
    vertex 3.199342219125182 7.483592155403506 1.5000000000000393
    vertex 3.7181228188632076 7.60814035802343 30.49999999999999
    vertex 3.7181228188632134 7.608140358023447 1.500000000000028
  endloop
endfacet
facet normal -0.23344536385589168 0.9723699203976799 4.3519671716675385e-16
  outer loop
    vertex 3.7181228188632076 7.60814035802343 30.49999999999999
    vertex 3.199342219125182 7.483592155403506 1.5000000000000393
    vertex 3.1993422191251737 7.483592155403495 30.49999999999999
  endloop
endfacet
facet normal -0.5224985647159519 0.8526401643540904 6.231635092344624e-16
  outer loop
    vertex 2.2515301422055876 7.000657780874788 30.49999999999999
    vertex 2.7064323008855484 7.279422182240447 1.5000000000000364
    vertex 2.251530142205599 7.000657780874816 1.500000000000028
  endloop
endfacet
facet normal -0.5224985647159519 0.8526401643540904 6.231635092344624e-16
  outer loop
    vertex 2.7064323008855484 7.279422182240447 1.5000000000000364
    vertex 2.2515301422055876 7.000657780874788 30.49999999999999
    vertex 2.7064323008855347 7.279422182240419 30.50000000000001
  endloop
endfacet
facet normal -0.5224985647159519 0.8526401643540904 6.231635092344624e-16
  outer loop
    vertex 2.7064323008855347 7.279422182240419 30.50000000000001
    vertex 2.2515301422055876 7.000657780874788 30.49999999999999
    vertex 2.349999999999993 7.061000187339227 30.5
  endloop
endfacet
facet normal -0.2334453638558905 -0.9723699203976801 3.874824575147785e-15
  outer loop
    vertex 3.585153523579024 0.052324552470669694 3.101963130802687e-14
    vertex 2.936677773906479 0.2080098057455978 1.4999999999999998
    vertex 2.936677773906476 0.20800980574558653 1.973976537783528e-14
  endloop
endfacet
facet normal -0.2334453638558905 -0.9723699203976801 3.874824575147785e-15
  outer loop
    vertex 2.936677773906479 0.2080098057455978 1.4999999999999998
    vertex 3.585153523579024 0.052324552470669694 3.101963130802687e-14
    vertex 3.585153523579024 0.052324552470669694 1.4999999999999998
  endloop
endfacet
facet normal -0.3826834323650888 0.9238795325112873 5.016935535706403e-16
  outer loop
    vertex 2.7064323008855347 7.279422182240419 30.50000000000001
    vertex 3.199342219125182 7.483592155403506 1.5000000000000393
    vertex 2.7064323008855484 7.279422182240447 1.5000000000000364
  endloop
endfacet
facet normal -0.3826834323650888 0.9238795325112873 5.016935535706403e-16
  outer loop
    vertex 3.199342219125182 7.483592155403506 1.5000000000000393
    vertex 2.7064323008855347 7.279422182240419 30.50000000000001
    vertex 2.8499999999999925 7.338889870332329 30.5
  endloop
endfacet
facet normal -0.3826834323650888 0.9238795325112873 5.016935535706403e-16
  outer loop
    vertex 3.199342219125182 7.483592155403506 1.5000000000000393
    vertex 2.8499999999999925 7.338889870332329 30.5
    vertex 3.1993422191251737 7.483592155403495 30.49999999999999
  endloop
endfacet
facet normal -0.9238795325112918 -0.38268343236507774 -6.359054478102721e-16
  outer loop
    vertex 1.016407844596507 3.1993422191251595 24.500000000000036
    vertex 1.2205778177595517 2.7064323008855373 1.500000000000025
    vertex 1.2205778177595663 2.706432300885526 24.49999999999998
  endloop
endfacet
facet normal -0.9238795325112918 -0.38268343236507774 -6.359054478102721e-16
  outer loop
    vertex 1.2205778177595517 2.7064323008855373 1.500000000000025
    vertex 1.016407844596507 3.1993422191251595 24.500000000000036
    vertex 1.0164078445964868 3.199342219125171 1.5000000000000335
  endloop
endfacet
facet normal 0.5224985647159501 -0.8526401643540914 -7.618476338631949e-16
  outer loop
    vertex 6.248469857794403 1.4993422191251402 30.49999999999999
    vertex 5.793567699114461 1.2205778177595377 1.5000000000000306
    vertex 6.248469857794408 1.499342219125174 1.5000000000000306
  endloop
endfacet
facet normal 0.5224985647159501 -0.8526401643540914 -7.618476338631949e-16
  outer loop
    vertex 5.793567699114461 1.2205778177595377 1.5000000000000306
    vertex 6.248469857794403 1.4993422191251402 30.49999999999999
    vertex 5.793567699114456 1.220577817759515 30.50000000000002
  endloop
endfacet
facet normal -0.6494480483301788 0.760405965600035 5.536554371147153e-16
  outer loop
    vertex 1.8458369439657494 6.654163056034266 1.5000000000000335
    vertex 2.2515301422055876 7.000657780874788 30.49999999999999
    vertex 2.251530142205599 7.000657780874816 1.500000000000028
  endloop
endfacet
facet normal -0.6494480483301788 0.760405965600035 5.536554371147153e-16
  outer loop
    vertex 2.2515301422055876 7.000657780874788 30.49999999999999
    vertex 1.8458369439657494 6.654163056034266 1.5000000000000335
    vertex 1.8458369439657354 6.654163056034232 30.50000000000001
  endloop
endfacet
facet normal -0.760405965600033 0.6494480483301813 2.0767205592063448e-16
  outer loop
    vertex 1.8458369439657354 6.654163056034232 30.50000000000001
    vertex 1.4993422191251853 6.248469857794394 1.5000000000000449
    vertex 1.499342219125171 6.248469857794377 30.5
  endloop
endfacet
facet normal -0.760405965600033 0.6494480483301813 2.0767205592063448e-16
  outer loop
    vertex 1.4993422191251853 6.248469857794394 1.5000000000000449
    vertex 1.8458369439657354 6.654163056034232 30.50000000000001
    vertex 1.8458369439657494 6.654163056034266 1.5000000000000335
  endloop
endfacet
facet normal -0.9969173337331276 -0.0784590957278503 -5.65861177695391e-16
  outer loop
    vertex 0.8499999999999928 4.2499999999999725 27.375
    vertex 0.8918596419765399 3.718122818863216 1.500000000000025
    vertex 0.8918596419765286 3.718122818863188 27.37499999999999
  endloop
endfacet
facet normal -0.9969173337331276 -0.0784590957278503 -5.65861177695391e-16
  outer loop
    vertex 0.8918596419765399 3.718122818863216 1.500000000000025
    vertex 0.8499999999999928 4.2499999999999725 27.375
    vertex 0.8500000000000069 4.249999999999995 1.5000000000000082
  endloop
endfacet
facet normal -0.52249856471595 -0.8526401643540915 9.625803907237441e-15
  outer loop
    vertex 2.320540376106931 0.4632222721994417 1.4999999999999998
    vertex 1.7519126777569938 0.811677773906463 1.973976537783528e-14
    vertex 2.3205403761069285 0.46322227219943035 1.973976537783528e-14
  endloop
endfacet
facet normal -0.52249856471595 -0.8526401643540915 9.625803907237441e-15
  outer loop
    vertex 1.7519126777569938 0.811677773906463 1.973976537783528e-14
    vertex 2.320540376106931 0.4632222721994417 1.4999999999999998
    vertex 1.7519126777569909 0.8116777739064855 1.4999999999999913
  endloop
endfacet
facet normal 0.8526401643540917 -0.5224985647159497 -4.115907889214226e-16
  outer loop
    vertex 7.000657780874825 2.2515301422055907 1.500000000000011
    vertex 7.27942218224045 2.7064323008855093 30.50000000000001
    vertex 7.000657780874819 2.251530142205557 30.50000000000001
  endloop
endfacet
facet normal 0.8526401643540917 -0.5224985647159497 -4.115907889214226e-16
  outer loop
    vertex 7.27942218224045 2.7064323008855093 30.50000000000001
    vertex 7.000657780874825 2.2515301422055907 1.500000000000011
    vertex 7.279422182240455 2.7064323008855373 1.5000000000000195
  endloop
endfacet
facet normal -0.5224985647159592 -0.8526401643540858 -1.0358538828663377e-15
  outer loop
    vertex 2.7064323008855315 1.2205778177595095 30.50000000000001
    vertex 2.2515301422055933 1.4993422191251684 1.5000000000000335
    vertex 2.7064323008855515 1.220577817759549 1.5000000000000195
  endloop
endfacet
facet normal -0.5224985647159592 -0.8526401643540858 -1.0358538828663377e-15
  outer loop
    vertex 2.2515301422055933 1.4993422191251684 1.5000000000000335
    vertex 2.7064323008855315 1.2205778177595095 30.50000000000001
    vertex 2.349999999999993 1.4389998126607124 30.50000000000001
  endloop
endfacet
facet normal -0.5224985647159592 -0.8526401643540858 -1.0358538828663377e-15
  outer loop
    vertex 2.2515301422055933 1.4993422191251684 1.5000000000000335
    vertex 2.349999999999993 1.4389998126607124 30.50000000000001
    vertex 2.2515301422055907 1.4993422191251513 30.500000000000036
  endloop
endfacet
facet normal -0.3826834323650881 -0.9238795325112875 -1.5734666210106392e-15
  outer loop
    vertex 3.199342219125171 1.0164078445964388 30.5
    vertex 2.7064323008855515 1.220577817759549 1.5000000000000195
    vertex 3.1993422191251764 1.016407844596484 1.5000000000000138
  endloop
endfacet
facet normal -0.3826834323650881 -0.9238795325112875 -1.5734666210106392e-15
  outer loop
    vertex 2.7064323008855515 1.220577817759549 1.5000000000000195
    vertex 3.199342219125171 1.0164078445964388 30.5
    vertex 2.8499999999999925 1.1611101296675994 30.500000000000007
  endloop
endfacet
facet normal -0.3826834323650881 -0.9238795325112875 -1.5734666210106392e-15
  outer loop
    vertex 2.7064323008855515 1.220577817759549 1.5000000000000195
    vertex 2.8499999999999925 1.1611101296675994 30.500000000000007
    vertex 2.7064323008855315 1.2205778177595095 30.50000000000001
  endloop
endfacet
facet normal -0.9723699203976757 -0.2334453638559093 -5.468472259363854e-16
  outer loop
    vertex 0.8918596419765286 3.718122818863188 27.37499999999999
    vertex 1.016407844596507 3.1993422191251595 24.500000000000036
    vertex 1.0164078445964813 3.1993422191251484 27.375000000000036
  endloop
endfacet
facet normal -0.9723699203976757 -0.2334453638559093 -5.468472259363854e-16
  outer loop
    vertex 1.016407844596507 3.1993422191251595 24.500000000000036
    vertex 0.8918596419765286 3.718122818863188 27.37499999999999
    vertex 1.0164078445964868 3.199342219125171 1.5000000000000335
  endloop
endfacet
facet normal -0.9723699203976757 -0.2334453638559093 -5.468472259363854e-16
  outer loop
    vertex 1.0164078445964868 3.199342219125171 1.5000000000000335
    vertex 0.8918596419765286 3.718122818863188 27.37499999999999
    vertex 0.8918596419765399 3.718122818863216 1.500000000000025
  endloop
endfacet
facet normal 0.499999999999999 -0.8660254037844393 6.266592183439771e-16
  outer loop
    vertex 5.749999999999992 5.116025403784403 30.500000000000018
    vertex 4.249999999999993 4.249999999999967 30.200000000000017
    vertex 5.749999999999993 5.116025403784403 30.200000000000017
  endloop
endfacet
facet normal 0.499999999999999 -0.8660254037844393 6.266592183439771e-16
  outer loop
    vertex 4.249999999999993 4.249999999999967 30.200000000000017
    vertex 5.749999999999992 5.116025403784403 30.500000000000018
    vertex 4.249999999999992 4.249999999999967 30.500000000000018
  endloop
endfacet
facet normal -0.9238795325112817 -0.3826834323651019 3.3323118401309114e-15
  outer loop
    vertex 0.20800980574560626 2.936677773906473 1.500000000000011
    vertex 0.4632222721994473 2.320540376106931 2.8199664825478975e-15
    vertex 0.4632222721994473 2.320540376106931 1.5000000000000138
  endloop
endfacet
facet normal -0.9238795325112817 -0.3826834323651019 3.3323118401309114e-15
  outer loop
    vertex 0.4632222721994473 2.320540376106931 2.8199664825478975e-15
    vertex 0.20800980574560626 2.936677773906473 1.500000000000011
    vertex 0.2080098057455978 2.936677773906468 1.6919798895287383e-14
  endloop
endfacet
facet normal -0.07845909572785241 -0.9969173337331274 -4.2189638127919024e-16
  outer loop
    vertex 4.249999999999998 0.8499999999999759 30.499999999999943
    vertex 3.718122818863219 0.8918596419765229 1.5000000000000335
    vertex 4.250000000000001 0.8499999999999872 1.500000000000025
  endloop
endfacet
facet normal -0.07845909572785241 -0.9969173337331274 -4.2189638127919024e-16
  outer loop
    vertex 3.718122818863219 0.8918596419765229 1.5000000000000335
    vertex 4.249999999999998 0.8499999999999759 30.499999999999943
    vertex 3.7181228188632107 0.8918596419765117 30.500000000000036
  endloop
endfacet
facet normal 0.07845909572784592 -0.9969173337331279 -8.157119889708617e-16
  outer loop
    vertex 4.781877181136776 0.8918596419765342 1.500000000000028
    vertex 4.249999999999998 0.8499999999999759 30.499999999999943
    vertex 4.250000000000001 0.8499999999999872 1.500000000000025
  endloop
endfacet
facet normal 0.07845909572784592 -0.9969173337331279 -8.157119889708617e-16
  outer loop
    vertex 4.249999999999998 0.8499999999999759 30.499999999999943
    vertex 4.781877181136776 0.8918596419765342 1.500000000000028
    vertex 4.781877181136783 0.8918596419765004 30.50000000000001
  endloop
endfacet
facet normal -0.3826834323650975 0.9238795325112836 -1.0811709253025974e-15
  outer loop
    vertex 2.320540376106931 8.036777727800551 3.8069547514396615e-14
    vertex 2.9366777739064847 8.291990194254401 1.5000000000000167
    vertex 2.936677773906493 8.291990194254407 2.255973186038318e-14
  endloop
endfacet
facet normal -0.3826834323650975 0.9238795325112836 -1.0811709253025974e-15
  outer loop
    vertex 2.9366777739064847 8.291990194254401 1.5000000000000167
    vertex 2.320540376106931 8.036777727800551 3.8069547514396615e-14
    vertex 2.320540376106931 8.036777727800557 1.500000000000025
  endloop
endfacet
facet normal -0.078459095727848 0.9969173337331279 -1.948209256165787e-15
  outer loop
    vertex 3.585153523579033 8.447675447529322 2.255973186038318e-14
    vertex 4.250000000000015 8.499999999999993 1.5000000000000167
    vertex 4.250000000000009 8.499999999999993 1.973976537783528e-14
  endloop
endfacet
facet normal -0.078459095727848 0.9969173337331279 -1.948209256165787e-15
  outer loop
    vertex 4.250000000000015 8.499999999999993 1.5000000000000167
    vertex 3.585153523579033 8.447675447529322 2.255973186038318e-14
    vertex 3.585153523579024 8.44767544752933 1.5000000000000195
  endloop
endfacet
facet normal -0.9969173337331279 0.0784590957278475 -5.327574603210246e-15
  outer loop
    vertex 0.052324552470669694 4.9148464764209825 1.5000000000000195
    vertex 1.127986593019159e-14 4.250000000000001 1.127986593019159e-14
    vertex 0.0 4.249999999999989 1.5000000000000335
  endloop
endfacet
facet normal -0.9969173337331279 0.0784590957278475 -5.327574603210246e-15
  outer loop
    vertex 1.127986593019159e-14 4.250000000000001 1.127986593019159e-14
    vertex 0.052324552470669694 4.9148464764209825 1.5000000000000195
    vertex 0.05232455247067533 4.9148464764209825 5.639932965095795e-15
  endloop
endfacet
facet normal 0.9969173337331279 -0.07845909572784551 2.1652364084983702e-16
  outer loop
    vertex 7.608140358023467 3.718122818863205 1.500000000000042
    vertex 7.6499999999999915 4.249999999999961 30.500000000000036
    vertex 7.608140358023461 3.7181228188631823 30.5
  endloop
endfacet
facet normal 0.9969173337331279 -0.07845909572784551 2.1652364084983702e-16
  outer loop
    vertex 7.6499999999999915 4.249999999999961 30.500000000000036
    vertex 7.608140358023467 3.718122818863205 1.500000000000042
    vertex 7.650000000000003 4.250000000000001 1.5000000000000364
  endloop
endfacet
facet normal -0.23344536385589013 -0.9723699203976803 -1.049345390706957e-15
  outer loop
    vertex 3.718122818863219 0.8918596419765229 1.5000000000000335
    vertex 3.199342219125171 1.0164078445964388 30.5
    vertex 3.1993422191251764 1.016407844596484 1.5000000000000138
  endloop
endfacet
facet normal -0.23344536385589013 -0.9723699203976803 -1.049345390706957e-15
  outer loop
    vertex 3.199342219125171 1.0164078445964388 30.5
    vertex 3.718122818863219 0.8918596419765229 1.5000000000000335
    vertex 3.7181228188632107 0.8918596419765117 30.500000000000036
  endloop
endfacet
facet normal -0.9238795325112881 0.38268343236508684 -1.30906105013383e-15
  outer loop
    vertex 0.4632222721994417 6.17945962389307 1.500000000000025
    vertex 0.2080098057456091 5.563322226093528 8.459899447643692e-15
    vertex 0.2080098057455978 5.563322226093505 1.5000000000000364
  endloop
endfacet
facet normal -0.9238795325112881 0.38268343236508684 -1.30906105013383e-15
  outer loop
    vertex 0.2080098057456091 5.563322226093528 8.459899447643692e-15
    vertex 0.4632222721994417 6.17945962389307 1.500000000000025
    vertex 0.4632222721994417 6.179459623893064 4.2299497238218464e-14
  endloop
endfacet
facet normal -1.0 8.140542039023759e-16 -2.3499720687899574e-15
  outer loop
    vertex 5.749999999999991 4.2499999999999645 30.50000000000002
    vertex 5.749999999999992 3.383974596215527 30.200000000000017
    vertex 5.749999999999991 3.383974596215527 30.500000000000018
  endloop
endfacet
facet normal -1.0 8.140542039023759e-16 -2.3499720687899574e-15
  outer loop
    vertex 5.749999999999992 3.383974596215527 30.200000000000017
    vertex 5.749999999999991 4.2499999999999645 30.50000000000002
    vertex 5.749999999999992 4.2499999999999645 30.200000000000024
  endloop
endfacet
facet normal -1.0 8.140542039023759e-16 -2.3499720687899574e-15
  outer loop
    vertex 5.749999999999992 4.2499999999999645 30.200000000000024
    vertex 5.749999999999991 4.2499999999999645 30.50000000000002
    vertex 5.749999999999992 5.116025403784403 30.500000000000018
  endloop
endfacet
facet normal -1.0 8.140542039023759e-16 -2.3499720687899574e-15
  outer loop
    vertex 5.749999999999992 4.2499999999999645 30.200000000000024
    vertex 5.749999999999992 5.116025403784403 30.500000000000018
    vertex 5.749999999999993 5.116025403784403 30.200000000000017
  endloop
endfacet
facet normal 0.5000000000000009 0.8660254037844383 6.266592183439762e-16
  outer loop
    vertex 4.249999999999992 4.249999999999967 30.500000000000018
    vertex 5.749999999999992 3.383974596215527 30.200000000000017
    vertex 4.249999999999993 4.249999999999967 30.200000000000017
  endloop
endfacet
facet normal 0.5000000000000009 0.8660254037844383 6.266592183439762e-16
  outer loop
    vertex 5.749999999999992 3.383974596215527 30.200000000000017
    vertex 4.249999999999992 4.249999999999967 30.500000000000018
    vertex 5.749999999999991 3.383974596215527 30.500000000000018
  endloop
endfacet
facet normal -1.2533184366879534e-15 1.9038366176309793e-30 1.0
  outer loop
    vertex 4.249999999999993 4.249999999999967 30.200000000000017
    vertex 5.749999999999992 4.2499999999999645 30.200000000000024
    vertex 5.749999999999993 5.116025403784403 30.200000000000017
  endloop
endfacet
facet normal -1.2533184366879534e-15 1.9038366176309793e-30 1.0
  outer loop
    vertex 5.749999999999992 4.2499999999999645 30.200000000000024
    vertex 4.249999999999993 4.249999999999967 30.200000000000017
    vertex 5.749999999999992 3.383974596215527 30.200000000000017
  endloop
endfacet
facet normal -1.7736282552188562e-15 -4.0633043653577685e-16 1.0
  outer loop
    vertex 4.249999999999998 0.8499999999999759 30.499999999999943
    vertex 4.249999999999992 4.249999999999967 30.500000000000018
    vertex 3.7181228188632107 0.8918596419765117 30.500000000000036
  endloop
endfacet
facet normal -1.7736282552188562e-15 -4.0633043653577685e-16 1.0
  outer loop
    vertex 4.249999999999992 4.249999999999967 30.500000000000018
    vertex 4.249999999999998 0.8499999999999759 30.499999999999943
    vertex 5.749999999999991 3.383974596215527 30.500000000000018
  endloop
endfacet
facet normal -1.7736282552188562e-15 -4.0633043653577685e-16 1.0
  outer loop
    vertex 5.749999999999991 3.383974596215527 30.500000000000018
    vertex 4.249999999999998 0.8499999999999759 30.499999999999943
    vertex 4.781877181136783 0.8918596419765004 30.50000000000001
  endloop
endfacet
facet normal -1.7736282552188562e-15 -4.0633043653577685e-16 1.0
  outer loop
    vertex 5.749999999999991 3.383974596215527 30.500000000000018
    vertex 4.781877181136783 0.8918596419765004 30.50000000000001
    vertex 5.3006577808748165 1.0164078445964502 30.49999999999998
  endloop
endfacet
facet normal -1.7736282552188562e-15 -4.0633043653577685e-16 1.0
  outer loop
    vertex 5.749999999999991 3.383974596215527 30.500000000000018
    vertex 5.3006577808748165 1.0164078445964502 30.49999999999998
    vertex 5.793567699114456 1.220577817759515 30.50000000000002
  endloop
endfacet
facet normal -1.7736282552188562e-15 -4.0633043653577685e-16 1.0
  outer loop
    vertex 5.749999999999991 3.383974596215527 30.500000000000018
    vertex 5.793567699114456 1.220577817759515 30.50000000000002
    vertex 5.749999999999991 4.2499999999999645 30.50000000000002
  endloop
endfacet
facet normal -1.7736282552188562e-15 -4.0633043653577685e-16 1.0
  outer loop
    vertex 5.749999999999991 4.2499999999999645 30.50000000000002
    vertex 5.793567699114456 1.220577817759515 30.50000000000002
    vertex 5.749999999999992 5.116025403784403 30.500000000000018
  endloop
endfacet
facet normal -1.7736282552188562e-15 -4.0633043653577685e-16 1.0
  outer loop
    vertex 5.749999999999992 5.116025403784403 30.500000000000018
    vertex 5.793567699114456 1.220577817759515 30.50000000000002
    vertex 5.79356769911445 7.279422182240407 30.5
  endloop
endfacet
facet normal -1.7736282552188562e-15 -4.0633043653577685e-16 1.0
  outer loop
    vertex 5.79356769911445 7.279422182240407 30.5
    vertex 5.793567699114456 1.220577817759515 30.50000000000002
    vertex 6.248469857794403 7.000657780874788 30.50000000000001
  endloop
endfacet
facet normal -1.7736282552188562e-15 -4.0633043653577685e-16 1.0
  outer loop
    vertex 6.248469857794403 7.000657780874788 30.50000000000001
    vertex 5.793567699114456 1.220577817759515 30.50000000000002
    vertex 6.248469857794403 1.4993422191251402 30.49999999999999
  endloop
endfacet
facet normal -1.7736282552188562e-15 -4.0633043653577685e-16 1.0
  outer loop
    vertex 6.248469857794403 7.000657780874788 30.50000000000001
    vertex 6.248469857794403 1.4993422191251402 30.49999999999999
    vertex 6.654163056034255 1.8458369439657072 30.5
  endloop
endfacet
facet normal -1.7736282552188562e-15 -4.0633043653577685e-16 1.0
  outer loop
    vertex 6.248469857794403 7.000657780874788 30.50000000000001
    vertex 6.654163056034255 1.8458369439657072 30.5
    vertex 6.654163056034255 6.654163056034227 30.50000000000001
  endloop
endfacet
facet normal -1.7736282552188562e-15 -4.0633043653577685e-16 1.0
  outer loop
    vertex 6.654163056034255 6.654163056034227 30.50000000000001
    vertex 6.654163056034255 1.8458369439657072 30.5
    vertex 7.000657780874819 2.251530142205557 30.50000000000001
  endloop
endfacet
facet normal -1.7736282552188562e-15 -4.0633043653577685e-16 1.0
  outer loop
    vertex 6.654163056034255 6.654163056034227 30.50000000000001
    vertex 7.000657780874819 2.251530142205557 30.50000000000001
    vertex 7.000657780874825 6.248469857794372 30.49999999999999
  endloop
endfacet
facet normal -1.7736282552188562e-15 -4.0633043653577685e-16 1.0
  outer loop
    vertex 7.000657780874825 6.248469857794372 30.49999999999999
    vertex 7.000657780874819 2.251530142205557 30.50000000000001
    vertex 7.27942218224045 2.7064323008855093 30.50000000000001
  endloop
endfacet
facet normal -1.7736282552188562e-15 -4.0633043653577685e-16 1.0
  outer loop
    vertex 7.000657780874825 6.248469857794372 30.49999999999999
    vertex 7.27942218224045 2.7064323008855093 30.50000000000001
    vertex 7.27942218224045 5.7935676991144245 30.49999999999999
  endloop
endfacet
facet normal -1.7736282552188562e-15 -4.0633043653577685e-16 1.0
  outer loop
    vertex 7.27942218224045 5.7935676991144245 30.49999999999999
    vertex 7.27942218224045 2.7064323008855093 30.50000000000001
    vertex 7.48359215540352 3.1993422191251484 30.50000000000002
  endloop
endfacet
facet normal -1.7736282552188562e-15 -4.0633043653577685e-16 1.0
  outer loop
    vertex 7.27942218224045 5.7935676991144245 30.49999999999999
    vertex 7.48359215540352 3.1993422191251484 30.50000000000002
    vertex 7.48359215540352 5.3006577808747855 30.50000000000001
  endloop
endfacet
facet normal -1.7736282552188562e-15 -4.0633043653577685e-16 1.0
  outer loop
    vertex 7.48359215540352 5.3006577808747855 30.50000000000001
    vertex 7.48359215540352 3.1993422191251484 30.50000000000002
    vertex 7.608140358023461 3.7181228188631823 30.5
  endloop
endfacet
facet normal -1.7736282552188562e-15 -4.0633043653577685e-16 1.0
  outer loop
    vertex 7.48359215540352 5.3006577808747855 30.50000000000001
    vertex 7.608140358023461 3.7181228188631823 30.5
    vertex 7.608140358023461 4.7818771811367515 30.49999999999999
  endloop
endfacet
facet normal -1.7736282552188562e-15 -4.0633043653577685e-16 1.0
  outer loop
    vertex 7.608140358023461 4.7818771811367515 30.49999999999999
    vertex 7.608140358023461 3.7181228188631823 30.5
    vertex 7.6499999999999915 4.249999999999961 30.500000000000036
  endloop
endfacet
facet normal -1.7736282552188562e-15 -4.0633043653577685e-16 1.0
  outer loop
    vertex 1.4993422191251795 2.251530142205568 30.50000000000001
    vertex 2.8499999999999925 2.7064323008855147 30.49999999999999
    vertex 1.2205778177595406 2.7064323008855147 30.49999999999998
  endloop
endfacet
facet normal -1.7736282552188562e-15 -4.0633043653577685e-16 1.0
  outer loop
    vertex 2.8499999999999925 2.7064323008855147 30.49999999999999
    vertex 1.4993422191251795 2.251530142205568 30.50000000000001
    vertex 1.8458369439657354 1.8458369439657127 30.499999999999943
  endloop
endfacet
facet normal -1.7736282552188562e-15 -4.0633043653577685e-16 1.0
  outer loop
    vertex 2.8499999999999925 2.7064323008855147 30.49999999999999
    vertex 1.8458369439657354 1.8458369439657127 30.499999999999943
    vertex 2.2515301422055907 1.4993422191251513 30.500000000000036
  endloop
endfacet
facet normal -1.7736282552188562e-15 -4.0633043653577685e-16 1.0
  outer loop
    vertex 2.8499999999999925 2.7064323008855147 30.49999999999999
    vertex 2.2515301422055907 1.4993422191251513 30.500000000000036
    vertex 2.349999999999993 1.4389998126607124 30.50000000000001
  endloop
endfacet
facet normal -1.7736282552188562e-15 -4.0633043653577685e-16 1.0
  outer loop
    vertex 2.8499999999999925 2.7064323008855147 30.49999999999999
    vertex 2.349999999999993 1.4389998126607124 30.50000000000001
    vertex 2.7064323008855315 1.2205778177595095 30.50000000000001
  endloop
endfacet
facet normal -1.7736282552188562e-15 -4.0633043653577685e-16 1.0
  outer loop
    vertex 2.8499999999999925 2.7064323008855147 30.49999999999999
    vertex 2.7064323008855315 1.2205778177595095 30.50000000000001
    vertex 2.8499999999999925 1.1611101296675994 30.500000000000007
  endloop
endfacet
facet normal -1.7736282552188562e-15 -4.0633043653577685e-16 1.0
  outer loop
    vertex 2.8499999999999925 2.7064323008855147 30.49999999999999
    vertex 2.8499999999999925 1.1611101296675994 30.500000000000007
    vertex 3.199342219125171 1.0164078445964388 30.5
  endloop
endfacet
facet normal -1.7736282552188562e-15 -4.0633043653577685e-16 1.0
  outer loop
    vertex 2.8499999999999925 2.7064323008855147 30.49999999999999
    vertex 3.199342219125171 1.0164078445964388 30.5
    vertex 2.8499999999999925 5.7935676991144245 30.50000000000001
  endloop
endfacet
facet normal -1.7736282552188562e-15 -4.0633043653577685e-16 1.0
  outer loop
    vertex 2.8499999999999925 5.7935676991144245 30.50000000000001
    vertex 3.199342219125171 1.0164078445964388 30.5
    vertex 2.8499999999999925 7.338889870332329 30.5
  endloop
endfacet
facet normal -1.7736282552188562e-15 -4.0633043653577685e-16 1.0
  outer loop
    vertex 2.8499999999999925 7.338889870332329 30.5
    vertex 3.199342219125171 1.0164078445964388 30.5
    vertex 3.1993422191251737 7.483592155403495 30.49999999999999
  endloop
endfacet
facet normal -1.7736282552188562e-15 -4.0633043653577685e-16 1.0
  outer loop
    vertex 3.1993422191251737 7.483592155403495 30.49999999999999
    vertex 3.199342219125171 1.0164078445964388 30.5
    vertex 3.7181228188632107 0.8918596419765117 30.500000000000036
  endloop
endfacet
facet normal -1.7736282552188562e-15 -4.0633043653577685e-16 1.0
  outer loop
    vertex 3.1993422191251737 7.483592155403495 30.49999999999999
    vertex 3.7181228188632107 0.8918596419765117 30.500000000000036
    vertex 3.7181228188632076 7.60814035802343 30.49999999999999
  endloop
endfacet
facet normal -1.7736282552188562e-15 -4.0633043653577685e-16 1.0
  outer loop
    vertex 3.7181228188632076 7.60814035802343 30.49999999999999
    vertex 3.7181228188632107 0.8918596419765117 30.500000000000036
    vertex 4.2500000000000036 7.649999999999955 30.50000000000001
  endloop
endfacet
facet normal -1.7736282552188562e-15 -4.0633043653577685e-16 1.0
  outer loop
    vertex 4.2500000000000036 7.649999999999955 30.50000000000001
    vertex 3.7181228188632107 0.8918596419765117 30.500000000000036
    vertex 4.249999999999992 4.249999999999967 30.500000000000018
  endloop
endfacet
facet normal -1.7736282552188562e-15 -4.0633043653577685e-16 1.0
  outer loop
    vertex 4.2500000000000036 7.649999999999955 30.50000000000001
    vertex 4.249999999999992 4.249999999999967 30.500000000000018
    vertex 5.749999999999992 5.116025403784403 30.500000000000018
  endloop
endfacet
facet normal -1.7736282552188562e-15 -4.0633043653577685e-16 1.0
  outer loop
    vertex 4.2500000000000036 7.649999999999955 30.50000000000001
    vertex 5.749999999999992 5.116025403784403 30.500000000000018
    vertex 4.781877181136776 7.60814035802343 30.50000000000001
  endloop
endfacet
facet normal -1.7736282552188562e-15 -4.0633043653577685e-16 1.0
  outer loop
    vertex 4.781877181136776 7.60814035802343 30.50000000000001
    vertex 5.749999999999992 5.116025403784403 30.500000000000018
    vertex 5.3006577808748165 7.483592155403477 30.5
  endloop
endfacet
facet normal -1.7736282552188562e-15 -4.0633043653577685e-16 1.0
  outer loop
    vertex 5.3006577808748165 7.483592155403477 30.5
    vertex 5.749999999999992 5.116025403784403 30.500000000000018
    vertex 5.79356769911445 7.279422182240407 30.5
  endloop
endfacet
facet normal -1.7736282552188562e-15 -4.0633043653577685e-16 1.0
  outer loop
    vertex 2.8499999999999925 5.7935676991144245 30.50000000000001
    vertex 1.499342219125171 6.248469857794377 30.5
    vertex 1.220577817759546 5.7935676991144245 30.50000000000002
  endloop
endfacet
facet normal -1.7736282552188562e-15 -4.0633043653577685e-16 1.0
  outer loop
    vertex 1.499342219125171 6.248469857794377 30.5
    vertex 2.8499999999999925 5.7935676991144245 30.50000000000001
    vertex 1.8458369439657354 6.654163056034232 30.50000000000001
  endloop
endfacet
facet normal -1.7736282552188562e-15 -4.0633043653577685e-16 1.0
  outer loop
    vertex 1.8458369439657354 6.654163056034232 30.50000000000001
    vertex 2.8499999999999925 5.7935676991144245 30.50000000000001
    vertex 2.2515301422055876 7.000657780874788 30.49999999999999
  endloop
endfacet
facet normal -1.7736282552188562e-15 -4.0633043653577685e-16 1.0
  outer loop
    vertex 2.2515301422055876 7.000657780874788 30.49999999999999
    vertex 2.8499999999999925 5.7935676991144245 30.50000000000001
    vertex 2.349999999999993 7.061000187339227 30.5
  endloop
endfacet
facet normal -1.7736282552188562e-15 -4.0633043653577685e-16 1.0
  outer loop
    vertex 2.349999999999993 7.061000187339227 30.5
    vertex 2.8499999999999925 5.7935676991144245 30.50000000000001
    vertex 2.7064323008855347 7.279422182240419 30.50000000000001
  endloop
endfacet
facet normal -1.7736282552188562e-15 -4.0633043653577685e-16 1.0
  outer loop
    vertex 2.7064323008855347 7.279422182240419 30.50000000000001
    vertex 2.8499999999999925 5.7935676991144245 30.50000000000001
    vertex 2.8499999999999925 7.338889870332329 30.5
  endloop
endfacet
facet normal -3.8907935416197646e-15 8.297358983762736e-15 1.0
  outer loop
    vertex 0.8918596419765286 3.718122818863188 30.49999999999999
    vertex 0.8918596419765229 4.7818771811367515 30.50000000000001
    vertex 0.8499999999999928 4.2499999999999725 30.5
  endloop
endfacet
facet normal -3.8907935416197646e-15 8.297358983762736e-15 1.0
  outer loop
    vertex 0.8918596419765229 4.7818771811367515 30.50000000000001
    vertex 0.8918596419765286 3.718122818863188 30.49999999999999
    vertex 1.0164078445964728 5.300657780874802 30.50000000000001
  endloop
endfacet
facet normal -3.8907935416197646e-15 8.297358983762736e-15 1.0
  outer loop
    vertex 1.0164078445964728 5.300657780874802 30.50000000000001
    vertex 0.8918596419765286 3.718122818863188 30.49999999999999
    vertex 1.0164078445964813 3.1993422191251484 30.500000000000036
  endloop
endfacet
facet normal -3.8907935416197646e-15 8.297358983762736e-15 1.0
  outer loop
    vertex 1.0164078445964728 5.300657780874802 30.50000000000001
    vertex 1.0164078445964813 3.1993422191251484 30.500000000000036
    vertex 2.349999999999993 5.300657780874802 30.500000000000007
  endloop
endfacet
facet normal -3.8907935416197646e-15 8.297358983762736e-15 1.0
  outer loop
    vertex 2.349999999999993 5.300657780874802 30.500000000000007
    vertex 1.0164078445964813 3.1993422191251484 30.500000000000036
    vertex 2.349999999999993 3.1993422191251484 30.500000000000036
  endloop
endfacet
facet normal -0.852640164354099 0.5224985647159378 9.511176514678097e-17
  outer loop
    vertex 1.499342219125171 6.248469857794377 30.5
    vertex 1.2205778177595719 5.793567699114436 24.50000000000002
    vertex 1.220577817759546 5.7935676991144245 30.50000000000002
  endloop
endfacet
facet normal -0.852640164354099 0.5224985647159378 9.511176514678097e-17
  outer loop
    vertex 1.2205778177595719 5.793567699114436 24.50000000000002
    vertex 1.499342219125171 6.248469857794377 30.5
    vertex 1.2205778177595574 5.793567699114453 1.5000000000000167
  endloop
endfacet
facet normal -0.852640164354099 0.5224985647159378 9.511176514678097e-17
  outer loop
    vertex 1.2205778177595574 5.793567699114453 1.5000000000000167
    vertex 1.499342219125171 6.248469857794377 30.5
    vertex 1.4993422191251853 6.248469857794394 1.5000000000000449
  endloop
endfacet
facet normal -0.852640164354091 -0.5224985647159508 -5.514425907915402e-16
  outer loop
    vertex 1.2205778177595406 2.7064323008855147 30.49999999999998
    vertex 1.4993422191251853 2.251530142205585 1.500000000000028
    vertex 1.4993422191251795 2.251530142205568 30.50000000000001
  endloop
endfacet
facet normal -0.852640164354091 -0.5224985647159508 -5.514425907915402e-16
  outer loop
    vertex 1.4993422191251853 2.251530142205585 1.500000000000028
    vertex 1.2205778177595406 2.7064323008855147 30.49999999999998
    vertex 1.2205778177595517 2.7064323008855373 1.500000000000025
  endloop
endfacet
facet normal -0.852640164354091 -0.5224985647159508 -5.514425907915402e-16
  outer loop
    vertex 1.2205778177595517 2.7064323008855373 1.500000000000025
    vertex 1.2205778177595406 2.7064323008855147 30.49999999999998
    vertex 1.2205778177595663 2.706432300885526 24.49999999999998
  endloop
endfacet
facet normal 0.0 -1.0 0.0
  outer loop
    vertex 1.0164078445964813 3.1993422191251484 30.500000000000036
    vertex 0.827518955707582 3.1993422191251484 27.375000000000036
    vertex 1.0164078445964813 3.1993422191251484 27.375000000000036
  endloop
endfacet
facet normal -7.426213047353519e-14 -4.194518972855782e-15 -1.0
  outer loop
    vertex 0.6943219738574963 4.813164074144791 27.37500000000004
    vertex 0.694321973857497 3.6868359258551284 27.37500000000004
    vertex 0.6499999999999925 4.249999999999961 27.37500000000004
  endloop
endfacet
facet normal -7.426213047353519e-14 -4.194518972855782e-15 -1.0
  outer loop
    vertex 0.694321973857497 3.6868359258551284 27.37500000000004
    vertex 0.6943219738574963 4.813164074144791 27.37500000000004
    vertex 0.8275189557075814 5.300657780874802 27.375000000000025
  endloop
endfacet
facet normal -7.426213047353519e-14 -4.194518972855782e-15 -1.0
  outer loop
    vertex 0.694321973857497 3.6868359258551284 27.37500000000004
    vertex 0.8275189557075814 5.300657780874802 27.375000000000025
    vertex 0.827518955707582 3.1993422191251484 27.375000000000036
  endloop
endfacet
facet normal -7.426213047353519e-14 -4.194518972855782e-15 -1.0
  outer loop
    vertex 0.827518955707582 3.1993422191251484 27.375000000000036
    vertex 0.8275189557075814 5.300657780874802 27.375000000000025
    vertex 0.8499999999999928 4.2499999999999725 27.375
  endloop
endfacet
facet normal -7.426213047353519e-14 -4.194518972855782e-15 -1.0
  outer loop
    vertex 0.8499999999999928 4.2499999999999725 27.375
    vertex 0.8275189557075814 5.300657780874802 27.375000000000025
    vertex 0.8918596419765229 4.7818771811367515 27.37500000000001
  endloop
endfacet
facet normal -7.426213047353519e-14 -4.194518972855782e-15 -1.0
  outer loop
    vertex 0.8918596419765229 4.7818771811367515 27.37500000000001
    vertex 0.8275189557075814 5.300657780874802 27.375000000000025
    vertex 1.0164078445964728 5.300657780874802 27.37500000000001
  endloop
endfacet
facet normal -7.426213047353519e-14 -4.194518972855782e-15 -1.0
  outer loop
    vertex 0.827518955707582 3.1993422191251484 27.375000000000036
    vertex 0.8918596419765286 3.718122818863188 27.37499999999999
    vertex 1.0164078445964813 3.1993422191251484 27.375000000000036
  endloop
endfacet
facet normal -7.426213047353519e-14 -4.194518972855782e-15 -1.0
  outer loop
    vertex 0.8918596419765286 3.718122818863188 27.37499999999999
    vertex 0.827518955707582 3.1993422191251484 27.375000000000036
    vertex 0.8499999999999928 4.2499999999999725 27.375
  endloop
endfacet
facet normal -0.9670410610037212 -0.24719866658203063 0.06102790814752867
  outer loop
    vertex 0.8918596419765286 3.718122818863188 30.49999999999999
    vertex 0.827518955707582 3.1993422191251484 27.375000000000036
    vertex 1.0164078445964813 3.1993422191251484 30.500000000000036
  endloop
endfacet
facet normal -0.9670410610037212 -0.24719866658203063 0.06102790814752867
  outer loop
    vertex 0.827518955707582 3.1993422191251484 27.375000000000036
    vertex 0.8918596419765286 3.718122818863188 30.49999999999999
    vertex 0.694321973857497 3.6868359258551284 27.37500000000004
  endloop
endfacet
facet normal -0.9948943894478818 -0.07829988655978941 0.06367324092466638
  outer loop
    vertex 0.8918596419765286 3.718122818863188 30.49999999999999
    vertex 0.6499999999999925 4.249999999999961 27.37500000000004
    vertex 0.694321973857497 3.6868359258551284 27.37500000000004
  endloop
endfacet
facet normal -0.9948943894478818 -0.07829988655978941 0.06367324092466638
  outer loop
    vertex 0.6499999999999925 4.249999999999961 27.37500000000004
    vertex 0.8918596419765286 3.718122818863188 30.49999999999999
    vertex 0.8499999999999928 4.2499999999999725 30.5
  endloop
endfacet
facet normal -0.9948943894478824 0.07829988655978312 0.06367324092466484
  outer loop
    vertex 0.8499999999999928 4.2499999999999725 30.5
    vertex 0.6943219738574963 4.813164074144791 27.37500000000004
    vertex 0.6499999999999925 4.249999999999961 27.37500000000004
  endloop
endfacet
facet normal -0.9948943894478824 0.07829988655978312 0.06367324092466484
  outer loop
    vertex 0.6943219738574963 4.813164074144791 27.37500000000004
    vertex 0.8499999999999928 4.2499999999999725 30.5
    vertex 0.8918596419765229 4.7818771811367515 30.50000000000001
  endloop
endfacet
facet normal -0.9670410610037237 0.24719866658202208 0.06102790814752593
  outer loop
    vertex 1.0164078445964728 5.300657780874802 30.50000000000001
    vertex 0.6943219738574963 4.813164074144791 27.37500000000004
    vertex 0.8918596419765229 4.7818771811367515 30.50000000000001
  endloop
endfacet
facet normal -0.9670410610037237 0.24719866658202208 0.06102790814752593
  outer loop
    vertex 0.6943219738574963 4.813164074144791 27.37500000000004
    vertex 1.0164078445964728 5.300657780874802 30.50000000000001
    vertex 0.8275189557075814 5.300657780874802 27.375000000000025
  endloop
endfacet
facet normal 0.0 1.0 0.0
  outer loop
    vertex 1.0164078445964728 5.300657780874802 30.50000000000001
    vertex 1.0164078445964728 5.300657780874802 27.37500000000001
    vertex 0.8275189557075814 5.300657780874802 27.375000000000025
  endloop
endfacet
facet normal -8.964763541553841e-15 -4.091680953310438e-15 1.0
  outer loop
    vertex 1.2205778177595663 2.706432300885526 24.49999999999998
    vertex 2.3499999999999996 3.1993422191251595 24.500000000000057
    vertex 1.016407844596507 3.1993422191251595 24.500000000000036
  endloop
endfacet
facet normal -8.964763541553841e-15 -4.091680953310438e-15 1.0
  outer loop
    vertex 2.3499999999999996 3.1993422191251595 24.500000000000057
    vertex 1.2205778177595663 2.706432300885526 24.49999999999998
    vertex 2.849999999999999 2.706432300885526 24.50000000000001
  endloop
endfacet
facet normal -8.964763541553841e-15 -4.091680953310438e-15 1.0
  outer loop
    vertex 2.3499999999999996 3.1993422191251595 24.500000000000057
    vertex 2.849999999999999 2.706432300885526 24.50000000000001
    vertex 2.3499999999999996 5.300657780874814 24.500000000000036
  endloop
endfacet
facet normal -8.964763541553841e-15 -4.091680953310438e-15 1.0
  outer loop
    vertex 2.3499999999999996 5.300657780874814 24.500000000000036
    vertex 1.2205778177595719 5.793567699114436 24.50000000000002
    vertex 1.0164078445964986 5.300657780874814 24.50000000000001
  endloop
endfacet
facet normal -8.964763541553841e-15 -4.091680953310438e-15 1.0
  outer loop
    vertex 1.2205778177595719 5.793567699114436 24.50000000000002
    vertex 2.3499999999999996 5.300657780874814 24.500000000000036
    vertex 2.849999999999999 5.793567699114436 24.500000000000036
  endloop
endfacet
facet normal -8.964763541553841e-15 -4.091680953310438e-15 1.0
  outer loop
    vertex 2.849999999999999 5.793567699114436 24.500000000000036
    vertex 2.3499999999999996 5.300657780874814 24.500000000000036
    vertex 2.849999999999999 2.706432300885526 24.50000000000001
  endloop
endfacet
facet normal 0.0 1.0 0.0
  outer loop
    vertex 1.2205778177595406 2.7064323008855147 30.49999999999998
    vertex 2.849999999999999 2.706432300885526 24.50000000000001
    vertex 1.2205778177595663 2.706432300885526 24.49999999999998
  endloop
endfacet
facet normal 0.0 1.0 0.0
  outer loop
    vertex 2.849999999999999 2.706432300885526 24.50000000000001
    vertex 1.2205778177595406 2.7064323008855147 30.49999999999998
    vertex 2.8499999999999925 2.7064323008855147 30.49999999999999
  endloop
endfacet
facet normal -1.0 8.2199688990305e-30 -1.1162367326752135e-15
  outer loop
    vertex 2.8499999999999925 5.7935676991144245 30.50000000000001
    vertex 2.849999999999999 2.706432300885526 24.50000000000001
    vertex 2.8499999999999925 2.7064323008855147 30.49999999999999
  endloop
endfacet
facet normal -1.0 8.2199688990305e-30 -1.1162367326752135e-15
  outer loop
    vertex 2.849999999999999 2.706432300885526 24.50000000000001
    vertex 2.8499999999999925 5.7935676991144245 30.50000000000001
    vertex 2.849999999999999 5.793567699114436 24.500000000000036
  endloop
endfacet
facet normal 0.0 -1.0 0.0
  outer loop
    vertex 2.849999999999999 5.793567699114436 24.500000000000036
    vertex 1.220577817759546 5.7935676991144245 30.50000000000002
    vertex 1.2205778177595719 5.793567699114436 24.50000000000002
  endloop
endfacet
facet normal 0.0 -1.0 0.0
  outer loop
    vertex 1.220577817759546 5.7935676991144245 30.50000000000002
    vertex 2.849999999999999 5.793567699114436 24.500000000000036
    vertex 2.8499999999999925 5.7935676991144245 30.50000000000001
  endloop
endfacet
facet normal 0.0 1.0 0.0
  outer loop
    vertex 1.0164078445964728 5.300657780874802 27.37500000000001
    vertex 2.3499999999999996 5.300657780874814 24.500000000000036
    vertex 1.0164078445964986 5.300657780874814 24.50000000000001
  endloop
endfacet
facet normal 0.0 1.0 0.0
  outer loop
    vertex 2.3499999999999996 5.300657780874814 24.500000000000036
    vertex 1.0164078445964728 5.300657780874802 27.37500000000001
    vertex 2.349999999999993 5.300657780874802 30.500000000000007
  endloop
endfacet
facet normal 0.0 1.0 0.0
  outer loop
    vertex 2.349999999999993 5.300657780874802 30.500000000000007
    vertex 1.0164078445964728 5.300657780874802 27.37500000000001
    vertex 1.0164078445964728 5.300657780874802 30.50000000000001
  endloop
endfacet
facet normal 1.0 1.3521368233455736e-29 1.116236732675214e-15
  outer loop
    vertex 2.3499999999999996 3.1993422191251595 24.500000000000057
    vertex 2.349999999999993 5.300657780874802 30.500000000000007
    vertex 2.349999999999993 3.1993422191251484 30.500000000000036
  endloop
endfacet
facet normal 1.0 1.3521368233455736e-29 1.116236732675214e-15
  outer loop
    vertex 2.349999999999993 5.300657780874802 30.500000000000007
    vertex 2.3499999999999996 3.1993422191251595 24.500000000000057
    vertex 2.3499999999999996 5.300657780874814 24.500000000000036
  endloop
endfacet
facet normal 0.0 -1.0 0.0
  outer loop
    vertex 2.3499999999999996 3.1993422191251595 24.500000000000057
    vertex 1.0164078445964813 3.1993422191251484 27.375000000000036
    vertex 1.016407844596507 3.1993422191251595 24.500000000000036
  endloop
endfacet
facet normal 0.0 -1.0 0.0
  outer loop
    vertex 1.0164078445964813 3.1993422191251484 27.375000000000036
    vertex 2.3499999999999996 3.1993422191251595 24.500000000000057
    vertex 2.349999999999993 3.1993422191251484 30.500000000000036
  endloop
endfacet
facet normal 0.0 -1.0 0.0
  outer loop
    vertex 1.0164078445964813 3.1993422191251484 27.375000000000036
    vertex 2.349999999999993 3.1993422191251484 30.500000000000036
    vertex 1.0164078445964813 3.1993422191251484 30.500000000000036
  endloop
endfacet
facet normal -0.9969173337331283 0.07845909572784159 -4.491936950611015e-16
  outer loop
    vertex 0.8918596419765229 4.7818771811367515 27.37500000000001
    vertex 0.8500000000000069 4.249999999999995 1.5000000000000082
    vertex 0.8499999999999928 4.2499999999999725 27.375
  endloop
endfacet
facet normal -0.9969173337331283 0.07845909572784159 -4.491936950611015e-16
  outer loop
    vertex 0.8500000000000069 4.249999999999995 1.5000000000000082
    vertex 0.8918596419765229 4.7818771811367515 27.37500000000001
    vertex 0.891859641976537 4.781877181136791 1.5000000000000082
  endloop
endfacet
facet normal -0.9723699203976726 0.2334453638559227 -1.1981131341426282e-16
  outer loop
    vertex 1.0164078445964728 5.300657780874802 27.37500000000001
    vertex 0.891859641976537 4.781877181136791 1.5000000000000082
    vertex 0.8918596419765229 4.7818771811367515 27.37500000000001
  endloop
endfacet
facet normal -0.9723699203976726 0.2334453638559227 -1.1981131341426282e-16
  outer loop
    vertex 0.891859641976537 4.781877181136791 1.5000000000000082
    vertex 1.0164078445964728 5.300657780874802 27.37500000000001
    vertex 1.0164078445964868 5.300657780874814 1.500000000000025
  endloop
endfacet
facet normal -0.9723699203976726 0.2334453638559227 -1.1981131341426282e-16
  outer loop
    vertex 1.0164078445964868 5.300657780874814 1.500000000000025
    vertex 1.0164078445964728 5.300657780874802 27.37500000000001
    vertex 1.0164078445964986 5.300657780874814 24.50000000000001
  endloop
endfacet
facet normal -1.716395586757409e-15 -2.132972069702082e-15 1.0
  outer loop
    vertex 0.052324552470669694 3.585153523579019 1.5000000000000053
    vertex 0.052324552470669694 4.9148464764209825 1.5000000000000195
    vertex 0.0 4.249999999999989 1.5000000000000335
  endloop
endfacet
facet normal -1.716395586757409e-15 -2.132972069702082e-15 1.0
  outer loop
    vertex 0.052324552470669694 4.9148464764209825 1.5000000000000195
    vertex 0.052324552470669694 3.585153523579019 1.5000000000000053
    vertex 0.20800980574560626 2.936677773906473 1.500000000000011
  endloop
endfacet
facet normal -1.716395586757409e-15 -2.132972069702082e-15 1.0
  outer loop
    vertex 0.052324552470669694 4.9148464764209825 1.5000000000000195
    vertex 0.20800980574560626 2.936677773906473 1.500000000000011
    vertex 0.2080098057455978 5.563322226093505 1.5000000000000364
  endloop
endfacet
facet normal -1.716395586757409e-15 -2.132972069702082e-15 1.0
  outer loop
    vertex 0.2080098057455978 5.563322226093505 1.5000000000000364
    vertex 0.20800980574560626 2.936677773906473 1.500000000000011
    vertex 0.4632222721994417 6.17945962389307 1.500000000000025
  endloop
endfacet
facet normal -1.716395586757409e-15 -2.132972069702082e-15 1.0
  outer loop
    vertex 0.4632222721994417 6.17945962389307 1.500000000000025
    vertex 0.20800980574560626 2.936677773906473 1.500000000000011
    vertex 0.4632222721994473 2.320540376106931 1.5000000000000138
  endloop
endfacet
facet normal -1.716395586757409e-15 -2.132972069702082e-15 1.0
  outer loop
    vertex 0.4632222721994417 6.17945962389307 1.500000000000025
    vertex 0.4632222721994473 2.320540376106931 1.5000000000000138
    vertex 0.81167777390648 6.748087322243011 1.500000000000025
  endloop
endfacet
facet normal -1.716395586757409e-15 -2.132972069702082e-15 1.0
  outer loop
    vertex 0.81167777390648 6.748087322243011 1.500000000000025
    vertex 0.4632222721994473 2.320540376106931 1.5000000000000138
    vertex 0.81167777390648 1.7519126777569909 1.5000000000000053
  endloop
endfacet
facet normal -1.716395586757409e-15 -2.132972069702082e-15 1.0
  outer loop
    vertex 0.81167777390648 6.748087322243011 1.500000000000025
    vertex 0.81167777390648 1.7519126777569909 1.5000000000000053
    vertex 0.8500000000000069 4.249999999999995 1.5000000000000082
  endloop
endfacet
facet normal -1.716395586757409e-15 -2.132972069702082e-15 1.0
  outer loop
    vertex 0.8500000000000069 4.249999999999995 1.5000000000000082
    vertex 0.81167777390648 1.7519126777569909 1.5000000000000053
    vertex 0.8918596419765399 3.718122818863216 1.500000000000025
  endloop
endfacet
facet normal -1.716395586757409e-15 -2.132972069702082e-15 1.0
  outer loop
    vertex 0.8918596419765399 3.718122818863216 1.500000000000025
    vertex 0.81167777390648 1.7519126777569909 1.5000000000000053
    vertex 1.2447961799571803 1.2447961799571718 1.499999999999994
  endloop
endfacet
facet normal -1.716395586757409e-15 -2.132972069702082e-15 1.0
  outer loop
    vertex 0.8918596419765399 3.718122818863216 1.500000000000025
    vertex 1.2447961799571803 1.2447961799571718 1.499999999999994
    vertex 1.0164078445964868 3.199342219125171 1.5000000000000335
  endloop
endfacet
facet normal -1.716395586757409e-15 -2.132972069702082e-15 1.0
  outer loop
    vertex 1.0164078445964868 3.199342219125171 1.5000000000000335
    vertex 1.2447961799571803 1.2447961799571718 1.499999999999994
    vertex 1.2205778177595517 2.7064323008855373 1.500000000000025
  endloop
endfacet
facet normal -1.716395586757409e-15 -2.132972069702082e-15 1.0
  outer loop
    vertex 1.2205778177595517 2.7064323008855373 1.500000000000025
    vertex 1.2447961799571803 1.2447961799571718 1.499999999999994
    vertex 1.4993422191251853 2.251530142205585 1.500000000000028
  endloop
endfacet
facet normal -1.716395586757409e-15 -2.132972069702082e-15 1.0
  outer loop
    vertex 1.4993422191251853 2.251530142205585 1.500000000000028
    vertex 1.2447961799571803 1.2447961799571718 1.499999999999994
    vertex 1.7519126777569909 0.8116777739064855 1.4999999999999913
  endloop
endfacet
facet normal -1.716395586757409e-15 -2.132972069702082e-15 1.0
  outer loop
    vertex 1.4993422191251853 2.251530142205585 1.500000000000028
    vertex 1.7519126777569909 0.8116777739064855 1.4999999999999913
    vertex 1.8458369439657467 1.8458369439657354 1.5000000000000364
  endloop
endfacet
facet normal -1.716395586757409e-15 -2.132972069702082e-15 1.0
  outer loop
    vertex 1.8458369439657467 1.8458369439657354 1.5000000000000364
    vertex 1.7519126777569909 0.8116777739064855 1.4999999999999913
    vertex 2.320540376106931 0.4632222721994417 1.4999999999999998
  endloop
endfacet
facet normal -1.716395586757409e-15 -2.132972069702082e-15 1.0
  outer loop
    vertex 1.8458369439657467 1.8458369439657354 1.5000000000000364
    vertex 2.320540376106931 0.4632222721994417 1.4999999999999998
    vertex 2.2515301422055933 1.4993422191251684 1.5000000000000335
  endloop
endfacet
facet normal -1.716395586757409e-15 -2.132972069702082e-15 1.0
  outer loop
    vertex 2.2515301422055933 1.4993422191251684 1.5000000000000335
    vertex 2.320540376106931 0.4632222721994417 1.4999999999999998
    vertex 2.7064323008855515 1.220577817759549 1.5000000000000195
  endloop
endfacet
facet normal -1.716395586757409e-15 -2.132972069702082e-15 1.0
  outer loop
    vertex 2.7064323008855515 1.220577817759549 1.5000000000000195
    vertex 2.320540376106931 0.4632222721994417 1.4999999999999998
    vertex 2.936677773906479 0.2080098057455978 1.4999999999999998
  endloop
endfacet
facet normal -1.716395586757409e-15 -2.132972069702082e-15 1.0
  outer loop
    vertex 2.7064323008855515 1.220577817759549 1.5000000000000195
    vertex 2.936677773906479 0.2080098057455978 1.4999999999999998
    vertex 3.1993422191251764 1.016407844596484 1.5000000000000138
  endloop
endfacet
facet normal -1.716395586757409e-15 -2.132972069702082e-15 1.0
  outer loop
    vertex 3.1993422191251764 1.016407844596484 1.5000000000000138
    vertex 2.936677773906479 0.2080098057455978 1.4999999999999998
    vertex 3.585153523579024 0.052324552470669694 1.4999999999999998
  endloop
endfacet
facet normal -1.716395586757409e-15 -2.132972069702082e-15 1.0
  outer loop
    vertex 3.1993422191251764 1.016407844596484 1.5000000000000138
    vertex 3.585153523579024 0.052324552470669694 1.4999999999999998
    vertex 3.718122818863219 0.8918596419765229 1.5000000000000335
  endloop
endfacet
facet normal -1.716395586757409e-15 -2.132972069702082e-15 1.0
  outer loop
    vertex 3.718122818863219 0.8918596419765229 1.5000000000000335
    vertex 3.585153523579024 0.052324552470669694 1.4999999999999998
    vertex 4.250000000000001 0.0 1.4999999999999913
  endloop
endfacet
facet normal -1.716395586757409e-15 -2.132972069702082e-15 1.0
  outer loop
    vertex 3.718122818863219 0.8918596419765229 1.5000000000000335
    vertex 4.250000000000001 0.0 1.4999999999999913
    vertex 4.250000000000001 0.8499999999999872 1.500000000000025
  endloop
endfacet
facet normal -1.716395586757409e-15 -2.132972069702082e-15 1.0
  outer loop
    vertex 4.250000000000001 0.8499999999999872 1.500000000000025
    vertex 4.250000000000001 0.0 1.4999999999999913
    vertex 4.91484647642098 0.052324552470669694 1.500000000000011
  endloop
endfacet
facet normal -1.716395586757409e-15 -2.132972069702082e-15 1.0
  outer loop
    vertex 4.250000000000001 0.8499999999999872 1.500000000000025
    vertex 4.91484647642098 0.052324552470669694 1.500000000000011
    vertex 4.781877181136776 0.8918596419765342 1.500000000000028
  endloop
endfacet
facet normal -1.716395586757409e-15 -2.132972069702082e-15 1.0
  outer loop
    vertex 4.781877181136776 0.8918596419765342 1.500000000000028
    vertex 4.91484647642098 0.052324552470669694 1.500000000000011
    vertex 5.300657780874828 1.0164078445964728 1.5000000000000195
  endloop
endfacet
facet normal -1.716395586757409e-15 -2.132972069702082e-15 1.0
  outer loop
    vertex 5.300657780874828 1.0164078445964728 1.5000000000000195
    vertex 4.91484647642098 0.052324552470669694 1.500000000000011
    vertex 5.563322226093526 0.20800980574558653 1.5000000000000195
  endloop
endfacet
facet normal -1.716395586757409e-15 -2.132972069702082e-15 1.0
  outer loop
    vertex 5.300657780874828 1.0164078445964728 1.5000000000000195
    vertex 5.563322226093526 0.20800980574558653 1.5000000000000195
    vertex 5.793567699114461 1.2205778177595377 1.5000000000000306
  endloop
endfacet
facet normal -1.716395586757409e-15 -2.132972069702082e-15 1.0
  outer loop
    vertex 5.793567699114461 1.2205778177595377 1.5000000000000306
    vertex 5.563322226093526 0.20800980574558653 1.5000000000000195
    vertex 6.179459623893073 0.46322227219943035 1.500000000000011
  endloop
endfacet
facet normal -1.716395586757409e-15 -2.132972069702082e-15 1.0
  outer loop
    vertex 5.793567699114461 1.2205778177595377 1.5000000000000306
    vertex 6.179459623893073 0.46322227219943035 1.500000000000011
    vertex 6.248469857794408 1.499342219125174 1.5000000000000306
  endloop
endfacet
facet normal -1.716395586757409e-15 -2.132972069702082e-15 1.0
  outer loop
    vertex 6.248469857794408 1.499342219125174 1.5000000000000306
    vertex 6.179459623893073 0.46322227219943035 1.500000000000011
    vertex 6.748087322243005 0.811677773906463 1.5000000000000167
  endloop
endfacet
facet normal -1.716395586757409e-15 -2.132972069702082e-15 1.0
  outer loop
    vertex 6.248469857794408 1.499342219125174 1.5000000000000306
    vertex 6.748087322243005 0.811677773906463 1.5000000000000167
    vertex 6.65416305603426 1.8458369439657296 1.5000000000000082
  endloop
endfacet
facet normal -1.716395586757409e-15 -2.132972069702082e-15 1.0
  outer loop
    vertex 6.65416305603426 1.8458369439657296 1.5000000000000082
    vertex 6.748087322243005 0.811677773906463 1.5000000000000167
    vertex 7.000657780874825 2.2515301422055907 1.500000000000011
  endloop
endfacet
facet normal -1.716395586757409e-15 -2.132972069702082e-15 1.0
  outer loop
    vertex 7.000657780874825 2.2515301422055907 1.500000000000011
    vertex 6.748087322243005 0.811677773906463 1.5000000000000167
    vertex 7.255203820042826 1.2447961799571605 1.5000000000000335
  endloop
endfacet
facet normal -1.716395586757409e-15 -2.132972069702082e-15 1.0
  outer loop
    vertex 7.000657780874825 2.2515301422055907 1.500000000000011
    vertex 7.255203820042826 1.2447961799571605 1.5000000000000335
    vertex 7.279422182240455 2.7064323008855373 1.5000000000000195
  endloop
endfacet
facet normal -1.716395586757409e-15 -2.132972069702082e-15 1.0
  outer loop
    vertex 7.279422182240455 2.7064323008855373 1.5000000000000195
    vertex 7.255203820042826 1.2447961799571605 1.5000000000000335
    vertex 7.688322226093521 1.7519126777569796 1.5000000000000335
  endloop
endfacet
facet normal -1.716395586757409e-15 -2.132972069702082e-15 1.0
  outer loop
    vertex 7.279422182240455 2.7064323008855373 1.5000000000000195
    vertex 7.688322226093521 1.7519126777569796 1.5000000000000335
    vertex 7.483592155403537 3.1993422191251764 1.5000000000000167
  endloop
endfacet
facet normal -1.716395586757409e-15 -2.132972069702082e-15 1.0
  outer loop
    vertex 7.483592155403537 3.1993422191251764 1.5000000000000167
    vertex 7.688322226093521 1.7519126777569796 1.5000000000000335
    vertex 7.608140358023467 3.718122818863205 1.500000000000042
  endloop
endfacet
facet normal -1.716395586757409e-15 -2.132972069702082e-15 1.0
  outer loop
    vertex 7.608140358023467 3.718122818863205 1.500000000000042
    vertex 7.688322226093521 1.7519126777569796 1.5000000000000335
    vertex 7.650000000000003 4.250000000000001 1.5000000000000364
  endloop
endfacet
facet normal -1.716395586757409e-15 -2.132972069702082e-15 1.0
  outer loop
    vertex 0.81167777390648 6.748087322243011 1.500000000000025
    vertex 0.891859641976537 4.781877181136791 1.5000000000000082
    vertex 1.2447961799571832 7.255203820042824 1.500000000000025
  endloop
endfacet
facet normal -1.716395586757409e-15 -2.132972069702082e-15 1.0
  outer loop
    vertex 0.891859641976537 4.781877181136791 1.5000000000000082
    vertex 0.81167777390648 6.748087322243011 1.500000000000025
    vertex 0.8500000000000069 4.249999999999995 1.5000000000000082
  endloop
endfacet
facet normal -1.716395586757409e-15 -2.132972069702082e-15 1.0
  outer loop
    vertex 1.2447961799571832 7.255203820042824 1.500000000000025
    vertex 0.891859641976537 4.781877181136791 1.5000000000000082
    vertex 1.0164078445964868 5.300657780874814 1.500000000000025
  endloop
endfacet
facet normal -1.716395586757409e-15 -2.132972069702082e-15 1.0
  outer loop
    vertex 1.2447961799571832 7.255203820042824 1.500000000000025
    vertex 1.0164078445964868 5.300657780874814 1.500000000000025
    vertex 1.2205778177595574 5.793567699114453 1.5000000000000167
  endloop
endfacet
facet normal -1.716395586757409e-15 -2.132972069702082e-15 1.0
  outer loop
    vertex 1.2447961799571832 7.255203820042824 1.500000000000025
    vertex 1.2205778177595574 5.793567699114453 1.5000000000000167
    vertex 1.4993422191251853 6.248469857794394 1.5000000000000449
  endloop
endfacet
facet normal -1.716395586757409e-15 -2.132972069702082e-15 1.0
  outer loop
    vertex 1.2447961799571832 7.255203820042824 1.500000000000025
    vertex 1.4993422191251853 6.248469857794394 1.5000000000000449
    vertex 1.7519126777570022 7.688322226093524 1.5000000000000195
  endloop
endfacet
facet normal -1.716395586757409e-15 -2.132972069702082e-15 1.0
  outer loop
    vertex 1.7519126777570022 7.688322226093524 1.5000000000000195
    vertex 1.4993422191251853 6.248469857794394 1.5000000000000449
    vertex 1.8458369439657494 6.654163056034266 1.5000000000000335
  endloop
endfacet
facet normal -1.716395586757409e-15 -2.132972069702082e-15 1.0
  outer loop
    vertex 1.7519126777570022 7.688322226093524 1.5000000000000195
    vertex 1.8458369439657494 6.654163056034266 1.5000000000000335
    vertex 2.320540376106931 8.036777727800557 1.500000000000025
  endloop
endfacet
facet normal -1.716395586757409e-15 -2.132972069702082e-15 1.0
  outer loop
    vertex 2.320540376106931 8.036777727800557 1.500000000000025
    vertex 1.8458369439657494 6.654163056034266 1.5000000000000335
    vertex 2.251530142205599 7.000657780874816 1.500000000000028
  endloop
endfacet
facet normal -1.716395586757409e-15 -2.132972069702082e-15 1.0
  outer loop
    vertex 2.320540376106931 8.036777727800557 1.500000000000025
    vertex 2.251530142205599 7.000657780874816 1.500000000000028
    vertex 2.7064323008855484 7.279422182240447 1.5000000000000364
  endloop
endfacet
facet normal -1.716395586757409e-15 -2.132972069702082e-15 1.0
  outer loop
    vertex 2.320540376106931 8.036777727800557 1.500000000000025
    vertex 2.7064323008855484 7.279422182240447 1.5000000000000364
    vertex 2.9366777739064847 8.291990194254401 1.5000000000000167
  endloop
endfacet
facet normal -1.716395586757409e-15 -2.132972069702082e-15 1.0
  outer loop
    vertex 2.9366777739064847 8.291990194254401 1.5000000000000167
    vertex 2.7064323008855484 7.279422182240447 1.5000000000000364
    vertex 3.199342219125182 7.483592155403506 1.5000000000000393
  endloop
endfacet
facet normal -1.716395586757409e-15 -2.132972069702082e-15 1.0
  outer loop
    vertex 2.9366777739064847 8.291990194254401 1.5000000000000167
    vertex 3.199342219125182 7.483592155403506 1.5000000000000393
    vertex 3.585153523579024 8.44767544752933 1.5000000000000195
  endloop
endfacet
facet normal -1.716395586757409e-15 -2.132972069702082e-15 1.0
  outer loop
    vertex 3.585153523579024 8.44767544752933 1.5000000000000195
    vertex 3.199342219125182 7.483592155403506 1.5000000000000393
    vertex 3.7181228188632134 7.608140358023447 1.500000000000028
  endloop
endfacet
facet normal -1.716395586757409e-15 -2.132972069702082e-15 1.0
  outer loop
    vertex 3.585153523579024 8.44767544752933 1.5000000000000195
    vertex 3.7181228188632134 7.608140358023447 1.500000000000028
    vertex 4.250000000000015 8.499999999999993 1.5000000000000167
  endloop
endfacet
facet normal -1.716395586757409e-15 -2.132972069702082e-15 1.0
  outer loop
    vertex 4.250000000000015 8.499999999999993 1.5000000000000167
    vertex 3.7181228188632134 7.608140358023447 1.500000000000028
    vertex 4.250000000000009 7.649999999999989 1.500000000000025
  endloop
endfacet
facet normal -1.716395586757409e-15 -2.132972069702082e-15 1.0
  outer loop
    vertex 4.250000000000015 8.499999999999993 1.5000000000000167
    vertex 4.250000000000009 7.649999999999989 1.500000000000025
    vertex 4.781877181136793 7.608140358023459 1.500000000000025
  endloop
endfacet
facet normal -1.716395586757409e-15 -2.132972069702082e-15 1.0
  outer loop
    vertex 4.250000000000015 8.499999999999993 1.5000000000000167
    vertex 4.781877181136793 7.608140358023459 1.500000000000025
    vertex 4.914846476420991 8.447675447529322 1.500000000000025
  endloop
endfacet
facet normal -1.716395586757409e-15 -2.132972069702082e-15 1.0
  outer loop
    vertex 4.914846476420991 8.447675447529322 1.500000000000025
    vertex 4.781877181136793 7.608140358023459 1.500000000000025
    vertex 5.300657780874833 7.483592155403517 1.5000000000000195
  endloop
endfacet
facet normal -1.716395586757409e-15 -2.132972069702082e-15 1.0
  outer loop
    vertex 4.914846476420991 8.447675447529322 1.500000000000025
    vertex 5.300657780874833 7.483592155403517 1.5000000000000195
    vertex 5.563322226093536 8.291990194254396 1.500000000000025
  endloop
endfacet
facet normal -1.716395586757409e-15 -2.132972069702082e-15 1.0
  outer loop
    vertex 5.563322226093536 8.291990194254396 1.500000000000025
    vertex 5.300657780874833 7.483592155403517 1.5000000000000195
    vertex 5.793567699114467 7.279422182240447 1.5000000000000222
  endloop
endfacet
facet normal -1.716395586757409e-15 -2.132972069702082e-15 1.0
  outer loop
    vertex 5.563322226093536 8.291990194254396 1.500000000000025
    vertex 5.793567699114467 7.279422182240447 1.5000000000000222
    vertex 6.179459623893084 8.036777727800557 1.500000000000025
  endloop
endfacet
facet normal -1.716395586757409e-15 -2.132972069702082e-15 1.0
  outer loop
    vertex 6.179459623893084 8.036777727800557 1.500000000000025
    vertex 5.793567699114467 7.279422182240447 1.5000000000000222
    vertex 6.248469857794413 7.0006577808748105 1.500000000000025
  endloop
endfacet
facet normal -1.716395586757409e-15 -2.132972069702082e-15 1.0
  outer loop
    vertex 6.179459623893084 8.036777727800557 1.500000000000025
    vertex 6.248469857794413 7.0006577808748105 1.500000000000025
    vertex 6.748087322243016 7.688322226093507 1.500000000000028
  endloop
endfacet
facet normal -1.716395586757409e-15 -2.132972069702082e-15 1.0
  outer loop
    vertex 6.748087322243016 7.688322226093507 1.500000000000028
    vertex 6.248469857794413 7.0006577808748105 1.500000000000025
    vertex 6.65416305603426 6.654163056034249 1.5000000000000222
  endloop
endfacet
facet normal -1.716395586757409e-15 -2.132972069702082e-15 1.0
  outer loop
    vertex 6.748087322243016 7.688322226093507 1.500000000000028
    vertex 6.65416305603426 6.654163056034249 1.5000000000000222
    vertex 7.000657780874825 6.248469857794399 1.5000000000000335
  endloop
endfacet
facet normal -1.716395586757409e-15 -2.132972069702082e-15 1.0
  outer loop
    vertex 6.748087322243016 7.688322226093507 1.500000000000028
    vertex 7.000657780874825 6.248469857794399 1.5000000000000335
    vertex 7.255203820042838 7.255203820042818 1.500000000000028
  endloop
endfacet
facet normal -1.716395586757409e-15 -2.132972069702082e-15 1.0
  outer loop
    vertex 7.255203820042838 7.255203820042818 1.500000000000028
    vertex 7.000657780874825 6.248469857794399 1.5000000000000335
    vertex 7.279422182240455 5.793567699114441 1.500000000000042
  endloop
endfacet
facet normal -1.716395586757409e-15 -2.132972069702082e-15 1.0
  outer loop
    vertex 7.255203820042838 7.255203820042818 1.500000000000028
    vertex 7.279422182240455 5.793567699114441 1.500000000000042
    vertex 7.688322226093538 6.748087322242999 1.5000000000000364
  endloop
endfacet
facet normal -1.716395586757409e-15 -2.132972069702082e-15 1.0
  outer loop
    vertex 7.688322226093538 6.748087322242999 1.5000000000000364
    vertex 7.279422182240455 5.793567699114441 1.500000000000042
    vertex 7.483592155403525 5.300657780874814 1.500000000000042
  endloop
endfacet
facet normal -1.716395586757409e-15 -2.132972069702082e-15 1.0
  outer loop
    vertex 7.688322226093538 6.748087322242999 1.5000000000000364
    vertex 7.483592155403525 5.300657780874814 1.500000000000042
    vertex 7.608140358023473 4.781877181136785 1.500000000000028
  endloop
endfacet
facet normal -1.716395586757409e-15 -2.132972069702082e-15 1.0
  outer loop
    vertex 7.688322226093538 6.748087322242999 1.5000000000000364
    vertex 7.608140358023473 4.781877181136785 1.500000000000028
    vertex 7.650000000000003 4.250000000000001 1.5000000000000364
  endloop
endfacet
facet normal -1.716395586757409e-15 -2.132972069702082e-15 1.0
  outer loop
    vertex 7.688322226093538 6.748087322242999 1.5000000000000364
    vertex 7.650000000000003 4.250000000000001 1.5000000000000364
    vertex 7.688322226093521 1.7519126777569796 1.5000000000000335
  endloop
endfacet
facet normal -1.716395586757409e-15 -2.132972069702082e-15 1.0
  outer loop
    vertex 7.688322226093538 6.748087322242999 1.5000000000000364
    vertex 7.688322226093521 1.7519126777569796 1.5000000000000335
    vertex 8.036777727800564 2.3205403761069143 1.5000000000000393
  endloop
endfacet
facet normal -1.716395586757409e-15 -2.132972069702082e-15 1.0
  outer loop
    vertex 7.688322226093538 6.748087322242999 1.5000000000000364
    vertex 8.036777727800564 2.3205403761069143 1.5000000000000393
    vertex 8.036777727800576 6.1794596238930755 1.5000000000000167
  endloop
endfacet
facet normal -1.716395586757409e-15 -2.132972069702082e-15 1.0
  outer loop
    vertex 8.036777727800576 6.1794596238930755 1.5000000000000167
    vertex 8.036777727800564 2.3205403761069143 1.5000000000000393
    vertex 8.291990194254396 2.936677773906473 1.5000000000000335
  endloop
endfacet
facet normal -1.716395586757409e-15 -2.132972069702082e-15 1.0
  outer loop
    vertex 8.036777727800576 6.1794596238930755 1.5000000000000167
    vertex 8.291990194254396 2.936677773906473 1.5000000000000335
    vertex 8.291990194254396 5.563322226093511 1.5000000000000335
  endloop
endfacet
facet normal -1.716395586757409e-15 -2.132972069702082e-15 1.0
  outer loop
    vertex 8.291990194254396 5.563322226093511 1.5000000000000335
    vertex 8.291990194254396 2.936677773906473 1.5000000000000335
    vertex 8.44767544752933 3.585153523579013 1.5000000000000306
  endloop
endfacet
facet normal -1.716395586757409e-15 -2.132972069702082e-15 1.0
  outer loop
    vertex 8.291990194254396 5.563322226093511 1.5000000000000335
    vertex 8.44767544752933 3.585153523579013 1.5000000000000306
    vertex 8.447675447529342 4.9148464764209825 1.5000000000000167
  endloop
endfacet
facet normal -1.716395586757409e-15 -2.132972069702082e-15 1.0
  outer loop
    vertex 8.447675447529342 4.9148464764209825 1.5000000000000167
    vertex 8.44767544752933 3.585153523579013 1.5000000000000306
    vertex 8.5 4.249999999999995 1.500000000000025
  endloop
endfacet
endsolid 7931_KnPin
