solid Knacle_7911
facet normal -0.5555702330194867 0.8314696123026224 3.1292177878853385e-17
  outer loop
    vertex -3.0438071450436026 3.966766701455971 4.100000000000331
    vertex -2.4999999999998375 4.330127018921988 4.500000000000307
    vertex -2.4999999999998375 4.330127018921988 4.100000000000309
  endloop
endfacet
facet normal -0.5555702330194867 0.8314696123026224 3.1292177878853385e-17
  outer loop
    vertex -2.4999999999998375 4.330127018921988 4.500000000000307
    vertex -3.0438071450436026 3.966766701455971 4.100000000000331
    vertex -3.0438071450436026 3.966766701455971 4.500000000000319
  endloop
endfacet
facet normal 0.9978589232386035 0.06540312923014437 3.392558525240775e-16
  outer loop
    vertex -3.479971463422073 -0.4581469346923673 4.100000000000434
    vertex -3.5099999999999993 1.4099832412739487e-15 20.900000000000006
    vertex -3.479971463422073 -0.45814693469238277 20.900000000000006
  endloop
endfacet
facet normal 0.9978589232386035 0.06540312923014437 3.392558525240775e-16
  outer loop
    vertex -3.5099999999999993 1.4099832412739487e-15 20.900000000000006
    vertex -3.479971463422073 -0.4581469346923673 4.100000000000434
    vertex -3.5099999999999993 1.5509815654013436e-14 4.100000000000434
  endloop
endfacet
facet normal 0.9978589232386035 -0.06540312923014324 2.2944781082645344e-16
  outer loop
    vertex -3.5099999999999993 1.5509815654013436e-14 4.100000000000434
    vertex -3.479971463422075 0.4581469346923814 20.900000000000006
    vertex -3.5099999999999993 1.4099832412739487e-15 20.900000000000006
  endloop
endfacet
facet normal 0.9978589232386035 -0.06540312923014324 2.2944781082645344e-16
  outer loop
    vertex -3.479971463422075 0.4581469346923814 20.900000000000006
    vertex -3.5099999999999993 1.5509815654013436e-14 4.100000000000434
    vertex -3.479971463422075 0.45814693469239687 4.100000000000434
  endloop
endfacet
facet normal 0.1950903220161288 -0.9807852804032304 -7.677473384531067e-16
  outer loop
    vertex -0.4581469346923842 3.479971463422075 20.900000000000006
    vertex -0.9084548483098508 3.3903996502746296 4.100000000000434
    vertex -0.45814693469237994 3.479971463422075 4.100000000000434
  endloop
endfacet
facet normal 0.1950903220161288 -0.9807852804032304 -7.677473384531067e-16
  outer loop
    vertex -0.9084548483098508 3.3903996502746296 4.100000000000434
    vertex -0.4581469346923842 3.479971463422075 20.900000000000006
    vertex -0.9084548483098508 3.3903996502746296 20.900000000000006
  endloop
endfacet
facet normal 0.6593458151000694 -0.7518398074789772 -4.432591325255195e-16
  outer loop
    vertex -2.13675261582061 2.7846702244222348 20.900000000000006
    vertex -2.4819448019647816 2.4819448019647887 4.100000000000434
    vertex -2.13675261582061 2.784670224422243 4.100000000000434
  endloop
endfacet
facet normal 0.6593458151000694 -0.7518398074789772 -4.432591325255195e-16
  outer loop
    vertex -2.4819448019647816 2.4819448019647887 4.100000000000434
    vertex -2.13675261582061 2.7846702244222348 20.900000000000006
    vertex -2.4819448019647816 2.481944801964783 20.900000000000006
  endloop
endfacet
facet normal 0.8314696123025456 -0.5555702330196017 -2.2944781082645295e-16
  outer loop
    vertex -3.03974916728338 1.7550000000000048 4.100000000000434
    vertex -2.7846702244222374 2.1367526158206074 20.900000000000006
    vertex -3.03974916728338 1.754999999999999 20.900000000000006
  endloop
endfacet
facet normal 0.8314696123025456 -0.5555702330196017 -2.2944781082645295e-16
  outer loop
    vertex -2.7846702244222374 2.1367526158206074 20.900000000000006
    vertex -3.03974916728338 1.7550000000000048 4.100000000000434
    vertex -2.7846702244222374 2.1367526158206145 4.100000000000434
  endloop
endfacet
facet normal 0.8968727415326888 -0.4422886902190005 -1.1571385347063779e-16
  outer loop
    vertex -3.242817159114616 1.343218847601476 4.100000000000434
    vertex -3.03974916728338 1.754999999999999 20.900000000000006
    vertex -3.242817159114616 1.3432188476014646 20.900000000000006
  endloop
endfacet
facet normal 0.8968727415326888 -0.4422886902190005 -1.1571385347063779e-16
  outer loop
    vertex -3.03974916728338 1.754999999999999 20.900000000000006
    vertex -3.242817159114616 1.343218847601476 4.100000000000434
    vertex -3.03974916728338 1.7550000000000048 4.100000000000434
  endloop
endfacet
facet normal 0.9469301294951058 -0.3214394653031614 2.5571123167359675e-31
  outer loop
    vertex -3.3903996502746296 0.9084548483098592 4.100000000000434
    vertex -3.242817159114616 1.3432188476014646 20.900000000000006
    vertex -3.3903996502746296 0.908454848309848 20.900000000000006
  endloop
endfacet
facet normal 0.9469301294951058 -0.3214394653031614 2.5571123167359675e-31
  outer loop
    vertex -3.242817159114616 1.3432188476014646 20.900000000000006
    vertex -3.3903996502746296 0.9084548483098592 4.100000000000434
    vertex -3.242817159114616 1.343218847601476 4.100000000000434
  endloop
endfacet
facet normal 0.4422886902190028 -0.8968727415326877 -6.268630768633222e-16
  outer loop
    vertex -1.3432188476014675 3.242817159114616 20.900000000000006
    vertex -1.755000000000002 3.0397491672833845 4.100000000000434
    vertex -1.3432188476014675 3.242817159114616 4.100000000000434
  endloop
endfacet
facet normal 0.4422886902190028 -0.8968727415326877 -6.268630768633222e-16
  outer loop
    vertex -1.755000000000002 3.0397491672833845 4.100000000000434
    vertex -1.3432188476014675 3.242817159114616 20.900000000000006
    vertex -1.755000000000002 3.0397491672833787 20.900000000000006
  endloop
endfacet
facet normal 0.9807852804032304 0.19509032201612872 4.4325913252552033e-16
  outer loop
    vertex -3.3903996502746283 -0.9084548483098381 4.100000000000428
    vertex -3.479971463422073 -0.45814693469238277 20.900000000000006
    vertex -3.3903996502746283 -0.9084548483098493 20.900000000000002
  endloop
endfacet
facet normal 0.9807852804032304 0.19509032201612872 4.4325913252552033e-16
  outer loop
    vertex -3.479971463422073 -0.45814693469238277 20.900000000000006
    vertex -3.3903996502746283 -0.9084548483098381 4.100000000000428
    vertex -3.479971463422073 -0.4581469346923673 4.100000000000434
  endloop
endfacet
facet normal -0.0654031292301432 -0.9978589232386035 -8.563108876897769e-16
  outer loop
    vertex 0.4581469346923814 3.479971463422075 20.900000000000006
    vertex 5.639932965095795e-15 3.510000000000001 4.100000000000434
    vertex 0.4581469346923842 3.479971463422075 4.100000000000434
  endloop
endfacet
facet normal -0.0654031292301432 -0.9978589232386035 -8.563108876897769e-16
  outer loop
    vertex 5.639932965095795e-15 3.510000000000001 4.100000000000434
    vertex 0.4581469346923814 3.479971463422075 20.900000000000006
    vertex 0.0 3.510000000000001 20.900000000000006
  endloop
endfacet
facet normal 0.751839807478978 -0.6593458151000684 -3.3925585252407576e-16
  outer loop
    vertex -2.7846702244222374 2.1367526158206145 4.100000000000434
    vertex -2.4819448019647816 2.481944801964783 20.900000000000006
    vertex -2.7846702244222374 2.1367526158206074 20.900000000000006
  endloop
endfacet
facet normal 0.751839807478978 -0.6593458151000684 -3.3925585252407576e-16
  outer loop
    vertex -2.4819448019647816 2.481944801964783 20.900000000000006
    vertex -2.7846702244222374 2.1367526158206145 4.100000000000434
    vertex -2.4819448019647816 2.4819448019647887 4.100000000000434
  endloop
endfacet
facet normal 0.9807852804032307 -0.19509032201612733 1.1571385347063959e-16
  outer loop
    vertex -3.479971463422075 0.45814693469239687 4.100000000000434
    vertex -3.3903996502746296 0.908454848309848 20.900000000000006
    vertex -3.479971463422075 0.4581469346923814 20.900000000000006
  endloop
endfacet
facet normal 0.9807852804032307 -0.19509032201612733 1.1571385347063959e-16
  outer loop
    vertex -3.3903996502746296 0.908454848309848 20.900000000000006
    vertex -3.479971463422075 0.45814693469239687 4.100000000000434
    vertex -3.3903996502746296 0.9084548483098592 4.100000000000434
  endloop
endfacet
facet normal -0.9978589232386036 0.06540312923014327 -2.2944781082645344e-16
  outer loop
    vertex 3.510000000000001 1.4099832412739487e-15 20.900000000000006
    vertex 3.479971463422075 -0.45814693469236445 4.100000000000434
    vertex 3.479971463422075 -0.45814693469237855 20.900000000000006
  endloop
endfacet
facet normal -0.9978589232386036 0.06540312923014327 -2.2944781082645344e-16
  outer loop
    vertex 3.479971463422075 -0.45814693469236445 4.100000000000434
    vertex 3.510000000000001 1.4099832412739487e-15 20.900000000000006
    vertex 3.510000000000001 1.5509815654013436e-14 4.100000000000434
  endloop
endfacet
facet normal -0.5555702330196017 0.8314696123025456 5.396781258748032e-16
  outer loop
    vertex 1.755000000000002 -3.0397491672833774 20.900000000000002
    vertex 2.13675261582061 -2.7846702244222263 4.100000000000428
    vertex 1.755000000000002 -3.0397491672833703 4.100000000000428
  endloop
endfacet
facet normal -0.5555702330196017 0.8314696123025456 5.396781258748032e-16
  outer loop
    vertex 2.13675261582061 -2.7846702244222263 4.100000000000428
    vertex 1.755000000000002 -3.0397491672833774 20.900000000000002
    vertex 2.13675261582061 -2.7846702244222334 20.900000000000002
  endloop
endfacet
facet normal 0.6593458151000685 0.7518398074789777 8.190360802780719e-16
  outer loop
    vertex -2.4819448019647803 -2.4819448019647816 20.900000000000002
    vertex -2.1367526158206074 -2.7846702244222277 4.100000000000428
    vertex -2.4819448019647803 -2.4819448019647745 4.100000000000428
  endloop
endfacet
facet normal 0.6593458151000685 0.7518398074789777 8.190360802780719e-16
  outer loop
    vertex -2.1367526158206074 -2.7846702244222277 4.100000000000428
    vertex -2.4819448019647803 -2.4819448019647816 20.900000000000002
    vertex -2.1367526158206074 -2.7846702244222348 20.900000000000002
  endloop
endfacet
facet normal -0.321439465303161 -0.946930129495106 -8.8651826505104e-16
  outer loop
    vertex 1.3432188476014646 3.242817159114616 20.900000000000006
    vertex 0.9084548483098466 3.3903996502746296 4.100000000000434
    vertex 1.3432188476014646 3.242817159114616 4.100000000000434
  endloop
endfacet
facet normal -0.321439465303161 -0.946930129495106 -8.8651826505104e-16
  outer loop
    vertex 0.9084548483098466 3.3903996502746296 4.100000000000434
    vertex 1.3432188476014646 3.242817159114616 20.900000000000006
    vertex 0.9084548483098466 3.3903996502746296 20.900000000000006
  endloop
endfacet
facet normal -0.5555702330196023 -0.8314696123025452 -8.56310887689777e-16
  outer loop
    vertex 2.13675261582061 2.7846702244222374 20.900000000000006
    vertex 1.754999999999999 3.039749167283387 4.100000000000434
    vertex 2.13675261582061 2.784670224422243 4.100000000000434
  endloop
endfacet
facet normal -0.5555702330196023 -0.8314696123025452 -8.56310887689777e-16
  outer loop
    vertex 1.754999999999999 3.039749167283387 4.100000000000434
    vertex 2.13675261582061 2.7846702244222374 20.900000000000006
    vertex 1.754999999999999 3.039749167283382 20.900000000000006
  endloop
endfacet
facet normal -0.4422886902190022 0.8968727415326879 6.268630768633228e-16
  outer loop
    vertex 1.3432188476014646 -3.242817159114615 20.900000000000002
    vertex 1.755000000000002 -3.0397491672833703 4.100000000000428
    vertex 1.3432188476014646 -3.242817159114615 4.100000000000428
  endloop
endfacet
facet normal -0.4422886902190022 0.8968727415326879 6.268630768633228e-16
  outer loop
    vertex 1.755000000000002 -3.0397491672833703 4.100000000000428
    vertex 1.3432188476014646 -3.242817159114615 20.900000000000002
    vertex 1.755000000000002 -3.0397491672833774 20.900000000000002
  endloop
endfacet
facet normal 0.06540312923014424 -0.9978589232386036 -8.190360802780713e-16
  outer loop
    vertex 0.0 3.510000000000001 20.900000000000006
    vertex -0.45814693469237994 3.479971463422075 4.100000000000434
    vertex 5.639932965095795e-15 3.510000000000001 4.100000000000434
  endloop
endfacet
facet normal 0.06540312923014424 -0.9978589232386036 -8.190360802780713e-16
  outer loop
    vertex -0.45814693469237994 3.479971463422075 4.100000000000434
    vertex 0.0 3.510000000000001 20.900000000000006
    vertex -0.4581469346923842 3.479971463422075 20.900000000000006
  endloop
endfacet
facet normal 0.5555702330196021 -0.8314696123025455 -5.396781258748029e-16
  outer loop
    vertex -1.755000000000002 3.0397491672833787 20.900000000000006
    vertex -2.13675261582061 2.784670224422243 4.100000000000434
    vertex -1.755000000000002 3.0397491672833845 4.100000000000434
  endloop
endfacet
facet normal 0.5555702330196021 -0.8314696123025455 -5.396781258748029e-16
  outer loop
    vertex -2.13675261582061 2.784670224422243 4.100000000000434
    vertex -1.755000000000002 3.0397491672833787 20.900000000000006
    vertex -2.13675261582061 2.7846702244222348 20.900000000000006
  endloop
endfacet
facet normal -0.7518398074789778 -0.6593458151000686 -7.677473384531068e-16
  outer loop
    vertex 2.481944801964783 2.481944801964783 20.900000000000006
    vertex 2.7846702244222348 2.136752615820617 4.100000000000434
    vertex 2.7846702244222348 2.13675261582061 20.900000000000006
  endloop
endfacet
facet normal -0.7518398074789778 -0.6593458151000686 -7.677473384531068e-16
  outer loop
    vertex 2.7846702244222348 2.136752615820617 4.100000000000434
    vertex 2.481944801964783 2.481944801964783 20.900000000000006
    vertex 2.481944801964783 2.4819448019647887 4.100000000000434
  endloop
endfacet
facet normal 0.3214394653031613 0.9469301294951058 8.865182650510399e-16
  outer loop
    vertex -1.3432188476014633 -3.242817159114616 20.900000000000002
    vertex -0.9084548483098466 -3.3903996502746283 4.100000000000428
    vertex -1.3432188476014633 -3.242817159114616 4.100000000000428
  endloop
endfacet
facet normal 0.3214394653031613 0.9469301294951058 8.865182650510399e-16
  outer loop
    vertex -0.9084548483098466 -3.3903996502746283 4.100000000000428
    vertex -1.3432188476014633 -3.242817159114616 20.900000000000002
    vertex -0.9084548483098466 -3.3903996502746283 20.900000000000002
  endloop
endfacet
facet normal -0.9807852804032305 0.19509032201612841 -1.1571385347063862e-16
  outer loop
    vertex 3.479971463422075 -0.45814693469237855 20.900000000000006
    vertex 3.3903996502746296 -0.9084548483098353 4.100000000000434
    vertex 3.3903996502746296 -0.9084548483098466 20.900000000000006
  endloop
endfacet
facet normal -0.9807852804032305 0.19509032201612841 -1.1571385347063862e-16
  outer loop
    vertex 3.3903996502746296 -0.9084548483098353 4.100000000000434
    vertex 3.479971463422075 -0.45814693469237855 20.900000000000006
    vertex 3.479971463422075 -0.45814693469236445 4.100000000000434
  endloop
endfacet
facet normal -0.6593458151000682 -0.751839807478978 -8.190360802780721e-16
  outer loop
    vertex 2.481944801964783 2.481944801964783 20.900000000000006
    vertex 2.13675261582061 2.784670224422243 4.100000000000434
    vertex 2.481944801964783 2.4819448019647887 4.100000000000434
  endloop
endfacet
facet normal -0.6593458151000682 -0.751839807478978 -8.190360802780721e-16
  outer loop
    vertex 2.13675261582061 2.784670224422243 4.100000000000434
    vertex 2.481944801964783 2.481944801964783 20.900000000000006
    vertex 2.13675261582061 2.7846702244222374 20.900000000000006
  endloop
endfacet
facet normal 0.8968727415326877 0.44228869021900263 6.268630768633244e-16
  outer loop
    vertex -3.0397491672833787 -1.7549999999999935 4.100000000000428
    vertex -3.242817159114616 -1.3432188476014661 20.900000000000002
    vertex -3.0397491672833787 -1.754999999999999 20.900000000000002
  endloop
endfacet
facet normal 0.8968727415326877 0.44228869021900263 6.268630768633244e-16
  outer loop
    vertex -3.242817159114616 -1.3432188476014661 20.900000000000002
    vertex -3.0397491672833787 -1.7549999999999935 4.100000000000428
    vertex -3.242817159114616 -1.3432188476014548 4.100000000000428
  endloop
endfacet
facet normal -0.9469301294951058 0.3214394653031614 -2.5571123167359675e-31
  outer loop
    vertex 3.3903996502746296 -0.9084548483098466 20.900000000000006
    vertex 3.242817159114616 -1.3432188476014506 4.100000000000434
    vertex 3.242817159114616 -1.343218847601462 20.900000000000006
  endloop
endfacet
facet normal -0.9469301294951058 0.3214394653031614 -2.5571123167359675e-31
  outer loop
    vertex 3.242817159114616 -1.3432188476014506 4.100000000000434
    vertex 3.3903996502746296 -0.9084548483098466 20.900000000000006
    vertex 3.3903996502746296 -0.9084548483098353 4.100000000000434
  endloop
endfacet
facet normal 0.32143946530316153 -0.9469301294951058 -7.033222268074331e-16
  outer loop
    vertex -0.9084548483098508 3.3903996502746296 20.900000000000006
    vertex -1.3432188476014675 3.242817159114616 4.100000000000434
    vertex -0.9084548483098508 3.3903996502746296 4.100000000000434
  endloop
endfacet
facet normal 0.32143946530316153 -0.9469301294951058 -7.033222268074331e-16
  outer loop
    vertex -1.3432188476014675 3.242817159114616 4.100000000000434
    vertex -0.9084548483098508 3.3903996502746296 20.900000000000006
    vertex -1.3432188476014675 3.242817159114616 20.900000000000006
  endloop
endfacet
facet normal -0.3214394653031614 0.9469301294951058 7.033222268074332e-16
  outer loop
    vertex 0.9084548483098493 -3.390399650274627 20.900000000000002
    vertex 1.3432188476014646 -3.242817159114615 4.100000000000428
    vertex 0.9084548483098493 -3.390399650274627 4.100000000000428
  endloop
endfacet
facet normal -0.3214394653031614 0.9469301294951058 7.033222268074332e-16
  outer loop
    vertex 1.3432188476014646 -3.242817159114615 4.100000000000428
    vertex 0.9084548483098493 -3.390399650274627 20.900000000000002
    vertex 1.3432188476014646 -3.242817159114615 20.900000000000002
  endloop
endfacet
facet normal 0.9469301294951057 0.32143946530316153 3.817510310323264e-16
  outer loop
    vertex 4.619397662556436 1.9134171618254516 20.500000000000004
    vertex 4.829629131445343 1.2940952255126068 20.900000000000006
    vertex 4.829629131445343 1.2940952255126068 20.500000000000004
  endloop
endfacet
facet normal 0.9469301294951057 0.32143946530316153 3.817510310323264e-16
  outer loop
    vertex 4.829629131445343 1.2940952255126068 20.900000000000006
    vertex 4.619397662556436 1.9134171618254516 20.500000000000004
    vertex 4.619397662556436 1.9134171618254516 20.900000000000006
  endloop
endfacet
facet normal -0.9469301294951058 -0.3214394653031614 -5.396781258748027e-16
  outer loop
    vertex 3.242817159114616 1.3432188476014661 20.900000000000006
    vertex 3.3903996502746296 0.9084548483098607 4.100000000000434
    vertex 3.3903996502746296 0.9084548483098493 20.900000000000006
  endloop
endfacet
facet normal -0.9469301294951058 -0.3214394653031614 -5.396781258748027e-16
  outer loop
    vertex 3.3903996502746296 0.9084548483098607 4.100000000000434
    vertex 3.242817159114616 1.3432188476014661 20.900000000000006
    vertex 3.242817159114616 1.3432188476014773 4.100000000000434
  endloop
endfacet
facet normal -0.9978589232386037 -0.06540312923014316 -3.3925585252407655e-16
  outer loop
    vertex 3.479971463422075 0.45814693469238277 20.900000000000006
    vertex 3.510000000000001 1.5509815654013436e-14 4.100000000000434
    vertex 3.510000000000001 1.4099832412739487e-15 20.900000000000006
  endloop
endfacet
facet normal -0.9978589232386037 -0.06540312923014316 -3.3925585252407655e-16
  outer loop
    vertex 3.510000000000001 1.5509815654013436e-14 4.100000000000434
    vertex 3.479971463422075 0.45814693469238277 20.900000000000006
    vertex 3.479971463422075 0.4581469346923983 4.100000000000434
  endloop
endfacet
facet normal 0.19509032201612733 0.9807852804032308 8.789339783988792e-16
  outer loop
    vertex -0.9084548483098466 -3.3903996502746283 20.900000000000002
    vertex -0.4581469346923757 -3.4799714634220718 4.100000000000428
    vertex -0.9084548483098466 -3.3903996502746283 4.100000000000428
  endloop
endfacet
facet normal 0.19509032201612733 0.9807852804032308 8.789339783988792e-16
  outer loop
    vertex -0.4581469346923757 -3.4799714634220718 4.100000000000428
    vertex -0.9084548483098466 -3.3903996502746283 20.900000000000002
    vertex -0.45814693469237994 -3.4799714634220718 20.900000000000002
  endloop
endfacet
facet normal -0.19509032201612855 -0.9807852804032304 -8.78933978398879e-16
  outer loop
    vertex 0.9084548483098466 3.3903996502746296 20.900000000000006
    vertex 0.4581469346923842 3.479971463422075 4.100000000000434
    vertex 0.9084548483098466 3.3903996502746296 4.100000000000434
  endloop
endfacet
facet normal -0.19509032201612855 -0.9807852804032304 -8.78933978398879e-16
  outer loop
    vertex 0.4581469346923842 3.479971463422075 4.100000000000434
    vertex 0.9084548483098466 3.3903996502746296 20.900000000000006
    vertex 0.4581469346923814 3.479971463422075 20.900000000000006
  endloop
endfacet
facet normal -0.8314696123025452 -0.5555702330196023 -7.03322226807433e-16
  outer loop
    vertex 2.7846702244222348 2.13675261582061 20.900000000000006
    vertex 3.0397491672833787 1.7550000000000074 4.100000000000434
    vertex 3.0397491672833787 1.755000000000002 20.900000000000006
  endloop
endfacet
facet normal -0.8314696123025452 -0.5555702330196023 -7.03322226807433e-16
  outer loop
    vertex 3.0397491672833787 1.7550000000000074 4.100000000000434
    vertex 2.7846702244222348 2.13675261582061 20.900000000000006
    vertex 2.7846702244222348 2.136752615820617 4.100000000000434
  endloop
endfacet
facet normal -0.44228869021900125 -0.8968727415326884 -8.789339783988792e-16
  outer loop
    vertex 1.754999999999999 3.039749167283382 20.900000000000006
    vertex 1.3432188476014646 3.242817159114616 4.100000000000434
    vertex 1.754999999999999 3.039749167283387 4.100000000000434
  endloop
endfacet
facet normal -0.44228869021900125 -0.8968727415326884 -8.789339783988792e-16
  outer loop
    vertex 1.3432188476014646 3.242817159114616 4.100000000000434
    vertex 1.754999999999999 3.039749167283382 20.900000000000006
    vertex 1.3432188476014646 3.242817159114616 20.900000000000006
  endloop
endfacet
facet normal -0.7518398074789782 0.6593458151000683 3.3925585252407566e-16
  outer loop
    vertex 2.7846702244222348 -2.1367526158206074 20.900000000000006
    vertex 2.481944801964783 -2.481944801964773 4.100000000000434
    vertex 2.481944801964783 -2.4819448019647803 20.900000000000006
  endloop
endfacet
facet normal -0.7518398074789782 0.6593458151000683 3.3925585252407566e-16
  outer loop
    vertex 2.481944801964783 -2.481944801964773 4.100000000000434
    vertex 2.7846702244222348 -2.1367526158206074 20.900000000000006
    vertex 2.7846702244222348 -2.1367526158206003 4.100000000000434
  endloop
endfacet
facet normal 0.44228869021900086 0.8968727415326887 8.789339783988792e-16
  outer loop
    vertex -1.754999999999999 -3.0397491672833787 20.900000000000002
    vertex -1.3432188476014633 -3.242817159114616 4.100000000000428
    vertex -1.754999999999999 -3.0397491672833716 4.100000000000428
  endloop
endfacet
facet normal 0.44228869021900086 0.8968727415326887 8.789339783988792e-16
  outer loop
    vertex -1.3432188476014633 -3.242817159114616 4.100000000000428
    vertex -1.754999999999999 -3.0397491672833787 20.900000000000002
    vertex -1.3432188476014633 -3.242817159114616 20.900000000000002
  endloop
endfacet
facet normal -0.8314696123025455 0.5555702330196021 2.2944781082645334e-16
  outer loop
    vertex 3.0397491672833787 -1.7549999999999977 20.900000000000006
    vertex 2.7846702244222348 -2.1367526158206003 4.100000000000434
    vertex 2.7846702244222348 -2.1367526158206074 20.900000000000006
  endloop
endfacet
facet normal -0.8314696123025455 0.5555702330196021 2.2944781082645334e-16
  outer loop
    vertex 2.7846702244222348 -2.1367526158206003 4.100000000000434
    vertex 3.0397491672833787 -1.7549999999999977 20.900000000000006
    vertex 3.0397491672833787 -1.7549999999999906 4.100000000000434
  endloop
endfacet
facet normal -0.9807852804032304 -0.19509032201612844 -4.4325913252552013e-16
  outer loop
    vertex 3.3903996502746296 0.9084548483098493 20.900000000000006
    vertex 3.479971463422075 0.4581469346923983 4.100000000000434
    vertex 3.479971463422075 0.45814693469238277 20.900000000000006
  endloop
endfacet
facet normal -0.9807852804032304 -0.19509032201612844 -4.4325913252552013e-16
  outer loop
    vertex 3.479971463422075 0.4581469346923983 4.100000000000434
    vertex 3.3903996502746296 0.9084548483098493 20.900000000000006
    vertex 3.3903996502746296 0.9084548483098607 4.100000000000434
  endloop
endfacet
facet normal 0.06540312923014327 0.9978589232386036 8.56310887689777e-16
  outer loop
    vertex -0.45814693469237994 -3.4799714634220718 20.900000000000002
    vertex 5.639932965095795e-15 -3.509999999999998 4.100000000000428
    vertex -0.4581469346923757 -3.4799714634220718 4.100000000000428
  endloop
endfacet
facet normal 0.06540312923014327 0.9978589232386036 8.56310887689777e-16
  outer loop
    vertex 5.639932965095795e-15 -3.509999999999998 4.100000000000428
    vertex -0.45814693469237994 -3.4799714634220718 20.900000000000002
    vertex 0.0 -3.509999999999998 20.900000000000002
  endloop
endfacet
facet normal -0.6593458151000693 0.7518398074789772 4.432591325255195e-16
  outer loop
    vertex 2.13675261582061 -2.7846702244222334 20.900000000000002
    vertex 2.481944801964783 -2.481944801964773 4.100000000000434
    vertex 2.13675261582061 -2.7846702244222263 4.100000000000428
  endloop
endfacet
facet normal -0.6593458151000693 0.7518398074789772 4.432591325255195e-16
  outer loop
    vertex 2.481944801964783 -2.481944801964773 4.100000000000434
    vertex 2.13675261582061 -2.7846702244222334 20.900000000000002
    vertex 2.481944801964783 -2.4819448019647803 20.900000000000006
  endloop
endfacet
facet normal 0.9469301294951058 0.32143946530316153 5.396781258748028e-16
  outer loop
    vertex -3.242817159114616 -1.3432188476014548 4.100000000000428
    vertex -3.3903996502746283 -0.9084548483098493 20.900000000000002
    vertex -3.242817159114616 -1.3432188476014661 20.900000000000002
  endloop
endfacet
facet normal 0.9469301294951058 0.32143946530316153 5.396781258748028e-16
  outer loop
    vertex -3.3903996502746283 -0.9084548483098493 20.900000000000002
    vertex -3.242817159114616 -1.3432188476014548 4.100000000000428
    vertex -3.3903996502746283 -0.9084548483098381 4.100000000000428
  endloop
endfacet
facet normal -0.8968727415326887 0.44228869021900064 1.157138534706379e-16
  outer loop
    vertex 3.242817159114616 -1.343218847601462 20.900000000000006
    vertex 3.0397491672833787 -1.7549999999999906 4.100000000000434
    vertex 3.0397491672833787 -1.7549999999999977 20.900000000000006
  endloop
endfacet
facet normal -0.8968727415326887 0.44228869021900064 1.157138534706379e-16
  outer loop
    vertex 3.0397491672833787 -1.7549999999999906 4.100000000000434
    vertex 3.242817159114616 -1.343218847601462 20.900000000000006
    vertex 3.242817159114616 -1.3432188476014506 4.100000000000434
  endloop
endfacet
facet normal -0.06540312923014306 0.9978589232386037 8.190360802780719e-16
  outer loop
    vertex 0.0 -3.509999999999998 20.900000000000002
    vertex 0.458146934692387 -3.4799714634220718 4.100000000000428
    vertex 5.639932965095795e-15 -3.509999999999998 4.100000000000428
  endloop
endfacet
facet normal -0.06540312923014306 0.9978589232386037 8.190360802780719e-16
  outer loop
    vertex 0.458146934692387 -3.4799714634220718 4.100000000000428
    vertex 0.0 -3.509999999999998 20.900000000000002
    vertex 0.4581469346923814 -3.4799714634220718 20.900000000000002
  endloop
endfacet
facet normal -0.19509032201612875 0.9807852804032304 7.677473384531067e-16
  outer loop
    vertex 0.4581469346923814 -3.4799714634220718 20.900000000000002
    vertex 0.9084548483098493 -3.390399650274627 4.100000000000428
    vertex 0.458146934692387 -3.4799714634220718 4.100000000000428
  endloop
endfacet
facet normal -0.19509032201612875 0.9807852804032304 7.677473384531067e-16
  outer loop
    vertex 0.9084548483098493 -3.390399650274627 4.100000000000428
    vertex 0.4581469346923814 -3.4799714634220718 20.900000000000002
    vertex 0.9084548483098493 -3.390399650274627 20.900000000000002
  endloop
endfacet
facet normal -0.8968727415326883 -0.4422886902190014 -6.268630768633235e-16
  outer loop
    vertex 3.0397491672833787 1.755000000000002 20.900000000000006
    vertex 3.242817159114616 1.3432188476014773 4.100000000000434
    vertex 3.242817159114616 1.3432188476014661 20.900000000000006
  endloop
endfacet
facet normal -0.8968727415326883 -0.4422886902190014 -6.268630768633235e-16
  outer loop
    vertex 3.242817159114616 1.3432188476014773 4.100000000000434
    vertex 3.0397491672833787 1.755000000000002 20.900000000000006
    vertex 3.0397491672833787 1.7550000000000074 4.100000000000434
  endloop
endfacet
facet normal 0.7518398074789769 0.6593458151000695 7.677473384531073e-16
  outer loop
    vertex -2.4819448019647803 -2.4819448019647745 4.100000000000428
    vertex -2.7846702244222348 -2.1367526158206087 20.900000000000002
    vertex -2.4819448019647803 -2.4819448019647816 20.900000000000002
  endloop
endfacet
facet normal 0.7518398074789769 0.6593458151000695 7.677473384531073e-16
  outer loop
    vertex -2.7846702244222348 -2.1367526158206087 20.900000000000002
    vertex -2.4819448019647803 -2.4819448019647745 4.100000000000428
    vertex -2.7846702244222348 -2.1367526158206016 4.100000000000428
  endloop
endfacet
facet normal -0.19509032201612875 -0.9807852804032304 -5.214816063110596e-16
  outer loop
    vertex -0.6526309611002564 -4.95722430686905 20.900000000000002
    vertex -1.2940952255126013 -4.82962913144534 20.500000000000004
    vertex -0.652630961100255 -4.95722430686905 20.500000000000004
  endloop
endfacet
facet normal -0.19509032201612875 -0.9807852804032304 -5.214816063110596e-16
  outer loop
    vertex -1.2940952255126013 -4.82962913144534 20.500000000000004
    vertex -0.6526309611002564 -4.95722430686905 20.900000000000002
    vertex -1.2940952255126013 -4.82962913144534 20.900000000000002
  endloop
endfacet
facet normal 0.8314696123025455 0.5555702330196021 7.033222268074331e-16
  outer loop
    vertex -2.7846702244222348 -2.1367526158206016 4.100000000000428
    vertex -3.0397491672833787 -1.754999999999999 20.900000000000002
    vertex -2.7846702244222348 -2.1367526158206087 20.900000000000002
  endloop
endfacet
facet normal 0.8314696123025455 0.5555702330196021 7.033222268074331e-16
  outer loop
    vertex -3.0397491672833787 -1.754999999999999 20.900000000000002
    vertex -2.7846702244222348 -2.1367526158206016 4.100000000000428
    vertex -3.0397491672833787 -1.7549999999999935 4.100000000000428
  endloop
endfacet
facet normal 0.5555702330196023 0.8314696123025452 8.56310887689777e-16
  outer loop
    vertex -2.1367526158206074 -2.7846702244222348 20.900000000000002
    vertex -1.754999999999999 -3.0397491672833716 4.100000000000428
    vertex -2.1367526158206074 -2.7846702244222277 4.100000000000428
  endloop
endfacet
facet normal 0.5555702330196023 0.8314696123025452 8.56310887689777e-16
  outer loop
    vertex -1.754999999999999 -3.0397491672833716 4.100000000000428
    vertex -2.1367526158206074 -2.7846702244222348 20.900000000000002
    vertex -1.754999999999999 -3.0397491672833787 20.900000000000002
  endloop
endfacet
facet normal 0.8314696123025452 0.5555702330196023 4.675476174052931e-16
  outer loop
    vertex 4.330127018922193 2.500000000000004 20.500000000000004
    vertex 3.966766701456177 3.0438071450436053 20.900000000000006
    vertex 4.330127018922193 2.500000000000001 20.900000000000006
  endloop
endfacet
facet normal 0.8314696123025452 0.5555702330196023 4.675476174052931e-16
  outer loop
    vertex 3.966766701456177 3.0438071450436053 20.900000000000006
    vertex 4.330127018922193 2.500000000000004 20.500000000000004
    vertex 3.966766701456177 3.0438071450436053 20.500000000000004
  endloop
endfacet
facet normal -2.3878170595636925e-16 -4.842014005442926e-16 1.0
  outer loop
    vertex -3.535533905932735 -3.535533905932738 20.900000000000002
    vertex -3.479971463422073 -0.45814693469238277 20.900000000000006
    vertex -3.5099999999999993 1.4099832412739487e-15 20.900000000000006
  endloop
endfacet
facet normal -2.3878170595636925e-16 -4.842014005442926e-16 1.0
  outer loop
    vertex -3.479971463422073 -0.45814693469238277 20.900000000000006
    vertex -3.535533905932735 -3.535533905932738 20.900000000000002
    vertex -3.0438071450435995 -3.966766701456174 20.900000000000002
  endloop
endfacet
facet normal -2.3878170595636925e-16 -4.842014005442926e-16 1.0
  outer loop
    vertex -3.479971463422073 -0.45814693469238277 20.900000000000006
    vertex -3.0438071450435995 -3.966766701456174 20.900000000000002
    vertex -3.3903996502746283 -0.9084548483098493 20.900000000000002
  endloop
endfacet
facet normal -2.3878170595636925e-16 -4.842014005442926e-16 1.0
  outer loop
    vertex -3.3903996502746283 -0.9084548483098493 20.900000000000002
    vertex -3.0438071450435995 -3.966766701456174 20.900000000000002
    vertex -3.242817159114616 -1.3432188476014661 20.900000000000002
  endloop
endfacet
facet normal -2.3878170595636925e-16 -4.842014005442926e-16 1.0
  outer loop
    vertex -3.242817159114616 -1.3432188476014661 20.900000000000002
    vertex -3.0438071450435995 -3.966766701456174 20.900000000000002
    vertex -3.0397491672833787 -1.754999999999999 20.900000000000002
  endloop
endfacet
facet normal -2.3878170595636925e-16 -4.842014005442926e-16 1.0
  outer loop
    vertex -3.0397491672833787 -1.754999999999999 20.900000000000002
    vertex -3.0438071450435995 -3.966766701456174 20.900000000000002
    vertex -2.4999999999999982 -4.330127018922193 20.900000000000002
  endloop
endfacet
facet normal -2.3878170595636925e-16 -4.842014005442926e-16 1.0
  outer loop
    vertex -3.0397491672833787 -1.754999999999999 20.900000000000002
    vertex -2.4999999999999982 -4.330127018922193 20.900000000000002
    vertex -2.7846702244222348 -2.1367526158206087 20.900000000000002
  endloop
endfacet
facet normal -2.3878170595636925e-16 -4.842014005442926e-16 1.0
  outer loop
    vertex -2.7846702244222348 -2.1367526158206087 20.900000000000002
    vertex -2.4999999999999982 -4.330127018922193 20.900000000000002
    vertex -2.4819448019647803 -2.4819448019647816 20.900000000000002
  endloop
endfacet
facet normal -2.3878170595636925e-16 -4.842014005442926e-16 1.0
  outer loop
    vertex -2.4819448019647803 -2.4819448019647816 20.900000000000002
    vertex -2.4999999999999982 -4.330127018922193 20.900000000000002
    vertex -1.9134171618254459 -4.619397662556432 20.900000000000002
  endloop
endfacet
facet normal -2.3878170595636925e-16 -4.842014005442926e-16 1.0
  outer loop
    vertex -2.4819448019647803 -2.4819448019647816 20.900000000000002
    vertex -1.9134171618254459 -4.619397662556432 20.900000000000002
    vertex -2.1367526158206074 -2.7846702244222348 20.900000000000002
  endloop
endfacet
facet normal -2.3878170595636925e-16 -4.842014005442926e-16 1.0
  outer loop
    vertex -2.1367526158206074 -2.7846702244222348 20.900000000000002
    vertex -1.9134171618254459 -4.619397662556432 20.900000000000002
    vertex -1.754999999999999 -3.0397491672833787 20.900000000000002
  endloop
endfacet
facet normal -2.3878170595636925e-16 -4.842014005442926e-16 1.0
  outer loop
    vertex -1.754999999999999 -3.0397491672833787 20.900000000000002
    vertex -1.9134171618254459 -4.619397662556432 20.900000000000002
    vertex -1.2940952255126013 -4.82962913144534 20.900000000000002
  endloop
endfacet
facet normal -2.3878170595636925e-16 -4.842014005442926e-16 1.0
  outer loop
    vertex -1.754999999999999 -3.0397491672833787 20.900000000000002
    vertex -1.2940952255126013 -4.82962913144534 20.900000000000002
    vertex -1.3432188476014633 -3.242817159114616 20.900000000000002
  endloop
endfacet
facet normal -2.3878170595636925e-16 -4.842014005442926e-16 1.0
  outer loop
    vertex -1.3432188476014633 -3.242817159114616 20.900000000000002
    vertex -1.2940952255126013 -4.82962913144534 20.900000000000002
    vertex -0.9084548483098466 -3.3903996502746283 20.900000000000002
  endloop
endfacet
facet normal -2.3878170595636925e-16 -4.842014005442926e-16 1.0
  outer loop
    vertex -0.9084548483098466 -3.3903996502746283 20.900000000000002
    vertex -1.2940952255126013 -4.82962913144534 20.900000000000002
    vertex -0.6526309611002564 -4.95722430686905 20.900000000000002
  endloop
endfacet
facet normal -2.3878170595636925e-16 -4.842014005442926e-16 1.0
  outer loop
    vertex -0.9084548483098466 -3.3903996502746283 20.900000000000002
    vertex -0.6526309611002564 -4.95722430686905 20.900000000000002
    vertex -0.45814693469237994 -3.4799714634220718 20.900000000000002
  endloop
endfacet
facet normal -2.3878170595636925e-16 -4.842014005442926e-16 1.0
  outer loop
    vertex -0.45814693469237994 -3.4799714634220718 20.900000000000002
    vertex -0.6526309611002564 -4.95722430686905 20.900000000000002
    vertex 2.8199664825478975e-15 -4.999999999999998 20.900000000000002
  endloop
endfacet
facet normal -2.3878170595636925e-16 -4.842014005442926e-16 1.0
  outer loop
    vertex -0.45814693469237994 -3.4799714634220718 20.900000000000002
    vertex 2.8199664825478975e-15 -4.999999999999998 20.900000000000002
    vertex 0.0 -3.509999999999998 20.900000000000002
  endloop
endfacet
facet normal -2.3878170595636925e-16 -4.842014005442926e-16 1.0
  outer loop
    vertex 0.0 -3.509999999999998 20.900000000000002
    vertex 2.8199664825478975e-15 -4.999999999999998 20.900000000000002
    vertex 0.4581469346923814 -3.4799714634220718 20.900000000000002
  endloop
endfacet
facet normal -2.3878170595636925e-16 -4.842014005442926e-16 1.0
  outer loop
    vertex 0.4581469346923814 -3.4799714634220718 20.900000000000002
    vertex 2.8199664825478975e-15 -4.999999999999998 20.900000000000002
    vertex 0.652630961100262 -4.95722430686905 20.900000000000002
  endloop
endfacet
facet normal -2.3878170595636925e-16 -4.842014005442926e-16 1.0
  outer loop
    vertex 0.4581469346923814 -3.4799714634220718 20.900000000000002
    vertex 0.652630961100262 -4.95722430686905 20.900000000000002
    vertex 0.9084548483098493 -3.390399650274627 20.900000000000002
  endloop
endfacet
facet normal -2.3878170595636925e-16 -4.842014005442926e-16 1.0
  outer loop
    vertex 0.9084548483098493 -3.390399650274627 20.900000000000002
    vertex 0.652630961100262 -4.95722430686905 20.900000000000002
    vertex 1.2940952255126055 -4.829629131445339 20.900000000000002
  endloop
endfacet
facet normal -2.3878170595636925e-16 -4.842014005442926e-16 1.0
  outer loop
    vertex 0.9084548483098493 -3.390399650274627 20.900000000000002
    vertex 1.2940952255126055 -4.829629131445339 20.900000000000002
    vertex 1.3432188476014646 -3.242817159114615 20.900000000000002
  endloop
endfacet
facet normal -2.3878170595636925e-16 -4.842014005442926e-16 1.0
  outer loop
    vertex 1.3432188476014646 -3.242817159114615 20.900000000000002
    vertex 1.2940952255126055 -4.829629131445339 20.900000000000002
    vertex 1.9134171618254516 -4.619397662556432 20.900000000000002
  endloop
endfacet
facet normal -2.3878170595636925e-16 -4.842014005442926e-16 1.0
  outer loop
    vertex 1.3432188476014646 -3.242817159114615 20.900000000000002
    vertex 1.9134171618254516 -4.619397662556432 20.900000000000002
    vertex 1.755000000000002 -3.0397491672833774 20.900000000000002
  endloop
endfacet
facet normal -2.3878170595636925e-16 -4.842014005442926e-16 1.0
  outer loop
    vertex 1.755000000000002 -3.0397491672833774 20.900000000000002
    vertex 1.9134171618254516 -4.619397662556432 20.900000000000002
    vertex 2.13675261582061 -2.7846702244222334 20.900000000000002
  endloop
endfacet
facet normal -2.3878170595636925e-16 -4.842014005442926e-16 1.0
  outer loop
    vertex 2.13675261582061 -2.7846702244222334 20.900000000000002
    vertex 1.9134171618254516 -4.619397662556432 20.900000000000002
    vertex 2.500000000000004 -4.33012701892219 20.900000000000002
  endloop
endfacet
facet normal -2.3878170595636925e-16 -4.842014005442926e-16 1.0
  outer loop
    vertex 2.13675261582061 -2.7846702244222334 20.900000000000002
    vertex 2.500000000000004 -4.33012701892219 20.900000000000002
    vertex 2.481944801964783 -2.4819448019647803 20.900000000000006
  endloop
endfacet
facet normal -2.3878170595636925e-16 -4.842014005442926e-16 1.0
  outer loop
    vertex 2.481944801964783 -2.4819448019647803 20.900000000000006
    vertex 2.500000000000004 -4.33012701892219 20.900000000000002
    vertex 2.7846702244222348 -2.1367526158206074 20.900000000000006
  endloop
endfacet
facet normal -2.3878170595636925e-16 -4.842014005442926e-16 1.0
  outer loop
    vertex 2.7846702244222348 -2.1367526158206074 20.900000000000006
    vertex 2.500000000000004 -4.33012701892219 20.900000000000002
    vertex 3.0438071450436053 -3.966766701456174 20.900000000000002
  endloop
endfacet
facet normal -2.3878170595636925e-16 -4.842014005442926e-16 1.0
  outer loop
    vertex 2.7846702244222348 -2.1367526158206074 20.900000000000006
    vertex 3.0438071450436053 -3.966766701456174 20.900000000000002
    vertex 3.0397491672833787 -1.7549999999999977 20.900000000000006
  endloop
endfacet
facet normal -2.3878170595636925e-16 -4.842014005442926e-16 1.0
  outer loop
    vertex 3.0397491672833787 -1.7549999999999977 20.900000000000006
    vertex 3.0438071450436053 -3.966766701456174 20.900000000000002
    vertex 3.242817159114616 -1.343218847601462 20.900000000000006
  endloop
endfacet
facet normal -2.3878170595636925e-16 -4.842014005442926e-16 1.0
  outer loop
    vertex 3.242817159114616 -1.343218847601462 20.900000000000006
    vertex 3.0438071450436053 -3.966766701456174 20.900000000000002
    vertex 3.535533905932738 -3.535533905932735 20.900000000000002
  endloop
endfacet
facet normal -2.3878170595636925e-16 -4.842014005442926e-16 1.0
  outer loop
    vertex 3.242817159114616 -1.343218847601462 20.900000000000006
    vertex 3.535533905932738 -3.535533905932735 20.900000000000002
    vertex 3.3903996502746296 -0.9084548483098466 20.900000000000006
  endloop
endfacet
facet normal -2.3878170595636925e-16 -4.842014005442926e-16 1.0
  outer loop
    vertex 3.3903996502746296 -0.9084548483098466 20.900000000000006
    vertex 3.535533905932738 -3.535533905932735 20.900000000000002
    vertex 3.479971463422075 -0.45814693469237855 20.900000000000006
  endloop
endfacet
facet normal -2.3878170595636925e-16 -4.842014005442926e-16 1.0
  outer loop
    vertex 3.479971463422075 -0.45814693469237855 20.900000000000006
    vertex 3.535533905932738 -3.535533905932735 20.900000000000002
    vertex 3.510000000000001 1.4099832412739487e-15 20.900000000000006
  endloop
endfacet
facet normal -2.3878170595636925e-16 -4.842014005442926e-16 1.0
  outer loop
    vertex -4.95722430686905 -0.6526309611002606 20.900000000000002
    vertex -4.957224306869051 0.6526309611002578 20.900000000000002
    vertex -4.999999999999999 1.4099832412739487e-15 20.900000000000002
  endloop
endfacet
facet normal -2.3878170595636925e-16 -4.842014005442926e-16 1.0
  outer loop
    vertex -4.957224306869051 0.6526309611002578 20.900000000000002
    vertex -4.95722430686905 -0.6526309611002606 20.900000000000002
    vertex -4.829629131445341 1.294095225512604 20.900000000000002
  endloop
endfacet
facet normal -2.3878170595636925e-16 -4.842014005442926e-16 1.0
  outer loop
    vertex -4.829629131445341 1.294095225512604 20.900000000000002
    vertex -4.95722430686905 -0.6526309611002606 20.900000000000002
    vertex -4.829629131445339 -1.2940952255126055 20.900000000000002
  endloop
endfacet
facet normal -2.3878170595636925e-16 -4.842014005442926e-16 1.0
  outer loop
    vertex -4.829629131445341 1.294095225512604 20.900000000000002
    vertex -4.829629131445339 -1.2940952255126055 20.900000000000002
    vertex -4.619397662556433 1.9134171618254474 20.900000000000006
  endloop
endfacet
facet normal -2.3878170595636925e-16 -4.842014005442926e-16 1.0
  outer loop
    vertex -4.619397662556433 1.9134171618254474 20.900000000000006
    vertex -4.829629131445339 -1.2940952255126055 20.900000000000002
    vertex -4.61939766255643 -1.91341716182545 20.900000000000002
  endloop
endfacet
facet normal -2.3878170595636925e-16 -4.842014005442926e-16 1.0
  outer loop
    vertex -4.619397662556433 1.9134171618254474 20.900000000000006
    vertex -4.61939766255643 -1.91341716182545 20.900000000000002
    vertex -4.330127018922193 2.4999999999999982 20.900000000000006
  endloop
endfacet
facet normal -2.3878170595636925e-16 -4.842014005442926e-16 1.0
  outer loop
    vertex -4.330127018922193 2.4999999999999982 20.900000000000006
    vertex -4.61939766255643 -1.91341716182545 20.900000000000002
    vertex -4.33012701892219 -2.500000000000001 20.900000000000002
  endloop
endfacet
facet normal -2.3878170595636925e-16 -4.842014005442926e-16 1.0
  outer loop
    vertex -4.330127018922193 2.4999999999999982 20.900000000000006
    vertex -4.33012701892219 -2.500000000000001 20.900000000000002
    vertex -3.966766701456177 3.0438071450436026 20.900000000000006
  endloop
endfacet
facet normal -2.3878170595636925e-16 -4.842014005442926e-16 1.0
  outer loop
    vertex -3.966766701456177 3.0438071450436026 20.900000000000006
    vertex -4.33012701892219 -2.500000000000001 20.900000000000002
    vertex -3.966766701456174 -3.0438071450436026 20.900000000000002
  endloop
endfacet
facet normal -2.3878170595636925e-16 -4.842014005442926e-16 1.0
  outer loop
    vertex -3.966766701456177 3.0438071450436026 20.900000000000006
    vertex -3.966766701456174 -3.0438071450436026 20.900000000000002
    vertex -3.535533905932738 3.535533905932738 20.900000000000006
  endloop
endfacet
facet normal -2.3878170595636925e-16 -4.842014005442926e-16 1.0
  outer loop
    vertex -3.535533905932738 3.535533905932738 20.900000000000006
    vertex -3.966766701456174 -3.0438071450436026 20.900000000000002
    vertex -3.535533905932735 -3.535533905932738 20.900000000000002
  endloop
endfacet
facet normal -2.3878170595636925e-16 -4.842014005442926e-16 1.0
  outer loop
    vertex -3.535533905932738 3.535533905932738 20.900000000000006
    vertex -3.535533905932735 -3.535533905932738 20.900000000000002
    vertex -3.5099999999999993 1.4099832412739487e-15 20.900000000000006
  endloop
endfacet
facet normal -2.3878170595636925e-16 -4.842014005442926e-16 1.0
  outer loop
    vertex -3.535533905932738 3.535533905932738 20.900000000000006
    vertex -3.5099999999999993 1.4099832412739487e-15 20.900000000000006
    vertex -3.479971463422075 0.4581469346923814 20.900000000000006
  endloop
endfacet
facet normal -2.3878170595636925e-16 -4.842014005442926e-16 1.0
  outer loop
    vertex -3.535533905932738 3.535533905932738 20.900000000000006
    vertex -3.479971463422075 0.4581469346923814 20.900000000000006
    vertex -3.043807145043604 3.966766701456177 20.900000000000006
  endloop
endfacet
facet normal -2.3878170595636925e-16 -4.842014005442926e-16 1.0
  outer loop
    vertex -3.043807145043604 3.966766701456177 20.900000000000006
    vertex -3.479971463422075 0.4581469346923814 20.900000000000006
    vertex -3.3903996502746296 0.908454848309848 20.900000000000006
  endloop
endfacet
facet normal -2.3878170595636925e-16 -4.842014005442926e-16 1.0
  outer loop
    vertex -3.043807145043604 3.966766701456177 20.900000000000006
    vertex -3.3903996502746296 0.908454848309848 20.900000000000006
    vertex -3.242817159114616 1.3432188476014646 20.900000000000006
  endloop
endfacet
facet normal -2.3878170595636925e-16 -4.842014005442926e-16 1.0
  outer loop
    vertex -3.043807145043604 3.966766701456177 20.900000000000006
    vertex -3.242817159114616 1.3432188476014646 20.900000000000006
    vertex -3.03974916728338 1.754999999999999 20.900000000000006
  endloop
endfacet
facet normal -2.3878170595636925e-16 -4.842014005442926e-16 1.0
  outer loop
    vertex -3.043807145043604 3.966766701456177 20.900000000000006
    vertex -3.03974916728338 1.754999999999999 20.900000000000006
    vertex -2.500000000000001 4.330127018922193 20.900000000000006
  endloop
endfacet
facet normal -2.3878170595636925e-16 -4.842014005442926e-16 1.0
  outer loop
    vertex -2.500000000000001 4.330127018922193 20.900000000000006
    vertex -3.03974916728338 1.754999999999999 20.900000000000006
    vertex -2.7846702244222374 2.1367526158206074 20.900000000000006
  endloop
endfacet
facet normal -2.3878170595636925e-16 -4.842014005442926e-16 1.0
  outer loop
    vertex -2.500000000000001 4.330127018922193 20.900000000000006
    vertex -2.7846702244222374 2.1367526158206074 20.900000000000006
    vertex -2.4819448019647816 2.481944801964783 20.900000000000006
  endloop
endfacet
facet normal -2.3878170595636925e-16 -4.842014005442926e-16 1.0
  outer loop
    vertex -2.500000000000001 4.330127018922193 20.900000000000006
    vertex -2.4819448019647816 2.481944801964783 20.900000000000006
    vertex -1.9134171618254516 4.619397662556433 20.900000000000006
  endloop
endfacet
facet normal -2.3878170595636925e-16 -4.842014005442926e-16 1.0
  outer loop
    vertex -1.9134171618254516 4.619397662556433 20.900000000000006
    vertex -2.4819448019647816 2.481944801964783 20.900000000000006
    vertex -2.13675261582061 2.7846702244222348 20.900000000000006
  endloop
endfacet
facet normal -2.3878170595636925e-16 -4.842014005442926e-16 1.0
  outer loop
    vertex -1.9134171618254516 4.619397662556433 20.900000000000006
    vertex -2.13675261582061 2.7846702244222348 20.900000000000006
    vertex -1.755000000000002 3.0397491672833787 20.900000000000006
  endloop
endfacet
facet normal -2.3878170595636925e-16 -4.842014005442926e-16 1.0
  outer loop
    vertex -1.9134171618254516 4.619397662556433 20.900000000000006
    vertex -1.755000000000002 3.0397491672833787 20.900000000000006
    vertex -1.2940952255126068 4.829629131445343 20.900000000000006
  endloop
endfacet
facet normal -2.3878170595636925e-16 -4.842014005442926e-16 1.0
  outer loop
    vertex -1.2940952255126068 4.829629131445343 20.900000000000006
    vertex -1.755000000000002 3.0397491672833787 20.900000000000006
    vertex -1.3432188476014675 3.242817159114616 20.900000000000006
  endloop
endfacet
facet normal -2.3878170595636925e-16 -4.842014005442926e-16 1.0
  outer loop
    vertex -1.2940952255126068 4.829629131445343 20.900000000000006
    vertex -1.3432188476014675 3.242817159114616 20.900000000000006
    vertex -0.9084548483098508 3.3903996502746296 20.900000000000006
  endloop
endfacet
facet normal -2.3878170595636925e-16 -4.842014005442926e-16 1.0
  outer loop
    vertex -1.2940952255126068 4.829629131445343 20.900000000000006
    vertex -0.9084548483098508 3.3903996502746296 20.900000000000006
    vertex -0.652630961100262 4.957224306869054 20.900000000000006
  endloop
endfacet
facet normal -2.3878170595636925e-16 -4.842014005442926e-16 1.0
  outer loop
    vertex -0.652630961100262 4.957224306869054 20.900000000000006
    vertex -0.9084548483098508 3.3903996502746296 20.900000000000006
    vertex -0.4581469346923842 3.479971463422075 20.900000000000006
  endloop
endfacet
facet normal -2.3878170595636925e-16 -4.842014005442926e-16 1.0
  outer loop
    vertex -0.652630961100262 4.957224306869054 20.900000000000006
    vertex -0.4581469346923842 3.479971463422075 20.900000000000006
    vertex 0.0 5.000000000000002 20.900000000000006
  endloop
endfacet
facet normal -2.3878170595636925e-16 -4.842014005442926e-16 1.0
  outer loop
    vertex 0.0 5.000000000000002 20.900000000000006
    vertex -0.4581469346923842 3.479971463422075 20.900000000000006
    vertex 0.0 3.510000000000001 20.900000000000006
  endloop
endfacet
facet normal -2.3878170595636925e-16 -4.842014005442926e-16 1.0
  outer loop
    vertex 0.0 5.000000000000002 20.900000000000006
    vertex 0.0 3.510000000000001 20.900000000000006
    vertex 0.4581469346923814 3.479971463422075 20.900000000000006
  endloop
endfacet
facet normal -2.3878170595636925e-16 -4.842014005442926e-16 1.0
  outer loop
    vertex 0.0 5.000000000000002 20.900000000000006
    vertex 0.4581469346923814 3.479971463422075 20.900000000000006
    vertex 0.6526309611002592 4.957224306869054 20.900000000000006
  endloop
endfacet
facet normal -2.3878170595636925e-16 -4.842014005442926e-16 1.0
  outer loop
    vertex 0.6526309611002592 4.957224306869054 20.900000000000006
    vertex 0.4581469346923814 3.479971463422075 20.900000000000006
    vertex 0.9084548483098466 3.3903996502746296 20.900000000000006
  endloop
endfacet
facet normal -2.3878170595636925e-16 -4.842014005442926e-16 1.0
  outer loop
    vertex 0.6526309611002592 4.957224306869054 20.900000000000006
    vertex 0.9084548483098466 3.3903996502746296 20.900000000000006
    vertex 1.2940952255126055 4.829629131445343 20.900000000000006
  endloop
endfacet
facet normal -2.3878170595636925e-16 -4.842014005442926e-16 1.0
  outer loop
    vertex 1.2940952255126055 4.829629131445343 20.900000000000006
    vertex 0.9084548483098466 3.3903996502746296 20.900000000000006
    vertex 1.3432188476014646 3.242817159114616 20.900000000000006
  endloop
endfacet
facet normal -2.3878170595636925e-16 -4.842014005442926e-16 1.0
  outer loop
    vertex 1.2940952255126055 4.829629131445343 20.900000000000006
    vertex 1.3432188476014646 3.242817159114616 20.900000000000006
    vertex 1.9134171618254487 4.619397662556436 20.900000000000006
  endloop
endfacet
facet normal -2.3878170595636925e-16 -4.842014005442926e-16 1.0
  outer loop
    vertex 1.9134171618254487 4.619397662556436 20.900000000000006
    vertex 1.3432188476014646 3.242817159114616 20.900000000000006
    vertex 1.754999999999999 3.039749167283382 20.900000000000006
  endloop
endfacet
facet normal -2.3878170595636925e-16 -4.842014005442926e-16 1.0
  outer loop
    vertex 1.9134171618254487 4.619397662556436 20.900000000000006
    vertex 1.754999999999999 3.039749167283382 20.900000000000006
    vertex 2.13675261582061 2.7846702244222374 20.900000000000006
  endloop
endfacet
facet normal -2.3878170595636925e-16 -4.842014005442926e-16 1.0
  outer loop
    vertex 1.9134171618254487 4.619397662556436 20.900000000000006
    vertex 2.13675261582061 2.7846702244222374 20.900000000000006
    vertex 2.500000000000001 4.330127018922195 20.900000000000006
  endloop
endfacet
facet normal -2.3878170595636925e-16 -4.842014005442926e-16 1.0
  outer loop
    vertex 2.500000000000001 4.330127018922195 20.900000000000006
    vertex 2.13675261582061 2.7846702244222374 20.900000000000006
    vertex 2.481944801964783 2.481944801964783 20.900000000000006
  endloop
endfacet
facet normal -2.3878170595636925e-16 -4.842014005442926e-16 1.0
  outer loop
    vertex 2.500000000000001 4.330127018922195 20.900000000000006
    vertex 2.481944801964783 2.481944801964783 20.900000000000006
    vertex 2.7846702244222348 2.13675261582061 20.900000000000006
  endloop
endfacet
facet normal -2.3878170595636925e-16 -4.842014005442926e-16 1.0
  outer loop
    vertex 2.500000000000001 4.330127018922195 20.900000000000006
    vertex 2.7846702244222348 2.13675261582061 20.900000000000006
    vertex 3.0438071450436053 3.9667667014561796 20.900000000000006
  endloop
endfacet
facet normal -2.3878170595636925e-16 -4.842014005442926e-16 1.0
  outer loop
    vertex 3.0438071450436053 3.9667667014561796 20.900000000000006
    vertex 2.7846702244222348 2.13675261582061 20.900000000000006
    vertex 3.0397491672833787 1.755000000000002 20.900000000000006
  endloop
endfacet
facet normal -2.3878170595636925e-16 -4.842014005442926e-16 1.0
  outer loop
    vertex 3.0438071450436053 3.9667667014561796 20.900000000000006
    vertex 3.0397491672833787 1.755000000000002 20.900000000000006
    vertex 3.242817159114616 1.3432188476014661 20.900000000000006
  endloop
endfacet
facet normal -2.3878170595636925e-16 -4.842014005442926e-16 1.0
  outer loop
    vertex 3.0438071450436053 3.9667667014561796 20.900000000000006
    vertex 3.242817159114616 1.3432188476014661 20.900000000000006
    vertex 3.535533905932738 3.535533905932741 20.900000000000006
  endloop
endfacet
facet normal -2.3878170595636925e-16 -4.842014005442926e-16 1.0
  outer loop
    vertex 3.535533905932738 3.535533905932741 20.900000000000006
    vertex 3.242817159114616 1.3432188476014661 20.900000000000006
    vertex 3.3903996502746296 0.9084548483098493 20.900000000000006
  endloop
endfacet
facet normal -2.3878170595636925e-16 -4.842014005442926e-16 1.0
  outer loop
    vertex 3.535533905932738 3.535533905932741 20.900000000000006
    vertex 3.3903996502746296 0.9084548483098493 20.900000000000006
    vertex 3.479971463422075 0.45814693469238277 20.900000000000006
  endloop
endfacet
facet normal -2.3878170595636925e-16 -4.842014005442926e-16 1.0
  outer loop
    vertex 3.535533905932738 3.535533905932741 20.900000000000006
    vertex 3.479971463422075 0.45814693469238277 20.900000000000006
    vertex 3.510000000000001 1.4099832412739487e-15 20.900000000000006
  endloop
endfacet
facet normal -2.3878170595636925e-16 -4.842014005442926e-16 1.0
  outer loop
    vertex 3.535533905932738 3.535533905932741 20.900000000000006
    vertex 3.510000000000001 1.4099832412739487e-15 20.900000000000006
    vertex 3.535533905932738 -3.535533905932735 20.900000000000002
  endloop
endfacet
facet normal -2.3878170595636925e-16 -4.842014005442926e-16 1.0
  outer loop
    vertex 3.535533905932738 3.535533905932741 20.900000000000006
    vertex 3.535533905932738 -3.535533905932735 20.900000000000002
    vertex 3.966766701456177 -3.0438071450435995 20.900000000000002
  endloop
endfacet
facet normal -2.3878170595636925e-16 -4.842014005442926e-16 1.0
  outer loop
    vertex 3.535533905932738 3.535533905932741 20.900000000000006
    vertex 3.966766701456177 -3.0438071450435995 20.900000000000002
    vertex 3.966766701456177 3.0438071450436053 20.900000000000006
  endloop
endfacet
facet normal -2.3878170595636925e-16 -4.842014005442926e-16 1.0
  outer loop
    vertex 3.966766701456177 3.0438071450436053 20.900000000000006
    vertex 3.966766701456177 -3.0438071450435995 20.900000000000002
    vertex 4.330127018922195 -2.499999999999997 20.900000000000006
  endloop
endfacet
facet normal -2.3878170595636925e-16 -4.842014005442926e-16 1.0
  outer loop
    vertex 3.966766701456177 3.0438071450436053 20.900000000000006
    vertex 4.330127018922195 -2.499999999999997 20.900000000000006
    vertex 4.330127018922193 2.500000000000001 20.900000000000006
  endloop
endfacet
facet normal -2.3878170595636925e-16 -4.842014005442926e-16 1.0
  outer loop
    vertex 4.330127018922193 2.500000000000001 20.900000000000006
    vertex 4.330127018922195 -2.499999999999997 20.900000000000006
    vertex 4.619397662556436 1.9134171618254516 20.900000000000006
  endloop
endfacet
facet normal -2.3878170595636925e-16 -4.842014005442926e-16 1.0
  outer loop
    vertex 4.619397662556436 1.9134171618254516 20.900000000000006
    vertex 4.330127018922195 -2.499999999999997 20.900000000000006
    vertex 4.619397662556436 -1.9134171618254459 20.900000000000006
  endloop
endfacet
facet normal -2.3878170595636925e-16 -4.842014005442926e-16 1.0
  outer loop
    vertex 4.619397662556436 1.9134171618254516 20.900000000000006
    vertex 4.619397662556436 -1.9134171618254459 20.900000000000006
    vertex 4.829629131445343 -1.2940952255126013 20.900000000000006
  endloop
endfacet
facet normal -2.3878170595636925e-16 -4.842014005442926e-16 1.0
  outer loop
    vertex 4.619397662556436 1.9134171618254516 20.900000000000006
    vertex 4.829629131445343 -1.2940952255126013 20.900000000000006
    vertex 4.829629131445343 1.2940952255126068 20.900000000000006
  endloop
endfacet
facet normal -2.3878170595636925e-16 -4.842014005442926e-16 1.0
  outer loop
    vertex 4.829629131445343 1.2940952255126068 20.900000000000006
    vertex 4.829629131445343 -1.2940952255126013 20.900000000000006
    vertex 4.957224306869054 -0.652630961100255 20.900000000000006
  endloop
endfacet
facet normal -2.3878170595636925e-16 -4.842014005442926e-16 1.0
  outer loop
    vertex 4.829629131445343 1.2940952255126068 20.900000000000006
    vertex 4.957224306869054 -0.652630961100255 20.900000000000006
    vertex 4.957224306869054 0.6526309611002606 20.900000000000006
  endloop
endfacet
facet normal -2.3878170595636925e-16 -4.842014005442926e-16 1.0
  outer loop
    vertex 4.957224306869054 0.6526309611002606 20.900000000000006
    vertex 4.957224306869054 -0.652630961100255 20.900000000000006
    vertex 5.000000000000002 2.8199664825478975e-15 20.900000000000006
  endloop
endfacet
facet normal -0.19509032201612875 0.9807852804032304 4.283136064978823e-16
  outer loop
    vertex -1.2940952255126068 4.829629131445343 20.900000000000006
    vertex -0.652630961100262 4.957224306869054 20.500000000000004
    vertex -1.2940952255126068 4.829629131445343 20.500000000000004
  endloop
endfacet
facet normal -0.19509032201612875 0.9807852804032304 4.283136064978823e-16
  outer loop
    vertex -0.652630961100262 4.957224306869054 20.500000000000004
    vertex -1.2940952255126068 4.829629131445343 20.900000000000006
    vertex -0.652630961100262 4.957224306869054 20.900000000000006
  endloop
endfacet
facet normal 0.8968727415326884 0.4422886902190014 4.283136064978824e-16
  outer loop
    vertex 4.330127018922193 2.500000000000004 20.500000000000004
    vertex 4.619397662556436 1.9134171618254516 20.900000000000006
    vertex 4.619397662556436 1.9134171618254516 20.500000000000004
  endloop
endfacet
facet normal 0.8968727415326884 0.4422886902190014 4.283136064978824e-16
  outer loop
    vertex 4.619397662556436 1.9134171618254516 20.900000000000006
    vertex 4.330127018922193 2.500000000000004 20.500000000000004
    vertex 4.330127018922193 2.500000000000001 20.900000000000006
  endloop
endfacet
facet normal 0.9978589232386036 0.06540312923014313 2.6993874276791416e-16
  outer loop
    vertex 4.957224306869054 0.6526309611002606 20.500000000000004
    vertex 5.000000000000002 2.8199664825478975e-15 20.900000000000006
    vertex 5.000000000000002 2.8199664825478975e-15 20.500000000000004
  endloop
endfacet
facet normal 0.9978589232386036 0.06540312923014313 2.6993874276791416e-16
  outer loop
    vertex 5.000000000000002 2.8199664825478975e-15 20.900000000000006
    vertex 4.957224306869054 0.6526309611002606 20.500000000000004
    vertex 4.957224306869054 0.6526309611002606 20.900000000000006
  endloop
endfacet
facet normal 0.32143946530316114 0.9469301294951058 5.352587588059106e-16
  outer loop
    vertex 1.2940952255126055 4.829629131445343 20.900000000000006
    vertex 1.9134171618254487 4.619397662556436 20.500000000000007
    vertex 1.2940952255126055 4.829629131445343 20.500000000000007
  endloop
endfacet
facet normal 0.32143946530316114 0.9469301294951058 5.352587588059106e-16
  outer loop
    vertex 1.9134171618254487 4.619397662556436 20.500000000000007
    vertex 1.2940952255126055 4.829629131445343 20.900000000000006
    vertex 1.9134171618254487 4.619397662556436 20.900000000000006
  endloop
endfacet
facet normal 0.7518398074789778 -0.6593458151000684 -1.397305752787327e-16
  outer loop
    vertex 3.966766701456177 -3.0438071450435995 20.500000000000004
    vertex 3.535533905932738 -3.535533905932735 20.900000000000002
    vertex 3.535533905932738 -3.535533905932735 20.500000000000004
  endloop
endfacet
facet normal 0.7518398074789778 -0.6593458151000684 -1.397305752787327e-16
  outer loop
    vertex 3.535533905932738 -3.535533905932735 20.900000000000002
    vertex 3.966766701456177 -3.0438071450435995 20.500000000000004
    vertex 3.966766701456177 -3.0438071450435995 20.900000000000002
  endloop
endfacet
facet normal 0.8968727415326884 -0.4422886902190014 -1.1967285642324303e-31
  outer loop
    vertex 4.619397662556436 -1.9134171618254459 20.500000000000004
    vertex 4.330127018922195 -2.499999999999997 20.900000000000006
    vertex 4.330127018922195 -2.499999999999997 20.500000000000004
  endloop
endfacet
facet normal 0.8968727415326884 -0.4422886902190014 -1.1967285642324303e-31
  outer loop
    vertex 4.330127018922195 -2.499999999999997 20.900000000000006
    vertex 4.619397662556436 -1.9134171618254459 20.500000000000004
    vertex 4.619397662556436 -1.9134171618254459 20.900000000000006
  endloop
endfacet
facet normal 0.06540312923014302 -0.9978589232386036 -4.675476174052932e-16
  outer loop
    vertex 0.652630961100262 -4.95722430686905 20.900000000000002
    vertex 2.8199664825478975e-15 -4.999999999999998 20.500000000000004
    vertex 0.652630961100262 -4.95722430686905 20.500000000000004
  endloop
endfacet
facet normal 0.06540312923014302 -0.9978589232386036 -4.675476174052932e-16
  outer loop
    vertex 2.8199664825478975e-15 -4.999999999999998 20.500000000000004
    vertex 0.652630961100262 -4.95722430686905 20.900000000000002
    vertex 2.8199664825478975e-15 -4.999999999999998 20.900000000000002
  endloop
endfacet
facet normal -0.6593458151000685 -0.7518398074789777 -5.214816063110595e-16
  outer loop
    vertex -3.0438071450435995 -3.966766701456174 20.900000000000002
    vertex -3.535533905932735 -3.535533905932738 20.500000000000004
    vertex -3.0438071450435995 -3.966766701456174 20.500000000000004
  endloop
endfacet
facet normal -0.6593458151000685 -0.7518398074789777 -5.214816063110595e-16
  outer loop
    vertex -3.535533905932735 -3.535533905932738 20.500000000000004
    vertex -3.0438071450435995 -3.966766701456174 20.900000000000002
    vertex -3.535533905932735 -3.535533905932738 20.900000000000002
  endloop
endfacet
facet normal -0.9469301294951058 0.3214394653031615 -7.046815245232766e-17
  outer loop
    vertex -4.619397662556433 1.9134171618254474 20.900000000000006
    vertex -4.829629131445341 1.294095225512604 20.500000000000004
    vertex -4.829629131445341 1.294095225512604 20.900000000000002
  endloop
endfacet
facet normal -0.9469301294951058 0.3214394653031615 -7.046815245232766e-17
  outer loop
    vertex -4.829629131445341 1.294095225512604 20.500000000000004
    vertex -4.619397662556433 1.9134171618254474 20.900000000000006
    vertex -4.619397662556433 1.9134171618254487 20.500000000000004
  endloop
endfacet
facet normal -0.8314696123025458 0.5555702330196015 7.04681524523272e-17
  outer loop
    vertex -3.966766701456177 3.0438071450436026 20.900000000000006
    vertex -4.330127018922193 2.4999999999999982 20.500000000000004
    vertex -4.330127018922193 2.4999999999999982 20.900000000000006
  endloop
endfacet
facet normal -0.8314696123025458 0.5555702330196015 7.04681524523272e-17
  outer loop
    vertex -4.330127018922193 2.4999999999999982 20.500000000000004
    vertex -3.966766701456177 3.0438071450436026 20.900000000000006
    vertex -3.966766701456177 3.0438071450436026 20.500000000000004
  endloop
endfacet
facet normal -0.7518398074789775 -0.659345815100069 -4.9878175895021e-16
  outer loop
    vertex -3.966766701456174 -3.0438071450436026 20.900000000000002
    vertex -3.535533905932735 -3.535533905932738 20.500000000000004
    vertex -3.535533905932735 -3.535533905932738 20.900000000000002
  endloop
endfacet
facet normal -0.7518398074789775 -0.659345815100069 -4.9878175895021e-16
  outer loop
    vertex -3.535533905932735 -3.535533905932738 20.500000000000004
    vertex -3.966766701456174 -3.0438071450436026 20.900000000000002
    vertex -3.966766701456174 -3.0438071450436026 20.500000000000004
  endloop
endfacet
facet normal -0.9469301294951054 -0.3214394653031627 -3.8175103103232685e-16
  outer loop
    vertex -4.829629131445339 -1.2940952255126055 20.900000000000002
    vertex -4.61939766255643 -1.9134171618254487 20.500000000000004
    vertex -4.61939766255643 -1.91341716182545 20.900000000000002
  endloop
endfacet
facet normal -0.9469301294951054 -0.3214394653031627 -3.8175103103232685e-16
  outer loop
    vertex -4.61939766255643 -1.9134171618254487 20.500000000000004
    vertex -4.829629131445339 -1.2940952255126055 20.900000000000002
    vertex -4.829629131445339 -1.2940952255126055 20.500000000000004
  endloop
endfacet
facet normal -0.9807852804032304 -0.1950903220161287 -3.2865658958442593e-16
  outer loop
    vertex -4.95722430686905 -0.6526309611002606 20.900000000000002
    vertex -4.829629131445339 -1.2940952255126055 20.500000000000004
    vertex -4.829629131445339 -1.2940952255126055 20.900000000000002
  endloop
endfacet
facet normal -0.9807852804032304 -0.1950903220161287 -3.2865658958442593e-16
  outer loop
    vertex -4.829629131445339 -1.2940952255126055 20.500000000000004
    vertex -4.95722430686905 -0.6526309611002606 20.900000000000002
    vertex -4.95722430686905 -0.6526309611002606 20.500000000000004
  endloop
endfacet
facet normal 0.19509032201612853 0.9807852804032304 5.214816063110596e-16
  outer loop
    vertex 0.6526309611002592 4.957224306869054 20.900000000000006
    vertex 1.2940952255126055 4.829629131445343 20.500000000000007
    vertex 0.6526309611002592 4.957224306869054 20.500000000000007
  endloop
endfacet
facet normal 0.19509032201612853 0.9807852804032304 5.214816063110596e-16
  outer loop
    vertex 1.2940952255126055 4.829629131445343 20.500000000000007
    vertex 0.6526309611002592 4.957224306869054 20.900000000000006
    vertex 1.2940952255126055 4.829629131445343 20.900000000000006
  endloop
endfacet
facet normal 0.6593458151000691 -0.7518398074789773 -2.066021692214848e-16
  outer loop
    vertex 3.535533905932738 -3.535533905932735 20.900000000000002
    vertex 3.0438071450436053 -3.966766701456174 20.500000000000004
    vertex 3.535533905932738 -3.535533905932735 20.500000000000004
  endloop
endfacet
facet normal 0.6593458151000691 -0.7518398074789773 -2.066021692214848e-16
  outer loop
    vertex 3.0438071450436053 -3.966766701456174 20.500000000000004
    vertex 3.535533905932738 -3.535533905932735 20.900000000000002
    vertex 3.0438071450436053 -3.966766701456174 20.900000000000002
  endloop
endfacet
facet normal 0.5555702330196023 -0.8314696123025452 -2.6993874276791426e-16
  outer loop
    vertex 3.0438071450436053 -3.966766701456174 20.900000000000002
    vertex 2.500000000000004 -4.33012701892219 20.500000000000004
    vertex 3.0438071450436053 -3.966766701456174 20.500000000000004
  endloop
endfacet
facet normal 0.5555702330196023 -0.8314696123025452 -2.6993874276791426e-16
  outer loop
    vertex 2.500000000000004 -4.33012701892219 20.500000000000004
    vertex 3.0438071450436053 -3.966766701456174 20.900000000000002
    vertex 2.500000000000004 -4.33012701892219 20.900000000000002
  endloop
endfacet
facet normal 0.9469301294951061 -0.3214394653031606 7.046815245232814e-17
  outer loop
    vertex 4.829629131445343 -1.2940952255126013 20.500000000000004
    vertex 4.619397662556436 -1.9134171618254459 20.900000000000006
    vertex 4.619397662556436 -1.9134171618254459 20.500000000000004
  endloop
endfacet
facet normal 0.9469301294951061 -0.3214394653031606 7.046815245232814e-17
  outer loop
    vertex 4.619397662556436 -1.9134171618254459 20.900000000000006
    vertex 4.829629131445343 -1.2940952255126013 20.500000000000004
    vertex 4.829629131445343 -1.2940952255126013 20.900000000000006
  endloop
endfacet
facet normal -0.06540312923014374 0.9978589232386035 4.67547617405293e-16
  outer loop
    vertex -0.652630961100262 4.957224306869054 20.900000000000006
    vertex 0.0 5.000000000000002 20.500000000000004
    vertex -0.652630961100262 4.957224306869054 20.500000000000004
  endloop
endfacet
facet normal -0.06540312923014374 0.9978589232386035 4.67547617405293e-16
  outer loop
    vertex 0.0 5.000000000000002 20.500000000000004
    vertex -0.652630961100262 4.957224306869054 20.900000000000006
    vertex 0.0 5.000000000000002 20.900000000000006
  endloop
endfacet
facet normal 0.8314696123025452 -0.5555702330196023 -7.04681524523277e-17
  outer loop
    vertex 4.330127018922195 -2.499999999999997 20.500000000000004
    vertex 3.966766701456177 -3.0438071450435995 20.900000000000002
    vertex 3.966766701456177 -3.0438071450435995 20.500000000000004
  endloop
endfacet
facet normal 0.8314696123025452 -0.5555702330196023 -7.04681524523277e-17
  outer loop
    vertex 3.966766701456177 -3.0438071450435995 20.900000000000002
    vertex 4.330127018922195 -2.499999999999997 20.500000000000004
    vertex 4.330127018922195 -2.499999999999997 20.900000000000006
  endloop
endfacet
facet normal 0.49459210902939277 0.869125218645655 -5.939337535337854e-15
  outer loop
    vertex 7.753087743031207 -2.7431333235638995 20.500000000000004
    vertex 8.29390947511645 -3.0508981373589403 4.5000000000004095
    vertex 7.753087743031193 -2.743133323564029 4.5000000000004095
  endloop
endfacet
facet normal 0.49459210902939277 0.869125218645655 -5.939337535337854e-15
  outer loop
    vertex 8.29390947511645 -3.0508981373589403 4.5000000000004095
    vertex 7.753087743031207 -2.7431333235638995 20.500000000000004
    vertex 8.293909475116303 -3.050898137358777 20.500000000000004
  endloop
endfacet
facet normal 0.3214394653031615 -0.9469301294951058 -3.8175103103232656e-16
  outer loop
    vertex 1.9134171618254516 -4.619397662556432 20.900000000000002
    vertex 1.2940952255126055 -4.829629131445339 20.500000000000004
    vertex 1.9134171618254516 -4.619397662556432 20.500000000000004
  endloop
endfacet
facet normal 0.3214394653031615 -0.9469301294951058 -3.8175103103232656e-16
  outer loop
    vertex 1.2940952255126055 -4.829629131445339 20.500000000000004
    vertex 1.9134171618254516 -4.619397662556432 20.900000000000002
    vertex 1.2940952255126055 -4.829629131445339 20.900000000000002
  endloop
endfacet
facet normal -0.3869722305370171 0.9220913690048322 -9.840362717592856e-15
  outer loop
    vertex 11.322623514750422 -3.1453234130421546 20.500000000000004
    vertex 11.679946394353946 -2.995366438722818 4.5000000000004095
    vertex 11.322623514750553 -3.1453234130423056 4.5000000000004095
  endloop
endfacet
facet normal -0.3869722305370171 0.9220913690048322 -9.840362717592856e-15
  outer loop
    vertex 11.679946394353946 -2.995366438722818 4.5000000000004095
    vertex 11.322623514750422 -3.1453234130421546 20.500000000000004
    vertex 11.67994639435395 -2.995366438722681 20.500000000000004
  endloop
endfacet
facet normal 0.9807852804032303 -0.19509032201612947 1.3973057527873236e-16
  outer loop
    vertex 4.957224306869054 -0.652630961100255 20.500000000000004
    vertex 4.829629131445343 -1.2940952255126013 20.900000000000006
    vertex 4.829629131445343 -1.2940952255126013 20.500000000000004
  endloop
endfacet
facet normal 0.9807852804032303 -0.19509032201612947 1.3973057527873236e-16
  outer loop
    vertex 4.829629131445343 -1.2940952255126013 20.900000000000006
    vertex 4.957224306869054 -0.652630961100255 20.500000000000004
    vertex 4.957224306869054 -0.652630961100255 20.900000000000006
  endloop
endfacet
facet normal -0.44228869021900225 0.8968727415326878 3.286565895844254e-16
  outer loop
    vertex -2.500000000000001 4.330127018922193 20.900000000000006
    vertex -1.9134171618254516 4.619397662556433 20.500000000000004
    vertex -2.500000000000001 4.330127018922193 20.500000000000004
  endloop
endfacet
facet normal -0.44228869021900225 0.8968727415326878 3.286565895844254e-16
  outer loop
    vertex -1.9134171618254516 4.619397662556433 20.500000000000004
    vertex -2.500000000000001 4.330127018922193 20.900000000000006
    vertex -1.9134171618254516 4.619397662556433 20.900000000000006
  endloop
endfacet
facet normal 0.44228869021900186 -0.8968727415326881 -3.286565895844256e-16
  outer loop
    vertex 2.500000000000004 -4.33012701892219 20.900000000000002
    vertex 1.9134171618254516 -4.619397662556432 20.500000000000004
    vertex 2.500000000000004 -4.33012701892219 20.500000000000004
  endloop
endfacet
facet normal 0.44228869021900186 -0.8968727415326881 -3.286565895844256e-16
  outer loop
    vertex 1.9134171618254516 -4.619397662556432 20.500000000000004
    vertex 2.500000000000004 -4.33012701892219 20.900000000000002
    vertex 1.9134171618254516 -4.619397662556432 20.900000000000002
  endloop
endfacet
facet normal 0.44228869021900097 0.8968727415326886 5.398774855358283e-16
  outer loop
    vertex 1.9134171618254487 4.619397662556436 20.900000000000006
    vertex 2.500000000000001 4.330127018922195 20.500000000000007
    vertex 1.9134171618254487 4.619397662556436 20.500000000000007
  endloop
endfacet
facet normal 0.44228869021900097 0.8968727415326886 5.398774855358283e-16
  outer loop
    vertex 2.500000000000001 4.330127018922195 20.500000000000007
    vertex 1.9134171618254487 4.619397662556436 20.900000000000006
    vertex 2.500000000000001 4.330127018922195 20.900000000000006
  endloop
endfacet
facet normal 0.9978589232386036 -0.06540312923014215 2.0660216922148528e-16
  outer loop
    vertex 5.000000000000002 2.8199664825478975e-15 20.500000000000004
    vertex 4.957224306869054 -0.652630961100255 20.900000000000006
    vertex 4.957224306869054 -0.652630961100255 20.500000000000004
  endloop
endfacet
facet normal 0.9978589232386036 -0.06540312923014215 2.0660216922148528e-16
  outer loop
    vertex 4.957224306869054 -0.652630961100255 20.900000000000006
    vertex 5.000000000000002 2.8199664825478975e-15 20.500000000000004
    vertex 5.000000000000002 2.8199664825478975e-15 20.900000000000006
  endloop
endfacet
facet normal -0.7518398074789779 0.6593458151000685 1.3973057527873286e-16
  outer loop
    vertex -3.535533905932738 3.535533905932738 20.900000000000006
    vertex -3.966766701456177 3.0438071450436026 20.500000000000004
    vertex -3.966766701456177 3.0438071450436026 20.900000000000006
  endloop
endfacet
facet normal -0.7518398074789779 0.6593458151000685 1.3973057527873286e-16
  outer loop
    vertex -3.966766701456177 3.0438071450436026 20.500000000000004
    vertex -3.535533905932738 3.535533905932738 20.900000000000006
    vertex -3.535533905932738 3.535533905932738 20.500000000000004
  endloop
endfacet
facet normal 0.9961946980917343 -0.08715574274778724 8.26152850078003e-15
  outer loop
    vertex 6.174899526433606 2.6140555362936353 4.50000000000033
    vertex 6.0746016914186995 1.467646036222748 20.500000000000004
    vertex 6.0746016914186285 1.4676460362225745 4.500000000000353
  endloop
endfacet
facet normal 0.9961946980917343 -0.08715574274778724 8.26152850078003e-15
  outer loop
    vertex 6.0746016914186995 1.467646036222748 20.500000000000004
    vertex 6.174899526433606 2.6140555362936353 4.50000000000033
    vertex 6.174899526433299 2.6140555362937876 20.500000000000004
  endloop
endfacet
facet normal -0.13052619222000014 0.9914448613738173 -5.876592396294486e-15
  outer loop
    vertex 10.10994086365163 -3.406248972848297 20.500000000000004
    vertex 10.726877198821676 -3.325027763470887 4.50000000000042
    vertex 10.109940863651914 -3.406248972848317 4.50000000000042
  endloop
endfacet
facet normal -0.13052619222000014 0.9914448613738173 -5.876592396294486e-15
  outer loop
    vertex 10.726877198821676 -3.325027763470887 4.50000000000042
    vertex 10.10994086365163 -3.406248972848297 20.500000000000004
    vertex 10.726877198821612 -3.3250277634707626 20.500000000000004
  endloop
endfacet
facet normal 0.9190370880666099 0.3941710678855646 1.3399856294101704e-15
  outer loop
    vertex 6.274755659428707 -0.7914639747512797 4.500000000000376
    vertex 6.520032490773931 -1.3633438594392504 20.500000000000004
    vertex 6.520032490774025 -1.363343859439338 4.500000000000398
  endloop
endfacet
facet normal 0.9190370880666099 0.3941710678855646 1.3399856294101704e-15
  outer loop
    vertex 6.520032490773931 -1.3633438594392504 20.500000000000004
    vertex 6.274755659428707 -0.7914639747512797 4.500000000000376
    vertex 6.2747556594286396 -0.7914639747511006 20.500000000000004
  endloop
endfacet
facet normal -0.8638558117010582 -0.5037391553078893 4.919822866945939e-15
  outer loop
    vertex -5.761945740345798 -5.999999999999995 20.500000000000004
    vertex -6.928203230275649 -4.000000000000128 4.500000000000454
    vertex -5.761945740345656 -6.00000000000017 4.500000000000477
  endloop
endfacet
facet normal -0.8638558117010582 -0.5037391553078893 4.919822866945939e-15
  outer loop
    vertex -6.928203230275649 -4.000000000000128 4.500000000000454
    vertex -5.761945740345798 -5.999999999999995 20.500000000000004
    vertex -6.928203230275505 -3.9999999999999925 20.499999999999996
  endloop
endfacet
facet normal 1.0 2.7247928620770725e-15 -4.582445534140463e-15
  outer loop
    vertex 6.0746016914186285 1.4676460362225745 4.500000000000353
    vertex 6.074601691418705 0.43271728189597924 20.500000000000004
    vertex 6.0746016914186285 0.4327172818958129 4.500000000000364
  endloop
endfacet
facet normal 1.0 2.7247928620770725e-15 -4.582445534140463e-15
  outer loop
    vertex 6.074601691418705 0.43271728189597924 20.500000000000004
    vertex 6.0746016914186285 1.4676460362225745 4.500000000000353
    vertex 6.0746016914186995 1.467646036222748 20.500000000000004
  endloop
endfacet
facet normal -0.9807852804032355 -0.19509032201610302 2.5268142237349438e-15
  outer loop
    vertex -7.727406610312541 -2.0705523608201624 20.499999999999996
    vertex -7.931558890990437 -1.0442095377606133 4.50000000000042
    vertex -7.727406610312577 -2.070552360820408 4.500000000000432
  endloop
endfacet
facet normal -0.9807852804032355 -0.19509032201610302 2.5268142237349438e-15
  outer loop
    vertex -7.931558890990437 -1.0442095377606133 4.50000000000042
    vertex -7.727406610312541 -2.0705523608201624 20.499999999999996
    vertex -7.9315588909904795 -1.0442095377604088 20.499999999999996
  endloop
endfacet
facet normal 0.6283510625655581 0.7779299082647061 -7.246544417337919e-15
  outer loop
    vertex 7.269013191513614 -2.3521356828053404 20.500000000000004
    vertex 7.5537511682523 -2.582124796652043 4.5000000000004095
    vertex 7.269013191513679 -2.352135682805531 4.500000000000398
  endloop
endfacet
facet normal 0.6283510625655581 0.7779299082647061 -7.246544417337919e-15
  outer loop
    vertex 7.5537511682523 -2.582124796652043 4.5000000000004095
    vertex 7.269013191513614 -2.3521356828053404 20.500000000000004
    vertex 7.753087743031193 -2.743133323564029 4.5000000000004095
  endloop
endfacet
facet normal 0.6283510625655581 0.7779299082647061 -7.246544417337919e-15
  outer loop
    vertex 7.753087743031193 -2.743133323564029 4.5000000000004095
    vertex 7.269013191513614 -2.3521356828053404 20.500000000000004
    vertex 7.753087743031207 -2.7431333235638995 20.500000000000004
  endloop
endfacet
facet normal 0.6283510625655581 0.7779299082647061 -7.246544417337919e-15
  outer loop
    vertex 7.753087743031207 -2.7431333235638995 20.500000000000004
    vertex 7.269013191513614 -2.3521356828053404 20.500000000000004
    vertex 7.5537511682523455 -2.582124796651913 20.500000000000004
  endloop
endfacet
facet normal -0.13354998581660366 0.9910420784650797 -1.840707545706527e-19
  outer loop
    vertex 2.724668741176164 -5.884864279669421 4.624745031378551e-13
    vertex 4.066342511759511 -5.704064173472691 4.500000000000465
    vertex 4.066342511759511 -5.704064173472691 4.511946372076636e-13
  endloop
endfacet
facet normal -0.13354998581660366 0.9910420784650797 -1.840707545706527e-19
  outer loop
    vertex 4.066342511759511 -5.704064173472691 4.500000000000465
    vertex 2.724668741176164 -5.884864279669421 4.624745031378551e-13
    vertex 2.724668741176164 -5.884864279669421 4.500000000000465
  endloop
endfacet
facet normal 0.8433914458128896 0.5372996083468178 1.9812761249696762e-15
  outer loop
    vertex 6.520032490774025 -1.363343859439338 4.500000000000398
    vertex 6.854372466879544 -1.8881524977860449 20.500000000000004
    vertex 6.854372466879662 -1.888152497786172 4.500000000000398
  endloop
endfacet
facet normal 0.8433914458128896 0.5372996083468178 1.9812761249696762e-15
  outer loop
    vertex 6.854372466879544 -1.8881524977860449 20.500000000000004
    vertex 6.520032490774025 -1.363343859439338 4.500000000000398
    vertex 6.520032490773931 -1.3633438594392504 20.500000000000004
  endloop
endfacet
facet normal 0.970596567453401 0.2407120754089328 3.4854683421484794e-15
  outer loop
    vertex 6.12497019841162 -0.18750069592252067 4.500000000000376
    vertex 6.2747556594286396 -0.7914639747511006 20.500000000000004
    vertex 6.274755659428707 -0.7914639747512797 4.500000000000376
  endloop
endfacet
facet normal 0.970596567453401 0.2407120754089328 3.4854683421484794e-15
  outer loop
    vertex 6.2747556594286396 -0.7914639747511006 20.500000000000004
    vertex 6.12497019841162 -0.18750069592252067 4.500000000000376
    vertex 6.124970198411481 -0.18750069592233315 20.500000000000004
  endloop
endfacet
facet normal 0.9967186109571463 0.0809444906813113 1.0380351449636125e-15
  outer loop
    vertex 6.0746016914186285 0.4327172818958129 4.500000000000364
    vertex 6.124970198411481 -0.18750069592233315 20.500000000000004
    vertex 6.12497019841162 -0.18750069592252067 4.500000000000376
  endloop
endfacet
facet normal 0.9967186109571463 0.0809444906813113 1.0380351449636125e-15
  outer loop
    vertex 6.124970198411481 -0.18750069592233315 20.500000000000004
    vertex 6.0746016914186285 0.4327172818958129 4.500000000000364
    vertex 6.074601691418705 0.43271728189597924 20.500000000000004
  endloop
endfacet
facet normal 0.8191520442889912 -0.573576436351047 1.2764511695299799e-14
  outer loop
    vertex 7.6631585459507 5.80563730315932 4.500000000000274
    vertex 6.982982484603769 4.834245216913318 20.500000000000004
    vertex 6.98298248460393 4.8342452169130725 4.500000000000297
  endloop
endfacet
facet normal 0.8191520442889912 -0.573576436351047 1.2764511695299799e-14
  outer loop
    vertex 6.982982484603769 4.834245216913318 20.500000000000004
    vertex 7.6631585459507 5.80563730315932 4.500000000000274
    vertex 7.663158545950675 5.805637303159523 20.500000000000004
  endloop
endfacet
facet normal 0.7456421648832006 0.6663465779519648 -2.3757904375919242e-15
  outer loop
    vertex 6.854372466879662 -1.888152497786172 4.500000000000398
    vertex 7.269013191513614 -2.3521356828053404 20.500000000000004
    vertex 7.269013191513679 -2.352135682805531 4.500000000000398
  endloop
endfacet
facet normal 0.7456421648832006 0.6663465779519648 -2.3757904375919242e-15
  outer loop
    vertex 7.269013191513614 -2.3521356828053404 20.500000000000004
    vertex 6.854372466879662 -1.888152497786172 4.500000000000398
    vertex 6.854372466879544 -1.8881524977860449 20.500000000000004
  endloop
endfacet
facet normal 0.9659258262890972 -0.25881904510241316 1.1668076992179752e-14
  outer loop
    vertex 6.481820291552831 3.759499425617583 4.500000000000319
    vertex 6.174899526433299 2.6140555362937876 20.500000000000004
    vertex 6.174899526433606 2.6140555362936353 4.50000000000033
  endloop
endfacet
facet normal 0.9659258262890972 -0.25881904510241316 1.1668076992179752e-14
  outer loop
    vertex 6.174899526433299 2.6140555362937876 20.500000000000004
    vertex 6.481820291552831 3.759499425617583 4.500000000000319
    vertex 6.48182029155284 3.759499425617758 20.500000000000004
  endloop
endfacet
facet normal 0.03579391679010441 0.35172897004720743 0.9354173010749554
  outer loop
    vertex 2.589709855695835 20.185835135516935 15.799999999999503
    vertex 1.6151322567358968 21.42686902337305 15.37064764439831
    vertex 1.5297157639631735 20.293706091703427 15.799999999999503
  endloop
endfacet
facet normal 0.03579391679010441 0.35172897004720743 0.9354173010749554
  outer loop
    vertex 1.6151322567358968 21.42686902337305 15.37064764439831
    vertex 2.589709855695835 20.185835135516935 15.799999999999503
    vertex 1.8565899601497382 24.630125328951756 14.156942534606065
  endloop
endfacet
facet normal 0.03579391679010441 0.35172897004720743 0.9354173010749554
  outer loop
    vertex 1.8565899601497382 24.630125328951756 14.156942534606065
    vertex 2.589709855695835 20.185835135516935 15.799999999999503
    vertex 3.143086729608585 24.49920418728245 14.156942534606065
  endloop
endfacet
facet normal 0.03579391679010441 0.35172897004720743 0.9354173010749554
  outer loop
    vertex 3.143086729608585 24.49920418728245 14.156942534606065
    vertex 2.589709855695835 20.185835135516935 15.799999999999503
    vertex 2.734314453741816 21.312974752943127 15.37064764439831
  endloop
endfacet
facet normal 0.12560842481411658 0.3304799486585575 0.9354173010749554
  outer loop
    vertex 7.867677208995961 18.773884300271696 15.799999999999503
    vertex 7.105779739819946 20.278739177786598 15.37064764439831
    vertex 6.72998959553943 19.20629525178891 15.799999999999503
  endloop
endfacet
facet normal 0.12560842481411658 0.3304799486585575 0.9354173010749554
  outer loop
    vertex 7.105779739819946 20.278739177786598 15.37064764439831
    vertex 7.867677208995961 18.773884300271696 15.799999999999503
    vertex 8.168073709732326 23.310353319338148 14.156942534606065
  endloop
endfacet
facet normal 0.12560842481411658 0.3304799486585575 0.9354173010749554
  outer loop
    vertex 8.168073709732326 23.310353319338148 14.156942534606065
    vertex 7.867677208995961 18.773884300271696 15.799999999999503
    vertex 9.376849279919487 22.850923341993706 14.156942534606065
  endloop
endfacet
facet normal 0.07236352269449918 0.34606067883087954 0.9354173010749554
  outer loop
    vertex 4.685517480630293 19.804556627040814 15.799999999999503
    vertex 3.8460020848898866 21.140663100162094 15.37064764439831
    vertex 3.642605732722551 20.022636208324197 15.799999999999503
  endloop
endfacet
facet normal 0.07236352269449918 0.34606067883087954 0.9354173010749554
  outer loop
    vertex 3.8460020848898866 21.140663100162094 15.37064764439831
    vertex 4.685517480630293 19.804556627040814 15.799999999999503
    vertex 4.420968516814858 24.30113242985461 14.156942534606065
  endloop
endfacet
facet normal 0.07236352269449918 0.34606067883087954 0.9354173010749554
  outer loop
    vertex 4.420968516814858 24.30113242985461 14.156942534606065
    vertex 4.685517480630293 19.804556627040814 15.799999999999503
    vertex 4.947148091655602 20.910406359292995 15.37064764439831
  endloop
endfacet
facet normal 0.07236352269449918 0.34606067883087954 0.9354173010749554
  outer loop
    vertex 4.420968516814858 24.30113242985461 14.156942534606065
    vertex 4.947148091655602 20.910406359292995 15.37064764439831
    vertex 5.686732736614296 24.03645295758754 14.156942534606065
  endloop
endfacet
facet normal 0.09037576754630545 0.3417992005404091 0.9354173010749554
  outer loop
    vertex 5.715586550809972 19.532194132640562 15.799999999999503
    vertex 4.947148091655602 20.910406359292995 15.37064764439831
    vertex 4.685517480630293 19.804556627040814 15.799999999999503
  endloop
endfacet
facet normal 0.09037576754630545 0.3417992005404091 0.9354173010749554
  outer loop
    vertex 4.947148091655602 20.910406359292995 15.37064764439831
    vertex 5.715586550809972 19.532194132640562 15.799999999999503
    vertex 5.686732736614296 24.03645295758754 14.156942534606065
  endloop
endfacet
facet normal 0.09037576754630545 0.3417992005404091 0.9354173010749554
  outer loop
    vertex 5.686732736614296 24.03645295758754 14.156942534606065
    vertex 5.715586550809972 19.532194132640562 15.799999999999503
    vertex 6.0347343093741515 20.622835648057595 15.37064764439831
  endloop
endfacet
facet normal 0.09037576754630545 0.3417992005404091 0.9354173010749554
  outer loop
    vertex 5.686732736614296 24.03645295758754 14.156942534606065
    vertex 6.0347343093741515 20.622835648057595 15.37064764439831
    vertex 6.936910017262617 23.705891238517083 14.156942534606065
  endloop
endfacet
facet normal 0.10814029870121102 0.3366008743994277 0.9354173010749554
  outer loop
    vertex 6.72998959553943 19.20629525178891 15.799999999999503
    vertex 6.0347343093741515 20.622835648057595 15.37064764439831
    vertex 5.715586550809972 19.532194132640562 15.799999999999503
  endloop
endfacet
facet normal 0.10814029870121102 0.3366008743994277 0.9354173010749554
  outer loop
    vertex 6.0347343093741515 20.622835648057595 15.37064764439831
    vertex 6.72998959553943 19.20629525178891 15.799999999999503
    vertex 6.936910017262617 23.705891238517083 14.156942534606065
  endloop
endfacet
facet normal 0.10814029870121102 0.3366008743994277 0.9354173010749554
  outer loop
    vertex 6.936910017262617 23.705891238517083 14.156942534606065
    vertex 6.72998959553943 19.20629525178891 15.799999999999503
    vertex 7.105779739819946 20.278739177786598 15.37064764439831
  endloop
endfacet
facet normal 0.10814029870121102 0.3366008743994277 0.9354173010749554
  outer loop
    vertex 6.936910017262617 23.705891238517083 14.156942534606065
    vertex 7.105779739819946 20.278739177786598 15.37064764439831
    vertex 8.168073709732326 23.310353319338148 14.156942534606065
  endloop
endfacet
facet normal 0.054152934456912 0.34937362885505796 0.9354173010749554
  outer loop
    vertex 3.642605732722551 20.022636208324197 15.799999999999503
    vertex 2.734314453741816 21.312974752943127 15.37064764439831
    vertex 2.589709855695835 20.185835135516935 15.799999999999503
  endloop
endfacet
facet normal 0.054152934456912 0.34937362885505796 0.9354173010749554
  outer loop
    vertex 2.734314453741816 21.312974752943127 15.37064764439831
    vertex 3.642605732722551 20.022636208324197 15.799999999999503
    vertex 3.143086729608585 24.49920418728245 14.156942534606065
  endloop
endfacet
facet normal 0.054152934456912 0.34937362885505796 0.9354173010749554
  outer loop
    vertex 3.143086729608585 24.49920418728245 14.156942534606065
    vertex 3.642605732722551 20.022636208324197 15.799999999999503
    vertex 4.420968516814858 24.30113242985461 14.156942534606065
  endloop
endfacet
facet normal 0.054152934456912 0.34937362885505796 0.9354173010749554
  outer loop
    vertex 4.420968516814858 24.30113242985461 14.156942534606065
    vertex 3.642605732722551 20.022636208324197 15.799999999999503
    vertex 3.8460020848898866 21.140663100162094 15.37064764439831
  endloop
endfacet
facet normal 0.017336790485380494 0.3531202465808389 0.9354173010749554
  outer loop
    vertex 1.5297157639631735 20.293706091703427 15.799999999999503
    vertex 0.49152309448073095 21.48203373517332 15.37064764439831
    vertex 0.4655288276507285 20.345953410090775 15.799999999999503
  endloop
endfacet
facet normal 0.017336790485380494 0.3531202465808389 0.9354173010749554
  outer loop
    vertex 0.49152309448073095 21.48203373517332 15.37064764439831
    vertex 1.5297157639631735 20.293706091703427 15.799999999999503
    vertex 0.5650044066601008 24.693537009113424 14.156942534606065
  endloop
endfacet
facet normal 0.017336790485380494 0.3531202465808389 0.9354173010749554
  outer loop
    vertex 0.5650044066601008 24.693537009113424 14.156942534606065
    vertex 1.5297157639631735 20.293706091703427 15.799999999999503
    vertex 1.8565899601497382 24.630125328951756 14.156942534606065
  endloop
endfacet
facet normal 0.017336790485380494 0.3531202465808389 0.9354173010749554
  outer loop
    vertex 1.8565899601497382 24.630125328951756 14.156942534606065
    vertex 1.5297157639631735 20.293706091703427 15.799999999999503
    vertex 1.6151322567358968 21.42686902337305 15.37064764439831
  endloop
endfacet
facet normal 0.4226182617407058 -0.906307787036647 5.291061470257595e-15
  outer loop
    vertex 17.007385667679344 -9.202409549508674 25.000000000000007
    vertex 16.059506527633417 -9.644412851517622 4.963141009284299e-13
    vertex 17.007385667679372 -9.202409549508802 4.963141009284299e-13
  endloop
endfacet
facet normal 0.4226182617407058 -0.906307787036647 5.291061470257595e-15
  outer loop
    vertex 16.059506527633417 -9.644412851517622 4.963141009284299e-13
    vertex 17.007385667679344 -9.202409549508674 25.000000000000007
    vertex 16.05950652763336 -9.644412851517496 25.000000000000007
  endloop
endfacet
facet normal -0.12816505190268537 -0.9917528520104099 7.683136236920909e-15
  outer loop
    vertex -0.3155509777084292 -10.006257126802048 25.000000000000007
    vertex -1.020904928176628 -9.9151036448755 5.301536987190047e-13
    vertex -0.31555097770854346 -10.006257126802234 5.301536987190047e-13
  endloop
endfacet
facet normal -0.12816505190268537 -0.9917528520104099 7.683136236920909e-15
  outer loop
    vertex -1.020904928176628 -9.9151036448755 5.301536987190047e-13
    vertex -0.3155509777084292 -10.006257126802048 25.000000000000007
    vertex -1.0209049281767337 -9.915103644875302 25.000000000000007
  endloop
endfacet
facet normal -0.707106781186555 -0.7071067811865401 2.482387184610573e-15
  outer loop
    vertex -3.8357415202943894 -8.602523785515917 25.000000000000007
    vertex -4.575282520889 -7.862982784921371 4.963141009284299e-13
    vertex -3.835741520294432 -8.602523785515984 5.188738327888131e-13
  endloop
endfacet
facet normal -0.707106781186555 -0.7071067811865401 2.482387184610573e-15
  outer loop
    vertex -4.575282520889 -7.862982784921371 4.963141009284299e-13
    vertex -3.8357415202943894 -8.602523785515917 25.000000000000007
    vertex -4.5752825208890195 -7.862982784921287 25.000000000000007
  endloop
endfacet
facet normal 0.09167008645589082 -0.9957894331881463 5.827762334022498e-15
  outer loop
    vertex 13.050000116106961 -10.173471578589508 25.000000000000007
    vertex 12.046294135233826 -10.265870444229725 5.188738327888131e-13
    vertex 13.050000116106876 -10.173471578589666 5.188738327888131e-13
  endloop
endfacet
facet normal 0.09167008645589082 -0.9957894331881463 5.827762334022498e-15
  outer loop
    vertex 12.046294135233826 -10.265870444229725 5.188738327888131e-13
    vertex 13.050000116106961 -10.173471578589508 25.000000000000007
    vertex 11.042588154360821 -10.358269309869739 5.188738327888131e-13
  endloop
endfacet
facet normal 0.09167008645589082 -0.9957894331881463 5.827762334022498e-15
  outer loop
    vertex 11.042588154360821 -10.358269309869739 5.188738327888131e-13
    vertex 13.050000116106961 -10.173471578589508 25.000000000000007
    vertex 11.042588154360926 -10.358269309869602 25.000000000000007
  endloop
endfacet
facet normal 0.09167008645589082 -0.9957894331881463 5.827762334022498e-15
  outer loop
    vertex 11.042588154360926 -10.358269309869602 25.000000000000007
    vertex 13.050000116106961 -10.173471578589508 25.000000000000007
    vertex 12.046294135233937 -10.265870444229554 25.000000000000007
  endloop
endfacet
facet normal -0.4226182617406861 0.9063077870366562 -1.1817680801150063e-14
  outer loop
    vertex 15.4417691700349 -0.3702972128704289 25.000000000000007
    vertex 15.922619463320359 -0.14607303868568167 3.6095570976613087e-13
    vertex 15.441769170035194 -0.3702972128706079 3.6095570976613087e-13
  endloop
endfacet
facet normal -0.4226182617406861 0.9063077870366562 -1.1817680801150063e-14
  outer loop
    vertex 15.922619463320359 -0.14607303868568167 3.6095570976613087e-13
    vertex 15.4417691700349 -0.3702972128704289 25.000000000000007
    vertex 15.922619463320123 -0.14607303868545465 25.000000000000007
  endloop
endfacet
facet normal -0.5735764363510509 -0.8191520442889884 3.7941564371230716e-15
  outer loop
    vertex -2.9790158621751552 -9.202409549508674 25.000000000000007
    vertex -3.835741520294432 -8.602523785515984 5.188738327888131e-13
    vertex -2.979015862175165 -9.202409549508802 5.188738327888131e-13
  endloop
endfacet
facet normal -0.5735764363510509 -0.8191520442889884 3.7941564371230716e-15
  outer loop
    vertex -3.835741520294432 -8.602523785515984 5.188738327888131e-13
    vertex -2.9790158621751552 -9.202409549508674 25.000000000000007
    vertex -3.8357415202943894 -8.602523785515917 25.000000000000007
  endloop
endfacet
facet normal 0.12816505190264887 -0.9917528520104146 5.982746638415715e-15
  outer loop
    vertex 15.049274733680926 -9.915103644875302 25.000000000000007
    vertex 14.343920783212797 -10.006257126802144 5.075939668586216e-13
    vertex 15.049274733681152 -9.915103644875455 5.075939668586216e-13
  endloop
endfacet
facet normal 0.12816505190264887 -0.9917528520104146 5.982746638415715e-15
  outer loop
    vertex 14.343920783212797 -10.006257126802144 5.075939668586216e-13
    vertex 15.049274733680926 -9.915103644875302 25.000000000000007
    vertex 14.343920783212628 -10.006257126802048 25.000000000000007
  endloop
endfacet
facet normal -0.2588190451025313 -0.9659258262890654 6.3886146930131026e-15
  outer loop
    vertex -1.020904928176628 -9.9151036448755 5.301536987190047e-13
    vertex -2.0311367221291627 -9.644412851517496 25.000000000000007
    vertex -2.031136722129119 -9.644412851517668 5.188738327888131e-13
  endloop
endfacet
facet normal -0.2588190451025313 -0.9659258262890654 6.3886146930131026e-15
  outer loop
    vertex -2.0311367221291627 -9.644412851517496 25.000000000000007
    vertex -1.020904928176628 -9.9151036448755 5.301536987190047e-13
    vertex -1.0209049281767337 -9.915103644875302 25.000000000000007
  endloop
endfacet
facet normal -0.018358761468067874 -0.9998314637364433 4.8327655868690046e-15
  outer loop
    vertex 7.014184902752088 -10.506257126802046 25.000000000000007
    vertex 4.998624611447697 -10.469247698758895 5.301536987190047e-13
    vertex 7.014184902751968 -10.50625712680212 5.301536987190047e-13
  endloop
endfacet
facet normal -0.018358761468067874 -0.9998314637364433 4.8327655868690046e-15
  outer loop
    vertex 4.998624611447697 -10.469247698758895 5.301536987190047e-13
    vertex 7.014184902752088 -10.506257126802046 25.000000000000007
    vertex 4.998624611447684 -10.46924769875873 25.000000000000007
  endloop
endfacet
facet normal 0.7071067811865898 -0.7071067811865054 4.74572158526903e-15
  outer loop
    vertex 18.60365232639307 -7.862982784921462 4.737543690680468e-13
    vertex 17.864111325798582 -8.602523785515917 25.000000000000007
    vertex 17.86411132579873 -8.602523785516075 4.850342349982384e-13
  endloop
endfacet
facet normal 0.7071067811865898 -0.7071067811865054 4.74572158526903e-15
  outer loop
    vertex 17.864111325798582 -8.602523785515917 25.000000000000007
    vertex 18.60365232639307 -7.862982784921462 4.737543690680468e-13
    vertex 18.603652326393213 -7.862982784921287 25.000000000000007
  endloop
endfacet
facet normal -0.5720888729635505 0.8201916370161882 -8.367560477375113e-15
  outer loop
    vertex 12.834333439222371 -2.2881410604222254 3.9479530755670567e-13
    vertex 13.944709708957092 -1.5136465641979204 25.000000000000007
    vertex 13.944709708957014 -1.5136465641981587 3.8351544162651403e-13
  endloop
endfacet
facet normal -0.5720888729635505 0.8201916370161882 -8.367560477375113e-15
  outer loop
    vertex 13.944709708957092 -1.5136465641979204 25.000000000000007
    vertex 12.834333439222371 -2.2881410604222254 3.9479530755670567e-13
    vertex 12.834333439222146 -2.288141060422052 25.000000000000007
  endloop
endfacet
facet normal -0.09167008645589346 -0.9957894331881461 5.8269118753623604e-15
  outer loop
    vertex 2.9857816511432933 -10.358269309869602 25.000000000000007
    vertex 0.9783696893972866 -10.173471578589666 5.301536987190047e-13
    vertex 2.9857816511432933 -10.358269309869739 5.301536987190047e-13
  endloop
endfacet
facet normal -0.09167008645589346 -0.9957894331881461 5.8269118753623604e-15
  outer loop
    vertex 0.9783696893972866 -10.173471578589666 5.301536987190047e-13
    vertex 2.9857816511432933 -10.358269309869602 25.000000000000007
    vertex 0.9783696893972471 -10.173471578589508 25.000000000000007
  endloop
endfacet
facet normal 0.12816505190270505 -0.9917528520104073 5.2997924270818036e-15
  outer loop
    vertex 14.343920783212628 -10.006257126802048 25.000000000000007
    vertex 13.050000116106876 -10.173471578589666 5.188738327888131e-13
    vertex 14.343920783212797 -10.006257126802144 5.075939668586216e-13
  endloop
endfacet
facet normal 0.12816505190270505 -0.9917528520104073 5.2997924270818036e-15
  outer loop
    vertex 13.050000116106876 -10.173471578589666 5.188738327888131e-13
    vertex 14.343920783212628 -10.006257126802048 25.000000000000007
    vertex 13.050000116106961 -10.173471578589508 25.000000000000007
  endloop
endfacet
facet normal 0.258819045102549 -0.9659258262890609 6.8660233038948355e-15
  outer loop
    vertex 16.05950652763336 -9.644412851517496 25.000000000000007
    vertex 15.049274733681152 -9.915103644875455 5.075939668586216e-13
    vertex 16.059506527633417 -9.644412851517622 4.963141009284299e-13
  endloop
endfacet
facet normal 0.258819045102549 -0.9659258262890609 6.8660233038948355e-15
  outer loop
    vertex 15.049274733681152 -9.915103644875455 5.075939668586216e-13
    vertex 16.05950652763336 -9.644412851517496 25.000000000000007
    vertex 15.049274733680926 -9.915103644875302 25.000000000000007
  endloop
endfacet
facet normal 0.9063077870366422 -0.4226182617407163 4.882536347730462e-16
  outer loop
    vertex 19.6455413923948 -6.058377986756149 4.511946372076636e-13
    vertex 19.20353809038598 -7.006257126802045 25.000000000000007
    vertex 19.20353809038589 -7.006257126802195 4.624745031378551e-13
  endloop
endfacet
facet normal 0.9063077870366422 -0.4226182617407163 4.882536347730462e-16
  outer loop
    vertex 19.20353809038598 -7.006257126802045 25.000000000000007
    vertex 19.6455413923948 -6.058377986756149 4.511946372076636e-13
    vertex 19.645541392394794 -6.058377986756053 25.000000000000007
  endloop
endfacet
facet normal 0.8191520442889885 -0.5735764363510507 -1.133113558809368e-16
  outer loop
    vertex 19.20353809038589 -7.006257126802195 4.624745031378551e-13
    vertex 18.603652326393213 -7.862982784921287 25.000000000000007
    vertex 18.60365232639307 -7.862982784921462 4.737543690680468e-13
  endloop
endfacet
facet normal 0.8191520442889885 -0.5735764363510507 -1.133113558809368e-16
  outer loop
    vertex 18.603652326393213 -7.862982784921287 25.000000000000007
    vertex 19.20353809038589 -7.006257126802195 4.624745031378551e-13
    vertex 19.20353809038598 -7.006257126802045 25.000000000000007
  endloop
endfacet
facet normal -0.08715574274773286 0.996194698091739 -6.443594656383301e-15
  outer loop
    vertex 16.435100679421698 -0.008754110694918748 25.000000000000007
    vertex 16.963641335916645 0.03748720496083635 3.6095570976613087e-13
    vertex 16.435100679421847 -0.008754110695126016 3.6095570976613087e-13
  endloop
endfacet
facet normal -0.08715574274773286 0.996194698091739 -6.443594656383301e-15
  outer loop
    vertex 16.963641335916645 0.03748720496083635 3.6095570976613087e-13
    vertex 16.435100679421698 -0.008754110694918748 25.000000000000007
    vertex 16.963641335916385 0.03748720496091672 25.000000000000007
  endloop
endfacet
facet normal -0.8968727415328497 -0.4422886902186741 0.0
  outer loop
    vertex -4.6193976625561906 -1.9134171618255955 4.50000000000042
    vertex -4.330127018922213 -2.500000000000152 4.1000000000004215
    vertex -4.330127018922213 -2.500000000000153 4.50000000000042
  endloop
endfacet
facet normal -0.8968727415328497 -0.4422886902186741 0.0
  outer loop
    vertex -4.330127018922213 -2.500000000000152 4.1000000000004215
    vertex -4.6193976625561906 -1.9134171618255955 4.50000000000042
    vertex -4.6193976625561906 -1.913417161825594 4.1000000000004215
  endloop
endfacet
facet normal -0.8191520442889901 -0.5735764363510484 1.6481952300746187e-15
  outer loop
    vertex -4.5752825208890195 -7.862982784921287 25.000000000000007
    vertex -5.175168284881772 -7.00625712680215 4.963141009284299e-13
    vertex -4.575282520889 -7.862982784921371 4.963141009284299e-13
  endloop
endfacet
facet normal -0.8191520442889901 -0.5735764363510484 1.6481952300746187e-15
  outer loop
    vertex -5.175168284881772 -7.00625712680215 4.963141009284299e-13
    vertex -4.5752825208890195 -7.862982784921287 25.000000000000007
    vertex -5.175168284881783 -7.006257126802045 25.000000000000007
  endloop
endfacet
facet normal -0.12816505190271033 -0.9917528520104066 5.4143909080061626e-15
  outer loop
    vertex 0.9783696893972471 -10.173471578589508 25.000000000000007
    vertex 1.3535839116229907e-13 -10.04703604400314 5.301536987190047e-13
    vertex 0.9783696893972866 -10.173471578589666 5.301536987190047e-13
  endloop
endfacet
facet normal -0.12816505190271033 -0.9917528520104066 5.4143909080061626e-15
  outer loop
    vertex 1.3535839116229907e-13 -10.04703604400314 5.301536987190047e-13
    vertex 0.9783696893972471 -10.173471578589508 25.000000000000007
    vertex -5.639932965095795e-15 -10.047036044003002 25.000000000000004
  endloop
endfacet
facet normal -0.6197608514403253 0.7847907281702321 -8.038701004842558e-15
  outer loop
    vertex 13.944709708957014 -1.5136465641981587 3.8351544162651403e-13
    vertex 15.007160192405516 -0.6746136951801409 25.000000000000007
    vertex 15.00716019240581 -0.6746136951802523 3.6095570976613087e-13
  endloop
endfacet
facet normal -0.6197608514403253 0.7847907281702321 -8.038701004842558e-15
  outer loop
    vertex 15.007160192405516 -0.6746136951801409 25.000000000000007
    vertex 13.944709708957014 -1.5136465641981587 3.8351544162651403e-13
    vertex 13.944709708957092 -1.5136465641979204 25.000000000000007
  endloop
endfacet
facet normal 0.018358761468095643 -0.9998314637364428 2.5246563312243462e-15
  outer loop
    vertex 7.99411174447297 -10.488263851139264 25.000000000000007
    vertex 7.014184902751968 -10.50625712680212 5.301536987190047e-13
    vertex 7.994111744473058 -10.488263851139317 5.188738327888131e-13
  endloop
endfacet
facet normal 0.018358761468095643 -0.9998314637364428 2.5246563312243462e-15
  outer loop
    vertex 7.014184902751968 -10.50625712680212 5.301536987190047e-13
    vertex 7.99411174447297 -10.488263851139264 25.000000000000007
    vertex 7.014184902752088 -10.506257126802046 25.000000000000007
  endloop
endfacet
facet normal 0.05505153355363588 -0.9984835144625037 5.427490056338877e-15
  outer loop
    vertex 11.042588154360926 -10.358269309869602 25.000000000000007
    vertex 9.029745194056733 -10.469247698758851 5.188738327888131e-13
    vertex 11.042588154360821 -10.358269309869739 5.188738327888131e-13
  endloop
endfacet
facet normal 0.05505153355363588 -0.9984835144625037 5.427490056338877e-15
  outer loop
    vertex 9.029745194056733 -10.469247698758851 5.188738327888131e-13
    vertex 11.042588154360926 -10.358269309869602 25.000000000000007
    vertex 9.029745194056558 -10.46924769875872 25.000000000000007
  endloop
endfacet
facet normal -0.055051533553643804 -0.9984835144625033 6.009071694835191e-15
  outer loop
    vertex 4.998624611447684 -10.46924769875873 25.000000000000007
    vertex 2.9857816511432933 -10.358269309869739 5.301536987190047e-13
    vertex 4.998624611447697 -10.469247698758895 5.301536987190047e-13
  endloop
endfacet
facet normal -0.055051533553643804 -0.9984835144625033 6.009071694835191e-15
  outer loop
    vertex 2.9857816511432933 -10.358269309869739 5.301536987190047e-13
    vertex 4.998624611447684 -10.46924769875873 25.000000000000007
    vertex 2.9857816511432933 -10.358269309869602 25.000000000000007
  endloop
endfacet
facet normal -0.1281650519026041 -0.9917528520104204 6.364471420223231e-15
  outer loop
    vertex -5.639932965095795e-15 -10.047036044003002 25.000000000000004
    vertex -0.31555097770854346 -10.006257126802234 5.301536987190047e-13
    vertex 1.3535839116229907e-13 -10.04703604400314 5.301536987190047e-13
  endloop
endfacet
facet normal -0.1281650519026041 -0.9917528520104204 6.364471420223231e-15
  outer loop
    vertex -0.31555097770854346 -10.006257126802234 5.301536987190047e-13
    vertex -5.639932965095795e-15 -10.047036044003002 25.000000000000004
    vertex -0.3155509777084292 -10.006257126802048 25.000000000000007
  endloop
endfacet
facet normal -0.32143946530325895 0.9469301294950726 -1.2720404110631194e-14
  outer loop
    vertex -3.0614674589205917 7.391036260090139 9.000000000000163
    vertex -2.0705523608203174 7.727406610312351 4.500000000000263
    vertex -3.0614674589205464 7.391036260090095 4.500000000000263
  endloop
endfacet
facet normal -0.32143946530325895 0.9469301294950726 -1.2720404110631194e-14
  outer loop
    vertex -2.0705523608203174 7.727406610312351 4.500000000000263
    vertex -3.0614674589205917 7.391036260090139 9.000000000000163
    vertex -2.0705523608203626 7.727406610312396 9.000000000000153
  endloop
endfacet
facet normal 0.9961946980917438 -0.08715574274768022 -2.662275630881882e-16
  outer loop
    vertex 20.00738566767937 -4.006257126802155 4.0607517348689725e-13
    vertex 19.916232185752595 -5.0481461928036255 25.000000000000007
    vertex 19.916232185752545 -5.048146192803748 4.286349053472804e-13
  endloop
endfacet
facet normal 0.9961946980917438 -0.08715574274768022 -2.662275630881882e-16
  outer loop
    vertex 19.916232185752595 -5.0481461928036255 25.000000000000007
    vertex 20.00738566767937 -4.006257126802155 4.0607517348689725e-13
    vertex 20.007385667679344 -4.006257126802044 25.000000000000007
  endloop
endfacet
facet normal 0.4422886902188975 0.8968727415327394 0.0
  outer loop
    vertex 1.91341716182537 4.619397662556236 4.500000000000307
    vertex 2.5000000000001084 4.330127018921988 4.100000000000309
    vertex 1.91341716182537 4.619397662556236 4.100000000000309
  endloop
endfacet
facet normal 0.4422886902188975 0.8968727415327394 0.0
  outer loop
    vertex 2.5000000000001084 4.330127018921988 4.100000000000309
    vertex 1.91341716182537 4.619397662556236 4.500000000000307
    vertex 2.5000000000001084 4.330127018921988 4.500000000000307
  endloop
endfacet
facet normal -0.8314696123023675 -0.5555702330198685 -3.086560106228576e-17
  outer loop
    vertex -4.330127018922213 -2.500000000000153 4.50000000000042
    vertex -3.966766701455926 -3.0438071450437816 4.100000000000432
    vertex -3.966766701455926 -3.043807145043783 4.500000000000432
  endloop
endfacet
facet normal -0.8314696123023675 -0.5555702330198685 -3.086560106228576e-17
  outer loop
    vertex -3.966766701455926 -3.0438071450437816 4.100000000000432
    vertex -4.330127018922213 -2.500000000000153 4.50000000000042
    vertex -4.330127018922213 -2.500000000000152 4.1000000000004215
  endloop
endfacet
facet normal -0.42261826174070477 -0.9063077870366475 5.131200051198484e-15
  outer loop
    vertex -2.0311367221291627 -9.644412851517496 25.000000000000007
    vertex -2.979015862175165 -9.202409549508802 5.188738327888131e-13
    vertex -2.031136722129119 -9.644412851517668 5.188738327888131e-13
  endloop
endfacet
facet normal -0.42261826174070477 -0.9063077870366475 5.131200051198484e-15
  outer loop
    vertex -2.979015862175165 -9.202409549508802 5.188738327888131e-13
    vertex -2.0311367221291627 -9.644412851517496 25.000000000000007
    vertex -2.9790158621751552 -9.202409549508674 25.000000000000007
  endloop
endfacet
facet normal -0.5223997995797914 0.8527006798396456 -6.6195795136636005e-15
  outer loop
    vertex 11.679946394353946 -2.995366438722818 4.5000000000004095
    vertex 11.881566466798226 -2.87184562077778 4.0607517348689725e-13
    vertex 11.679946394353946 -2.995366438722818 4.0607517348689725e-13
  endloop
endfacet
facet normal -0.5223997995797914 0.8527006798396456 -6.6195795136636005e-15
  outer loop
    vertex 11.881566466798226 -2.87184562077778 4.0607517348689725e-13
    vertex 11.679946394353946 -2.995366438722818 4.5000000000004095
    vertex 11.881566466798134 -2.8718456207775884 25.000000000000004
  endloop
endfacet
facet normal -0.5223997995797914 0.8527006798396456 -6.6195795136636005e-15
  outer loop
    vertex 11.881566466798134 -2.8718456207775884 25.000000000000004
    vertex 11.679946394353946 -2.995366438722818 4.5000000000004095
    vertex 11.67994639435395 -2.995366438722681 20.500000000000004
  endloop
endfacet
facet normal -0.5223997995797914 0.8527006798396456 -6.6195795136636005e-15
  outer loop
    vertex 11.881566466798134 -2.8718456207775884 25.000000000000004
    vertex 11.67994639435395 -2.995366438722681 20.500000000000004
    vertex 11.679946394353946 -2.9953664387226837 25.000000000000007
  endloop
endfacet
facet normal -0.9469301294950189 -0.3214394653034172 -1.8732857769445243e-19
  outer loop
    vertex -4.829629131445281 -1.2940952255127605 4.5000000000004095
    vertex -4.6193976625561906 -1.913417161825594 4.1000000000004215
    vertex -4.6193976625561906 -1.9134171618255955 4.50000000000042
  endloop
endfacet
facet normal -0.9469301294950189 -0.3214394653034172 -1.8732857769445243e-19
  outer loop
    vertex -4.6193976625561906 -1.913417161825594 4.1000000000004215
    vertex -4.829629131445281 -1.2940952255127605 4.5000000000004095
    vertex -4.829629131445281 -1.2940952255127591 4.100000000000398
  endloop
endfacet
facet normal 0.01835876146805973 -0.9998314637364435 3.76161100974553e-15
  outer loop
    vertex 9.029745194056558 -10.46924769875872 25.000000000000007
    vertex 7.994111744473058 -10.488263851139317 5.188738327888131e-13
    vertex 9.029745194056733 -10.469247698758851 5.188738327888131e-13
  endloop
endfacet
facet normal 0.01835876146805973 -0.9998314637364435 3.76161100974553e-15
  outer loop
    vertex 7.994111744473058 -10.488263851139317 5.188738327888131e-13
    vertex 9.029745194056558 -10.46924769875872 25.000000000000007
    vertex 7.99411174447297 -10.488263851139264 25.000000000000007
  endloop
endfacet
facet normal 0.9659258262890721 -0.25881904510250675 1.5024982029550772e-16
  outer loop
    vertex 19.916232185752545 -5.048146192803748 4.286349053472804e-13
    vertex 19.645541392394794 -6.058377986756053 25.000000000000007
    vertex 19.6455413923948 -6.058377986756149 4.511946372076636e-13
  endloop
endfacet
facet normal 0.9659258262890721 -0.25881904510250675 1.5024982029550772e-16
  outer loop
    vertex 19.645541392394794 -6.058377986756053 25.000000000000007
    vertex 19.916232185752545 -5.048146192803748 4.286349053472804e-13
    vertex 19.916232185752595 -5.0481461928036255 25.000000000000007
  endloop
endfacet
facet normal -0.0004191135940351975 0.735769660094916 0.6772317414501532
  outer loop
    vertex 8.239238083775925 10.86330476806627 19.412155815318073
    vertex 9.684999625614529 12.163381624948006 18.000000000000025
    vertex 8.239238069685284 12.163381624948006 18.000000000000025
  endloop
endfacet
facet normal -0.0004191135940351975 0.735769660094916 0.6772317414501532
  outer loop
    vertex 9.684999625614529 12.163381624948006 18.000000000000025
    vertex 8.239238083775925 10.86330476806627 19.412155815318073
    vertex 9.68499963628346 9.863296556990843 20.49996527849542
  endloop
endfacet
facet normal -0.0004191135940351975 0.735769660094916 0.6772317414501532
  outer loop
    vertex 9.68499963628346 9.863296556990843 20.49996527849542
    vertex 8.239238083775925 10.86330476806627 19.412155815318073
    vertex 3.499987210138184 10.860837196113128 19.412778178310635
  endloop
endfacet
facet normal -0.0004191135940351975 0.735769660094916 0.6772317414501532
  outer loop
    vertex 9.68499963628346 9.863296556990843 20.49996527849542
    vertex 3.499987210138184 10.860837196113128 19.412778178310635
    vertex 3.517689290160789 9.860837196113119 20.497471196113107
  endloop
endfacet
facet normal 0.5735764363510175 -0.8191520442890118 6.640816163110719e-15
  outer loop
    vertex 17.864111325798582 -8.602523785515917 25.000000000000007
    vertex 17.007385667679372 -9.202409549508802 4.963141009284299e-13
    vertex 17.86411132579873 -8.602523785516075 4.850342349982384e-13
  endloop
endfacet
facet normal 0.5735764363510175 -0.8191520442890118 6.640816163110719e-15
  outer loop
    vertex 17.007385667679372 -9.202409549508802 4.963141009284299e-13
    vertex 17.864111325798582 -8.602523785515917 25.000000000000007
    vertex 17.007385667679344 -9.202409549508674 25.000000000000007
  endloop
endfacet
facet normal -0.000520667017733703 0.9999998644529192 1.9501114547820302e-16
  outer loop
    vertex 3.499987210138184 10.860837196113128 19.412778178310635
    vertex 8.239238083775925 10.86330476806627 15.799969384033178
    vertex 3.499987210138184 10.860837196113128 15.797471196113223
  endloop
endfacet
facet normal -0.000520667017733703 0.9999998644529192 1.9501114547820302e-16
  outer loop
    vertex 8.239238083775925 10.86330476806627 15.799969384033178
    vertex 3.499987210138184 10.860837196113128 19.412778178310635
    vertex 8.239238083775925 10.86330476806627 19.412155815318073
  endloop
endfacet
facet normal -0.5555702330195874 0.8314696123025552 -1.2528462572563368e-14
  outer loop
    vertex -4.8700914320698 6.346826722329752 9.000000000000187
    vertex -4.000000000000038 6.928203230275288 4.500000000000285
    vertex -4.87009143206971 6.346826722329752 4.500000000000285
  endloop
endfacet
facet normal -0.5555702330195874 0.8314696123025552 -1.2528462572563368e-14
  outer loop
    vertex -4.000000000000038 6.928203230275288 4.500000000000285
    vertex -4.8700914320698 6.346826722329752 9.000000000000187
    vertex -4.000000000000083 6.928203230275333 9.000000000000163
  endloop
endfacet
facet normal -0.06540312923015612 0.9978589232386027 -1.5662747786258712e-14
  outer loop
    vertex -1.0442095377603877 7.931558890990347 9.000000000000153
    vertex 0.0 7.999999999999805 4.500000000000263
    vertex -1.0442095377603426 7.931558890990302 4.500000000000263
  endloop
endfacet
facet normal -0.06540312923015612 0.9978589232386027 -1.5662747786258712e-14
  outer loop
    vertex 0.0 7.999999999999805 4.500000000000263
    vertex -1.0442095377603877 7.931558890990347 9.000000000000153
    vertex -4.511946372076636e-14 7.999999999999895 9.000000000000142
  endloop
endfacet
facet normal -0.1950903220161004 0.980785280403236 -1.1785874314112165e-14
  outer loop
    vertex -2.0705523608203626 7.727406610312396 9.000000000000153
    vertex -1.0442095377603426 7.931558890990302 4.500000000000263
    vertex -2.0705523608203174 7.727406610312351 4.500000000000263
  endloop
endfacet
facet normal -0.1950903220161004 0.980785280403236 -1.1785874314112165e-14
  outer loop
    vertex -1.0442095377603426 7.931558890990302 4.500000000000263
    vertex -2.0705523608203626 7.727406610312396 9.000000000000153
    vertex -1.0442095377603877 7.931558890990347 9.000000000000153
  endloop
endfacet
facet normal -0.8314696123025386 0.5555702330196121 -8.33965693538892e-15
  outer loop
    vertex -6.346826722330068 4.87009143206962 9.00000000000021
    vertex -6.9282032302756935 3.999999999999812 4.50000000000033
    vertex -6.928203230275739 3.999999999999767 9.00000000000022
  endloop
endfacet
facet normal -0.8314696123025386 0.5555702330196121 -8.33965693538892e-15
  outer loop
    vertex -6.9282032302756935 3.999999999999812 4.50000000000033
    vertex -6.346826722330068 4.87009143206962 9.00000000000021
    vertex -6.3468267223300225 4.870091432069574 4.500000000000307
  endloop
endfacet
facet normal -0.4422886902189388 0.8968727415327191 -1.3427001497196194e-14
  outer loop
    vertex -4.000000000000038 6.928203230275288 4.500000000000285
    vertex -3.0614674589205917 7.391036260090139 9.000000000000163
    vertex -3.0614674589205464 7.391036260090095 4.500000000000263
  endloop
endfacet
facet normal -0.4422886902189388 0.8968727415327191 -1.3427001497196194e-14
  outer loop
    vertex -3.0614674589205917 7.391036260090139 9.000000000000163
    vertex -4.000000000000038 6.928203230275288 4.500000000000285
    vertex -4.000000000000083 6.928203230275333 9.000000000000163
  endloop
endfacet
facet normal -0.0005214386193467075 0.9999998640496615 -1.5572762509715615e-06
  outer loop
    vertex 3.51768929016104 10.86083719611298 5.502528803887127
    vertex 8.356840950591662 10.86336599999997 9.000000000000176
    vertex 8.356840950591707 10.86336599999997 5.500000000000204
  endloop
endfacet
facet normal -0.0005214386193467075 0.9999998640496615 -1.5572762509715615e-06
  outer loop
    vertex 8.356840950591662 10.86336599999997 9.000000000000176
    vertex 3.51768929016104 10.86083719611298 5.502528803887127
    vertex 3.499987210138263 10.860837196113026 9.002528803887019
  endloop
endfacet
facet normal -0.7518398074789365 0.6593458151001155 -1.0847155936847452e-14
  outer loop
    vertex -6.346826722330068 4.87009143206962 9.00000000000021
    vertex -5.656854249492394 5.656854249492259 4.500000000000297
    vertex -6.3468267223300225 4.870091432069574 4.500000000000307
  endloop
endfacet
facet normal -0.7518398074789365 0.6593458151001155 -1.0847155936847452e-14
  outer loop
    vertex -5.656854249492394 5.656854249492259 4.500000000000297
    vertex -6.346826722330068 4.87009143206962 9.00000000000021
    vertex -5.656854249492439 5.656854249492259 9.000000000000187
  endloop
endfacet
facet normal -0.32143946530323275 0.9469301294950816 0.0
  outer loop
    vertex -1.9134171618253246 4.619397662556281 4.500000000000307
    vertex -1.294095225512625 4.829629131445191 4.100000000000309
    vertex -1.9134171618253246 4.619397662556281 4.100000000000309
  endloop
endfacet
facet normal -0.32143946530323275 0.9469301294950816 0.0
  outer loop
    vertex -1.294095225512625 4.829629131445191 4.100000000000309
    vertex -1.9134171618253246 4.619397662556281 4.500000000000307
    vertex -1.294095225512625 4.829629131445191 4.500000000000307
  endloop
endfacet
facet normal -0.6593458151000424 0.7518398074790007 -9.912180757226325e-15
  outer loop
    vertex -5.656854249492394 5.656854249492259 4.500000000000297
    vertex -4.8700914320698 6.346826722329752 9.000000000000187
    vertex -4.87009143206971 6.346826722329752 4.500000000000285
  endloop
endfacet
facet normal -0.6593458151000424 0.7518398074790007 -9.912180757226325e-15
  outer loop
    vertex -4.8700914320698 6.346826722329752 9.000000000000187
    vertex -5.656854249492394 5.656854249492259 4.500000000000297
    vertex -5.656854249492439 5.656854249492259 9.000000000000187
  endloop
endfacet
facet normal -0.8968727415327112 0.4422886902189549 -8.993667077241154e-15
  outer loop
    vertex -7.391036260090456 3.0614674589205464 9.000000000000231
    vertex -6.9282032302756935 3.999999999999812 4.50000000000033
    vertex -7.39103626009041 3.0614674589205015 4.500000000000341
  endloop
endfacet
facet normal -0.8968727415327112 0.4422886902189549 -8.993667077241154e-15
  outer loop
    vertex -6.9282032302756935 3.999999999999812 4.50000000000033
    vertex -7.391036260090456 3.0614674589205464 9.000000000000231
    vertex -6.928203230275739 3.999999999999767 9.00000000000022
  endloop
endfacet
facet normal -0.017699307080130434 0.9998433549956129 -1.0202439827968809e-14
  outer loop
    vertex 3.050687534065938 7.99999999999985 9.000000000000142
    vertex 3.550473364409813 8.00884724876268 4.500000000000269
    vertex 3.050687534065983 7.999999999999805 4.500000000000251
  endloop
endfacet
facet normal -0.017699307080130434 0.9998433549956129 -1.0202439827968809e-14
  outer loop
    vertex 3.550473364409813 8.00884724876268 4.500000000000269
    vertex 3.050687534065938 7.99999999999985 9.000000000000142
    vertex 3.550473364409768 8.008847248762725 9.00000000000016
  endloop
endfacet
facet normal -0.32143946530321293 -0.9469301294950883 -9.329491186425263e-18
  outer loop
    vertex -1.294095225512625 -4.829629131445461 4.500000000000454
    vertex -1.9134171618252345 -4.619397662556596 4.100000000000455
    vertex -1.294095225512625 -4.8296291314454605 4.100000000000455
  endloop
endfacet
facet normal -0.32143946530321293 -0.9469301294950883 -9.329491186425263e-18
  outer loop
    vertex -1.9134171618252345 -4.619397662556596 4.100000000000455
    vertex -1.294095225512625 -4.829629131445461 4.500000000000454
    vertex -1.9134171618252345 -4.6193976625565965 4.500000000000465
  endloop
endfacet
facet normal -0.19509032201608204 -0.9807852804032396 -5.154927497991312e-18
  outer loop
    vertex -0.6526309611002197 -4.957224306869152 4.500000000000465
    vertex -1.294095225512625 -4.8296291314454605 4.100000000000455
    vertex -0.6526309611002197 -4.9572243068691515 4.100000000000455
  endloop
endfacet
facet normal -0.19509032201608204 -0.9807852804032396 -5.154927497991312e-18
  outer loop
    vertex -1.294095225512625 -4.8296291314454605 4.100000000000455
    vertex -0.6526309611002197 -4.957224306869152 4.500000000000465
    vertex -1.294095225512625 -4.829629131445461 4.500000000000454
  endloop
endfacet
facet normal 7.394966416083684e-15 1.0 -1.5039821240255757e-14
  outer loop
    vertex 0.0 7.999999999999805 4.500000000000263
    vertex 3.050687534065938 7.99999999999985 9.000000000000142
    vertex 3.050687534065983 7.999999999999805 4.500000000000251
  endloop
endfacet
facet normal 7.394966416083684e-15 1.0 -1.5039821240255757e-14
  outer loop
    vertex 3.050687534065938 7.99999999999985 9.000000000000142
    vertex 0.0 7.999999999999805 4.500000000000263
    vertex -4.511946372076636e-14 7.999999999999895 9.000000000000142
  endloop
endfacet
facet normal -0.9469301294950676 0.3214394653032736 1.8658982374744138e-17
  outer loop
    vertex -4.619397662556236 1.9134171618251894 4.500000000000353
    vertex -4.829629131445191 1.294095225512446 4.100000000000365
    vertex -4.829629131445191 1.2940952255124447 4.500000000000364
  endloop
endfacet
facet normal -0.9469301294950676 0.3214394653032736 1.8658982374744138e-17
  outer loop
    vertex -4.829629131445191 1.294095225512446 4.100000000000365
    vertex -4.619397662556236 1.9134171618251894 4.500000000000353
    vertex -4.619397662556236 1.9134171618251907 4.100000000000353
  endloop
endfacet
facet normal -0.4422886902190899 0.8968727415326446 0.0
  outer loop
    vertex -2.4999999999998375 4.330127018921988 4.500000000000307
    vertex -1.9134171618253246 4.619397662556281 4.100000000000309
    vertex -2.4999999999998375 4.330127018921988 4.100000000000309
  endloop
endfacet
facet normal -0.4422886902190899 0.8968727415326446 0.0
  outer loop
    vertex -1.9134171618253246 4.619397662556281 4.100000000000309
    vertex -2.4999999999998375 4.330127018921988 4.500000000000307
    vertex -1.9134171618253246 4.619397662556281 4.500000000000307
  endloop
endfacet
facet normal -0.99785892323861 0.06540312923004371 1.1121803803882256e-17
  outer loop
    vertex -4.957224306869063 0.6526309611000843 4.500000000000376
    vertex -4.999999999999946 -1.7906787164179148e-13 4.100000000000387
    vertex -4.999999999999946 -1.8047785488306544e-13 4.500000000000386
  endloop
endfacet
facet normal -0.99785892323861 0.06540312923004371 1.1121803803882256e-17
  outer loop
    vertex -4.999999999999946 -1.7906787164179148e-13 4.100000000000387
    vertex -4.957224306869063 0.6526309611000843 4.500000000000376
    vertex -4.957224306869063 0.6526309611000858 4.100000000000376
  endloop
endfacet
facet normal -1.0 -2.6985050791664083e-10 -1.7367141215626814e-10
  outer loop
    vertex 8.356840949729348 12.163381624948004 9.000000000000156
    vertex 8.356840950591707 10.86336599999997 5.500000000000204
    vertex 8.356840950591662 10.86336599999997 9.000000000000176
  endloop
endfacet
facet normal -1.0 -2.6985050791664083e-10 -1.7367141215626814e-10
  outer loop
    vertex 8.356840950591707 10.86336599999997 5.500000000000204
    vertex 8.356840949729348 12.163381624948004 9.000000000000156
    vertex 8.356840950591767 12.163381624948004 6.80001562494834
  endloop
endfacet
facet normal -0.5223997995798697 0.8527006798395977 -9.545426438613153e-15
  outer loop
    vertex 11.881566466798226 -2.87184562077778 4.0607517348689725e-13
    vertex 12.834333439222146 -2.288141060422052 25.000000000000007
    vertex 12.834333439222371 -2.2881410604222254 3.9479530755670567e-13
  endloop
endfacet
facet normal -0.5223997995798697 0.8527006798395977 -9.545426438613153e-15
  outer loop
    vertex 12.834333439222146 -2.288141060422052 25.000000000000007
    vertex 11.881566466798226 -2.87184562077778 4.0607517348689725e-13
    vertex 11.881566466798134 -2.8718456207775884 25.000000000000004
  endloop
endfacet
facet normal -0.9802630073442438 0.19769753736686374 0.00034662875944828386
  outer loop
    vertex -4.2221845827652205 16.884326855533363 15.800000030326316
    vertex -4.146933155983915 17.26923956215133 8.999997372646003
    vertex -4.217834113404032 16.883321981876268 8.999999730927353
  endloop
endfacet
facet normal -0.9802630073442438 0.19769753736686374 0.00034662875944828386
  outer loop
    vertex -4.146933155983915 17.26923956215133 8.999997372646003
    vertex -4.2221845827652205 16.884326855533363 15.800000030326316
    vertex -4.137981439930621 17.267204236219673 15.8000000311349
  endloop
endfacet
facet normal -0.2588190451025435 0.9659258262890622 -1.038911903858211e-14
  outer loop
    vertex 15.922619463320123 -0.14607303868545465 25.000000000000007
    vertex 16.435100679421847 -0.008754110695126016 3.6095570976613087e-13
    vertex 15.922619463320359 -0.14607303868568167 3.6095570976613087e-13
  endloop
endfacet
facet normal -0.2588190451025435 0.9659258262890622 -1.038911903858211e-14
  outer loop
    vertex 16.435100679421847 -0.008754110695126016 3.6095570976613087e-13
    vertex 15.922619463320123 -0.14607303868545465 25.000000000000007
    vertex 16.435100679421698 -0.008754110694918748 25.000000000000007
  endloop
endfacet
facet normal -0.999377586576029 0.03527033409555045 0.0006655691248075517
  outer loop
    vertex -4.128552635912154 17.661391159360956 15.80000002553086
    vertex -4.146933155983915 17.26923956215133 8.999997372646003
    vertex -4.137981439930621 17.267204236219673 15.8000000311349
  endloop
endfacet
facet normal -0.999377586576029 0.03527033409555045 0.0006655691248075517
  outer loop
    vertex -4.146933155983915 17.26923956215133 8.999997372646003
    vertex -4.128552635912154 17.661391159360956 15.80000002553086
    vertex -4.1285880883869295 17.66134540378506 8.999994378393021
  endloop
endfacet
facet normal -0.9807852804031842 0.1950903220163607 6.841232190080492e-18
  outer loop
    vertex -4.829629131445191 1.2940952255124447 4.500000000000364
    vertex -4.957224306869063 0.6526309611000858 4.100000000000376
    vertex -4.957224306869063 0.6526309611000843 4.500000000000376
  endloop
endfacet
facet normal -0.9807852804031842 0.1950903220163607 6.841232190080492e-18
  outer loop
    vertex -4.957224306869063 0.6526309611000858 4.100000000000376
    vertex -4.829629131445191 1.2940952255124447 4.500000000000364
    vertex -4.829629131445191 1.294095225512446 4.100000000000365
  endloop
endfacet
facet normal 0.9659258262890436 0.2588190451026133 -4.652995347702141e-15
  outer loop
    vertex 19.823825424032805 -1.9652352542058718 3.8351544162651403e-13
    vertex 19.961144352023513 -2.4777164703073566 25.000000000000007
    vertex 19.961144352023496 -2.477716470307451 3.8351544162651403e-13
  endloop
endfacet
facet normal 0.9659258262890436 0.2588190451026133 -4.652995347702141e-15
  outer loop
    vertex 19.961144352023513 -2.4777164703073566 25.000000000000007
    vertex 19.823825424032805 -1.9652352542058718 3.8351544162651403e-13
    vertex 19.823825424032975 -1.965235254205783 25.000000000000007
  endloop
endfacet
facet normal 0.9961946980917366 0.08715574274776222 2.3380128904576783e-15
  outer loop
    vertex 19.961144352023496 -2.477716470307451 3.8351544162651403e-13
    vertex 20.007385667679344 -3.0062571268020455 25.000000000000007
    vertex 20.007385667679504 -3.006257126802157 3.9479530755670567e-13
  endloop
endfacet
facet normal 0.9961946980917366 0.08715574274776222 2.3380128904576783e-15
  outer loop
    vertex 20.007385667679344 -3.0062571268020455 25.000000000000007
    vertex 19.961144352023496 -2.477716470307451 3.8351544162651403e-13
    vertex 19.961144352023513 -2.4777164703073566 25.000000000000007
  endloop
endfacet
facet normal 0.5555702330195984 0.8314696123025478 0.0
  outer loop
    vertex 2.5000000000001084 4.330127018921988 4.500000000000307
    vertex 3.0438071450436475 3.966766701456016 4.100000000000309
    vertex 2.5000000000001084 4.330127018921988 4.100000000000309
  endloop
endfacet
facet normal 0.5555702330195984 0.8314696123025478 0.0
  outer loop
    vertex 3.0438071450436475 3.966766701456016 4.100000000000309
    vertex 2.5000000000001084 4.330127018921988 4.500000000000307
    vertex 3.0438071450436475 3.966766701456016 4.500000000000307
  endloop
endfacet
facet normal -0.5735764363510187 0.819152044289011 -1.1422556773086305e-14
  outer loop
    vertex 15.007160192405516 -0.6746136951801409 25.000000000000007
    vertex 15.441769170035194 -0.3702972128706079 3.6095570976613087e-13
    vertex 15.00716019240581 -0.6746136951802523 3.6095570976613087e-13
  endloop
endfacet
facet normal -0.5735764363510187 0.819152044289011 -1.1422556773086305e-14
  outer loop
    vertex 15.441769170035194 -0.3702972128706079 3.6095570976613087e-13
    vertex 15.007160192405516 -0.6746136951801409 25.000000000000007
    vertex 15.4417691700349 -0.3702972128704289 25.000000000000007
  endloop
endfacet
facet normal 0.422618261740629 0.9063077870366828 -3.238549247733656e-15
  outer loop
    vertex 18.004663208512643 -0.14607303868545465 25.000000000000007
    vertex 18.485513501798007 -0.3702972128705177 3.6095570976613087e-13
    vertex 18.004663208512703 -0.14607303868563654 3.6095570976613087e-13
  endloop
endfacet
facet normal 0.422618261740629 0.9063077870366828 -3.238549247733656e-15
  outer loop
    vertex 18.485513501798007 -0.3702972128705177 3.6095570976613087e-13
    vertex 18.004663208512643 -0.14607303868545465 25.000000000000007
    vertex 18.485513501797865 -0.3702972128704289 25.000000000000007
  endloop
endfacet
facet normal -0.8968727415326813 -0.4422886902190155 1.3232294813106221e-14
  outer loop
    vertex -6.928203230275505 -3.9999999999999925 20.499999999999996
    vertex -7.391036260090501 -3.0614674589208173 4.500000000000443
    vertex -6.928203230275649 -4.000000000000128 4.500000000000454
  endloop
endfacet
facet normal -0.8968727415326813 -0.4422886902190155 1.3232294813106221e-14
  outer loop
    vertex -7.391036260090501 -3.0614674589208173 4.500000000000443
    vertex -6.928203230275505 -3.9999999999999925 20.499999999999996
    vertex -7.39103626009029 -3.061467458920713 20.499999999999996
  endloop
endfacet
facet normal 0.08715574274772775 0.9961946980917394 -4.443501062533869e-15
  outer loop
    vertex 16.963641335916385 0.03748720496091672 25.000000000000007
    vertex 17.492181992411034 -0.008754110695080896 3.6095570976613087e-13
    vertex 16.963641335916645 0.03748720496083635 3.6095570976613087e-13
  endloop
endfacet
facet normal 0.08715574274772775 0.9961946980917394 -4.443501062533869e-15
  outer loop
    vertex 17.492181992411034 -0.008754110695080896 3.6095570976613087e-13
    vertex 16.963641335916385 0.03748720496091672 25.000000000000007
    vertex 17.49218199241107 -0.008754110694918748 25.000000000000007
  endloop
endfacet
facet normal 1.0 -4.511946372076427e-14 3.4967584383596323e-15
  outer loop
    vertex 20.007385667679504 -3.006257126802157 3.9479530755670567e-13
    vertex 20.007385667679344 -4.006257126802044 25.000000000000007
    vertex 20.00738566767937 -4.006257126802155 4.0607517348689725e-13
  endloop
endfacet
facet normal 1.0 -4.511946372076427e-14 3.4967584383596323e-15
  outer loop
    vertex 20.007385667679344 -4.006257126802044 25.000000000000007
    vertex 20.007385667679504 -3.006257126802157 3.9479530755670567e-13
    vertex 20.007385667679344 -3.0062571268020455 25.000000000000007
  endloop
endfacet
facet normal 0.5735764363511303 0.819152044288933 -2.919488602964838e-15
  outer loop
    vertex 18.485513501797865 -0.3702972128704289 25.000000000000007
    vertex 18.92012247942721 -0.6746136951802973 3.6095570976613087e-13
    vertex 18.485513501798007 -0.3702972128705177 3.6095570976613087e-13
  endloop
endfacet
facet normal 0.5735764363511303 0.819152044288933 -2.919488602964838e-15
  outer loop
    vertex 18.92012247942721 -0.6746136951802973 3.6095570976613087e-13
    vertex 18.485513501797865 -0.3702972128704289 25.000000000000007
    vertex 18.92012247942725 -0.6746136951801409 25.000000000000007
  endloop
endfacet
facet normal 0.19203260581174983 0.9813885460433849 -6.238873539868282e-15
  outer loop
    vertex 8.877304508944924 -3.2673642109357215 20.500000000000004
    vertex 9.487983202800915 -3.386858392284969 4.50000000000042
    vertex 8.877304508944956 -3.267364210935829 4.50000000000042
  endloop
endfacet
facet normal 0.19203260581174983 0.9813885460433849 -6.238873539868282e-15
  outer loop
    vertex 9.487983202800915 -3.386858392284969 4.50000000000042
    vertex 8.877304508944924 -3.2673642109357215 20.500000000000004
    vertex 9.487983202800724 -3.3868583922848283 20.500000000000004
  endloop
endfacet
facet normal 0.8191520442890383 0.5735764363509795 -7.688455976329759e-15
  outer loop
    vertex 19.295284767538234 -1.049775983291321 3.6095570976613087e-13
    vertex 19.599601249847996 -1.484384960920563 25.000000000000007
    vertex 19.599601249847787 -1.4843849609207054 3.7223557569632245e-13
  endloop
endfacet
facet normal 0.8191520442890383 0.5735764363509795 -7.688455976329759e-15
  outer loop
    vertex 19.599601249847996 -1.484384960920563 25.000000000000007
    vertex 19.295284767538234 -1.049775983291321 3.6095570976613087e-13
    vertex 19.29528476753829 -1.0497759832911757 25.000000000000007
  endloop
endfacet
facet normal 0.031161548384677863 0.9995143610285295 -4.512482994021631e-15
  outer loop
    vertex 9.487983202800724 -3.3868583922848283 20.500000000000004
    vertex 10.109940863651914 -3.406248972848317 4.50000000000042
    vertex 9.487983202800915 -3.386858392284969 4.50000000000042
  endloop
endfacet
facet normal 0.031161548384677863 0.9995143610285295 -4.512482994021631e-15
  outer loop
    vertex 10.109940863651914 -3.406248972848317 4.50000000000042
    vertex 9.487983202800724 -3.3868583922848283 20.500000000000004
    vertex 10.10994086365163 -3.406248972848297 20.500000000000004
  endloop
endfacet
facet normal 0.34787086458522837 0.9375424585439988 -5.984017549058179e-15
  outer loop
    vertex 8.293909475116303 -3.050898137358777 20.500000000000004
    vertex 8.877304508944956 -3.267364210935829 4.50000000000042
    vertex 8.29390947511645 -3.0508981373589403 4.5000000000004095
  endloop
endfacet
facet normal 0.34787086458522837 0.9375424585439988 -5.984017549058179e-15
  outer loop
    vertex 8.877304508944956 -3.267364210935829 4.50000000000042
    vertex 8.293909475116303 -3.050898137358777 20.500000000000004
    vertex 8.877304508944924 -3.2673642109357215 20.500000000000004
  endloop
endfacet
facet normal -0.9469301294951183 -0.32143946530312445 1.0776995723173022e-14
  outer loop
    vertex -7.39103626009029 -3.061467458920713 20.499999999999996
    vertex -7.727406610312577 -2.070552360820408 4.500000000000432
    vertex -7.391036260090501 -3.0614674589208173 4.500000000000443
  endloop
endfacet
facet normal -0.9469301294951183 -0.32143946530312445 1.0776995723173022e-14
  outer loop
    vertex -7.727406610312577 -2.070552360820408 4.500000000000432
    vertex -7.39103626009029 -3.061467458920713 20.499999999999996
    vertex -7.727406610312541 -2.0705523608201624 20.499999999999996
  endloop
endfacet
facet normal -0.06540312923017659 -0.9978589232386014 -5.5609019039108646e-18
  outer loop
    vertex 9.023892744153272e-14 -5.000000000000126 4.500000000000454
    vertex -0.6526309611002197 -4.9572243068691515 4.100000000000455
    vertex 9.023892744153272e-14 -5.000000000000124 4.100000000000455
  endloop
endfacet
facet normal -0.06540312923017659 -0.9978589232386014 -5.5609019039108646e-18
  outer loop
    vertex -0.6526309611002197 -4.9572243068691515 4.100000000000455
    vertex 9.023892744153272e-14 -5.000000000000126 4.500000000000454
    vertex -0.6526309611002197 -4.957224306869152 4.500000000000465
  endloop
endfacet
facet normal -0.3630137987610595 0.9317837634929389 -3.1985658769539268e-18
  outer loop
    vertex 7.994111744472967 -4.689730003115592 4.39914771277472e-13
    vertex 9.255561548168615 -4.19828155431525 4.50000000000042
    vertex 9.255561548168615 -4.19828155431525 4.286349053472804e-13
  endloop
endfacet
facet normal -0.3630137987610595 0.9317837634929389 -3.1985658769539268e-18
  outer loop
    vertex 9.255561548168615 -4.19828155431525 4.50000000000042
    vertex 7.994111744472967 -4.689730003115592 4.39914771277472e-13
    vertex 7.994111744472967 -4.689730003115592 4.500000000000443
  endloop
endfacet
facet normal -0.44228869021897976 -0.8968727415326989 1.2613348420529817e-17
  outer loop
    vertex -1.9134171618252345 -4.6193976625565965 4.500000000000465
    vertex -2.4999999999998375 -4.330127018922346 4.100000000000455
    vertex -1.9134171618252345 -4.619397662556596 4.100000000000455
  endloop
endfacet
facet normal -0.44228869021897976 -0.8968727415326989 1.2613348420529817e-17
  outer loop
    vertex -2.4999999999998375 -4.330127018922346 4.100000000000455
    vertex -1.9134171618252345 -4.6193976625565965 4.500000000000465
    vertex -2.4999999999998375 -4.330127018922348 4.500000000000454
  endloop
endfacet
facet normal -0.2887930968595954 0.9573915328674285 -1.0026408886271319e-14
  outer loop
    vertex 10.726877198821676 -3.325027763470887 4.50000000000042
    vertex 11.322623514750422 -3.1453234130421546 20.500000000000004
    vertex 11.322623514750553 -3.1453234130423056 4.5000000000004095
  endloop
endfacet
facet normal -0.2887930968595954 0.9573915328674285 -1.0026408886271319e-14
  outer loop
    vertex 11.322623514750422 -3.1453234130421546 20.500000000000004
    vertex 10.726877198821676 -3.325027763470887 4.50000000000042
    vertex 10.726877198821612 -3.3250277634707626 20.500000000000004
  endloop
endfacet
facet normal 0.06540312923011239 -0.9978589232386056 0.0
  outer loop
    vertex 0.6526309611003551 -4.957224306869198 4.500000000000454
    vertex 9.023892744153272e-14 -5.000000000000124 4.100000000000455
    vertex 0.6526309611003551 -4.957224306869197 4.100000000000455
  endloop
endfacet
facet normal 0.06540312923011239 -0.9978589232386056 0.0
  outer loop
    vertex 9.023892744153272e-14 -5.000000000000124 4.100000000000455
    vertex 0.6526309611003551 -4.957224306869198 4.500000000000454
    vertex 9.023892744153272e-14 -5.000000000000126 4.500000000000454
  endloop
endfacet
facet normal 0.25881904510251574 0.9659258262890696 -6.529437018762036e-15
  outer loop
    vertex 17.49218199241107 -0.008754110694918748 25.000000000000007
    vertex 18.004663208512703 -0.14607303868563654 3.6095570976613087e-13
    vertex 17.492181992411034 -0.008754110695080896 3.6095570976613087e-13
  endloop
endfacet
facet normal 0.25881904510251574 0.9659258262890696 -6.529437018762036e-15
  outer loop
    vertex 18.004663208512703 -0.14607303868563654 3.6095570976613087e-13
    vertex 17.49218199241107 -0.008754110694918748 25.000000000000007
    vertex 18.004663208512643 -0.14607303868545465 25.000000000000007
  endloop
endfacet
facet normal -0.470868827105292 0.8822032348957278 2.8881846637558435e-16
  outer loop
    vertex 10.485618760539907 -3.6328291342430927 25.000000000000004
    vertex 11.67994639435395 -2.995366438722681 20.500000000000004
    vertex 10.48561876053991 -3.6328291342430883 20.500000000000004
  endloop
endfacet
facet normal -0.470868827105292 0.8822032348957278 2.8881846637558435e-16
  outer loop
    vertex 11.67994639435395 -2.995366438722681 20.500000000000004
    vertex 10.485618760539907 -3.6328291342430927 25.000000000000004
    vertex 11.679946394353946 -2.9953664387226837 25.000000000000007
  endloop
endfacet
facet normal -0.2500435662276682 0.9682345867547544 7.036243963137997e-16
  outer loop
    vertex 5.394920056816444 -5.4439509445849135 25.000000000000004
    vertex 6.705717021999191 -5.105441711121929 20.500000000000004
    vertex 5.394920056816447 -5.443950944584909 20.500000000000004
  endloop
endfacet
facet normal -0.2500435662276682 0.9682345867547544 7.036243963137997e-16
  outer loop
    vertex 6.705717021999191 -5.105441711121929 20.500000000000004
    vertex 5.394920056816444 -5.4439509445849135 25.000000000000004
    vertex 6.705717021999185 -5.105441711121934 25.000000000000004
  endloop
endfacet
facet normal 0.7071067811867264 0.7071067811863686 -1.1968765550879318e-15
  outer loop
    vertex 19.09089521945438 -0.8453864352071534 3.6095570976613087e-13
    vertex 19.29528476753829 -1.0497759832911757 25.000000000000007
    vertex 19.295284767538234 -1.049775983291321 3.6095570976613087e-13
  endloop
endfacet
facet normal 0.7071067811867264 0.7071067811863686 -1.1968765550879318e-15
  outer loop
    vertex 19.29528476753829 -1.0497759832911757 25.000000000000007
    vertex 19.09089521945438 -0.8453864352071534 3.6095570976613087e-13
    vertex 19.090895219454133 -0.845386435207025 25.000000000000007
  endloop
endfacet
facet normal 0.7071067811863296 0.7071067811867655 -1.1566746713317614e-15
  outer loop
    vertex 18.92012247942725 -0.6746136951801409 25.000000000000007
    vertex 19.09089521945438 -0.8453864352071534 3.6095570976613087e-13
    vertex 18.92012247942721 -0.6746136951802973 3.6095570976613087e-13
  endloop
endfacet
facet normal 0.7071067811863296 0.7071067811867655 -1.1566746713317614e-15
  outer loop
    vertex 19.09089521945438 -0.8453864352071534 3.6095570976613087e-13
    vertex 18.92012247942725 -0.6746136951801409 25.000000000000007
    vertex 19.090895219454133 -0.845386435207025 25.000000000000007
  endloop
endfacet
facet normal 0.6593458151001794 0.7518398074788805 5.250905826334808e-17
  outer loop
    vertex 3.0438071450436475 3.966766701456016 4.500000000000307
    vertex 3.5355339059327013 3.535533905932521 4.100000000000319
    vertex 3.0438071450436475 3.966766701456016 4.100000000000309
  endloop
endfacet
facet normal 0.6593458151001794 0.7518398074788805 5.250905826334808e-17
  outer loop
    vertex 3.5355339059327013 3.535533905932521 4.100000000000319
    vertex 3.0438071450436475 3.966766701456016 4.500000000000307
    vertex 3.5355339059327013 3.535533905932521 4.500000000000319
  endloop
endfacet
facet normal -1.1180464690448511e-15 -1.5474798300091123e-14 -1.0
  outer loop
    vertex -4.957224306869063 0.6526309611000858 4.100000000000376
    vertex -4.957224306869152 -0.652630961100489 4.100000000000398
    vertex -4.999999999999946 -1.7906787164179148e-13 4.100000000000387
  endloop
endfacet
facet normal -1.1180464690448511e-15 -1.5474798300091123e-14 -1.0
  outer loop
    vertex -4.957224306869152 -0.652630961100489 4.100000000000398
    vertex -4.957224306869063 0.6526309611000858 4.100000000000376
    vertex -4.829629131445281 -1.2940952255127591 4.100000000000398
  endloop
endfacet
facet normal -1.1180464690448511e-15 -1.5474798300091123e-14 -1.0
  outer loop
    vertex -4.829629131445281 -1.2940952255127591 4.100000000000398
    vertex -4.957224306869063 0.6526309611000858 4.100000000000376
    vertex -4.829629131445191 1.294095225512446 4.100000000000365
  endloop
endfacet
facet normal -1.1180464690448511e-15 -1.5474798300091123e-14 -1.0
  outer loop
    vertex -4.829629131445281 -1.2940952255127591 4.100000000000398
    vertex -4.829629131445191 1.294095225512446 4.100000000000365
    vertex -4.6193976625561906 -1.913417161825594 4.1000000000004215
  endloop
endfacet
facet normal -1.1180464690448511e-15 -1.5474798300091123e-14 -1.0
  outer loop
    vertex -4.6193976625561906 -1.913417161825594 4.1000000000004215
    vertex -4.829629131445191 1.294095225512446 4.100000000000365
    vertex -4.619397662556236 1.9134171618251907 4.100000000000353
  endloop
endfacet
facet normal -1.1180464690448511e-15 -1.5474798300091123e-14 -1.0
  outer loop
    vertex -4.6193976625561906 -1.913417161825594 4.1000000000004215
    vertex -4.619397662556236 1.9134171618251907 4.100000000000353
    vertex -4.330127018922168 2.4999999999998375 4.1000000000003425
  endloop
endfacet
facet normal -1.1180464690448511e-15 -1.5474798300091123e-14 -1.0
  outer loop
    vertex -4.6193976625561906 -1.913417161825594 4.1000000000004215
    vertex -4.330127018922168 2.4999999999998375 4.1000000000003425
    vertex -4.330127018922213 -2.500000000000152 4.1000000000004215
  endloop
endfacet
facet normal -1.1180464690448511e-15 -1.5474798300091123e-14 -1.0
  outer loop
    vertex -4.330127018922213 -2.500000000000152 4.1000000000004215
    vertex -4.330127018922168 2.4999999999998375 4.1000000000003425
    vertex -3.966766701455926 -3.0438071450437816 4.100000000000432
  endloop
endfacet
facet normal -1.1180464690448511e-15 -1.5474798300091123e-14 -1.0
  outer loop
    vertex -3.966766701455926 -3.0438071450437816 4.100000000000432
    vertex -4.330127018922168 2.4999999999998375 4.1000000000003425
    vertex -3.966766701456016 3.043807145043377 4.100000000000331
  endloop
endfacet
facet normal -1.1180464690448511e-15 -1.5474798300091123e-14 -1.0
  outer loop
    vertex -3.966766701455926 -3.0438071450437816 4.100000000000432
    vertex -3.966766701456016 3.043807145043377 4.100000000000331
    vertex -3.5355339059327915 3.535533905932566 4.100000000000331
  endloop
endfacet
facet normal -1.1180464690448511e-15 -1.5474798300091123e-14 -1.0
  outer loop
    vertex -3.966766701455926 -3.0438071450437816 4.100000000000432
    vertex -3.5355339059327915 3.535533905932566 4.100000000000331
    vertex -3.5355339059327466 -3.5355339059329256 4.100000000000444
  endloop
endfacet
facet normal -1.1180464690448511e-15 -1.5474798300091123e-14 -1.0
  outer loop
    vertex -3.5355339059327466 -3.5355339059329256 4.100000000000444
    vertex -3.5355339059327915 3.535533905932566 4.100000000000331
    vertex -3.5099999999999993 1.5509815654013436e-14 4.100000000000434
  endloop
endfacet
facet normal -1.1180464690448511e-15 -1.5474798300091123e-14 -1.0
  outer loop
    vertex -3.5099999999999993 1.5509815654013436e-14 4.100000000000434
    vertex -3.5355339059327915 3.535533905932566 4.100000000000331
    vertex -3.479971463422075 0.45814693469239687 4.100000000000434
  endloop
endfacet
facet normal -1.1180464690448511e-15 -1.5474798300091123e-14 -1.0
  outer loop
    vertex -3.479971463422075 0.45814693469239687 4.100000000000434
    vertex -3.5355339059327915 3.535533905932566 4.100000000000331
    vertex -3.0438071450436026 3.966766701455971 4.100000000000331
  endloop
endfacet
facet normal -1.1180464690448511e-15 -1.5474798300091123e-14 -1.0
  outer loop
    vertex -3.479971463422075 0.45814693469239687 4.100000000000434
    vertex -3.0438071450436026 3.966766701455971 4.100000000000331
    vertex -3.3903996502746296 0.9084548483098592 4.100000000000434
  endloop
endfacet
facet normal -1.1180464690448511e-15 -1.5474798300091123e-14 -1.0
  outer loop
    vertex -3.3903996502746296 0.9084548483098592 4.100000000000434
    vertex -3.0438071450436026 3.966766701455971 4.100000000000331
    vertex -3.242817159114616 1.343218847601476 4.100000000000434
  endloop
endfacet
facet normal -1.1180464690448511e-15 -1.5474798300091123e-14 -1.0
  outer loop
    vertex -3.242817159114616 1.343218847601476 4.100000000000434
    vertex -3.0438071450436026 3.966766701455971 4.100000000000331
    vertex -3.03974916728338 1.7550000000000048 4.100000000000434
  endloop
endfacet
facet normal -1.1180464690448511e-15 -1.5474798300091123e-14 -1.0
  outer loop
    vertex -3.03974916728338 1.7550000000000048 4.100000000000434
    vertex -3.0438071450436026 3.966766701455971 4.100000000000331
    vertex -2.4999999999998375 4.330127018921988 4.100000000000309
  endloop
endfacet
facet normal -1.1180464690448511e-15 -1.5474798300091123e-14 -1.0
  outer loop
    vertex -3.03974916728338 1.7550000000000048 4.100000000000434
    vertex -2.4999999999998375 4.330127018921988 4.100000000000309
    vertex -2.7846702244222374 2.1367526158206145 4.100000000000434
  endloop
endfacet
facet normal -1.1180464690448511e-15 -1.5474798300091123e-14 -1.0
  outer loop
    vertex -2.7846702244222374 2.1367526158206145 4.100000000000434
    vertex -2.4999999999998375 4.330127018921988 4.100000000000309
    vertex -2.4819448019647816 2.4819448019647887 4.100000000000434
  endloop
endfacet
facet normal -1.1180464690448511e-15 -1.5474798300091123e-14 -1.0
  outer loop
    vertex -2.4819448019647816 2.4819448019647887 4.100000000000434
    vertex -2.4999999999998375 4.330127018921988 4.100000000000309
    vertex -1.9134171618253246 4.619397662556281 4.100000000000309
  endloop
endfacet
facet normal -1.1180464690448511e-15 -1.5474798300091123e-14 -1.0
  outer loop
    vertex -2.4819448019647816 2.4819448019647887 4.100000000000434
    vertex -1.9134171618253246 4.619397662556281 4.100000000000309
    vertex -2.13675261582061 2.784670224422243 4.100000000000434
  endloop
endfacet
facet normal -1.1180464690448511e-15 -1.5474798300091123e-14 -1.0
  outer loop
    vertex -2.13675261582061 2.784670224422243 4.100000000000434
    vertex -1.9134171618253246 4.619397662556281 4.100000000000309
    vertex -1.755000000000002 3.0397491672833845 4.100000000000434
  endloop
endfacet
facet normal -1.1180464690448511e-15 -1.5474798300091123e-14 -1.0
  outer loop
    vertex -1.755000000000002 3.0397491672833845 4.100000000000434
    vertex -1.9134171618253246 4.619397662556281 4.100000000000309
    vertex -1.294095225512625 4.829629131445191 4.100000000000309
  endloop
endfacet
facet normal -1.1180464690448511e-15 -1.5474798300091123e-14 -1.0
  outer loop
    vertex -1.755000000000002 3.0397491672833845 4.100000000000434
    vertex -1.294095225512625 4.829629131445191 4.100000000000309
    vertex -1.3432188476014675 3.242817159114616 4.100000000000434
  endloop
endfacet
facet normal -1.1180464690448511e-15 -1.5474798300091123e-14 -1.0
  outer loop
    vertex -1.3432188476014675 3.242817159114616 4.100000000000434
    vertex -1.294095225512625 4.829629131445191 4.100000000000309
    vertex -0.9084548483098508 3.3903996502746296 4.100000000000434
  endloop
endfacet
facet normal -1.1180464690448511e-15 -1.5474798300091123e-14 -1.0
  outer loop
    vertex -0.9084548483098508 3.3903996502746296 4.100000000000434
    vertex -1.294095225512625 4.829629131445191 4.100000000000309
    vertex -0.6526309611001295 4.957224306868927 4.100000000000309
  endloop
endfacet
facet normal -1.1180464690448511e-15 -1.5474798300091123e-14 -1.0
  outer loop
    vertex -0.9084548483098508 3.3903996502746296 4.100000000000434
    vertex -0.6526309611001295 4.957224306868927 4.100000000000309
    vertex -0.45814693469237994 3.479971463422075 4.100000000000434
  endloop
endfacet
facet normal -1.1180464690448511e-15 -1.5474798300091123e-14 -1.0
  outer loop
    vertex -0.45814693469237994 3.479971463422075 4.100000000000434
    vertex -0.6526309611001295 4.957224306868927 4.100000000000309
    vertex 0.0 4.9999999999997655 4.100000000000309
  endloop
endfacet
facet normal -1.1180464690448511e-15 -1.5474798300091123e-14 -1.0
  outer loop
    vertex -0.45814693469237994 3.479971463422075 4.100000000000434
    vertex 0.0 4.9999999999997655 4.100000000000309
    vertex 5.639932965095795e-15 3.510000000000001 4.100000000000434
  endloop
endfacet
facet normal -1.1180464690448511e-15 -1.5474798300091123e-14 -1.0
  outer loop
    vertex 5.639932965095795e-15 3.510000000000001 4.100000000000434
    vertex 0.0 4.9999999999997655 4.100000000000309
    vertex 0.6526309611003099 4.957224306868882 4.100000000000309
  endloop
endfacet
facet normal -1.1180464690448511e-15 -1.5474798300091123e-14 -1.0
  outer loop
    vertex 5.639932965095795e-15 3.510000000000001 4.100000000000434
    vertex 0.6526309611003099 4.957224306868882 4.100000000000309
    vertex 0.4581469346923842 3.479971463422075 4.100000000000434
  endloop
endfacet
facet normal -1.1180464690448511e-15 -1.5474798300091123e-14 -1.0
  outer loop
    vertex 0.4581469346923842 3.479971463422075 4.100000000000434
    vertex 0.6526309611003099 4.957224306868882 4.100000000000309
    vertex 0.9084548483098466 3.3903996502746296 4.100000000000434
  endloop
endfacet
facet normal -1.1180464690448511e-15 -1.5474798300091123e-14 -1.0
  outer loop
    vertex 0.9084548483098466 3.3903996502746296 4.100000000000434
    vertex 0.6526309611003099 4.957224306868882 4.100000000000309
    vertex 1.2940952255126703 4.829629131445236 4.100000000000309
  endloop
endfacet
facet normal -1.1180464690448511e-15 -1.5474798300091123e-14 -1.0
  outer loop
    vertex 0.9084548483098466 3.3903996502746296 4.100000000000434
    vertex 1.2940952255126703 4.829629131445236 4.100000000000309
    vertex 1.3432188476014646 3.242817159114616 4.100000000000434
  endloop
endfacet
facet normal -1.1180464690448511e-15 -1.5474798300091123e-14 -1.0
  outer loop
    vertex 1.3432188476014646 3.242817159114616 4.100000000000434
    vertex 1.2940952255126703 4.829629131445236 4.100000000000309
    vertex 1.91341716182537 4.619397662556236 4.100000000000309
  endloop
endfacet
facet normal -1.1180464690448511e-15 -1.5474798300091123e-14 -1.0
  outer loop
    vertex 1.3432188476014646 3.242817159114616 4.100000000000434
    vertex 1.91341716182537 4.619397662556236 4.100000000000309
    vertex 1.754999999999999 3.039749167283387 4.100000000000434
  endloop
endfacet
facet normal -1.1180464690448511e-15 -1.5474798300091123e-14 -1.0
  outer loop
    vertex 1.754999999999999 3.039749167283387 4.100000000000434
    vertex 1.91341716182537 4.619397662556236 4.100000000000309
    vertex 2.13675261582061 2.784670224422243 4.100000000000434
  endloop
endfacet
facet normal -1.1180464690448511e-15 -1.5474798300091123e-14 -1.0
  outer loop
    vertex 2.13675261582061 2.784670224422243 4.100000000000434
    vertex 1.91341716182537 4.619397662556236 4.100000000000309
    vertex 2.5000000000001084 4.330127018921988 4.100000000000309
  endloop
endfacet
facet normal -1.1180464690448511e-15 -1.5474798300091123e-14 -1.0
  outer loop
    vertex 2.13675261582061 2.784670224422243 4.100000000000434
    vertex 2.5000000000001084 4.330127018921988 4.100000000000309
    vertex 2.481944801964783 2.4819448019647887 4.100000000000434
  endloop
endfacet
facet normal -1.1180464690448511e-15 -1.5474798300091123e-14 -1.0
  outer loop
    vertex 2.481944801964783 2.4819448019647887 4.100000000000434
    vertex 2.5000000000001084 4.330127018921988 4.100000000000309
    vertex 2.7846702244222348 2.136752615820617 4.100000000000434
  endloop
endfacet
facet normal -1.1180464690448511e-15 -1.5474798300091123e-14 -1.0
  outer loop
    vertex 2.7846702244222348 2.136752615820617 4.100000000000434
    vertex 2.5000000000001084 4.330127018921988 4.100000000000309
    vertex 3.0438071450436475 3.966766701456016 4.100000000000309
  endloop
endfacet
facet normal -1.1180464690448511e-15 -1.5474798300091123e-14 -1.0
  outer loop
    vertex 2.7846702244222348 2.136752615820617 4.100000000000434
    vertex 3.0438071450436475 3.966766701456016 4.100000000000309
    vertex 3.0397491672833787 1.7550000000000074 4.100000000000434
  endloop
endfacet
facet normal -1.1180464690448511e-15 -1.5474798300091123e-14 -1.0
  outer loop
    vertex 3.0397491672833787 1.7550000000000074 4.100000000000434
    vertex 3.0438071450436475 3.966766701456016 4.100000000000309
    vertex 3.242817159114616 1.3432188476014773 4.100000000000434
  endloop
endfacet
facet normal -1.1180464690448511e-15 -1.5474798300091123e-14 -1.0
  outer loop
    vertex 3.242817159114616 1.3432188476014773 4.100000000000434
    vertex 3.0438071450436475 3.966766701456016 4.100000000000309
    vertex 3.5355339059327013 3.535533905932521 4.100000000000319
  endloop
endfacet
facet normal -1.1180464690448511e-15 -1.5474798300091123e-14 -1.0
  outer loop
    vertex 3.242817159114616 1.3432188476014773 4.100000000000434
    vertex 3.5355339059327013 3.535533905932521 4.100000000000319
    vertex 3.3903996502746296 0.9084548483098607 4.100000000000434
  endloop
endfacet
facet normal -1.1180464690448511e-15 -1.5474798300091123e-14 -1.0
  outer loop
    vertex 3.3903996502746296 0.9084548483098607 4.100000000000434
    vertex 3.5355339059327013 3.535533905932521 4.100000000000319
    vertex 3.479971463422075 0.4581469346923983 4.100000000000434
  endloop
endfacet
facet normal -1.1180464690448511e-15 -1.5474798300091123e-14 -1.0
  outer loop
    vertex 3.479971463422075 0.4581469346923983 4.100000000000434
    vertex 3.5355339059327013 3.535533905932521 4.100000000000319
    vertex 3.510000000000001 1.5509815654013436e-14 4.100000000000434
  endloop
endfacet
facet normal -1.1180464690448511e-15 -1.5474798300091123e-14 -1.0
  outer loop
    vertex 3.510000000000001 1.5509815654013436e-14 4.100000000000434
    vertex 3.5355339059327013 3.535533905932521 4.100000000000319
    vertex 3.535533905932656 -3.5355339059328355 4.100000000000432
  endloop
endfacet
facet normal -1.1180464690448511e-15 -1.5474798300091123e-14 -1.0
  outer loop
    vertex 3.535533905932656 -3.5355339059328355 4.100000000000432
    vertex 3.5355339059327013 3.535533905932521 4.100000000000319
    vertex 3.9667667014562866 -3.043807145043646 4.1000000000004215
  endloop
endfacet
facet normal -1.1180464690448511e-15 -1.5474798300091123e-14 -1.0
  outer loop
    vertex 3.9667667014562866 -3.043807145043646 4.1000000000004215
    vertex 3.5355339059327013 3.535533905932521 4.100000000000319
    vertex 3.9667667014562866 3.043807145043422 4.100000000000331
  endloop
endfacet
facet normal -1.1180464690448511e-15 -1.5474798300091123e-14 -1.0
  outer loop
    vertex 3.9667667014562866 -3.043807145043646 4.1000000000004215
    vertex 3.9667667014562866 3.043807145043422 4.100000000000331
    vertex 4.330127018922123 2.4999999999998828 4.100000000000331
  endloop
endfacet
facet normal -1.1180464690448511e-15 -1.5474798300091123e-14 -1.0
  outer loop
    vertex 3.9667667014562866 -3.043807145043646 4.1000000000004215
    vertex 4.330127018922123 2.4999999999998828 4.100000000000331
    vertex 4.330127018922077 -2.500000000000197 4.1000000000004215
  endloop
endfacet
facet normal -1.1180464690448511e-15 -1.5474798300091123e-14 -1.0
  outer loop
    vertex 4.330127018922077 -2.500000000000197 4.1000000000004215
    vertex 4.330127018922123 2.4999999999998828 4.100000000000331
    vertex 4.6193976625564614 -1.913417161825594 4.100000000000398
  endloop
endfacet
facet normal -1.1180464690448511e-15 -1.5474798300091123e-14 -1.0
  outer loop
    vertex 4.6193976625564614 -1.913417161825594 4.100000000000398
    vertex 4.330127018922123 2.4999999999998828 4.100000000000331
    vertex 4.619397662556552 1.9134171618251907 4.1000000000003425
  endloop
endfacet
facet normal -1.1180464690448511e-15 -1.5474798300091123e-14 -1.0
  outer loop
    vertex 4.6193976625564614 -1.913417161825594 4.100000000000398
    vertex 4.619397662556552 1.9134171618251907 4.1000000000003425
    vertex 4.829629131445326 -1.2940952255127591 4.100000000000398
  endloop
endfacet
facet normal -1.1180464690448511e-15 -1.5474798300091123e-14 -1.0
  outer loop
    vertex 4.829629131445326 -1.2940952255127591 4.100000000000398
    vertex 4.619397662556552 1.9134171618251907 4.1000000000003425
    vertex 4.829629131445326 1.2940952255124911 4.100000000000353
  endloop
endfacet
facet normal -1.1180464690448511e-15 -1.5474798300091123e-14 -1.0
  outer loop
    vertex 4.829629131445326 -1.2940952255127591 4.100000000000398
    vertex 4.829629131445326 1.2940952255124911 4.100000000000353
    vertex 4.957224306869108 0.6526309611000858 4.100000000000365
  endloop
endfacet
facet normal -1.1180464690448511e-15 -1.5474798300091123e-14 -1.0
  outer loop
    vertex 4.829629131445326 -1.2940952255127591 4.100000000000398
    vertex 4.957224306869108 0.6526309611000858 4.100000000000365
    vertex 4.957224306869152 -0.6526309611003988 4.100000000000387
  endloop
endfacet
facet normal -1.1180464690448511e-15 -1.5474798300091123e-14 -1.0
  outer loop
    vertex 4.957224306869152 -0.6526309611003988 4.100000000000387
    vertex 4.957224306869108 0.6526309611000858 4.100000000000365
    vertex 4.999999999999991 -1.7906787164179148e-13 4.100000000000376
  endloop
endfacet
facet normal -1.1180464690448511e-15 -1.5474798300091123e-14 -1.0
  outer loop
    vertex -3.5355339059327466 -3.5355339059329256 4.100000000000444
    vertex -3.479971463422073 -0.4581469346923673 4.100000000000434
    vertex -3.0438071450436928 -3.9667667014563306 4.100000000000444
  endloop
endfacet
facet normal -1.1180464690448511e-15 -1.5474798300091123e-14 -1.0
  outer loop
    vertex -3.479971463422073 -0.4581469346923673 4.100000000000434
    vertex -3.5355339059327466 -3.5355339059329256 4.100000000000444
    vertex -3.5099999999999993 1.5509815654013436e-14 4.100000000000434
  endloop
endfacet
facet normal -1.1180464690448511e-15 -1.5474798300091123e-14 -1.0
  outer loop
    vertex -3.0438071450436928 -3.9667667014563306 4.100000000000444
    vertex -3.479971463422073 -0.4581469346923673 4.100000000000434
    vertex -3.3903996502746283 -0.9084548483098381 4.100000000000428
  endloop
endfacet
facet normal -1.1180464690448511e-15 -1.5474798300091123e-14 -1.0
  outer loop
    vertex -3.0438071450436928 -3.9667667014563306 4.100000000000444
    vertex -3.3903996502746283 -0.9084548483098381 4.100000000000428
    vertex -3.242817159114616 -1.3432188476014548 4.100000000000428
  endloop
endfacet
facet normal -1.1180464690448511e-15 -1.5474798300091123e-14 -1.0
  outer loop
    vertex -3.0438071450436928 -3.9667667014563306 4.100000000000444
    vertex -3.242817159114616 -1.3432188476014548 4.100000000000428
    vertex -3.0397491672833787 -1.7549999999999935 4.100000000000428
  endloop
endfacet
facet normal -1.1180464690448511e-15 -1.5474798300091123e-14 -1.0
  outer loop
    vertex -3.0438071450436928 -3.9667667014563306 4.100000000000444
    vertex -3.0397491672833787 -1.7549999999999935 4.100000000000428
    vertex -2.4999999999998375 -4.330127018922346 4.100000000000455
  endloop
endfacet
facet normal -1.1180464690448511e-15 -1.5474798300091123e-14 -1.0
  outer loop
    vertex -2.4999999999998375 -4.330127018922346 4.100000000000455
    vertex -3.0397491672833787 -1.7549999999999935 4.100000000000428
    vertex -2.7846702244222348 -2.1367526158206016 4.100000000000428
  endloop
endfacet
facet normal -1.1180464690448511e-15 -1.5474798300091123e-14 -1.0
  outer loop
    vertex -2.4999999999998375 -4.330127018922346 4.100000000000455
    vertex -2.7846702244222348 -2.1367526158206016 4.100000000000428
    vertex -2.4819448019647803 -2.4819448019647745 4.100000000000428
  endloop
endfacet
facet normal -1.1180464690448511e-15 -1.5474798300091123e-14 -1.0
  outer loop
    vertex -2.4999999999998375 -4.330127018922346 4.100000000000455
    vertex -2.4819448019647803 -2.4819448019647745 4.100000000000428
    vertex -1.9134171618252345 -4.619397662556596 4.100000000000455
  endloop
endfacet
facet normal -1.1180464690448511e-15 -1.5474798300091123e-14 -1.0
  outer loop
    vertex -1.9134171618252345 -4.619397662556596 4.100000000000455
    vertex -2.4819448019647803 -2.4819448019647745 4.100000000000428
    vertex -2.1367526158206074 -2.7846702244222277 4.100000000000428
  endloop
endfacet
facet normal -1.1180464690448511e-15 -1.5474798300091123e-14 -1.0
  outer loop
    vertex -1.9134171618252345 -4.619397662556596 4.100000000000455
    vertex -2.1367526158206074 -2.7846702244222277 4.100000000000428
    vertex -1.754999999999999 -3.0397491672833716 4.100000000000428
  endloop
endfacet
facet normal -1.1180464690448511e-15 -1.5474798300091123e-14 -1.0
  outer loop
    vertex -1.9134171618252345 -4.619397662556596 4.100000000000455
    vertex -1.754999999999999 -3.0397491672833716 4.100000000000428
    vertex -1.294095225512625 -4.8296291314454605 4.100000000000455
  endloop
endfacet
facet normal -1.1180464690448511e-15 -1.5474798300091123e-14 -1.0
  outer loop
    vertex -1.294095225512625 -4.8296291314454605 4.100000000000455
    vertex -1.754999999999999 -3.0397491672833716 4.100000000000428
    vertex -1.3432188476014633 -3.242817159114616 4.100000000000428
  endloop
endfacet
facet normal -1.1180464690448511e-15 -1.5474798300091123e-14 -1.0
  outer loop
    vertex -1.294095225512625 -4.8296291314454605 4.100000000000455
    vertex -1.3432188476014633 -3.242817159114616 4.100000000000428
    vertex -0.9084548483098466 -3.3903996502746283 4.100000000000428
  endloop
endfacet
facet normal -1.1180464690448511e-15 -1.5474798300091123e-14 -1.0
  outer loop
    vertex -1.294095225512625 -4.8296291314454605 4.100000000000455
    vertex -0.9084548483098466 -3.3903996502746283 4.100000000000428
    vertex -0.6526309611002197 -4.9572243068691515 4.100000000000455
  endloop
endfacet
facet normal -1.1180464690448511e-15 -1.5474798300091123e-14 -1.0
  outer loop
    vertex -0.6526309611002197 -4.9572243068691515 4.100000000000455
    vertex -0.9084548483098466 -3.3903996502746283 4.100000000000428
    vertex -0.4581469346923757 -3.4799714634220718 4.100000000000428
  endloop
endfacet
facet normal -1.1180464690448511e-15 -1.5474798300091123e-14 -1.0
  outer loop
    vertex -0.6526309611002197 -4.9572243068691515 4.100000000000455
    vertex -0.4581469346923757 -3.4799714634220718 4.100000000000428
    vertex 9.023892744153272e-14 -5.000000000000124 4.100000000000455
  endloop
endfacet
facet normal -1.1180464690448511e-15 -1.5474798300091123e-14 -1.0
  outer loop
    vertex 9.023892744153272e-14 -5.000000000000124 4.100000000000455
    vertex -0.4581469346923757 -3.4799714634220718 4.100000000000428
    vertex 5.639932965095795e-15 -3.509999999999998 4.100000000000428
  endloop
endfacet
facet normal -1.1180464690448511e-15 -1.5474798300091123e-14 -1.0
  outer loop
    vertex 9.023892744153272e-14 -5.000000000000124 4.100000000000455
    vertex 5.639932965095795e-15 -3.509999999999998 4.100000000000428
    vertex 0.458146934692387 -3.4799714634220718 4.100000000000428
  endloop
endfacet
facet normal -1.1180464690448511e-15 -1.5474798300091123e-14 -1.0
  outer loop
    vertex 9.023892744153272e-14 -5.000000000000124 4.100000000000455
    vertex 0.458146934692387 -3.4799714634220718 4.100000000000428
    vertex 0.6526309611003551 -4.957224306869197 4.100000000000455
  endloop
endfacet
facet normal -1.1180464690448511e-15 -1.5474798300091123e-14 -1.0
  outer loop
    vertex 0.6526309611003551 -4.957224306869197 4.100000000000455
    vertex 0.458146934692387 -3.4799714634220718 4.100000000000428
    vertex 0.9084548483098493 -3.390399650274627 4.100000000000428
  endloop
endfacet
facet normal -1.1180464690448511e-15 -1.5474798300091123e-14 -1.0
  outer loop
    vertex 0.6526309611003551 -4.957224306869197 4.100000000000455
    vertex 0.9084548483098493 -3.390399650274627 4.100000000000428
    vertex 1.2940952255126703 -4.82962913144537 4.100000000000455
  endloop
endfacet
facet normal -1.1180464690448511e-15 -1.5474798300091123e-14 -1.0
  outer loop
    vertex 1.2940952255126703 -4.82962913144537 4.100000000000455
    vertex 0.9084548483098493 -3.390399650274627 4.100000000000428
    vertex 1.3432188476014646 -3.242817159114615 4.100000000000428
  endloop
endfacet
facet normal -1.1180464690448511e-15 -1.5474798300091123e-14 -1.0
  outer loop
    vertex 1.2940952255126703 -4.82962913144537 4.100000000000455
    vertex 1.3432188476014646 -3.242817159114615 4.100000000000428
    vertex 1.91341716182546 -4.61939766255655 4.100000000000444
  endloop
endfacet
facet normal -1.1180464690448511e-15 -1.5474798300091123e-14 -1.0
  outer loop
    vertex 1.91341716182546 -4.61939766255655 4.100000000000444
    vertex 1.3432188476014646 -3.242817159114615 4.100000000000428
    vertex 1.755000000000002 -3.0397491672833703 4.100000000000428
  endloop
endfacet
facet normal -1.1180464690448511e-15 -1.5474798300091123e-14 -1.0
  outer loop
    vertex 1.91341716182546 -4.61939766255655 4.100000000000444
    vertex 1.755000000000002 -3.0397491672833703 4.100000000000428
    vertex 2.13675261582061 -2.7846702244222263 4.100000000000428
  endloop
endfacet
facet normal -1.1180464690448511e-15 -1.5474798300091123e-14 -1.0
  outer loop
    vertex 1.91341716182546 -4.61939766255655 4.100000000000444
    vertex 2.13675261582061 -2.7846702244222263 4.100000000000428
    vertex 2.5000000000001084 -4.330127018922437 4.100000000000444
  endloop
endfacet
facet normal -1.1180464690448511e-15 -1.5474798300091123e-14 -1.0
  outer loop
    vertex 2.5000000000001084 -4.330127018922437 4.100000000000444
    vertex 2.13675261582061 -2.7846702244222263 4.100000000000428
    vertex 2.481944801964783 -2.481944801964773 4.100000000000434
  endloop
endfacet
facet normal -1.1180464690448511e-15 -1.5474798300091123e-14 -1.0
  outer loop
    vertex 2.5000000000001084 -4.330127018922437 4.100000000000444
    vertex 2.481944801964783 -2.481944801964773 4.100000000000434
    vertex 2.7846702244222348 -2.1367526158206003 4.100000000000434
  endloop
endfacet
facet normal -1.1180464690448511e-15 -1.5474798300091123e-14 -1.0
  outer loop
    vertex 2.5000000000001084 -4.330127018922437 4.100000000000444
    vertex 2.7846702244222348 -2.1367526158206003 4.100000000000434
    vertex 3.0438071450436928 -3.9667667014562853 4.100000000000444
  endloop
endfacet
facet normal -1.1180464690448511e-15 -1.5474798300091123e-14 -1.0
  outer loop
    vertex 3.0438071450436928 -3.9667667014562853 4.100000000000444
    vertex 2.7846702244222348 -2.1367526158206003 4.100000000000434
    vertex 3.0397491672833787 -1.7549999999999906 4.100000000000434
  endloop
endfacet
facet normal -1.1180464690448511e-15 -1.5474798300091123e-14 -1.0
  outer loop
    vertex 3.0438071450436928 -3.9667667014562853 4.100000000000444
    vertex 3.0397491672833787 -1.7549999999999906 4.100000000000434
    vertex 3.242817159114616 -1.3432188476014506 4.100000000000434
  endloop
endfacet
facet normal -1.1180464690448511e-15 -1.5474798300091123e-14 -1.0
  outer loop
    vertex 3.0438071450436928 -3.9667667014562853 4.100000000000444
    vertex 3.242817159114616 -1.3432188476014506 4.100000000000434
    vertex 3.535533905932656 -3.5355339059328355 4.100000000000432
  endloop
endfacet
facet normal -1.1180464690448511e-15 -1.5474798300091123e-14 -1.0
  outer loop
    vertex 3.535533905932656 -3.5355339059328355 4.100000000000432
    vertex 3.242817159114616 -1.3432188476014506 4.100000000000434
    vertex 3.3903996502746296 -0.9084548483098353 4.100000000000434
  endloop
endfacet
facet normal -1.1180464690448511e-15 -1.5474798300091123e-14 -1.0
  outer loop
    vertex 3.535533905932656 -3.5355339059328355 4.100000000000432
    vertex 3.3903996502746296 -0.9084548483098353 4.100000000000434
    vertex 3.479971463422075 -0.45814693469236445 4.100000000000434
  endloop
endfacet
facet normal -1.1180464690448511e-15 -1.5474798300091123e-14 -1.0
  outer loop
    vertex 3.535533905932656 -3.5355339059328355 4.100000000000432
    vertex 3.479971463422075 -0.45814693469236445 4.100000000000434
    vertex 3.510000000000001 1.5509815654013436e-14 4.100000000000434
  endloop
endfacet
facet normal -0.4176776456005818 0.9085952808404602 5.866438055815555e-18
  outer loop
    vertex 9.255561548168615 -4.19828155431525 4.286349053472804e-13
    vertex 10.485618760539948 -3.6328291342432095 4.50000000000042
    vertex 10.485618760539948 -3.6328291342432095 4.1735503941708883e-13
  endloop
endfacet
facet normal -0.4176776456005818 0.9085952808404602 5.866438055815555e-18
  outer loop
    vertex 10.485618760539948 -3.6328291342432095 4.50000000000042
    vertex 9.255561548168615 -4.19828155431525 4.286349053472804e-13
    vertex 9.255561548168615 -4.19828155431525 4.50000000000042
  endloop
endfacet
facet normal 0.906307787036634 0.42261826174073397 -8.906222459314059e-15
  outer loop
    vertex 19.599601249847787 -1.4843849609207054 3.7223557569632245e-13
    vertex 19.823825424032975 -1.965235254205783 25.000000000000007
    vertex 19.823825424032805 -1.9652352542058718 3.8351544162651403e-13
  endloop
endfacet
facet normal 0.906307787036634 0.42261826174073397 -8.906222459314059e-15
  outer loop
    vertex 19.823825424032975 -1.965235254205783 25.000000000000007
    vertex 19.599601249847787 -1.4843849609207054 3.7223557569632245e-13
    vertex 19.599601249847996 -1.484384960920563 25.000000000000007
  endloop
endfacet
facet normal -0.19509032201612195 0.9807852804032318 0.0
  outer loop
    vertex -1.294095225512625 4.829629131445191 4.500000000000307
    vertex -0.6526309611001295 4.957224306868927 4.100000000000309
    vertex -1.294095225512625 4.829629131445191 4.100000000000309
  endloop
endfacet
facet normal -0.19509032201612195 0.9807852804032318 0.0
  outer loop
    vertex -0.6526309611001295 4.957224306868927 4.100000000000309
    vertex -1.294095225512625 4.829629131445191 4.500000000000307
    vertex -0.6526309611001295 4.957224306868927 4.500000000000307
  endloop
endfacet
facet normal 0.8618665777883291 -0.5071350925457973 2.7689613474154634e-15
  outer loop
    vertex 9.595985782921664 8.484876698033872 4.500000000000245
    vertex 8.873289478779517 7.256667884274897 20.500000000000004
    vertex 8.873289478779549 7.256667884274728 4.500000000000263
  endloop
endfacet
facet normal 0.8618665777883291 -0.5071350925457973 2.7689613474154634e-15
  outer loop
    vertex 8.873289478779517 7.256667884274897 20.500000000000004
    vertex 9.595985782921664 8.484876698033872 4.500000000000245
    vertex 9.595985782921758 8.484876698033979 20.500000000000007
  endloop
endfacet
facet normal -0.32143946530316264 0.9469301294951055 3.817510310323261e-16
  outer loop
    vertex -1.9134171618254516 4.619397662556433 20.900000000000006
    vertex -1.2940952255126068 4.829629131445343 20.500000000000004
    vertex -1.9134171618254516 4.619397662556433 20.500000000000004
  endloop
endfacet
facet normal -0.32143946530316264 0.9469301294951055 3.817510310323261e-16
  outer loop
    vertex -1.2940952255126068 4.829629131445343 20.500000000000004
    vertex -1.9134171618254516 4.619397662556433 20.900000000000006
    vertex -1.2940952255126068 4.829629131445343 20.900000000000006
  endloop
endfacet
facet normal -0.8350336387929753 -0.5501988211341023 0.0002816146427630304
  outer loop
    vertex -12.57454168408159 18.042622251842555 15.180776196972184
    vertex -12.853452051393221 18.46295881048443 9.663014928091474
    vertex -12.57452124783753 18.042617004123155 9.356925223272986
  endloop
endfacet
facet normal -0.8350336387929753 -0.5501988211341023 0.0002816146427630304
  outer loop
    vertex -12.853452051393221 18.46295881048443 9.663014928091474
    vertex -12.57454168408159 18.042622251842555 15.180776196972184
    vertex -12.849489207821756 18.462957997037634 14.990939601462443
  endloop
endfacet
facet normal -0.1921354957106874 0.9813684075249257 -4.901464115301593e-19
  outer loop
    vertex 4.066342511759511 -5.704064173472691 4.500000000000465
    vertex 5.394920056816641 -5.4439509445850405 4.511946372076636e-13
    vertex 4.066342511759511 -5.704064173472691 4.511946372076636e-13
  endloop
endfacet
facet normal -0.1921354957106874 0.9813684075249257 -4.901464115301593e-19
  outer loop
    vertex 5.394920056816641 -5.4439509445850405 4.511946372076636e-13
    vertex 4.066342511759511 -5.704064173472691 4.500000000000465
    vertex 5.394920056816641 -5.4439509445850405 4.500000000000454
  endloop
endfacet
facet normal -0.99999556443616 -0.002943442733649006 0.00045525034819680346
  outer loop
    vertex -12.858377673260845 20.828232473775913 14.239770871856537
    vertex -12.853452051393221 18.46295881048443 9.663014928091474
    vertex -12.849489207821756 18.462957997037634 14.990939601462443
  endloop
endfacet
facet normal -0.99999556443616 -0.002943442733649006 0.00045525034819680346
  outer loop
    vertex -12.853452051393221 18.46295881048443 9.663014928091474
    vertex -12.858377673260845 20.828232473775913 14.239770871856537
    vertex -12.853228989541218 18.569855825410187 9.715336032300037
  endloop
endfacet
facet normal -0.99999556443616 -0.002943442733649006 0.00045525034819680346
  outer loop
    vertex -12.853228989541218 18.569855825410187 9.715336032300037
    vertex -12.858377673260845 20.828232473775913 14.239770871856537
    vertex -12.858570501849673 20.828534417071616 10.865209314536784
  endloop
endfacet
facet normal -0.99999556443616 -0.002943442733649006 0.00045525034819680346
  outer loop
    vertex -12.858570501849673 20.828534417071616 10.865209314536784
    vertex -12.858377673260845 20.828232473775913 14.239770871856537
    vertex -12.859105421860876 21.085012449268085 14.156942534606065
  endloop
endfacet
facet normal -0.99999556443616 -0.002943442733649006 0.00045525034819680346
  outer loop
    vertex -12.858570501849673 20.828534417071616 10.865209314536784
    vertex -12.859105421860876 21.085012449268085 14.156942534606065
    vertex -12.859105421860868 21.085012449268067 10.999999999999401
  endloop
endfacet
facet normal -0.25004356622761464 0.9682345867547681 4.76004664454083e-19
  outer loop
    vertex 5.394920056816641 -5.4439509445850405 4.500000000000454
    vertex 6.705717021999458 -5.105441711122118 4.511946372076636e-13
    vertex 5.394920056816641 -5.4439509445850405 4.511946372076636e-13
  endloop
endfacet
facet normal -0.25004356622761464 0.9682345867547681 4.76004664454083e-19
  outer loop
    vertex 6.705717021999458 -5.105441711122118 4.511946372076636e-13
    vertex 5.394920056816641 -5.4439509445850405 4.500000000000454
    vertex 6.705717021999458 -5.105441711122118 4.500000000000443
  endloop
endfacet
facet normal -0.1335499858165678 0.9910420784650845 4.2094370036723686e-16
  outer loop
    vertex 2.7246687411761554 -5.884864279669258 25.000000000000004
    vertex 4.0663425117594745 -5.7040641734725765 20.500000000000004
    vertex 2.7246687411761585 -5.884864279669253 20.500000000000004
  endloop
endfacet
facet normal -0.1335499858165678 0.9910420784650845 4.2094370036723686e-16
  outer loop
    vertex 4.0663425117594745 -5.7040641734725765 20.500000000000004
    vertex 2.7246687411761554 -5.884864279669258 25.000000000000004
    vertex 4.066342511759471 -5.704064173472581 25.000000000000004
  endloop
endfacet
facet normal -0.1921354957107214 0.981368407524919 4.022199082359946e-16
  outer loop
    vertex 4.066342511759471 -5.704064173472581 25.000000000000004
    vertex 5.394920056816447 -5.443950944584909 20.500000000000004
    vertex 4.0663425117594745 -5.7040641734725765 20.500000000000004
  endloop
endfacet
facet normal -0.1921354957107214 0.981368407524919 4.022199082359946e-16
  outer loop
    vertex 5.394920056816447 -5.443950944584909 20.500000000000004
    vertex 4.066342511759471 -5.704064173472581 25.000000000000004
    vertex 5.394920056816444 -5.4439509445849135 25.000000000000004
  endloop
endfacet
facet normal -0.6593458151000697 0.7518398074789768 2.0660216922148449e-16
  outer loop
    vertex -3.535533905932738 3.535533905932738 20.900000000000006
    vertex -3.043807145043604 3.966766701456177 20.500000000000004
    vertex -3.535533905932738 3.535533905932738 20.500000000000004
  endloop
endfacet
facet normal -0.6593458151000697 0.7518398074789768 2.0660216922148449e-16
  outer loop
    vertex -3.043807145043604 3.966766701456177 20.500000000000004
    vertex -3.535533905932738 3.535533905932738 20.900000000000006
    vertex -3.043807145043604 3.966766701456177 20.900000000000006
  endloop
endfacet
facet normal -0.06540312923014215 -0.9978589232386036 -4.987817589502099e-16
  outer loop
    vertex 2.8199664825478975e-15 -4.999999999999998 20.900000000000002
    vertex -0.652630961100255 -4.95722430686905 20.500000000000004
    vertex 2.8199664825478975e-15 -4.999999999999998 20.500000000000004
  endloop
endfacet
facet normal -0.06540312923014215 -0.9978589232386036 -4.987817589502099e-16
  outer loop
    vertex -0.652630961100255 -4.95722430686905 20.500000000000004
    vertex 2.8199664825478975e-15 -4.999999999999998 20.900000000000002
    vertex -0.6526309611002564 -4.95722430686905 20.900000000000002
  endloop
endfacet
facet normal -0.32143946530316136 -0.9469301294951057 -5.352587588059107e-16
  outer loop
    vertex -1.2940952255126013 -4.82962913144534 20.900000000000002
    vertex -1.9134171618254459 -4.619397662556432 20.500000000000004
    vertex -1.2940952255126013 -4.82962913144534 20.500000000000004
  endloop
endfacet
facet normal -0.32143946530316136 -0.9469301294951057 -5.352587588059107e-16
  outer loop
    vertex -1.9134171618254459 -4.619397662556432 20.500000000000004
    vertex -1.2940952255126013 -4.82962913144534 20.900000000000002
    vertex -1.9134171618254459 -4.619397662556432 20.900000000000002
  endloop
endfacet
facet normal -0.47086882710529426 0.8822032348957266 4.63670286336007e-18
  outer loop
    vertex 10.485618760539948 -3.6328291342432095 4.1735503941708883e-13
    vertex 11.679946394353946 -2.995366438722818 4.5000000000004095
    vertex 11.679946394353946 -2.995366438722818 4.0607517348689725e-13
  endloop
endfacet
facet normal -0.47086882710529426 0.8822032348957266 4.63670286336007e-18
  outer loop
    vertex 11.679946394353946 -2.995366438722818 4.5000000000004095
    vertex 10.485618760539948 -3.6328291342432095 4.1735503941708883e-13
    vertex 10.485618760539948 -3.6328291342432095 4.50000000000042
  endloop
endfacet
facet normal -0.9978589232386192 -0.06540312922990182 6.752710847867108e-18
  outer loop
    vertex -4.999999999999946 -1.8047785488306544e-13 4.500000000000386
    vertex -4.957224306869152 -0.652630961100489 4.100000000000398
    vertex -4.957224306869152 -0.6526309611004905 4.500000000000398
  endloop
endfacet
facet normal -0.9978589232386192 -0.06540312922990182 6.752710847867108e-18
  outer loop
    vertex -4.957224306869152 -0.652630961100489 4.100000000000398
    vertex -4.999999999999946 -1.8047785488306544e-13 4.500000000000386
    vertex -4.999999999999946 -1.7906787164179148e-13 4.100000000000387
  endloop
endfacet
facet normal -0.4176776456005744 0.9085952808404636 3.138767572417387e-16
  outer loop
    vertex 9.255561548168597 -4.19828155431511 25.000000000000004
    vertex 10.48561876053991 -3.6328291342430883 20.500000000000004
    vertex 9.2555615481686 -4.198281554315106 20.500000000000004
  endloop
endfacet
facet normal -0.4176776456005744 0.9085952808404636 3.138767572417387e-16
  outer loop
    vertex 10.48561876053991 -3.6328291342430883 20.500000000000004
    vertex 9.255561548168597 -4.19828155431511 25.000000000000004
    vertex 10.485618760539907 -3.6328291342430927 25.000000000000004
  endloop
endfacet
facet normal -0.3070700226672961 0.9516869239298743 -1.829414121977895e-18
  outer loop
    vertex 6.705717021999458 -5.105441711122118 4.511946372076636e-13
    vertex 7.994111744472967 -4.689730003115592 4.500000000000443
    vertex 7.994111744472967 -4.689730003115592 4.39914771277472e-13
  endloop
endfacet
facet normal -0.3070700226672961 0.9516869239298743 -1.829414121977895e-18
  outer loop
    vertex 7.994111744472967 -4.689730003115592 4.500000000000443
    vertex 6.705717021999458 -5.105441711122118 4.511946372076636e-13
    vertex 6.705717021999458 -5.105441711122118 4.500000000000443
  endloop
endfacet
facet normal 0.3214394653033565 0.9469301294950395 0.0
  outer loop
    vertex 1.2940952255126703 4.829629131445236 4.500000000000307
    vertex 1.91341716182537 4.619397662556236 4.100000000000309
    vertex 1.2940952255126703 4.829629131445236 4.100000000000309
  endloop
endfacet
facet normal 0.3214394653033565 0.9469301294950395 0.0
  outer loop
    vertex 1.91341716182537 4.619397662556236 4.100000000000309
    vertex 1.2940952255126703 4.829629131445236 4.500000000000307
    vertex 1.91341716182537 4.619397662556236 4.500000000000307
  endloop
endfacet
facet normal -0.8968727415326889 0.4422886902190001 -6.881189244336486e-31
  outer loop
    vertex -4.330127018922193 2.4999999999999982 20.900000000000006
    vertex -4.619397662556433 1.9134171618254487 20.500000000000004
    vertex -4.619397662556433 1.9134171618254474 20.900000000000006
  endloop
endfacet
facet normal -0.8968727415326889 0.4422886902190001 -6.881189244336486e-31
  outer loop
    vertex -4.619397662556433 1.9134171618254487 20.500000000000004
    vertex -4.330127018922193 2.4999999999999982 20.900000000000006
    vertex -4.330127018922193 2.4999999999999982 20.500000000000004
  endloop
endfacet
facet normal 0.7518398074789777 0.6593458151000686 4.9878175895021e-16
  outer loop
    vertex 3.535533905932738 3.535533905932741 20.500000000000007
    vertex 3.966766701456177 3.0438071450436053 20.900000000000006
    vertex 3.966766701456177 3.0438071450436053 20.500000000000004
  endloop
endfacet
facet normal 0.7518398074789777 0.6593458151000686 4.9878175895021e-16
  outer loop
    vertex 3.966766701456177 3.0438071450436053 20.900000000000006
    vertex 3.535533905932738 3.535533905932741 20.500000000000007
    vertex 3.535533905932738 3.535533905932741 20.900000000000006
  endloop
endfacet
facet normal -0.6593458150999988 0.7518398074790389 -4.046190791216011e-20
  outer loop
    vertex -3.5355339059327915 3.535533905932566 4.50000000000033
    vertex -3.0438071450436026 3.966766701455971 4.100000000000331
    vertex -3.5355339059327915 3.535533905932566 4.100000000000331
  endloop
endfacet
facet normal -0.6593458150999988 0.7518398074790389 -4.046190791216011e-20
  outer loop
    vertex -3.0438071450436026 3.966766701455971 4.100000000000331
    vertex -3.5355339059327915 3.535533905932566 4.50000000000033
    vertex -3.0438071450436026 3.966766701455971 4.500000000000319
  endloop
endfacet
facet normal -0.555570233019423 -0.8314696123026651 3.086560104647639e-17
  outer loop
    vertex -2.4999999999998375 -4.330127018922346 4.100000000000455
    vertex -3.0438071450436928 -3.966766701456332 4.500000000000443
    vertex -3.0438071450436928 -3.9667667014563306 4.100000000000444
  endloop
endfacet
facet normal -0.555570233019423 -0.8314696123026651 3.086560104647639e-17
  outer loop
    vertex -3.0438071450436928 -3.966766701456332 4.500000000000443
    vertex -2.4999999999998375 -4.330127018922346 4.100000000000455
    vertex -2.4999999999998375 -4.330127018922348 4.500000000000454
  endloop
endfacet
facet normal 0.9807852804032305 0.19509032201612833 3.2865658958442573e-16
  outer loop
    vertex 4.829629131445343 1.2940952255126068 20.500000000000004
    vertex 4.957224306869054 0.6526309611002606 20.900000000000006
    vertex 4.957224306869054 0.6526309611002606 20.500000000000004
  endloop
endfacet
facet normal 0.9807852804032305 0.19509032201612833 3.2865658958442573e-16
  outer loop
    vertex 4.957224306869054 0.6526309611002606 20.900000000000006
    vertex 4.829629131445343 1.2940952255126068 20.500000000000004
    vertex 4.829629131445343 1.2940952255126068 20.900000000000006
  endloop
endfacet
facet normal -0.8314696123025446 -0.5555702330196032 -4.675476174052934e-16
  outer loop
    vertex -4.33012701892219 -2.500000000000001 20.900000000000002
    vertex -3.966766701456174 -3.0438071450436026 20.500000000000004
    vertex -3.966766701456174 -3.0438071450436026 20.900000000000002
  endloop
endfacet
facet normal -0.8314696123025446 -0.5555702330196032 -4.675476174052934e-16
  outer loop
    vertex -3.966766701456174 -3.0438071450436026 20.500000000000004
    vertex -4.33012701892219 -2.500000000000001 20.900000000000002
    vertex -4.33012701892219 -2.4999999999999996 20.500000000000004
  endloop
endfacet
facet normal 0.659345815100068 0.7518398074789782 5.214816063110597e-16
  outer loop
    vertex 3.0438071450436053 3.9667667014561796 20.900000000000006
    vertex 3.535533905932738 3.535533905932741 20.500000000000007
    vertex 3.0438071450436053 3.9667667014561796 20.500000000000007
  endloop
endfacet
facet normal 0.659345815100068 0.7518398074789782 5.214816063110597e-16
  outer loop
    vertex 3.535533905932738 3.535533905932741 20.500000000000007
    vertex 3.0438071450436053 3.9667667014561796 20.900000000000006
    vertex 3.535533905932738 3.535533905932741 20.900000000000006
  endloop
endfacet
facet normal -0.9978589232386036 -0.06540312923014387 -2.6993874276791445e-16
  outer loop
    vertex -4.999999999999999 1.4099832412739487e-15 20.900000000000002
    vertex -4.95722430686905 -0.6526309611002606 20.500000000000004
    vertex -4.95722430686905 -0.6526309611002606 20.900000000000002
  endloop
endfacet
facet normal -0.9978589232386036 -0.06540312923014387 -2.6993874276791445e-16
  outer loop
    vertex -4.95722430686905 -0.6526309611002606 20.500000000000004
    vertex -4.999999999999999 1.4099832412739487e-15 20.900000000000002
    vertex -4.999999999999999 1.4099832412739487e-15 20.500000000000004
  endloop
endfacet
facet normal 0.9469301294951447 0.32143946530304723 1.8658982367680942e-17
  outer loop
    vertex 4.829629131445326 1.2940952255124911 4.100000000000353
    vertex 4.619397662556552 1.9134171618251894 4.500000000000341
    vertex 4.829629131445326 1.2940952255124898 4.500000000000353
  endloop
endfacet
facet normal 0.9469301294951447 0.32143946530304723 1.8658982367680942e-17
  outer loop
    vertex 4.619397662556552 1.9134171618251894 4.500000000000341
    vertex 4.829629131445326 1.2940952255124911 4.100000000000353
    vertex 4.619397662556552 1.9134171618251907 4.1000000000003425
  endloop
endfacet
facet normal -0.6593458151001014 -0.751839807478949 0.0
  outer loop
    vertex -3.0438071450436928 -3.966766701456332 4.500000000000443
    vertex -3.5355339059327466 -3.5355339059329256 4.100000000000444
    vertex -3.0438071450436928 -3.9667667014563306 4.100000000000444
  endloop
endfacet
facet normal -0.6593458151001014 -0.751839807478949 0.0
  outer loop
    vertex -3.5355339059327466 -3.5355339059329256 4.100000000000444
    vertex -3.0438071450436928 -3.966766701456332 4.500000000000443
    vertex -3.5355339059327466 -3.535533905932927 4.500000000000443
  endloop
endfacet
facet normal 0.5555702330196025 0.8314696123025451 5.352587588059107e-16
  outer loop
    vertex 2.500000000000001 4.330127018922195 20.900000000000006
    vertex 3.0438071450436053 3.9667667014561796 20.500000000000007
    vertex 2.500000000000001 4.330127018922195 20.500000000000007
  endloop
endfacet
facet normal 0.5555702330196025 0.8314696123025451 5.352587588059107e-16
  outer loop
    vertex 3.0438071450436053 3.9667667014561796 20.500000000000007
    vertex 2.500000000000001 4.330127018922195 20.900000000000006
    vertex 3.0438071450436053 3.9667667014561796 20.900000000000006
  endloop
endfacet
facet normal 0.06540312923003921 0.9978589232386103 0.0
  outer loop
    vertex 0.0 4.9999999999997655 4.500000000000307
    vertex 0.6526309611003099 4.957224306868882 4.100000000000309
    vertex 0.0 4.9999999999997655 4.100000000000309
  endloop
endfacet
facet normal 0.06540312923003921 0.9978589232386103 0.0
  outer loop
    vertex 0.6526309611003099 4.957224306868882 4.100000000000309
    vertex 0.0 4.9999999999997655 4.500000000000307
    vertex 0.6526309611003099 4.957224306868882 4.500000000000307
  endloop
endfacet
facet normal 0.1950903220161287 -0.9807852804032304 -4.283136064978823e-16
  outer loop
    vertex 1.2940952255126055 -4.829629131445339 20.900000000000002
    vertex 0.652630961100262 -4.95722430686905 20.500000000000004
    vertex 1.2940952255126055 -4.829629131445339 20.500000000000004
  endloop
endfacet
facet normal 0.1950903220161287 -0.9807852804032304 -4.283136064978823e-16
  outer loop
    vertex 0.652630961100262 -4.95722430686905 20.500000000000004
    vertex 1.2940952255126055 -4.829629131445339 20.900000000000002
    vertex 0.652630961100262 -4.95722430686905 20.900000000000002
  endloop
endfacet
facet normal 0.06540312923014316 0.9978589232386036 4.987817589502101e-16
  outer loop
    vertex 0.0 5.000000000000002 20.900000000000006
    vertex 0.6526309611002592 4.957224306869054 20.500000000000007
    vertex 0.0 5.000000000000002 20.500000000000004
  endloop
endfacet
facet normal 0.06540312923014316 0.9978589232386036 4.987817589502101e-16
  outer loop
    vertex 0.6526309611002592 4.957224306869054 20.500000000000007
    vertex 0.0 5.000000000000002 20.900000000000006
    vertex 0.6526309611002592 4.957224306869054 20.900000000000006
  endloop
endfacet
facet normal -0.5555702330196021 0.8314696123025456 2.699387427679144e-16
  outer loop
    vertex -3.043807145043604 3.966766701456177 20.900000000000006
    vertex -2.500000000000001 4.330127018922193 20.500000000000004
    vertex -3.043807145043604 3.966766701456177 20.500000000000004
  endloop
endfacet
facet normal -0.5555702330196021 0.8314696123025456 2.699387427679144e-16
  outer loop
    vertex -2.500000000000001 4.330127018922193 20.500000000000004
    vertex -3.043807145043604 3.966766701456177 20.900000000000006
    vertex -2.500000000000001 4.330127018922193 20.900000000000006
  endloop
endfacet
facet normal -0.9978589232386036 0.06540312923014216 -2.0660216922148528e-16
  outer loop
    vertex -4.957224306869051 0.6526309611002578 20.900000000000002
    vertex -4.999999999999999 1.4099832412739487e-15 20.500000000000004
    vertex -4.999999999999999 1.4099832412739487e-15 20.900000000000002
  endloop
endfacet
facet normal -0.9978589232386036 0.06540312923014216 -2.0660216922148528e-16
  outer loop
    vertex -4.999999999999999 1.4099832412739487e-15 20.500000000000004
    vertex -4.957224306869051 0.6526309611002578 20.900000000000002
    vertex -4.957224306869051 0.6526309611002578 20.500000000000004
  endloop
endfacet
facet normal -0.06540312922998853 0.9978589232386137 0.0
  outer loop
    vertex -0.6526309611001295 4.957224306868927 4.500000000000307
    vertex 0.0 4.9999999999997655 4.100000000000309
    vertex -0.6526309611001295 4.957224306868927 4.100000000000309
  endloop
endfacet
facet normal -0.06540312922998853 0.9978589232386137 0.0
  outer loop
    vertex 0.0 4.9999999999997655 4.100000000000309
    vertex -0.6526309611001295 4.957224306868927 4.500000000000307
    vertex 0.0 4.9999999999997655 4.500000000000307
  endloop
endfacet
facet normal -0.4422886902190001 -0.8968727415326889 0.0
  outer loop
    vertex -1.9134171618254459 -4.619397662556432 20.900000000000002
    vertex -2.4999999999999982 -4.330127018922193 20.500000000000004
    vertex -1.9134171618254459 -4.619397662556432 20.500000000000004
  endloop
endfacet
facet normal -0.4422886902190001 -0.8968727415326889 0.0
  outer loop
    vertex -2.4999999999999982 -4.330127018922193 20.500000000000004
    vertex -1.9134171618254459 -4.619397662556432 20.900000000000002
    vertex -2.4999999999999982 -4.330127018922193 20.900000000000002
  endloop
endfacet
facet normal -0.9807852804032305 0.19509032201612866 -1.397305752787328e-16
  outer loop
    vertex -4.829629131445341 1.294095225512604 20.900000000000002
    vertex -4.957224306869051 0.6526309611002578 20.500000000000004
    vertex -4.957224306869051 0.6526309611002578 20.900000000000002
  endloop
endfacet
facet normal -0.9807852804032305 0.19509032201612866 -1.397305752787328e-16
  outer loop
    vertex -4.957224306869051 0.6526309611002578 20.500000000000004
    vertex -4.829629131445341 1.294095225512604 20.900000000000002
    vertex -4.829629131445341 1.294095225512604 20.500000000000004
  endloop
endfacet
facet normal -0.5555702330196045 -0.8314696123025437 0.0
  outer loop
    vertex -2.4999999999999982 -4.330127018922193 20.900000000000002
    vertex -3.0438071450435995 -3.966766701456174 20.500000000000004
    vertex -2.4999999999999982 -4.330127018922193 20.500000000000004
  endloop
endfacet
facet normal -0.5555702330196045 -0.8314696123025437 0.0
  outer loop
    vertex -3.0438071450435995 -3.966766701456174 20.500000000000004
    vertex -2.4999999999999982 -4.330127018922193 20.900000000000002
    vertex -3.0438071450435995 -3.966766701456174 20.900000000000002
  endloop
endfacet
facet normal 0.5555702330197573 -0.8314696123024418 0.0
  outer loop
    vertex 3.0438071450436928 -3.9667667014562866 4.500000000000443
    vertex 2.5000000000001084 -4.330127018922437 4.100000000000444
    vertex 3.0438071450436928 -3.9667667014562853 4.100000000000444
  endloop
endfacet
facet normal 0.5555702330197573 -0.8314696123024418 0.0
  outer loop
    vertex 2.5000000000001084 -4.330127018922437 4.100000000000444
    vertex 3.0438071450436928 -3.9667667014562866 4.500000000000443
    vertex 2.5000000000001084 -4.330127018922439 4.500000000000443
  endloop
endfacet
facet normal -0.8968727415326884 -0.44228869021900113 -4.283136064978823e-16
  outer loop
    vertex -4.61939766255643 -1.91341716182545 20.900000000000002
    vertex -4.33012701892219 -2.4999999999999996 20.500000000000004
    vertex -4.33012701892219 -2.500000000000001 20.900000000000002
  endloop
endfacet
facet normal -0.8968727415326884 -0.44228869021900113 -4.283136064978823e-16
  outer loop
    vertex -4.33012701892219 -2.4999999999999996 20.500000000000004
    vertex -4.61939766255643 -1.91341716182545 20.900000000000002
    vertex -4.61939766255643 -1.9134171618254487 20.500000000000004
  endloop
endfacet
facet normal -0.7518398074791758 0.6593458150998428 0.0
  outer loop
    vertex -3.5355339059327915 3.535533905932566 4.50000000000033
    vertex -3.966766701456016 3.043807145043377 4.100000000000331
    vertex -3.966766701456016 3.043807145043377 4.50000000000033
  endloop
endfacet
facet normal -0.7518398074791758 0.6593458150998428 0.0
  outer loop
    vertex -3.966766701456016 3.043807145043377 4.100000000000331
    vertex -3.5355339059327915 3.535533905932566 4.50000000000033
    vertex -3.5355339059327915 3.535533905932566 4.100000000000331
  endloop
endfacet
facet normal -0.8314696123024204 0.5555702330197891 3.086560105947005e-17
  outer loop
    vertex -3.966766701456016 3.043807145043377 4.50000000000033
    vertex -4.330127018922168 2.4999999999998375 4.1000000000003425
    vertex -4.330127018922168 2.4999999999998375 4.500000000000341
  endloop
endfacet
facet normal -0.8314696123024204 0.5555702330197891 3.086560105947005e-17
  outer loop
    vertex -4.330127018922168 2.4999999999998375 4.1000000000003425
    vertex -3.966766701456016 3.043807145043377 4.50000000000033
    vertex -3.966766701456016 3.043807145043377 4.100000000000331
  endloop
endfacet
facet normal 0.19509032201602888 0.9807852804032503 0.0
  outer loop
    vertex 0.6526309611003099 4.957224306868882 4.500000000000307
    vertex 1.2940952255126703 4.829629131445236 4.100000000000309
    vertex 0.6526309611003099 4.957224306868882 4.100000000000309
  endloop
endfacet
facet normal 0.19509032201602888 0.9807852804032503 0.0
  outer loop
    vertex 1.2940952255126703 4.829629131445236 4.100000000000309
    vertex 0.6526309611003099 4.957224306868882 4.500000000000307
    vertex 1.2940952255126703 4.829629131445236 4.500000000000307
  endloop
endfacet
facet normal 0.1950903220163075 -0.9807852804031948 0.0
  outer loop
    vertex 1.2940952255126703 -4.829629131445372 4.500000000000454
    vertex 0.6526309611003551 -4.957224306869197 4.100000000000455
    vertex 1.2940952255126703 -4.82962913144537 4.100000000000455
  endloop
endfacet
facet normal 0.1950903220163075 -0.9807852804031948 0.0
  outer loop
    vertex 0.6526309611003551 -4.957224306869197 4.100000000000455
    vertex 1.2940952255126703 -4.829629131445372 4.500000000000454
    vertex 0.6526309611003551 -4.957224306869198 4.500000000000454
  endloop
endfacet
facet normal 0.6593458151002087 -0.7518398074788547 -5.250905826219131e-17
  outer loop
    vertex 3.535533905932656 -3.535533905932837 4.500000000000432
    vertex 3.0438071450436928 -3.9667667014562853 4.100000000000444
    vertex 3.535533905932656 -3.5355339059328355 4.100000000000432
  endloop
endfacet
facet normal 0.6593458151002087 -0.7518398074788547 -5.250905826219131e-17
  outer loop
    vertex 3.0438071450436928 -3.9667667014562853 4.100000000000444
    vertex 3.535533905932656 -3.535533905932837 4.500000000000432
    vertex 3.0438071450436928 -3.9667667014562866 4.500000000000443
  endloop
endfacet
facet normal 0.4422886902187859 -0.8968727415327946 1.2613348417336984e-17
  outer loop
    vertex 2.5000000000001084 -4.330127018922439 4.500000000000443
    vertex 1.91341716182546 -4.61939766255655 4.100000000000444
    vertex 2.5000000000001084 -4.330127018922437 4.100000000000444
  endloop
endfacet
facet normal 0.4422886902187859 -0.8968727415327946 1.2613348417336984e-17
  outer loop
    vertex 1.91341716182546 -4.61939766255655 4.100000000000444
    vertex 2.5000000000001084 -4.330127018922439 4.500000000000443
    vertex 1.91341716182546 -4.619397662556552 4.500000000000454
  endloop
endfacet
facet normal -0.9807852804032291 0.1950903220161348 -2.725308411693907e-15
  outer loop
    vertex -7.931558890990478 1.0442095377604144 20.500000000000004
    vertex -7.727406610312531 2.0705523608199567 4.500000000000364
    vertex -7.931558890990482 1.0442095377602072 4.500000000000376
  endloop
endfacet
facet normal -0.9807852804032291 0.1950903220161348 -2.725308411693907e-15
  outer loop
    vertex -7.727406610312531 2.0705523608199567 4.500000000000364
    vertex -7.931558890990478 1.0442095377604144 20.500000000000004
    vertex -7.727406610312541 2.070552360820168 20.500000000000004
  endloop
endfacet
facet normal -0.7518398074791798 -0.659345815099838 -8.092380951884369e-20
  outer loop
    vertex -3.966766701455926 -3.043807145043783 4.500000000000432
    vertex -3.5355339059327466 -3.5355339059329256 4.100000000000444
    vertex -3.5355339059327466 -3.535533905932927 4.500000000000443
  endloop
endfacet
facet normal -0.7518398074791798 -0.659345815099838 -8.092380951884369e-20
  outer loop
    vertex -3.5355339059327466 -3.5355339059329256 4.100000000000444
    vertex -3.966766701455926 -3.043807145043783 4.500000000000432
    vertex -3.966766701455926 -3.0438071450437816 4.100000000000432
  endloop
endfacet
facet normal 0.9807852804031976 -0.19509032201629434 -6.8412321880832515e-18
  outer loop
    vertex 4.829629131445326 -1.2940952255127591 4.100000000000398
    vertex 4.957224306869152 -0.6526309611004002 4.500000000000386
    vertex 4.829629131445326 -1.2940952255127605 4.500000000000398
  endloop
endfacet
facet normal 0.9807852804031976 -0.19509032201629434 -6.8412321880832515e-18
  outer loop
    vertex 4.957224306869152 -0.6526309611004002 4.500000000000386
    vertex 4.829629131445326 -1.2940952255127591 4.100000000000398
    vertex 4.957224306869152 -0.6526309611003988 4.100000000000387
  endloop
endfacet
facet normal 0.8968727415326168 -0.4422886902191462 -6.902664641388269e-18
  outer loop
    vertex 4.330127018922077 -2.500000000000197 4.1000000000004215
    vertex 4.6193976625564614 -1.9134171618255955 4.500000000000398
    vertex 4.330127018922077 -2.5000000000001985 4.5000000000004095
  endloop
endfacet
facet normal 0.8968727415326168 -0.4422886902191462 -6.902664641388269e-18
  outer loop
    vertex 4.6193976625564614 -1.9134171618255955 4.500000000000398
    vertex 4.330127018922077 -2.500000000000197 4.1000000000004215
    vertex 4.6193976625564614 -1.913417161825594 4.100000000000398
  endloop
endfacet
facet normal 0.8314696123026435 0.5555702330194553 0.0
  outer loop
    vertex 3.9667667014562866 3.043807145043422 4.100000000000331
    vertex 4.330127018922123 2.4999999999998828 4.50000000000033
    vertex 4.330127018922123 2.4999999999998828 4.100000000000331
  endloop
endfacet
facet normal 0.8314696123026435 0.5555702330194553 0.0
  outer loop
    vertex 4.330127018922123 2.4999999999998828 4.50000000000033
    vertex 3.9667667014562866 3.043807145043422 4.100000000000331
    vertex 3.9667667014562866 3.043807145043422 4.50000000000033
  endloop
endfacet
facet normal 0.946930129495124 -0.32143946530310796 0.0
  outer loop
    vertex 4.6193976625564614 -1.913417161825594 4.100000000000398
    vertex 4.829629131445326 -1.2940952255127605 4.500000000000398
    vertex 4.6193976625564614 -1.9134171618255955 4.500000000000398
  endloop
endfacet
facet normal 0.946930129495124 -0.32143946530310796 0.0
  outer loop
    vertex 4.829629131445326 -1.2940952255127605 4.500000000000398
    vertex 4.6193976625564614 -1.913417161825594 4.100000000000398
    vertex 4.829629131445326 -1.2940952255127591 4.100000000000398
  endloop
endfacet
facet normal 0.7518398074788679 -0.6593458151001937 -8.092382347347309e-20
  outer loop
    vertex 3.535533905932656 -3.5355339059328355 4.100000000000432
    vertex 3.9667667014562866 -3.0438071450436475 4.50000000000042
    vertex 3.535533905932656 -3.535533905932837 4.500000000000432
  endloop
endfacet
facet normal 0.7518398074788679 -0.6593458151001937 -8.092382347347309e-20
  outer loop
    vertex 3.9667667014562866 -3.0438071450436475 4.50000000000042
    vertex 3.535533905932656 -3.5355339059328355 4.100000000000432
    vertex 3.9667667014562866 -3.043807145043646 4.1000000000004215
  endloop
endfacet
facet normal 0.8968727415326165 0.44228869021914696 -5.710683781861984e-18
  outer loop
    vertex 4.619397662556552 1.9134171618251907 4.1000000000003425
    vertex 4.330127018922123 2.4999999999998828 4.50000000000033
    vertex 4.619397662556552 1.9134171618251894 4.500000000000341
  endloop
endfacet
facet normal 0.8968727415326165 0.44228869021914696 -5.710683781861984e-18
  outer loop
    vertex 4.330127018922123 2.4999999999998828 4.50000000000033
    vertex 4.619397662556552 1.9134171618251907 4.1000000000003425
    vertex 4.330127018922123 2.4999999999998828 4.100000000000331
  endloop
endfacet
facet normal 0.9807852804032133 0.19509032201621482 -1.0309854991987167e-17
  outer loop
    vertex 4.957224306869108 0.6526309611000858 4.100000000000365
    vertex 4.829629131445326 1.2940952255124898 4.500000000000353
    vertex 4.957224306869108 0.6526309611000843 4.500000000000364
  endloop
endfacet
facet normal 0.9807852804032133 0.19509032201621482 -1.0309854991987167e-17
  outer loop
    vertex 4.829629131445326 1.2940952255124898 4.500000000000353
    vertex 4.957224306869108 0.6526309611000858 4.100000000000365
    vertex 4.829629131445326 1.2940952255124911 4.100000000000353
  endloop
endfacet
facet normal 0.8314696123026327 -0.5555702330194713 -1.5432800524096515e-17
  outer loop
    vertex 3.9667667014562866 -3.043807145043646 4.1000000000004215
    vertex 4.330127018922077 -2.5000000000001985 4.5000000000004095
    vertex 3.9667667014562866 -3.0438071450436475 4.50000000000042
  endloop
endfacet
facet normal 0.8314696123026327 -0.5555702330194713 -1.5432800524096515e-17
  outer loop
    vertex 4.330127018922077 -2.5000000000001985 4.5000000000004095
    vertex 3.9667667014562866 -3.043807145043646 4.1000000000004215
    vertex 4.330127018922077 -2.500000000000197 4.1000000000004215
  endloop
endfacet
facet normal 0.99785892323861 0.06540312923004371 1.1121803803882256e-17
  outer loop
    vertex 4.999999999999991 -1.7906787164179148e-13 4.100000000000376
    vertex 4.957224306869108 0.6526309611000843 4.500000000000364
    vertex 4.999999999999991 -1.8047785488306544e-13 4.500000000000376
  endloop
endfacet
facet normal 0.99785892323861 0.06540312923004371 1.1121803803882256e-17
  outer loop
    vertex 4.957224306869108 0.6526309611000843 4.500000000000364
    vertex 4.999999999999991 -1.7906787164179148e-13 4.100000000000376
    vertex 4.957224306869108 0.6526309611000858 4.100000000000365
  endloop
endfacet
facet normal 0.32143946530306705 -0.9469301294951379 9.329491184149025e-18
  outer loop
    vertex 1.91341716182546 -4.619397662556552 4.500000000000454
    vertex 1.2940952255126703 -4.82962913144537 4.100000000000455
    vertex 1.91341716182546 -4.61939766255655 4.100000000000444
  endloop
endfacet
facet normal 0.32143946530306705 -0.9469301294951379 9.329491184149025e-18
  outer loop
    vertex 1.2940952255126703 -4.82962913144537 4.100000000000455
    vertex 1.91341716182546 -4.619397662556552 4.500000000000454
    vertex 1.2940952255126703 -4.829629131445372 4.500000000000454
  endloop
endfacet
facet normal 0.9978589232386144 -0.06540312922997953 6.752710845574922e-18
  outer loop
    vertex 4.957224306869152 -0.6526309611003988 4.100000000000387
    vertex 4.999999999999991 -1.8047785488306544e-13 4.500000000000376
    vertex 4.957224306869152 -0.6526309611004002 4.500000000000386
  endloop
endfacet
facet normal 0.9978589232386144 -0.06540312922997953 6.752710845574922e-18
  outer loop
    vertex 4.999999999999991 -1.8047785488306544e-13 4.500000000000376
    vertex 4.957224306869152 -0.6526309611003988 4.100000000000387
    vertex 4.999999999999991 -1.7906787164179148e-13 4.100000000000376
  endloop
endfacet
facet normal -0.38268343236509006 0.9238795325112867 -6.554454977575372e-17
  outer loop
    vertex 15.805341497525028 -6.293624399232686 25.00000000000001
    vertex 16.167112929871248 -6.143773765475743 1.127986593019159e-14
    vertex 15.805341497525028 -6.293624399232687 1.127986593019159e-14
  endloop
endfacet
facet normal -0.38268343236509006 0.9238795325112867 -6.554454977575372e-17
  outer loop
    vertex 16.167112929871248 -6.143773765475743 1.127986593019159e-14
    vertex 15.805341497525028 -6.293624399232686 25.00000000000001
    vertex 16.167112929871248 -6.143773765475741 25.00000000000001
  endloop
endfacet
facet normal 0.38268343236509006 -0.9238795325112867 6.554454977575372e-17
  outer loop
    vertex 15.02888436221746 -3.3958469203654813 25.00000000000001
    vertex 14.667112929871239 -3.545697554122428 1.127986593019159e-14
    vertex 15.02888436221746 -3.3958469203654826 1.127986593019159e-14
  endloop
endfacet
facet normal 0.38268343236509006 -0.9238795325112867 6.554454977575372e-17
  outer loop
    vertex 14.667112929871239 -3.545697554122428 1.127986593019159e-14
    vertex 15.02888436221746 -3.3958469203654813 25.00000000000001
    vertex 14.667112929871239 -3.5456975541224263 25.00000000000001
  endloop
endfacet
facet normal 0.9238795325112847 -0.3826834323650951 5.794963560800942e-17
  outer loop
    vertex 14.118074824194588 -4.0947356597990865 1.127986593019159e-14
    vertex 13.968224190437642 -4.456507092145303 25.00000000000001
    vertex 13.968224190437642 -4.456507092145305 1.127986593019159e-14
  endloop
endfacet
facet normal 0.9238795325112847 -0.3826834323650951 5.794963560800942e-17
  outer loop
    vertex 13.968224190437642 -4.456507092145303 25.00000000000001
    vertex 14.118074824194588 -4.0947356597990865 1.127986593019159e-14
    vertex 14.118074824194588 -4.094735659799085 25.00000000000001
  endloop
endfacet
facet normal -0.923879532511285 0.38268343236509444 -5.794963560800939e-17
  outer loop
    vertex 16.7161510355479 -5.594735659799083 25.00000000000001
    vertex 16.866001669304847 -5.232964227452865 1.127986593019159e-14
    vertex 16.7161510355479 -5.594735659799085 1.127986593019159e-14
  endloop
endfacet
facet normal -0.923879532511285 0.38268343236509444 -5.794963560800939e-17
  outer loop
    vertex 16.866001669304847 -5.232964227452865 1.127986593019159e-14
    vertex 16.7161510355479 -5.594735659799083 25.00000000000001
    vertex 16.866001669304847 -5.2329642274528645 25.00000000000001
  endloop
endfacet
facet normal -0.608761429008729 0.793353340291229 -6.75580343888373e-17
  outer loop
    vertex 16.167112929871248 -6.143773765475741 25.00000000000001
    vertex 16.477773101651064 -5.905395831578907 1.127986593019159e-14
    vertex 16.167112929871248 -6.143773765475743 1.127986593019159e-14
  endloop
endfacet
facet normal -0.608761429008729 0.793353340291229 -6.75580343888373e-17
  outer loop
    vertex 16.477773101651064 -5.905395831578907 1.127986593019159e-14
    vertex 16.167112929871248 -6.143773765475741 25.00000000000001
    vertex 16.477773101651064 -5.905395831578905 25.00000000000001
  endloop
endfacet
facet normal -0.7933533402912339 -0.6087614290087225 1.1146768049333737e-18
  outer loop
    vertex 16.7161510355479 -4.094735659799084 25.00000000000001
    vertex 16.477773101651064 -3.784075488019264 1.127986593019159e-14
    vertex 16.7161510355479 -4.094735659799085 1.127986593019159e-14
  endloop
endfacet
facet normal -0.7933533402912339 -0.6087614290087225 1.1146768049333737e-18
  outer loop
    vertex 16.477773101651064 -3.784075488019264 1.127986593019159e-14
    vertex 16.7161510355479 -4.094735659799084 25.00000000000001
    vertex 16.477773101651064 -3.784075488019263 25.00000000000001
  endloop
endfacet
facet normal -0.13052619222005074 -0.9914448613738105 4.855893976758051e-17
  outer loop
    vertex 15.805341497525028 -3.3958469203654813 25.00000000000001
    vertex 15.417112929871244 -3.344735659799085 1.127986593019159e-14
    vertex 15.805341497525028 -3.3958469203654826 1.127986593019159e-14
  endloop
endfacet
facet normal -0.13052619222005074 -0.9914448613738105 4.855893976758051e-17
  outer loop
    vertex 15.417112929871244 -3.344735659799085 1.127986593019159e-14
    vertex 15.805341497525028 -3.3958469203654813 25.00000000000001
    vertex 15.417112929871244 -3.344735659799084 25.00000000000001
  endloop
endfacet
facet normal 0.923879532511285 0.38268343236509444 1.6408610835671433e-17
  outer loop
    vertex 13.968224190437642 -5.232964227452867 1.127986593019159e-14
    vertex 14.118074824194588 -5.594735659799085 25.00000000000001
    vertex 14.118074824194588 -5.594735659799086 1.127986593019159e-14
  endloop
endfacet
facet normal 0.923879532511285 0.38268343236509444 1.6408610835671433e-17
  outer loop
    vertex 14.118074824194588 -5.594735659799085 25.00000000000001
    vertex 13.968224190437642 -5.232964227452867 1.127986593019159e-14
    vertex 13.968224190437642 -5.232964227452865 25.00000000000001
  endloop
endfacet
facet normal -0.9914448613738096 -0.13052619222005876 -3.2813678764336796e-17
  outer loop
    vertex 16.917112929871248 -4.844735659799084 25.00000000000001
    vertex 16.866001669304847 -4.456507092145304 1.127986593019159e-14
    vertex 16.917112929871248 -4.844735659799086 1.127986593019159e-14
  endloop
endfacet
facet normal -0.9914448613738096 -0.13052619222005876 -3.2813678764336796e-17
  outer loop
    vertex 16.866001669304847 -4.456507092145304 1.127986593019159e-14
    vertex 16.917112929871248 -4.844735659799084 25.00000000000001
    vertex 16.866001669304847 -4.456507092145302 25.00000000000001
  endloop
endfacet
facet normal 0.7933533402912339 0.6087614290087225 -1.1146768049333737e-18
  outer loop
    vertex 14.118074824194588 -5.594735659799086 1.127986593019159e-14
    vertex 14.356452758091425 -5.905395831578906 25.00000000000001
    vertex 14.356452758091425 -5.905395831578907 1.127986593019159e-14
  endloop
endfacet
facet normal 0.7933533402912339 0.6087614290087225 -1.1146768049333737e-18
  outer loop
    vertex 14.356452758091425 -5.905395831578906 25.00000000000001
    vertex 14.118074824194588 -5.594735659799086 1.127986593019159e-14
    vertex 14.118074824194588 -5.594735659799085 25.00000000000001
  endloop
endfacet
facet normal 0.38268343236509367 0.9238795325112853 -3.474435562449986e-17
  outer loop
    vertex 14.667112929871246 -6.143773765475742 25.00000000000001
    vertex 15.02888436221746 -6.293624399232687 1.127986593019159e-14
    vertex 14.667112929871246 -6.143773765475744 1.127986593019159e-14
  endloop
endfacet
facet normal 0.38268343236509367 0.9238795325112853 -3.474435562449986e-17
  outer loop
    vertex 15.02888436221746 -6.293624399232687 1.127986593019159e-14
    vertex 14.667112929871246 -6.143773765475742 25.00000000000001
    vertex 15.02888436221746 -6.293624399232686 25.00000000000001
  endloop
endfacet
facet normal -0.6087614290087243 -0.7933533402912326 1.8562001063372218e-17
  outer loop
    vertex 16.477773101651064 -3.784075488019263 25.00000000000001
    vertex 16.167112929871244 -3.5456975541224263 1.127986593019159e-14
    vertex 16.477773101651064 -3.784075488019264 1.127986593019159e-14
  endloop
endfacet
facet normal -0.6087614290087243 -0.7933533402912326 1.8562001063372218e-17
  outer loop
    vertex 16.167112929871244 -3.5456975541224263 1.127986593019159e-14
    vertex 16.477773101651064 -3.784075488019263 25.00000000000001
    vertex 16.167112929871244 -3.545697554122425 25.00000000000001
  endloop
endfacet
facet normal 0.9914448613738096 0.13052619222005854 3.28136787643368e-17
  outer loop
    vertex 13.91711292987124 -4.844735659799086 1.127986593019159e-14
    vertex 13.968224190437642 -5.232964227452865 25.00000000000001
    vertex 13.968224190437642 -5.232964227452867 1.127986593019159e-14
  endloop
endfacet
facet normal 0.9914448613738096 0.13052619222005854 3.28136787643368e-17
  outer loop
    vertex 13.968224190437642 -5.232964227452865 25.00000000000001
    vertex 13.91711292987124 -4.844735659799086 1.127986593019159e-14
    vertex 13.91711292987124 -4.844735659799084 25.00000000000001
  endloop
endfacet
facet normal 0.7398020666587027 -0.6728245701276913 1.4121051374072199e-14
  outer loop
    vertex 7.788934839098526 5.943934217003745 4.500000000000274
    vertex 7.663158545950675 5.805637303159523 20.500000000000004
    vertex 7.6631585459507 5.80563730315932 4.500000000000274
  endloop
endfacet
facet normal 0.7398020666587027 -0.6728245701276913 1.4121051374072199e-14
  outer loop
    vertex 7.663158545950675 5.805637303159523 20.500000000000004
    vertex 7.788934839098526 5.943934217003745 4.500000000000274
    vertex 7.78893483909832 5.943934217003959 20.500000000000004
  endloop
endfacet
facet normal 0.7518398074788423 0.6593458151002232 -5.2509058261626005e-17
  outer loop
    vertex 3.5355339059327013 3.535533905932521 4.100000000000319
    vertex 3.9667667014562866 3.043807145043422 4.50000000000033
    vertex 3.9667667014562866 3.043807145043422 4.100000000000331
  endloop
endfacet
facet normal 0.7518398074788423 0.6593458151002232 -5.2509058261626005e-17
  outer loop
    vertex 3.9667667014562866 3.043807145043422 4.50000000000033
    vertex 3.5355339059327013 3.535533905932521 4.100000000000319
    vertex 3.5355339059327013 3.535533905932521 4.500000000000319
  endloop
endfacet
facet normal -0.13052619222005074 0.9914448613738105 -5.90643124129424e-17
  outer loop
    vertex 15.417112929871244 -6.344735659799084 25.00000000000001
    vertex 15.805341497525028 -6.293624399232687 1.127986593019159e-14
    vertex 15.417112929871244 -6.344735659799086 1.127986593019159e-14
  endloop
endfacet
facet normal -0.13052619222005074 0.9914448613738105 -5.90643124129424e-17
  outer loop
    vertex 15.805341497525028 -6.293624399232687 1.127986593019159e-14
    vertex 15.417112929871244 -6.344735659799084 25.00000000000001
    vertex 15.805341497525028 -6.293624399232686 25.00000000000001
  endloop
endfacet
facet normal 0.13052619222005074 0.9914448613738105 -4.855893976758051e-17
  outer loop
    vertex 15.02888436221746 -6.293624399232686 25.00000000000001
    vertex 15.417112929871244 -6.344735659799086 1.127986593019159e-14
    vertex 15.02888436221746 -6.293624399232687 1.127986593019159e-14
  endloop
endfacet
facet normal 0.13052619222005074 0.9914448613738105 -4.855893976758051e-17
  outer loop
    vertex 15.417112929871244 -6.344735659799086 1.127986593019159e-14
    vertex 15.02888436221746 -6.293624399232686 25.00000000000001
    vertex 15.417112929871244 -6.344735659799084 25.00000000000001
  endloop
endfacet
facet normal -0.923879532511285 -0.38268343236509444 -1.6408610835671433e-17
  outer loop
    vertex 16.866001669304847 -4.456507092145302 25.00000000000001
    vertex 16.7161510355479 -4.094735659799085 1.127986593019159e-14
    vertex 16.866001669304847 -4.456507092145304 1.127986593019159e-14
  endloop
endfacet
facet normal -0.923879532511285 -0.38268343236509444 -1.6408610835671433e-17
  outer loop
    vertex 16.7161510355479 -4.094735659799085 1.127986593019159e-14
    vertex 16.866001669304847 -4.456507092145302 25.00000000000001
    vertex 16.7161510355479 -4.094735659799084 25.00000000000001
  endloop
endfacet
facet normal 0.7933533402912353 -0.6087614290087208 6.496755060325223e-17
  outer loop
    vertex 14.356452758091425 -3.784075488019264 1.127986593019159e-14
    vertex 14.118074824194588 -4.094735659799085 25.00000000000001
    vertex 14.118074824194588 -4.0947356597990865 1.127986593019159e-14
  endloop
endfacet
facet normal 0.7933533402912353 -0.6087614290087208 6.496755060325223e-17
  outer loop
    vertex 14.118074824194588 -4.094735659799085 25.00000000000001
    vertex 14.356452758091425 -3.784075488019264 1.127986593019159e-14
    vertex 14.356452758091425 -3.784075488019263 25.00000000000001
  endloop
endfacet
facet normal 0.608761429008729 -0.793353340291229 6.75580343888373e-17
  outer loop
    vertex 14.667112929871239 -3.5456975541224263 25.00000000000001
    vertex 14.356452758091425 -3.784075488019264 1.127986593019159e-14
    vertex 14.667112929871239 -3.545697554122428 1.127986593019159e-14
  endloop
endfacet
facet normal 0.608761429008729 -0.793353340291229 6.75580343888373e-17
  outer loop
    vertex 14.356452758091425 -3.784075488019264 1.127986593019159e-14
    vertex 14.667112929871239 -3.5456975541224263 25.00000000000001
    vertex 14.356452758091425 -3.784075488019263 25.00000000000001
  endloop
endfacet
facet normal -0.38268343236509206 -0.9238795325112859 3.474435562449995e-17
  outer loop
    vertex 16.167112929871244 -3.545697554122425 25.00000000000001
    vertex 15.805341497525028 -3.3958469203654826 1.127986593019159e-14
    vertex 16.167112929871244 -3.5456975541224263 1.127986593019159e-14
  endloop
endfacet
facet normal -0.38268343236509206 -0.9238795325112859 3.474435562449995e-17
  outer loop
    vertex 15.805341497525028 -3.3958469203654826 1.127986593019159e-14
    vertex 16.167112929871244 -3.545697554122425 25.00000000000001
    vertex 15.805341497525028 -3.3958469203654813 25.00000000000001
  endloop
endfacet
facet normal -0.7933533402912346 0.6087614290087217 -6.496755060325225e-17
  outer loop
    vertex 16.477773101651064 -5.905395831578905 25.00000000000001
    vertex 16.7161510355479 -5.594735659799085 1.127986593019159e-14
    vertex 16.477773101651064 -5.905395831578907 1.127986593019159e-14
  endloop
endfacet
facet normal -0.7933533402912346 0.6087614290087217 -6.496755060325225e-17
  outer loop
    vertex 16.7161510355479 -5.594735659799085 1.127986593019159e-14
    vertex 16.477773101651064 -5.905395831578905 25.00000000000001
    vertex 16.7161510355479 -5.594735659799083 25.00000000000001
  endloop
endfacet
facet normal 0.13052619222005074 -0.9914448613738105 5.90643124129424e-17
  outer loop
    vertex 15.417112929871244 -3.344735659799084 25.00000000000001
    vertex 15.02888436221746 -3.3958469203654826 1.127986593019159e-14
    vertex 15.417112929871244 -3.344735659799085 1.127986593019159e-14
  endloop
endfacet
facet normal 0.13052619222005074 -0.9914448613738105 5.90643124129424e-17
  outer loop
    vertex 15.02888436221746 -3.3958469203654826 1.127986593019159e-14
    vertex 15.417112929871244 -3.344735659799084 25.00000000000001
    vertex 15.02888436221746 -3.3958469203654813 25.00000000000001
  endloop
endfacet
facet normal 0.3983582237606747 0.9172299196833039 -7.708668347851655e-15
  outer loop
    vertex 5.946926460379021 16.174268232517605 18.00000000000001
    vertex 7.97880866988238 15.291810115420681 15.800000000000027
    vertex 5.946926460379031 16.17426823251757 15.800000000000024
  endloop
endfacet
facet normal 0.3983582237606747 0.9172299196833039 -7.708668347851655e-15
  outer loop
    vertex 7.97880866988238 15.291810115420681 15.800000000000027
    vertex 5.946926460379021 16.174268232517605 18.00000000000001
    vertex 7.978808669882385 15.291810115420688 18.00000000000001
  endloop
endfacet
facet normal 0.13956533411809222 0.9902128647480326 -5.529080645949873e-16
  outer loop
    vertex 1.5054161759200295 17.13823932964206 15.800000000000056
    vertex 3.621588327776874 16.83997591180568 18.00000000000001
    vertex 3.621588327776671 16.83997591180571 15.800000000000018
  endloop
endfacet
facet normal 0.13956533411809222 0.9902128647480326 -5.529080645949873e-16
  outer loop
    vertex 3.621588327776874 16.83997591180568 18.00000000000001
    vertex 1.5054161759200295 17.13823932964206 15.800000000000056
    vertex 1.5054161759200013 17.138239329642065 18.00000000000001
  endloop
endfacet
facet normal -0.514672742740086 -0.8573867084812997 4.775117916893256e-15
  outer loop
    vertex 8.239238067835199 12.33408010839861 15.800000000000038
    vertex 6.650969125434258 13.28748739207617 18.000000000000025
    vertex 6.650969125434274 13.287487392076141 15.800000000000031
  endloop
endfacet
facet normal -0.514672742740086 -0.8573867084812997 4.775117916893256e-15
  outer loop
    vertex 6.650969125434258 13.28748739207617 18.000000000000025
    vertex 8.239238067835199 12.33408010839861 15.800000000000038
    vertex 8.239238067835199 12.334080108398615 18.000000000000025
  endloop
endfacet
facet normal -0.3070700226672132 0.9516869239299011 3.6058884993414364e-16
  outer loop
    vertex 6.705717021999185 -5.105441711121934 25.000000000000004
    vertex 7.994111744472976 -4.689730003115437 20.500000000000004
    vertex 6.705717021999191 -5.105441711121929 20.500000000000004
  endloop
endfacet
facet normal -0.3070700226672132 0.9516869239299011 3.6058884993414364e-16
  outer loop
    vertex 7.994111744472976 -4.689730003115437 20.500000000000004
    vertex 6.705717021999185 -5.105441711121934 25.000000000000004
    vertex 7.994111744472973 -4.689730003115441 25.000000000000004
  endloop
endfacet
facet normal -0.39835822376067237 -0.917229919683305 8.989758197882201e-15
  outer loop
    vertex 6.650969125434274 13.287487392076141 15.800000000000031
    vertex 4.890844610500447 14.05191958112724 18.000000000000025
    vertex 4.890844610500464 14.051919581127212 15.800000000000027
  endloop
endfacet
facet normal -0.39835822376067237 -0.917229919683305 8.989758197882201e-15
  outer loop
    vertex 4.890844610500447 14.05191958112724 18.000000000000025
    vertex 6.650969125434274 13.287487392076141 15.800000000000031
    vertex 6.650969125434258 13.28748739207617 18.000000000000025
  endloop
endfacet
facet normal 0.017026315607671507 0.9998550417819716 -2.43259188538332e-15
  outer loop
    vertex -0.7835883277428781 17.177218293069892 18.00000000000001
    vertex 1.5054161759200295 17.13823932964206 15.800000000000056
    vertex -0.7835883277428726 17.177218293069885 15.800000000000056
  endloop
endfacet
facet normal 0.017026315607671507 0.9998550417819716 -2.43259188538332e-15
  outer loop
    vertex 1.5054161759200295 17.13823932964206 15.800000000000056
    vertex -0.7835883277428781 17.177218293069892 18.00000000000001
    vertex 1.5054161759200013 17.138239329642065 18.00000000000001
  endloop
endfacet
facet normal -0.9914448613738095 0.130526192220059 -4.6982548712381564e-17
  outer loop
    vertex 16.866001669304847 -5.2329642274528645 25.00000000000001
    vertex 16.917112929871248 -4.844735659799086 1.127986593019159e-14
    vertex 16.866001669304847 -5.232964227452865 1.127986593019159e-14
  endloop
endfacet
facet normal -0.9914448613738095 0.130526192220059 -4.6982548712381564e-17
  outer loop
    vertex 16.917112929871248 -4.844735659799086 1.127986593019159e-14
    vertex 16.866001669304847 -5.2329642274528645 25.00000000000001
    vertex 16.917112929871248 -4.844735659799084 25.00000000000001
  endloop
endfacet
facet normal 0.275227685126951 0.9613790726553497 -1.3404525622412723e-14
  outer loop
    vertex 3.621588327776874 16.83997591180568 18.00000000000001
    vertex 5.946926460379031 16.17426823251757 15.800000000000024
    vertex 3.621588327776671 16.83997591180571 15.800000000000018
  endloop
endfacet
facet normal 0.275227685126951 0.9613790726553497 -1.3404525622412723e-14
  outer loop
    vertex 5.946926460379031 16.17426823251757 15.800000000000024
    vertex 3.621588327776874 16.83997591180568 18.00000000000001
    vertex 5.946926460379021 16.174268232517605 18.00000000000001
  endloop
endfacet
facet normal 0.9914448613738095 -0.130526192220059 4.6982548712381564e-17
  outer loop
    vertex 13.968224190437642 -4.456507092145305 1.127986593019159e-14
    vertex 13.91711292987124 -4.844735659799084 25.00000000000001
    vertex 13.91711292987124 -4.844735659799086 1.127986593019159e-14
  endloop
endfacet
facet normal 0.9914448613738095 -0.130526192220059 4.6982548712381564e-17
  outer loop
    vertex 13.91711292987124 -4.844735659799084 25.00000000000001
    vertex 13.968224190437642 -4.456507092145305 1.127986593019159e-14
    vertex 13.968224190437642 -4.456507092145303 25.00000000000001
  endloop
endfacet
facet normal -0.9807852804031789 -0.19509032201638707 -3.4206160954374447e-18
  outer loop
    vertex -4.957224306869152 -0.6526309611004905 4.500000000000398
    vertex -4.829629131445281 -1.2940952255127591 4.100000000000398
    vertex -4.829629131445281 -1.2940952255127605 4.5000000000004095
  endloop
endfacet
facet normal -0.9807852804031789 -0.19509032201638707 -3.4206160954374447e-18
  outer loop
    vertex -4.829629131445281 -1.2940952255127591 4.100000000000398
    vertex -4.957224306869152 -0.6526309611004905 4.500000000000398
    vertex -4.957224306869152 -0.652630961100489 4.100000000000398
  endloop
endfacet
facet normal -0.3630137987610578 0.9317837634929395 3.3782836829236503e-16
  outer loop
    vertex 7.994111744472973 -4.689730003115441 25.000000000000004
    vertex 9.2555615481686 -4.198281554315106 20.500000000000004
    vertex 7.994111744472976 -4.689730003115437 20.500000000000004
  endloop
endfacet
facet normal -0.3630137987610578 0.9317837634929395 3.3782836829236503e-16
  outer loop
    vertex 9.2555615481686 -4.198281554315106 20.500000000000004
    vertex 7.994111744472973 -4.689730003115441 25.000000000000004
    vertex 9.255561548168597 -4.19828155431511 25.000000000000004
  endloop
endfacet
facet normal -0.8968727415328219 0.4422886902187304 -5.710683795555454e-18
  outer loop
    vertex -4.330127018922168 2.4999999999998375 4.500000000000341
    vertex -4.619397662556236 1.9134171618251907 4.100000000000353
    vertex -4.619397662556236 1.9134171618251894 4.500000000000353
  endloop
endfacet
facet normal -0.8968727415328219 0.4422886902187304 -5.710683795555454e-18
  outer loop
    vertex -4.619397662556236 1.9134171618251907 4.100000000000353
    vertex -4.330127018922168 2.4999999999998375 4.500000000000341
    vertex -4.330127018922168 2.4999999999998375 4.1000000000003425
  endloop
endfacet
facet normal 0.608761429008722 0.7933533402912343 -1.8562001063372406e-17
  outer loop
    vertex 14.356452758091425 -5.905395831578906 25.00000000000001
    vertex 14.667112929871246 -6.143773765475744 1.127986593019159e-14
    vertex 14.356452758091425 -5.905395831578907 1.127986593019159e-14
  endloop
endfacet
facet normal 0.608761429008722 0.7933533402912343 -1.8562001063372406e-17
  outer loop
    vertex 14.667112929871246 -6.143773765475744 1.127986593019159e-14
    vertex 14.356452758091425 -5.905395831578906 25.00000000000001
    vertex 14.667112929871246 -6.143773765475742 25.00000000000001
  endloop
endfacet
facet normal -7.533886693397302e-17 9.601391014252735e-17 1.0
  outer loop
    vertex 14.343920783212628 -10.006257126802048 25.000000000000007
    vertex 13.91711292987124 -4.844735659799084 25.00000000000001
    vertex 13.050000116106961 -10.173471578589508 25.000000000000007
  endloop
endfacet
facet normal -7.533886693397302e-17 9.601391014252735e-17 1.0
  outer loop
    vertex 13.91711292987124 -4.844735659799084 25.00000000000001
    vertex 14.343920783212628 -10.006257126802048 25.000000000000007
    vertex 13.968224190437642 -5.232964227452865 25.00000000000001
  endloop
endfacet
facet normal -7.533886693397302e-17 9.601391014252735e-17 1.0
  outer loop
    vertex 13.968224190437642 -5.232964227452865 25.00000000000001
    vertex 14.343920783212628 -10.006257126802048 25.000000000000007
    vertex 14.118074824194588 -5.594735659799085 25.00000000000001
  endloop
endfacet
facet normal -7.533886693397302e-17 9.601391014252735e-17 1.0
  outer loop
    vertex 14.118074824194588 -5.594735659799085 25.00000000000001
    vertex 14.343920783212628 -10.006257126802048 25.000000000000007
    vertex 14.356452758091425 -5.905395831578906 25.00000000000001
  endloop
endfacet
facet normal -7.533886693397302e-17 9.601391014252735e-17 1.0
  outer loop
    vertex 14.356452758091425 -5.905395831578906 25.00000000000001
    vertex 14.343920783212628 -10.006257126802048 25.000000000000007
    vertex 15.049274733680926 -9.915103644875302 25.000000000000007
  endloop
endfacet
facet normal -7.533886693397302e-17 9.601391014252735e-17 1.0
  outer loop
    vertex 14.356452758091425 -5.905395831578906 25.00000000000001
    vertex 15.049274733680926 -9.915103644875302 25.000000000000007
    vertex 14.667112929871246 -6.143773765475742 25.00000000000001
  endloop
endfacet
facet normal -7.533886693397302e-17 9.601391014252735e-17 1.0
  outer loop
    vertex 14.667112929871246 -6.143773765475742 25.00000000000001
    vertex 15.049274733680926 -9.915103644875302 25.000000000000007
    vertex 15.02888436221746 -6.293624399232686 25.00000000000001
  endloop
endfacet
facet normal -7.533886693397302e-17 9.601391014252735e-17 1.0
  outer loop
    vertex 15.02888436221746 -6.293624399232686 25.00000000000001
    vertex 15.049274733680926 -9.915103644875302 25.000000000000007
    vertex 15.417112929871244 -6.344735659799084 25.00000000000001
  endloop
endfacet
facet normal -7.533886693397302e-17 9.601391014252735e-17 1.0
  outer loop
    vertex 15.417112929871244 -6.344735659799084 25.00000000000001
    vertex 15.049274733680926 -9.915103644875302 25.000000000000007
    vertex 16.05950652763336 -9.644412851517496 25.000000000000007
  endloop
endfacet
facet normal -7.533886693397302e-17 9.601391014252735e-17 1.0
  outer loop
    vertex 15.417112929871244 -6.344735659799084 25.00000000000001
    vertex 16.05950652763336 -9.644412851517496 25.000000000000007
    vertex 15.805341497525028 -6.293624399232686 25.00000000000001
  endloop
endfacet
facet normal -7.533886693397302e-17 9.601391014252735e-17 1.0
  outer loop
    vertex 15.805341497525028 -6.293624399232686 25.00000000000001
    vertex 16.05950652763336 -9.644412851517496 25.000000000000007
    vertex 16.167112929871248 -6.143773765475741 25.00000000000001
  endloop
endfacet
facet normal -7.533886693397302e-17 9.601391014252735e-17 1.0
  outer loop
    vertex 16.167112929871248 -6.143773765475741 25.00000000000001
    vertex 16.05950652763336 -9.644412851517496 25.000000000000007
    vertex 17.007385667679344 -9.202409549508674 25.000000000000007
  endloop
endfacet
facet normal -7.533886693397302e-17 9.601391014252735e-17 1.0
  outer loop
    vertex 16.167112929871248 -6.143773765475741 25.00000000000001
    vertex 17.007385667679344 -9.202409549508674 25.000000000000007
    vertex 16.477773101651064 -5.905395831578905 25.00000000000001
  endloop
endfacet
facet normal -7.533886693397302e-17 9.601391014252735e-17 1.0
  outer loop
    vertex 16.477773101651064 -5.905395831578905 25.00000000000001
    vertex 17.007385667679344 -9.202409549508674 25.000000000000007
    vertex 16.7161510355479 -5.594735659799083 25.00000000000001
  endloop
endfacet
facet normal -7.533886693397302e-17 9.601391014252735e-17 1.0
  outer loop
    vertex 16.7161510355479 -5.594735659799083 25.00000000000001
    vertex 17.007385667679344 -9.202409549508674 25.000000000000007
    vertex 16.866001669304847 -5.2329642274528645 25.00000000000001
  endloop
endfacet
facet normal -7.533886693397302e-17 9.601391014252735e-17 1.0
  outer loop
    vertex 16.866001669304847 -5.2329642274528645 25.00000000000001
    vertex 17.007385667679344 -9.202409549508674 25.000000000000007
    vertex 16.917112929871248 -4.844735659799084 25.00000000000001
  endloop
endfacet
facet normal -7.533886693397302e-17 9.601391014252735e-17 1.0
  outer loop
    vertex 16.917112929871248 -4.844735659799084 25.00000000000001
    vertex 17.007385667679344 -9.202409549508674 25.000000000000007
    vertex 16.963641335916385 0.03748720496091672 25.000000000000007
  endloop
endfacet
facet normal -7.533886693397302e-17 9.601391014252735e-17 1.0
  outer loop
    vertex 16.963641335916385 0.03748720496091672 25.000000000000007
    vertex 17.007385667679344 -9.202409549508674 25.000000000000007
    vertex 17.49218199241107 -0.008754110694918748 25.000000000000007
  endloop
endfacet
facet normal -7.533886693397302e-17 9.601391014252735e-17 1.0
  outer loop
    vertex 17.49218199241107 -0.008754110694918748 25.000000000000007
    vertex 17.007385667679344 -9.202409549508674 25.000000000000007
    vertex 17.864111325798582 -8.602523785515917 25.000000000000007
  endloop
endfacet
facet normal -7.533886693397302e-17 9.601391014252735e-17 1.0
  outer loop
    vertex 17.49218199241107 -0.008754110694918748 25.000000000000007
    vertex 17.864111325798582 -8.602523785515917 25.000000000000007
    vertex 18.004663208512643 -0.14607303868545465 25.000000000000007
  endloop
endfacet
facet normal -7.533886693397302e-17 9.601391014252735e-17 1.0
  outer loop
    vertex 18.004663208512643 -0.14607303868545465 25.000000000000007
    vertex 17.864111325798582 -8.602523785515917 25.000000000000007
    vertex 18.603652326393213 -7.862982784921287 25.000000000000007
  endloop
endfacet
facet normal -7.533886693397302e-17 9.601391014252735e-17 1.0
  outer loop
    vertex 18.004663208512643 -0.14607303868545465 25.000000000000007
    vertex 18.603652326393213 -7.862982784921287 25.000000000000007
    vertex 18.485513501797865 -0.3702972128704289 25.000000000000007
  endloop
endfacet
facet normal -7.533886693397302e-17 9.601391014252735e-17 1.0
  outer loop
    vertex 18.485513501797865 -0.3702972128704289 25.000000000000007
    vertex 18.603652326393213 -7.862982784921287 25.000000000000007
    vertex 18.92012247942725 -0.6746136951801409 25.000000000000007
  endloop
endfacet
facet normal -7.533886693397302e-17 9.601391014252735e-17 1.0
  outer loop
    vertex 18.92012247942725 -0.6746136951801409 25.000000000000007
    vertex 18.603652326393213 -7.862982784921287 25.000000000000007
    vertex 19.20353809038598 -7.006257126802045 25.000000000000007
  endloop
endfacet
facet normal -7.533886693397302e-17 9.601391014252735e-17 1.0
  outer loop
    vertex 18.92012247942725 -0.6746136951801409 25.000000000000007
    vertex 19.20353809038598 -7.006257126802045 25.000000000000007
    vertex 19.090895219454133 -0.845386435207025 25.000000000000007
  endloop
endfacet
facet normal -7.533886693397302e-17 9.601391014252735e-17 1.0
  outer loop
    vertex 19.090895219454133 -0.845386435207025 25.000000000000007
    vertex 19.20353809038598 -7.006257126802045 25.000000000000007
    vertex 19.29528476753829 -1.0497759832911757 25.000000000000007
  endloop
endfacet
facet normal -7.533886693397302e-17 9.601391014252735e-17 1.0
  outer loop
    vertex 19.29528476753829 -1.0497759832911757 25.000000000000007
    vertex 19.20353809038598 -7.006257126802045 25.000000000000007
    vertex 19.645541392394794 -6.058377986756053 25.000000000000007
  endloop
endfacet
facet normal -7.533886693397302e-17 9.601391014252735e-17 1.0
  outer loop
    vertex 19.29528476753829 -1.0497759832911757 25.000000000000007
    vertex 19.645541392394794 -6.058377986756053 25.000000000000007
    vertex 19.599601249847996 -1.484384960920563 25.000000000000007
  endloop
endfacet
facet normal -7.533886693397302e-17 9.601391014252735e-17 1.0
  outer loop
    vertex 19.599601249847996 -1.484384960920563 25.000000000000007
    vertex 19.645541392394794 -6.058377986756053 25.000000000000007
    vertex 19.823825424032975 -1.965235254205783 25.000000000000007
  endloop
endfacet
facet normal -7.533886693397302e-17 9.601391014252735e-17 1.0
  outer loop
    vertex 19.823825424032975 -1.965235254205783 25.000000000000007
    vertex 19.645541392394794 -6.058377986756053 25.000000000000007
    vertex 19.916232185752595 -5.0481461928036255 25.000000000000007
  endloop
endfacet
facet normal -7.533886693397302e-17 9.601391014252735e-17 1.0
  outer loop
    vertex 19.823825424032975 -1.965235254205783 25.000000000000007
    vertex 19.916232185752595 -5.0481461928036255 25.000000000000007
    vertex 19.961144352023513 -2.4777164703073566 25.000000000000007
  endloop
endfacet
facet normal -7.533886693397302e-17 9.601391014252735e-17 1.0
  outer loop
    vertex 19.961144352023513 -2.4777164703073566 25.000000000000007
    vertex 19.916232185752595 -5.0481461928036255 25.000000000000007
    vertex 20.007385667679344 -4.006257126802044 25.000000000000007
  endloop
endfacet
facet normal -7.533886693397302e-17 9.601391014252735e-17 1.0
  outer loop
    vertex 19.961144352023513 -2.4777164703073566 25.000000000000007
    vertex 20.007385667679344 -4.006257126802044 25.000000000000007
    vertex 20.007385667679344 -3.0062571268020455 25.000000000000007
  endloop
endfacet
facet normal -7.533886693397302e-17 9.601391014252735e-17 1.0
  outer loop
    vertex -5.175168284881783 -7.006257126802045 25.000000000000007
    vertex 0.0 -6.172771162340216 25.000000000000007
    vertex -5.6611979092842315 -6.172771162340216 25.000000000000004
  endloop
endfacet
facet normal -7.533886693397302e-17 9.601391014252735e-17 1.0
  outer loop
    vertex 0.0 -6.172771162340216 25.000000000000007
    vertex -5.175168284881783 -7.006257126802045 25.000000000000007
    vertex -4.5752825208890195 -7.862982784921287 25.000000000000007
  endloop
endfacet
facet normal -7.533886693397302e-17 9.601391014252735e-17 1.0
  outer loop
    vertex 0.0 -6.172771162340216 25.000000000000007
    vertex -4.5752825208890195 -7.862982784921287 25.000000000000007
    vertex -3.8357415202943894 -8.602523785515917 25.000000000000007
  endloop
endfacet
facet normal -7.533886693397302e-17 9.601391014252735e-17 1.0
  outer loop
    vertex 0.0 -6.172771162340216 25.000000000000007
    vertex -3.8357415202943894 -8.602523785515917 25.000000000000007
    vertex -2.9790158621751552 -9.202409549508674 25.000000000000007
  endloop
endfacet
facet normal -7.533886693397302e-17 9.601391014252735e-17 1.0
  outer loop
    vertex 0.0 -6.172771162340216 25.000000000000007
    vertex -2.9790158621751552 -9.202409549508674 25.000000000000007
    vertex -2.0311367221291627 -9.644412851517496 25.000000000000007
  endloop
endfacet
facet normal -7.533886693397302e-17 9.601391014252735e-17 1.0
  outer loop
    vertex 0.0 -6.172771162340216 25.000000000000007
    vertex -2.0311367221291627 -9.644412851517496 25.000000000000007
    vertex -1.0209049281767337 -9.915103644875302 25.000000000000007
  endloop
endfacet
facet normal -7.533886693397302e-17 9.601391014252735e-17 1.0
  outer loop
    vertex 0.0 -6.172771162340216 25.000000000000007
    vertex -1.0209049281767337 -9.915103644875302 25.000000000000007
    vertex -0.3155509777084292 -10.006257126802048 25.000000000000007
  endloop
endfacet
facet normal -7.533886693397302e-17 9.601391014252735e-17 1.0
  outer loop
    vertex 0.0 -6.172771162340216 25.000000000000007
    vertex -0.3155509777084292 -10.006257126802048 25.000000000000007
    vertex -5.639932965095795e-15 -10.047036044003002 25.000000000000004
  endloop
endfacet
facet normal -7.533886693397302e-17 9.601391014252735e-17 1.0
  outer loop
    vertex 0.0 -6.172771162340216 25.000000000000007
    vertex -5.639932965095795e-15 -10.047036044003002 25.000000000000004
    vertex 0.9783696893972471 -10.173471578589508 25.000000000000007
  endloop
endfacet
facet normal -7.533886693397302e-17 9.601391014252735e-17 1.0
  outer loop
    vertex 0.0 -6.172771162340216 25.000000000000007
    vertex 0.9783696893972471 -10.173471578589508 25.000000000000007
    vertex 2.7246687411761554 -5.884864279669258 25.000000000000004
  endloop
endfacet
facet normal -7.533886693397302e-17 9.601391014252735e-17 1.0
  outer loop
    vertex 2.7246687411761554 -5.884864279669258 25.000000000000004
    vertex 0.9783696893972471 -10.173471578589508 25.000000000000007
    vertex 2.9857816511432933 -10.358269309869602 25.000000000000007
  endloop
endfacet
facet normal -7.533886693397302e-17 9.601391014252735e-17 1.0
  outer loop
    vertex 2.7246687411761554 -5.884864279669258 25.000000000000004
    vertex 2.9857816511432933 -10.358269309869602 25.000000000000007
    vertex 4.066342511759471 -5.704064173472581 25.000000000000004
  endloop
endfacet
facet normal -7.533886693397302e-17 9.601391014252735e-17 1.0
  outer loop
    vertex 4.066342511759471 -5.704064173472581 25.000000000000004
    vertex 2.9857816511432933 -10.358269309869602 25.000000000000007
    vertex 4.998624611447684 -10.46924769875873 25.000000000000007
  endloop
endfacet
facet normal -7.533886693397302e-17 9.601391014252735e-17 1.0
  outer loop
    vertex 4.066342511759471 -5.704064173472581 25.000000000000004
    vertex 4.998624611447684 -10.46924769875873 25.000000000000007
    vertex 5.394920056816444 -5.4439509445849135 25.000000000000004
  endloop
endfacet
facet normal -7.533886693397302e-17 9.601391014252735e-17 1.0
  outer loop
    vertex 5.394920056816444 -5.4439509445849135 25.000000000000004
    vertex 4.998624611447684 -10.46924769875873 25.000000000000007
    vertex 7.014184902752088 -10.506257126802046 25.000000000000007
  endloop
endfacet
facet normal -7.533886693397302e-17 9.601391014252735e-17 1.0
  outer loop
    vertex 5.394920056816444 -5.4439509445849135 25.000000000000004
    vertex 7.014184902752088 -10.506257126802046 25.000000000000007
    vertex 6.705717021999185 -5.105441711121934 25.000000000000004
  endloop
endfacet
facet normal -7.533886693397302e-17 9.601391014252735e-17 1.0
  outer loop
    vertex 6.705717021999185 -5.105441711121934 25.000000000000004
    vertex 7.014184902752088 -10.506257126802046 25.000000000000007
    vertex 7.994111744472973 -4.689730003115441 25.000000000000004
  endloop
endfacet
facet normal -7.533886693397302e-17 9.601391014252735e-17 1.0
  outer loop
    vertex 7.994111744472973 -4.689730003115441 25.000000000000004
    vertex 7.014184902752088 -10.506257126802046 25.000000000000007
    vertex 7.99411174447297 -10.488263851139264 25.000000000000007
  endloop
endfacet
facet normal -7.533886693397302e-17 9.601391014252735e-17 1.0
  outer loop
    vertex 7.994111744472973 -4.689730003115441 25.000000000000004
    vertex 7.99411174447297 -10.488263851139264 25.000000000000007
    vertex 9.029745194056558 -10.46924769875872 25.000000000000007
  endloop
endfacet
facet normal -7.533886693397302e-17 9.601391014252735e-17 1.0
  outer loop
    vertex 7.994111744472973 -4.689730003115441 25.000000000000004
    vertex 9.029745194056558 -10.46924769875872 25.000000000000007
    vertex 9.255561548168597 -4.19828155431511 25.000000000000004
  endloop
endfacet
facet normal -7.533886693397302e-17 9.601391014252735e-17 1.0
  outer loop
    vertex 9.255561548168597 -4.19828155431511 25.000000000000004
    vertex 9.029745194056558 -10.46924769875872 25.000000000000007
    vertex 11.042588154360926 -10.358269309869602 25.000000000000007
  endloop
endfacet
facet normal -7.533886693397302e-17 9.601391014252735e-17 1.0
  outer loop
    vertex 9.255561548168597 -4.19828155431511 25.000000000000004
    vertex 11.042588154360926 -10.358269309869602 25.000000000000007
    vertex 10.485618760539907 -3.6328291342430927 25.000000000000004
  endloop
endfacet
facet normal -7.533886693397302e-17 9.601391014252735e-17 1.0
  outer loop
    vertex 10.485618760539907 -3.6328291342430927 25.000000000000004
    vertex 11.042588154360926 -10.358269309869602 25.000000000000007
    vertex 11.679946394353946 -2.9953664387226837 25.000000000000007
  endloop
endfacet
facet normal -7.533886693397302e-17 9.601391014252735e-17 1.0
  outer loop
    vertex 11.679946394353946 -2.9953664387226837 25.000000000000007
    vertex 11.042588154360926 -10.358269309869602 25.000000000000007
    vertex 12.046294135233937 -10.265870444229554 25.000000000000007
  endloop
endfacet
facet normal -7.533886693397302e-17 9.601391014252735e-17 1.0
  outer loop
    vertex 11.679946394353946 -2.9953664387226837 25.000000000000007
    vertex 12.046294135233937 -10.265870444229554 25.000000000000007
    vertex 11.881566466798134 -2.8718456207775884 25.000000000000004
  endloop
endfacet
facet normal -7.533886693397302e-17 9.601391014252735e-17 1.0
  outer loop
    vertex 11.881566466798134 -2.8718456207775884 25.000000000000004
    vertex 12.046294135233937 -10.265870444229554 25.000000000000007
    vertex 12.834333439222146 -2.288141060422052 25.000000000000007
  endloop
endfacet
facet normal -7.533886693397302e-17 9.601391014252735e-17 1.0
  outer loop
    vertex 12.834333439222146 -2.288141060422052 25.000000000000007
    vertex 12.046294135233937 -10.265870444229554 25.000000000000007
    vertex 13.050000116106961 -10.173471578589508 25.000000000000007
  endloop
endfacet
facet normal -7.533886693397302e-17 9.601391014252735e-17 1.0
  outer loop
    vertex 12.834333439222146 -2.288141060422052 25.000000000000007
    vertex 13.050000116106961 -10.173471578589508 25.000000000000007
    vertex 13.944709708957092 -1.5136465641979204 25.000000000000007
  endloop
endfacet
facet normal -7.533886693397302e-17 9.601391014252735e-17 1.0
  outer loop
    vertex 13.944709708957092 -1.5136465641979204 25.000000000000007
    vertex 13.050000116106961 -10.173471578589508 25.000000000000007
    vertex 13.91711292987124 -4.844735659799084 25.00000000000001
  endloop
endfacet
facet normal -7.533886693397302e-17 9.601391014252735e-17 1.0
  outer loop
    vertex 13.944709708957092 -1.5136465641979204 25.000000000000007
    vertex 13.91711292987124 -4.844735659799084 25.00000000000001
    vertex 13.968224190437642 -4.456507092145303 25.00000000000001
  endloop
endfacet
facet normal -7.533886693397302e-17 9.601391014252735e-17 1.0
  outer loop
    vertex 13.944709708957092 -1.5136465641979204 25.000000000000007
    vertex 13.968224190437642 -4.456507092145303 25.00000000000001
    vertex 15.007160192405516 -0.6746136951801409 25.000000000000007
  endloop
endfacet
facet normal -7.533886693397302e-17 9.601391014252735e-17 1.0
  outer loop
    vertex 15.007160192405516 -0.6746136951801409 25.000000000000007
    vertex 13.968224190437642 -4.456507092145303 25.00000000000001
    vertex 14.118074824194588 -4.094735659799085 25.00000000000001
  endloop
endfacet
facet normal -7.533886693397302e-17 9.601391014252735e-17 1.0
  outer loop
    vertex 15.007160192405516 -0.6746136951801409 25.000000000000007
    vertex 14.118074824194588 -4.094735659799085 25.00000000000001
    vertex 14.356452758091425 -3.784075488019263 25.00000000000001
  endloop
endfacet
facet normal -7.533886693397302e-17 9.601391014252735e-17 1.0
  outer loop
    vertex 15.007160192405516 -0.6746136951801409 25.000000000000007
    vertex 14.356452758091425 -3.784075488019263 25.00000000000001
    vertex 14.667112929871239 -3.5456975541224263 25.00000000000001
  endloop
endfacet
facet normal -7.533886693397302e-17 9.601391014252735e-17 1.0
  outer loop
    vertex 15.007160192405516 -0.6746136951801409 25.000000000000007
    vertex 14.667112929871239 -3.5456975541224263 25.00000000000001
    vertex 15.02888436221746 -3.3958469203654813 25.00000000000001
  endloop
endfacet
facet normal -7.533886693397302e-17 9.601391014252735e-17 1.0
  outer loop
    vertex 15.007160192405516 -0.6746136951801409 25.000000000000007
    vertex 15.02888436221746 -3.3958469203654813 25.00000000000001
    vertex 15.4417691700349 -0.3702972128704289 25.000000000000007
  endloop
endfacet
facet normal -7.533886693397302e-17 9.601391014252735e-17 1.0
  outer loop
    vertex 15.4417691700349 -0.3702972128704289 25.000000000000007
    vertex 15.02888436221746 -3.3958469203654813 25.00000000000001
    vertex 15.417112929871244 -3.344735659799084 25.00000000000001
  endloop
endfacet
facet normal -7.533886693397302e-17 9.601391014252735e-17 1.0
  outer loop
    vertex 15.4417691700349 -0.3702972128704289 25.000000000000007
    vertex 15.417112929871244 -3.344735659799084 25.00000000000001
    vertex 15.805341497525028 -3.3958469203654813 25.00000000000001
  endloop
endfacet
facet normal -7.533886693397302e-17 9.601391014252735e-17 1.0
  outer loop
    vertex 15.4417691700349 -0.3702972128704289 25.000000000000007
    vertex 15.805341497525028 -3.3958469203654813 25.00000000000001
    vertex 15.922619463320123 -0.14607303868545465 25.000000000000007
  endloop
endfacet
facet normal -7.533886693397302e-17 9.601391014252735e-17 1.0
  outer loop
    vertex 15.922619463320123 -0.14607303868545465 25.000000000000007
    vertex 15.805341497525028 -3.3958469203654813 25.00000000000001
    vertex 16.167112929871244 -3.545697554122425 25.00000000000001
  endloop
endfacet
facet normal -7.533886693397302e-17 9.601391014252735e-17 1.0
  outer loop
    vertex 15.922619463320123 -0.14607303868545465 25.000000000000007
    vertex 16.167112929871244 -3.545697554122425 25.00000000000001
    vertex 16.435100679421698 -0.008754110694918748 25.000000000000007
  endloop
endfacet
facet normal -7.533886693397302e-17 9.601391014252735e-17 1.0
  outer loop
    vertex 16.435100679421698 -0.008754110694918748 25.000000000000007
    vertex 16.167112929871244 -3.545697554122425 25.00000000000001
    vertex 16.477773101651064 -3.784075488019263 25.00000000000001
  endloop
endfacet
facet normal -7.533886693397302e-17 9.601391014252735e-17 1.0
  outer loop
    vertex 16.435100679421698 -0.008754110694918748 25.000000000000007
    vertex 16.477773101651064 -3.784075488019263 25.00000000000001
    vertex 16.963641335916385 0.03748720496091672 25.000000000000007
  endloop
endfacet
facet normal -7.533886693397302e-17 9.601391014252735e-17 1.0
  outer loop
    vertex 16.963641335916385 0.03748720496091672 25.000000000000007
    vertex 16.477773101651064 -3.784075488019263 25.00000000000001
    vertex 16.7161510355479 -4.094735659799084 25.00000000000001
  endloop
endfacet
facet normal -7.533886693397302e-17 9.601391014252735e-17 1.0
  outer loop
    vertex 16.963641335916385 0.03748720496091672 25.000000000000007
    vertex 16.7161510355479 -4.094735659799084 25.00000000000001
    vertex 16.866001669304847 -4.456507092145302 25.00000000000001
  endloop
endfacet
facet normal -7.533886693397302e-17 9.601391014252735e-17 1.0
  outer loop
    vertex 16.963641335916385 0.03748720496091672 25.000000000000007
    vertex 16.866001669304847 -4.456507092145302 25.00000000000001
    vertex 16.917112929871248 -4.844735659799084 25.00000000000001
  endloop
endfacet
facet normal -0.017026315607673124 -0.9998550417819716 -1.2549406878400962e-16
  outer loop
    vertex 1.1480004462690445 14.86290064369757 18.000000000000025
    vertex -0.7706781016660591 14.895573406389842 15.800000000000022
    vertex 1.1480004462690727 14.86290064369757 15.800000000000022
  endloop
endfacet
facet normal -0.017026315607673124 -0.9998550417819716 -1.2549406878400962e-16
  outer loop
    vertex -0.7706781016660591 14.895573406389842 15.800000000000022
    vertex 1.1480004462690445 14.86290064369757 18.000000000000025
    vertex -0.7706781016660662 14.895573406389842 18.000000000000025
  endloop
endfacet
facet normal -0.5146727427400813 -0.8573867084813026 7.66055138446735e-17
  outer loop
    vertex -3.122989216392297 14.566180986535894 18.000000000000025
    vertex -3.7292531720586397 14.930109573019285 15.800000000000033
    vertex -3.122989216392297 14.566180986535894 15.800000000000027
  endloop
endfacet
facet normal -0.5146727427400813 -0.8573867084813026 7.66055138446735e-17
  outer loop
    vertex -3.7292531720586397 14.930109573019285 15.800000000000033
    vertex -3.122989216392297 14.566180986535894 18.000000000000025
    vertex -3.7292531720586397 14.930109573019285 18.00000000000004
  endloop
endfacet
facet normal -0.10508173249144558 0.994463588823943 4.3208274849871217e-16
  outer loop
    vertex 0.0 -6.172771162340216 25.000000000000007
    vertex 2.7246687411761585 -5.884864279669253 20.500000000000004
    vertex 0.0 -6.172771162340216 20.500000000000004
  endloop
endfacet
facet normal -0.10508173249144558 0.994463588823943 4.3208274849871217e-16
  outer loop
    vertex 2.7246687411761585 -5.884864279669253 20.500000000000004
    vertex 0.0 -6.172771162340216 25.000000000000007
    vertex 2.7246687411761554 -5.884864279669258 25.000000000000004
  endloop
endfacet
facet normal -0.8573867084813035 0.5146727427400799 6.2825111754235095e-18
  outer loop
    vertex -3.6716503642415192 16.76275243875656 18.00000000000004
    vertex -4.03557895072491 16.156488483090218 15.800000000000052
    vertex -4.03557895072491 16.156488483090218 18.000000000000053
  endloop
endfacet
facet normal -0.8573867084813035 0.5146727427400799 6.2825111754235095e-18
  outer loop
    vertex -4.03557895072491 16.156488483090218 15.800000000000052
    vertex -3.6716503642415192 16.76275243875656 18.00000000000004
    vertex -3.6716503642415192 16.76275243875656 15.800000000000061
  endloop
endfacet
facet normal 0.2423353691829498 -0.9701925421497342 3.846957914883507e-17
  outer loop
    vertex -2.6772067399480535 14.677528844111709 18.000000000000025
    vertex -3.122989216392297 14.566180986535894 15.800000000000027
    vertex -2.677206739948052 14.677528844111709 15.800000000000024
  endloop
endfacet
facet normal 0.2423353691829498 -0.9701925421497342 3.846957914883507e-17
  outer loop
    vertex -3.122989216392297 14.566180986535894 15.800000000000027
    vertex -2.6772067399480535 14.677528844111709 18.000000000000025
    vertex -3.122989216392297 14.566180986535894 18.000000000000025
  endloop
endfacet
facet normal -0.9701925421497337 -0.24233536918295145 1.53244880922537e-16
  outer loop
    vertex -4.03557895072491 16.156488483090218 18.000000000000053
    vertex -3.7292531720586397 14.930109573019285 15.800000000000033
    vertex -3.7292531720586397 14.930109573019285 18.00000000000004
  endloop
endfacet
facet normal -0.9701925421497337 -0.24233536918295145 1.53244880922537e-16
  outer loop
    vertex -3.7292531720586397 14.930109573019285 15.800000000000033
    vertex -4.03557895072491 16.156488483090218 18.000000000000053
    vertex -4.03557895072491 16.156488483090218 15.800000000000052
  endloop
endfacet
facet normal -0.14738792449318106 -0.9890787631496252 -2.786011167685589e-15
  outer loop
    vertex 3.045999781943985 14.580069596063154 15.800000000000024
    vertex 1.1480004462690445 14.86290064369757 18.000000000000025
    vertex 1.1480004462690727 14.86290064369757 15.800000000000022
  endloop
endfacet
facet normal -0.14738792449318106 -0.9890787631496252 -2.786011167685589e-15
  outer loop
    vertex 1.1480004462690445 14.86290064369757 18.000000000000025
    vertex 3.045999781943985 14.580069596063154 15.800000000000024
    vertex 3.045999781944193 14.580069596063115 18.000000000000025
  endloop
endfacet
facet normal 3.7359140164353087e-16 1.0 4.699944137579825e-16
  outer loop
    vertex -5.6611979092842315 -6.172771162340216 25.000000000000004
    vertex 0.0 -6.172771162340216 20.500000000000004
    vertex -5.661197909284228 -6.1727711623402115 20.500000000000004
  endloop
endfacet
facet normal 3.7359140164353087e-16 1.0 4.699944137579825e-16
  outer loop
    vertex 0.0 -6.172771162340216 20.500000000000004
    vertex -5.6611979092842315 -6.172771162340216 25.000000000000004
    vertex 0.0 -6.172771162340216 25.000000000000007
  endloop
endfacet
facet normal -0.8638558117011018 -0.5037391553078148 -2.6903095981583513e-16
  outer loop
    vertex -5.761945740345798 -5.999999999999995 20.500000000000004
    vertex -5.761945740345656 -6.00000000000017 4.500000000000477
    vertex -5.661197909284228 -6.1727711623402115 20.500000000000004
  endloop
endfacet
facet normal -0.8638558117011018 -0.5037391553078148 -2.6903095981583513e-16
  outer loop
    vertex -5.175168284881783 -7.006257126802045 25.000000000000007
    vertex -5.761945740345656 -6.00000000000017 4.737543690680468e-13
    vertex -5.175168284881772 -7.00625712680215 4.963141009284299e-13
  endloop
endfacet
facet normal -0.8638558117011018 -0.5037391553078148 -2.6903095981583513e-16
  outer loop
    vertex -5.761945740345656 -6.00000000000017 4.737543690680468e-13
    vertex -5.175168284881783 -7.006257126802045 25.000000000000007
    vertex -5.661197909284228 -6.1727711623402115 20.500000000000004
  endloop
endfacet
facet normal -0.8638558117011018 -0.5037391553078148 -2.6903095981583513e-16
  outer loop
    vertex -5.661197909284228 -6.1727711623402115 20.500000000000004
    vertex -5.175168284881783 -7.006257126802045 25.000000000000007
    vertex -5.6611979092842315 -6.172771162340216 25.000000000000004
  endloop
endfacet
facet normal -0.8638558117011018 -0.5037391553078148 -2.6903095981583513e-16
  outer loop
    vertex -5.761945740345656 -6.00000000000017 4.737543690680468e-13
    vertex -5.661197909284228 -6.1727711623402115 20.500000000000004
    vertex -5.761945740345656 -6.00000000000017 4.500000000000477
  endloop
endfacet
facet normal -0.11362661825846479 0.9935235234372386 -2.7618160857721086e-15
  outer loop
    vertex -3.050102099092631 16.918003197504028 15.80000000000006
    vertex -0.7835883277428781 17.177218293069892 18.00000000000001
    vertex -0.7835883277428726 17.177218293069885 15.800000000000056
  endloop
endfacet
facet normal -0.11362661825846479 0.9935235234372386 -2.7618160857721086e-15
  outer loop
    vertex -0.7835883277428781 17.177218293069892 18.00000000000001
    vertex -3.050102099092631 16.918003197504028 15.80000000000006
    vertex -3.050102099092634 16.91800319750403 18.00000000000001
  endloop
endfacet
facet normal -0.2423353691829557 0.9701925421497327 -1.3174793666529874e-15
  outer loop
    vertex -3.6716503642415192 16.76275243875656 15.800000000000061
    vertex -3.050102099092634 16.91800319750403 18.00000000000001
    vertex -3.050102099092631 16.918003197504028 15.80000000000006
  endloop
endfacet
facet normal -0.2423353691829557 0.9701925421497327 -1.3174793666529874e-15
  outer loop
    vertex -3.050102099092634 16.91800319750403 18.00000000000001
    vertex -3.6716503642415192 16.76275243875656 15.800000000000061
    vertex -3.6716503642415192 16.76275243875656 18.00000000000004
  endloop
endfacet
facet normal 0.11362661825846639 -0.9935235234372384 1.817088117860493e-16
  outer loop
    vertex -0.7706781016660662 14.895573406389842 18.000000000000025
    vertex -2.677206739948052 14.677528844111709 15.800000000000024
    vertex -0.7706781016660591 14.895573406389842 15.800000000000022
  endloop
endfacet
facet normal 0.11362661825846639 -0.9935235234372384 1.817088117860493e-16
  outer loop
    vertex -2.677206739948052 14.677528844111709 15.800000000000024
    vertex -0.7706781016660662 14.895573406389842 18.000000000000025
    vertex -2.6772067399480535 14.677528844111709 18.000000000000025
  endloop
endfacet
facet normal -0.2752276851269495 -0.9613790726553499 9.608219585364978e-15
  outer loop
    vertex 4.890844610500464 14.051919581127212 15.800000000000027
    vertex 3.045999781944193 14.580069596063115 18.000000000000025
    vertex 3.045999781943985 14.580069596063154 15.800000000000024
  endloop
endfacet
facet normal -0.2752276851269495 -0.9613790726553499 9.608219585364978e-15
  outer loop
    vertex 3.045999781944193 14.580069596063115 18.000000000000025
    vertex 4.890844610500464 14.051919581127212 15.800000000000027
    vertex 4.890844610500447 14.05191958112724 18.000000000000025
  endloop
endfacet
facet normal -0.09263188968858607 0.34119467443435436 0.9354173010749569
  outer loop
    vertex -6.170847255989027 20.582517156431212 15.37064764439831
    vertex -5.845405320542366 23.99835904053805 14.156942534606065
    vertex -7.093371464353188 23.65954524644756 14.156942534606065
  endloop
endfacet
facet normal -0.09263188968858607 0.34119467443435436 0.9354173010749569
  outer loop
    vertex -5.845405320542366 23.99835904053805 14.156942534606065
    vertex -6.170847255989027 20.582517156431212 15.37064764439831
    vertex -6.125861100533395 20.43246834172935 15.429833003710698
  endloop
endfacet
facet normal -0.09263188968858607 0.34119467443435436 0.9354173010749569
  outer loop
    vertex -5.845405320542366 23.99835904053805 14.156942534606065
    vertex -6.125861100533395 20.43246834172935 15.429833003710698
    vertex -6.027598279661918 20.400974944502632 15.451050967259398
  endloop
endfacet
facet normal -0.09263188968858607 0.34119467443435436 0.9354173010749569
  outer loop
    vertex -5.845405320542366 23.99835904053805 14.156942534606065
    vertex -6.027598279661918 20.400974944502632 15.451050967259398
    vertex -5.67273350951901 20.233452937412526 15.547296151957688
  endloop
endfacet
facet normal -0.09263188968858607 0.34119467443435436 0.9354173010749569
  outer loop
    vertex -5.845405320542366 23.99835904053805 14.156942534606065
    vertex -5.67273350951901 20.233452937412526 15.547296151957688
    vertex -5.085184607021239 20.877266723976266 15.37064764439831
  endloop
endfacet
facet normal -0.09263188968858607 0.34119467443435436 0.9354173010749569
  outer loop
    vertex -5.085184607021239 20.877266723976266 15.37064764439831
    vertex -5.67273350951901 20.233452937412526 15.547296151957688
    vertex -5.342770668809687 20.021045095856948 15.657447531123289
  endloop
endfacet
facet normal -0.09263188968858607 0.34119467443435436 0.9354173010749569
  outer loop
    vertex -5.085184607021239 20.877266723976266 15.37064764439831
    vertex -5.342770668809687 20.021045095856948 15.657447531123289
    vertex -5.043355513221469 19.76738577689549 15.779620384118942
  endloop
endfacet
facet normal -0.09263188968858607 0.34119467443435436 0.9354173010749569
  outer loop
    vertex -5.085184607021239 20.877266723976266 15.37064764439831
    vertex -5.043355513221469 19.76738577689549 15.779620384118942
    vertex -4.816253915790165 19.77316958592107 15.799999999999503
  endloop
endfacet
facet normal -0.09263188968858607 0.34119467443435436 0.9354173010749569
  outer loop
    vertex -4.816253915790165 19.77316958592107 15.799999999999503
    vertex -5.043355513221469 19.76738577689549 15.779620384118942
    vertex -5.002667775652094 19.722559569420138 15.799999999999503
  endloop
endfacet
facet normal -0.1615460223099916 0.3144794993723214 0.9354173010749556
  outer loop
    vertex -10.558108292970624 19.293361343170233 15.179583686610064
    vertex -10.70720859457506 22.258609213341643 14.156942534606065
    vertex -11.8574603351389 21.667732562513486 14.156942534606065
  endloop
endfacet
facet normal -0.1615460223099916 0.3144794993723214 0.9354173010749556
  outer loop
    vertex -10.70720859457506 22.258609213341643 14.156942534606065
    vertex -10.558108292970624 19.293361343170233 15.179583686610064
    vertex -10.406143794500165 19.38015872278561 15.17664731134217
  endloop
endfacet
facet normal -0.1615460223099916 0.3144794993723214 0.9354173010749556
  outer loop
    vertex -10.70720859457506 22.258609213341643 14.156942534606065
    vertex -10.406143794500165 19.38015872278561 15.17664731134217
    vertex -9.539153638212579 19.816847761727015 15.179564790823646
  endloop
endfacet
facet normal 1.1760480572726078e-05 -8.627766650882435e-06 0.9999999998936264
  outer loop
    vertex -4.779611627979786 19.476814543479755 15.8000000034643
    vertex -4.816253915790165 19.77316958592107 15.799999999999503
    vertex -5.002667775652094 19.722559569420138 15.799999999999503
  endloop
endfacet
facet normal 1.1760480572726078e-05 -8.627766650882435e-06 0.9999999998936264
  outer loop
    vertex -4.816253915790165 19.77316958592107 15.799999999999503
    vertex -4.779611627979786 19.476814543479755 15.8000000034643
    vertex -3.7748056689523435 19.998134398403355 15.799999999999503
  endloop
endfacet
facet normal 1.1760480572726078e-05 -8.627766650882435e-06 0.9999999998936264
  outer loop
    vertex -3.7748056689523435 19.998134398403355 15.799999999999503
    vertex -4.779611627979786 19.476814543479755 15.8000000034643
    vertex -4.556051371660606 19.154303602477885 15.800000007849095
  endloop
endfacet
facet normal 1.1760480572726078e-05 -8.627766650882435e-06 0.9999999998936264
  outer loop
    vertex -3.7748056689523435 19.998134398403355 15.799999999999503
    vertex -4.556051371660606 19.154303602477885 15.800000007849095
    vertex -4.376499829403826 18.805371318295673 15.80000001232472
  endloop
endfacet
facet normal 1.1760480572726078e-05 -8.627766650882435e-06 0.9999999998936264
  outer loop
    vertex -3.7748056689523435 19.998134398403355 15.799999999999503
    vertex -4.376499829403826 18.805371318295673 15.80000001232472
    vertex -4.244029177878551 18.43598801905779 15.800000016814591
  endloop
endfacet
facet normal 1.1760480572726078e-05 -8.627766650882435e-06 0.9999999998936264
  outer loop
    vertex -3.7748056689523435 19.998134398403355 15.799999999999503
    vertex -4.244029177878551 18.43598801905779 15.800000016814591
    vertex -4.160906026660183 18.052473955426574 15.800000021241887
  endloop
endfacet
facet normal 1.1760480572726078e-05 -8.627766650882435e-06 0.9999999998936264
  outer loop
    vertex -3.7748056689523435 19.998134398403355 15.799999999999503
    vertex -4.160906026660183 18.052473955426574 15.800000021241887
    vertex -4.128552635912154 17.661391159360956 15.80000002553086
  endloop
endfacet
facet normal 1.1760480572726078e-05 -8.627766650882435e-06 0.9999999998936264
  outer loop
    vertex -3.7748056689523435 19.998134398403355 15.799999999999503
    vertex -4.128552635912154 17.661391159360956 15.80000002553086
    vertex -4.03557895072491 16.156488483090218 15.800000000000052
  endloop
endfacet
facet normal 1.1760480572726078e-05 -8.627766650882435e-06 0.9999999998936264
  outer loop
    vertex -3.7748056689523435 19.998134398403355 15.799999999999503
    vertex -4.03557895072491 16.156488483090218 15.800000000000052
    vertex -3.6716503642415192 16.76275243875656 15.800000000000061
  endloop
endfacet
facet normal 1.1760480572726078e-05 -8.627766650882435e-06 0.9999999998936264
  outer loop
    vertex -3.7748056689523435 19.998134398403355 15.799999999999503
    vertex -3.6716503642415192 16.76275243875656 15.800000000000061
    vertex -2.723010942159464 20.16828571455289 15.799999999999503
  endloop
endfacet
facet normal 1.1760480572726078e-05 -8.627766650882435e-06 0.9999999998936264
  outer loop
    vertex -2.723010942159464 20.16828571455289 15.799999999999503
    vertex -3.6716503642415192 16.76275243875656 15.800000000000061
    vertex -3.050102099092631 16.918003197504028 15.80000000000006
  endloop
endfacet
facet normal 1.1760480572726078e-05 -8.627766650882435e-06 0.9999999998936264
  outer loop
    vertex -2.723010942159464 20.16828571455289 15.799999999999503
    vertex -3.050102099092631 16.918003197504028 15.80000000000006
    vertex -0.7835883277428726 17.177218293069885 15.800000000000056
  endloop
endfacet
facet normal 1.1760480572726078e-05 -8.627766650882435e-06 0.9999999998936264
  outer loop
    vertex -2.723010942159464 20.16828571455289 15.799999999999503
    vertex -0.7835883277428726 17.177218293069885 15.800000000000056
    vertex -1.6637526316482907 20.28315716143919 15.799999999999503
  endloop
endfacet
facet normal 1.1760480572726078e-05 -8.627766650882435e-06 0.9999999998936264
  outer loop
    vertex -1.6637526316482907 20.28315716143919 15.799999999999503
    vertex -0.7835883277428726 17.177218293069885 15.800000000000056
    vertex -0.5999340908197988 20.34243388441094 15.799999999999503
  endloop
endfacet
facet normal 1.1760480572726078e-05 -8.627766650882435e-06 0.9999999998936264
  outer loop
    vertex -0.5999340908197988 20.34243388441094 15.799999999999503
    vertex -0.7835883277428726 17.177218293069885 15.800000000000056
    vertex 1.5054161759200295 17.13823932964206 15.800000000000056
  endloop
endfacet
facet normal 1.1760480572726078e-05 -8.627766650882435e-06 0.9999999998936264
  outer loop
    vertex -0.5999340908197988 20.34243388441094 15.799999999999503
    vertex 1.5054161759200295 17.13823932964206 15.800000000000056
    vertex 0.4655288276507285 20.345953410090775 15.799999999999503
  endloop
endfacet
facet normal 1.1760480572726078e-05 -8.627766650882435e-06 0.9999999998936264
  outer loop
    vertex 0.4655288276507285 20.345953410090775 15.799999999999503
    vertex 1.5054161759200295 17.13823932964206 15.800000000000056
    vertex 1.5297157639631735 20.293706091703427 15.799999999999503
  endloop
endfacet
facet normal 1.1760480572726078e-05 -8.627766650882435e-06 0.9999999998936264
  outer loop
    vertex 1.5297157639631735 20.293706091703427 15.799999999999503
    vertex 1.5054161759200295 17.13823932964206 15.800000000000056
    vertex 3.621588327776671 16.83997591180571 15.800000000000018
  endloop
endfacet
facet normal 1.1760480572726078e-05 -8.627766650882435e-06 0.9999999998936264
  outer loop
    vertex 1.5297157639631735 20.293706091703427 15.799999999999503
    vertex 3.621588327776671 16.83997591180571 15.800000000000018
    vertex 2.589709855695835 20.185835135516935 15.799999999999503
  endloop
endfacet
facet normal 1.1760480572726078e-05 -8.627766650882435e-06 0.9999999998936264
  outer loop
    vertex 2.589709855695835 20.185835135516935 15.799999999999503
    vertex 3.621588327776671 16.83997591180571 15.800000000000018
    vertex 3.642605732722551 20.022636208324197 15.799999999999503
  endloop
endfacet
facet normal 1.1760480572726078e-05 -8.627766650882435e-06 0.9999999998936264
  outer loop
    vertex 3.642605732722551 20.022636208324197 15.799999999999503
    vertex 3.621588327776671 16.83997591180571 15.800000000000018
    vertex 5.946926460379031 16.17426823251757 15.800000000000024
  endloop
endfacet
facet normal 1.1760480572726078e-05 -8.627766650882435e-06 0.9999999998936264
  outer loop
    vertex 3.642605732722551 20.022636208324197 15.799999999999503
    vertex 5.946926460379031 16.17426823251757 15.800000000000024
    vertex 4.685517480630293 19.804556627040814 15.799999999999503
  endloop
endfacet
facet normal 1.1760480572726078e-05 -8.627766650882435e-06 0.9999999998936264
  outer loop
    vertex 4.685517480630293 19.804556627040814 15.799999999999503
    vertex 5.946926460379031 16.17426823251757 15.800000000000024
    vertex 5.715586550809972 19.532194132640562 15.799999999999503
  endloop
endfacet
facet normal 1.1760480572726078e-05 -8.627766650882435e-06 0.9999999998936264
  outer loop
    vertex 5.715586550809972 19.532194132640562 15.799999999999503
    vertex 5.946926460379031 16.17426823251757 15.800000000000024
    vertex 6.72998959553943 19.20629525178891 15.799999999999503
  endloop
endfacet
facet normal 1.1760480572726078e-05 -8.627766650882435e-06 0.9999999998936264
  outer loop
    vertex 6.72998959553943 19.20629525178891 15.799999999999503
    vertex 5.946926460379031 16.17426823251757 15.800000000000024
    vertex 7.97880866988238 15.291810115420681 15.800000000000027
  endloop
endfacet
facet normal 1.1760480572726078e-05 -8.627766650882435e-06 0.9999999998936264
  outer loop
    vertex 6.72998959553943 19.20629525178891 15.799999999999503
    vertex 7.97880866988238 15.291810115420681 15.800000000000027
    vertex 7.867677208995961 18.773884300271696 15.799999999999503
  endloop
endfacet
facet normal 1.1760480572726078e-05 -8.627766650882435e-06 0.9999999998936264
  outer loop
    vertex 7.867677208995961 18.773884300271696 15.799999999999503
    vertex 7.97880866988238 15.291810115420681 15.800000000000027
    vertex 7.97880866988238 18.73384226837711 15.799999999999503
  endloop
endfacet
facet normal 1.1760480572726078e-05 -8.627766650882435e-06 0.9999999998936264
  outer loop
    vertex -7.3910362600902895 3.061467458920724 15.80000000000012
    vertex -4.2221845827652205 16.884326855533363 15.800000030326316
    vertex -7.559221435201419 2.5660099098704547 15.800000000000113
  endloop
endfacet
facet normal 1.1760480572726078e-05 -8.627766650882435e-06 0.9999999998936264
  outer loop
    vertex -4.2221845827652205 16.884326855533363 15.800000030326316
    vertex -7.3910362600902895 3.061467458920724 15.80000000000012
    vertex -6.928203230275505 4.000000000000001 15.80000000000012
  endloop
endfacet
facet normal 1.1760480572726078e-05 -8.627766650882435e-06 0.9999999998936264
  outer loop
    vertex -4.2221845827652205 16.884326855533363 15.800000030326316
    vertex -6.928203230275505 4.000000000000001 15.80000000000012
    vertex -6.346826722329879 4.870091432069766 15.80000000000012
  endloop
endfacet
facet normal 1.1760480572726078e-05 -8.627766650882435e-06 0.9999999998936264
  outer loop
    vertex -4.2221845827652205 16.884326855533363 15.800000030326316
    vertex -6.346826722329879 4.870091432069766 15.80000000000012
    vertex -5.656854249492377 5.656854249492383 15.800000000000123
  endloop
endfacet
facet normal 1.1760480572726078e-05 -8.627766650882435e-06 0.9999999998936264
  outer loop
    vertex -4.2221845827652205 16.884326855533363 15.800000030326316
    vertex -5.656854249492377 5.656854249492383 15.800000000000123
    vertex -4.870091432069761 6.346826722329881 15.800000000000123
  endloop
endfacet
facet normal 1.1760480572726078e-05 -8.627766650882435e-06 0.9999999998936264
  outer loop
    vertex -4.2221845827652205 16.884326855533363 15.800000030326316
    vertex -4.870091432069761 6.346826722329881 15.800000000000123
    vertex -4.583063909536763 6.538612381381331 15.79999999999997
  endloop
endfacet
facet normal 1.1760480572726078e-05 -8.627766650882435e-06 0.9999999998936264
  outer loop
    vertex -4.2221845827652205 16.884326855533363 15.800000030326316
    vertex -4.583063909536763 6.538612381381331 15.79999999999997
    vertex -3.999999999999997 6.928203230275508 15.800000000000123
  endloop
endfacet
facet normal 1.1760480572726078e-05 -8.627766650882435e-06 0.9999999998936264
  outer loop
    vertex -4.2221845827652205 16.884326855533363 15.800000030326316
    vertex -3.999999999999997 6.928203230275508 15.800000000000123
    vertex -4.137981439930621 17.267204236219673 15.8000000311349
  endloop
endfacet
facet normal 1.1760480572726078e-05 -8.627766650882435e-06 0.9999999998936264
  outer loop
    vertex -4.137981439930621 17.267204236219673 15.8000000311349
    vertex -3.999999999999997 6.928203230275508 15.800000000000123
    vertex -4.128552635912154 17.661391159360956 15.80000002553086
  endloop
endfacet
facet normal 1.1760480572726078e-05 -8.627766650882435e-06 0.9999999998936264
  outer loop
    vertex -4.128552635912154 17.661391159360956 15.80000002553086
    vertex -3.999999999999997 6.928203230275508 15.800000000000123
    vertex -4.03557895072491 16.156488483090218 15.800000000000052
  endloop
endfacet
facet normal 1.1760480572726078e-05 -8.627766650882435e-06 0.9999999998936264
  outer loop
    vertex -4.03557895072491 16.156488483090218 15.800000000000052
    vertex -3.999999999999997 6.928203230275508 15.800000000000123
    vertex -3.7292531720586397 14.930109573019285 15.800000000000033
  endloop
endfacet
facet normal 1.1760480572726078e-05 -8.627766650882435e-06 0.9999999998936264
  outer loop
    vertex -3.7292531720586397 14.930109573019285 15.800000000000033
    vertex -3.999999999999997 6.928203230275508 15.800000000000123
    vertex -3.0614674589207143 7.391036260090292 15.800000000000123
  endloop
endfacet
facet normal 1.1760480572726078e-05 -8.627766650882435e-06 0.9999999998936264
  outer loop
    vertex -3.7292531720586397 14.930109573019285 15.800000000000033
    vertex -3.0614674589207143 7.391036260090292 15.800000000000123
    vertex -3.122989216392297 14.566180986535894 15.800000000000027
  endloop
endfacet
facet normal 1.1760480572726078e-05 -8.627766650882435e-06 0.9999999998936264
  outer loop
    vertex -3.122989216392297 14.566180986535894 15.800000000000027
    vertex -3.0614674589207143 7.391036260090292 15.800000000000123
    vertex -2.677206739948052 14.677528844111709 15.800000000000024
  endloop
endfacet
facet normal 1.1760480572726078e-05 -8.627766650882435e-06 0.9999999998936264
  outer loop
    vertex -2.677206739948052 14.677528844111709 15.800000000000024
    vertex -3.0614674589207143 7.391036260090292 15.800000000000123
    vertex -2.616622897652321 7.542040640945058 15.800000000000072
  endloop
endfacet
facet normal 1.1760480572726078e-05 -8.627766650882435e-06 0.9999999998936264
  outer loop
    vertex -2.677206739948052 14.677528844111709 15.800000000000024
    vertex -2.616622897652321 7.542040640945058 15.800000000000072
    vertex -0.7706781016660591 14.895573406389842 15.800000000000022
  endloop
endfacet
facet normal 1.1760480572726078e-05 -8.627766650882435e-06 0.9999999998936264
  outer loop
    vertex -0.7706781016660591 14.895573406389842 15.800000000000022
    vertex -2.616622897652321 7.542040640945058 15.800000000000072
    vertex -2.0705523608201637 7.727406610312543 15.800000000000123
  endloop
endfacet
facet normal 1.1760480572726078e-05 -8.627766650882435e-06 0.9999999998936264
  outer loop
    vertex -0.7706781016660591 14.895573406389842 15.800000000000022
    vertex -2.0705523608201637 7.727406610312543 15.800000000000123
    vertex -1.0442095377604088 7.931558890990482 15.800000000000123
  endloop
endfacet
facet normal 1.1760480572726078e-05 -8.627766650882435e-06 0.9999999998936264
  outer loop
    vertex -0.7706781016660591 14.895573406389842 15.800000000000022
    vertex -1.0442095377604088 7.931558890990482 15.800000000000123
    vertex 2.8199664825478975e-15 7.9999999999999964 15.800000000000123
  endloop
endfacet
facet normal 1.1760480572726078e-05 -8.627766650882435e-06 0.9999999998936264
  outer loop
    vertex -0.7706781016660591 14.895573406389842 15.800000000000022
    vertex 2.8199664825478975e-15 7.9999999999999964 15.800000000000123
    vertex 1.1480004462690727 14.86290064369757 15.800000000000022
  endloop
endfacet
facet normal 1.1760480572726078e-05 -8.627766650882435e-06 0.9999999998936264
  outer loop
    vertex 1.1480004462690727 14.86290064369757 15.800000000000022
    vertex 2.8199664825478975e-15 7.9999999999999964 15.800000000000123
    vertex 3.550473364409847 8.008847248762908 15.800000000000123
  endloop
endfacet
facet normal 1.1760480572726078e-05 -8.627766650882435e-06 0.9999999998936264
  outer loop
    vertex 1.1480004462690727 14.86290064369757 15.800000000000022
    vertex 3.550473364409847 8.008847248762908 15.800000000000123
    vertex 3.045999781943985 14.580069596063154 15.800000000000024
  endloop
endfacet
facet normal 1.1760480572726078e-05 -8.627766650882435e-06 0.9999999998936264
  outer loop
    vertex 3.045999781943985 14.580069596063154 15.800000000000024
    vertex 3.550473364409847 8.008847248762908 15.800000000000123
    vertex 3.499987210138184 10.860837196113128 15.797471196113223
  endloop
endfacet
facet normal 1.1760480572726078e-05 -8.627766650882435e-06 0.9999999998936264
  outer loop
    vertex 3.499987210138184 10.860837196113128 15.797471196113223
    vertex 4.890844610500464 14.051919581127212 15.800000000000027
    vertex 3.045999781943985 14.580069596063154 15.800000000000024
  endloop
endfacet
facet normal 1.1760480572726078e-05 -8.627766650882435e-06 0.9999999998936264
  outer loop
    vertex 4.890844610500464 14.051919581127212 15.800000000000027
    vertex 3.499987210138184 10.860837196113128 15.797471196113223
    vertex 8.239238083775925 10.86330476806627 15.799969384033178
  endloop
endfacet
facet normal 1.1760480572726078e-05 -8.627766650882435e-06 0.9999999998936264
  outer loop
    vertex 4.890844610500464 14.051919581127212 15.800000000000027
    vertex 8.239238083775925 10.86330476806627 15.799969384033178
    vertex 6.650969125434274 13.287487392076141 15.800000000000031
  endloop
endfacet
facet normal 1.1760480572726078e-05 -8.627766650882435e-06 0.9999999998936264
  outer loop
    vertex 6.650969125434274 13.287487392076141 15.800000000000031
    vertex 8.239238083775925 10.86330476806627 15.799969384033178
    vertex 8.239238067835199 12.33408010839861 15.800000000000038
  endloop
endfacet
facet normal -0.056459887510907095 0.3490082433867462 0.9354173010749554
  outer loop
    vertex -3.9855838205124434 21.114793154591926 15.37064764439831
    vertex -3.304871987128743 24.4779047540571 14.156942534606065
    vertex -4.581417327057078 24.271395000603913 14.156942534606065
  endloop
endfacet
facet normal -0.056459887510907095 0.3490082433867462 0.9354173010749554
  outer loop
    vertex -3.304871987128743 24.4779047540571 14.156942534606065
    vertex -3.9855838205124434 21.114793154591926 15.37064764439831
    vertex -3.7748056689523435 19.998134398403355 15.799999999999503
  endloop
endfacet
facet normal -0.056459887510907095 0.3490082433867462 0.9354173010749554
  outer loop
    vertex -3.304871987128743 24.4779047540571 14.156942534606065
    vertex -3.7748056689523435 19.998134398403355 15.799999999999503
    vertex -2.723010942159464 20.16828571455289 15.799999999999503
  endloop
endfacet
facet normal -0.056459887510907095 0.3490082433867462 0.9354173010749554
  outer loop
    vertex -3.304871987128743 24.4779047540571 14.156942534606065
    vertex -2.723010942159464 20.16828571455289 15.799999999999503
    vertex -2.8750588257861684 21.29444540484212 15.37064764439831
  endloop
endfacet
facet normal -0.0011678547570005788 0.3535436450636795 0.9354173010749554
  outer loop
    vertex -0.633433298411055 21.47831768570333 15.37064764439831
    vertex 0.5650044066601008 24.693537009113424 14.156942534606065
    vertex -0.7281297846352127 24.68926542075982 14.156942534606065
  endloop
endfacet
facet normal -0.0011678547570005788 0.3535436450636795 0.9354173010749554
  outer loop
    vertex 0.5650044066601008 24.693537009113424 14.156942534606065
    vertex -0.633433298411055 21.47831768570333 15.37064764439831
    vertex -0.5999340908197988 20.34243388441094 15.799999999999503
  endloop
endfacet
facet normal -0.0011678547570005788 0.3535436450636795 0.9354173010749554
  outer loop
    vertex 0.5650044066601008 24.693537009113424 14.156942534606065
    vertex -0.5999340908197988 20.34243388441094 15.799999999999503
    vertex 0.49152309448073095 21.48203373517332 15.37064764439831
  endloop
endfacet
facet normal -0.0011678547570005788 0.3535436450636795 0.9354173010749554
  outer loop
    vertex 0.49152309448073095 21.48203373517332 15.37064764439831
    vertex -0.5999340908197988 20.34243388441094 15.799999999999503
    vertex 0.4655288276507285 20.345953410090775 15.799999999999503
  endloop
endfacet
facet normal -0.03811683104299741 0.3514848219210697 0.9354173010749554
  outer loop
    vertex -2.8750588257861684 21.29444540484212 15.37064764439831
    vertex -2.0192682228025203 24.617322272017717 14.156942534606065
    vertex -3.304871987128743 24.4779047540571 14.156942534606065
  endloop
endfacet
facet normal -0.03811683104299741 0.3514848219210697 0.9354173010749554
  outer loop
    vertex -2.0192682228025203 24.617322272017717 14.156942534606065
    vertex -2.8750588257861684 21.29444540484212 15.37064764439831
    vertex -2.723010942159464 20.16828571455289 15.799999999999503
  endloop
endfacet
facet normal -0.03811683104299741 0.3514848219210697 0.9354173010749554
  outer loop
    vertex -2.0192682228025203 24.617322272017717 14.156942534606065
    vertex -2.723010942159464 20.16828571455289 15.799999999999503
    vertex -1.7566534946613008 21.415731060396386 15.37064764439831
  endloop
endfacet
facet normal -0.03811683104299741 0.3514848219210697 0.9354173010749554
  outer loop
    vertex -1.7566534946613008 21.415731060396386 15.37064764439831
    vertex -2.723010942159464 20.16828571455289 15.799999999999503
    vertex -1.6637526316482907 20.28315716143919 15.799999999999503
  endloop
endfacet
facet normal -0.07464819135162931 0.34557505751656487 0.9354173010749554
  outer loop
    vertex -5.085184607021239 20.877266723976266 15.37064764439831
    vertex -4.581417327057078 24.271395000603913 14.156942534606065
    vertex -5.845405320542366 23.99835904053805 14.156942534606065
  endloop
endfacet
facet normal -0.07464819135162931 0.34557505751656487 0.9354173010749554
  outer loop
    vertex -4.581417327057078 24.271395000603913 14.156942534606065
    vertex -5.085184607021239 20.877266723976266 15.37064764439831
    vertex -4.816253915790165 19.77316958592107 15.799999999999503
  endloop
endfacet
facet normal -0.07464819135162931 0.34557505751656487 0.9354173010749554
  outer loop
    vertex -4.581417327057078 24.271395000603913 14.156942534606065
    vertex -4.816253915790165 19.77316958592107 15.799999999999503
    vertex -3.7748056689523435 19.998134398403355 15.799999999999503
  endloop
endfacet
facet normal -0.07464819135162931 0.34557505751656487 0.9354173010749554
  outer loop
    vertex -4.581417327057078 24.271395000603913 14.156942534606065
    vertex -3.7748056689523435 19.998134398403355 15.799999999999503
    vertex -3.9855838205124434 21.114793154591926 15.37064764439831
  endloop
endfacet
facet normal -0.019669298990667026 0.35299800498991807 0.9354173010749554
  outer loop
    vertex -1.7566534946613008 21.415731060396386 15.37064764439831
    vertex -0.7281297846352127 24.68926542075982 14.156942534606065
    vertex -2.0192682228025203 24.617322272017717 14.156942534606065
  endloop
endfacet
facet normal -0.019669298990667026 0.35299800498991807 0.9354173010749554
  outer loop
    vertex -0.7281297846352127 24.68926542075982 14.156942534606065
    vertex -1.7566534946613008 21.415731060396386 15.37064764439831
    vertex -1.6637526316482907 20.28315716143919 15.799999999999503
  endloop
endfacet
facet normal -0.019669298990667026 0.35299800498991807 0.9354173010749554
  outer loop
    vertex -0.7281297846352127 24.68926542075982 14.156942534606065
    vertex -1.6637526316482907 20.28315716143919 15.799999999999503
    vertex -0.633433298411055 21.47831768570333 15.37064764439831
  endloop
endfacet
facet normal -0.019669298990667026 0.35299800498991807 0.9354173010749554
  outer loop
    vertex -0.633433298411055 21.47831768570333 15.37064764439831
    vertex -1.6637526316482907 20.28315716143919 15.799999999999503
    vertex -0.5999340908197988 20.34243388441094 15.799999999999503
  endloop
endfacet
facet normal -0.06540312923014106 0.9978589232386036 -3.976323839957553e-17
  outer loop
    vertex -1.0442095377604117 7.931558890990482 20.500000000000007
    vertex 2.8199664825478975e-15 7.9999999999999964 15.800000000000123
    vertex -1.0442095377604088 7.931558890990482 15.800000000000123
  endloop
endfacet
facet normal -0.06540312923014106 0.9978589232386036 -3.976323839957553e-17
  outer loop
    vertex 2.8199664825478975e-15 7.9999999999999964 15.800000000000123
    vertex -1.0442095377604117 7.931558890990482 20.500000000000007
    vertex 0.0 7.9999999999999964 20.500000000000007
  endloop
endfacet
facet normal -0.19350550119747242 0.2962388199725212 0.9353064645064757
  outer loop
    vertex -12.849489207821756 18.462957997037634 14.990939601462443
    vertex -11.55337235722382 18.71434970655315 15.17938228593169
    vertex -12.858377673260845 20.828232473775913 14.239770871856537
  endloop
endfacet
facet normal -0.19350550119747242 0.2962388199725212 0.9353064645064757
  outer loop
    vertex -11.55337235722382 18.71434970655315 15.17938228593169
    vertex -12.849489207821756 18.462957997037634 14.990939601462443
    vertex -12.374910407321101 18.18624978911509 15.176468188877214
  endloop
endfacet
facet normal -0.19350550119747242 0.2962388199725212 0.9353064645064757
  outer loop
    vertex -12.374910407321101 18.18624978911509 15.176468188877214
    vertex -12.849489207821756 18.462957997037634 14.990939601462443
    vertex -12.57454168408159 18.042622251842555 15.180776196972184
  endloop
endfacet
facet normal -0.17814528040944472 0.30545906826487096 0.9353924399323512
  outer loop
    vertex -12.858377673260845 20.828232473775913 14.239770871856537
    vertex -11.8574603351389 21.667732562513486 14.156942534606065
    vertex -12.859105421860876 21.085012449268085 14.156942534606065
  endloop
endfacet
facet normal -0.17814528040944472 0.30545906826487096 0.9353924399323512
  outer loop
    vertex -11.8574603351389 21.667732562513486 14.156942534606065
    vertex -12.858377673260845 20.828232473775913 14.239770871856537
    vertex -11.55337235722382 18.71434970655315 15.17938228593169
  endloop
endfacet
facet normal -0.17814528040944472 0.30545906826487096 0.9353924399323512
  outer loop
    vertex -11.8574603351389 21.667732562513486 14.156942534606065
    vertex -11.55337235722382 18.71434970655315 15.17938228593169
    vertex -11.406158904314228 18.808981239304167 15.176432924810623
  endloop
endfacet
facet normal -0.17814528040944472 0.30545906826487096 0.9353924399323512
  outer loop
    vertex -11.8574603351389 21.667732562513486 14.156942534606065
    vertex -11.406158904314228 18.808981239304167 15.176432924810623
    vertex -10.558108292970624 19.293361343170233 15.179583686610064
  endloop
endfacet
facet normal -0.32143946530316075 0.946930129495106 -4.3613916217574666e-17
  outer loop
    vertex -3.0614674589207143 7.391036260090292 15.800000000000123
    vertex -2.0705523608201637 7.727406610312543 15.800000000000123
    vertex -2.616622897652321 7.542040640945058 15.800000000000072
  endloop
endfacet
facet normal -0.32143946530316075 0.946930129495106 -4.3613916217574666e-17
  outer loop
    vertex -2.0705523608201637 7.727406610312543 15.800000000000123
    vertex -3.0614674589207143 7.391036260090292 15.800000000000123
    vertex -3.0614674589207156 7.391036260090292 20.500000000000007
  endloop
endfacet
facet normal -0.32143946530316075 0.946930129495106 -4.3613916217574666e-17
  outer loop
    vertex -2.0705523608201637 7.727406610312543 15.800000000000123
    vertex -3.0614674589207156 7.391036260090292 20.500000000000007
    vertex -2.070552360820165 7.727406610312543 20.500000000000007
  endloop
endfacet
facet normal -0.19509032201613036 0.98078528040323 -8.772150225764192e-17
  outer loop
    vertex -2.070552360820165 7.727406610312543 20.500000000000007
    vertex -1.0442095377604088 7.931558890990482 15.800000000000123
    vertex -2.0705523608201637 7.727406610312543 15.800000000000123
  endloop
endfacet
facet normal -0.19509032201613036 0.98078528040323 -8.772150225764192e-17
  outer loop
    vertex -1.0442095377604088 7.931558890990482 15.800000000000123
    vertex -2.070552360820165 7.727406610312543 20.500000000000007
    vertex -1.0442095377604117 7.931558890990482 20.500000000000007
  endloop
endfacet
facet normal -0.7518398074789773 0.659345815100069 2.0035644488533363e-16
  outer loop
    vertex -5.656854249492377 5.656854249492381 20.500000000000004
    vertex -6.346826722329879 4.870091432069766 15.80000000000012
    vertex -6.346826722329879 4.870091432069766 20.500000000000004
  endloop
endfacet
facet normal -0.7518398074789773 0.659345815100069 2.0035644488533363e-16
  outer loop
    vertex -6.346826722329879 4.870091432069766 15.80000000000012
    vertex -5.656854249492377 5.656854249492381 20.500000000000004
    vertex -5.656854249492377 5.656854249492383 15.800000000000123
  endloop
endfacet
facet normal 0.11984472072524076 0.33261346299260824 0.9354173010749556
  outer loop
    vertex 7.97880866988238 18.73384226837711 15.799999999999503
    vertex 9.376849279919487 22.850923341993706 14.156942534606065
    vertex 7.867677208995961 18.773884300271696 15.799999999999503
  endloop
endfacet
facet normal 0.11984472072524076 0.33261346299260824 0.9354173010749556
  outer loop
    vertex 9.376849279919487 22.850923341993706 14.156942534606065
    vertex 7.97880866988238 18.73384226837711 15.799999999999503
    vertex 9.684999622437438 22.73989298438829 14.15694253460606
  endloop
endfacet
facet normal -0.44228869021900075 0.8968727415326886 -6.761406414531491e-17
  outer loop
    vertex -3.999999999999997 6.928203230275508 20.500000000000004
    vertex -3.0614674589207143 7.391036260090292 15.800000000000123
    vertex -3.999999999999997 6.928203230275508 15.800000000000123
  endloop
endfacet
facet normal -0.44228869021900075 0.8968727415326886 -6.761406414531491e-17
  outer loop
    vertex -3.0614674589207143 7.391036260090292 15.800000000000123
    vertex -3.999999999999997 6.928203230275508 20.500000000000004
    vertex -3.0614674589207156 7.391036260090292 20.500000000000007
  endloop
endfacet
facet normal -0.002491842745260428 0.999996895355047 -1.3887219175696873e-18
  outer loop
    vertex 0.0 7.9999999999999964 20.500000000000007
    vertex 3.550473364409847 8.008847248762908 15.800000000000123
    vertex 2.8199664825478975e-15 7.9999999999999964 15.800000000000123
  endloop
endfacet
facet normal -0.002491842745260428 0.999996895355047 -1.3887219175696873e-18
  outer loop
    vertex 3.550473364409847 8.008847248762908 15.800000000000123
    vertex 0.0 7.9999999999999964 20.500000000000007
    vertex 3.5504733644098443 8.008847248762908 20.500000000000007
  endloop
endfacet
facet normal -0.946907153676313 0.32150714193196017 -1.8346131076802422e-06
  outer loop
    vertex -7.727406610312541 2.070552360820168 20.500000000000004
    vertex -7.559221435201419 2.5660099098704547 15.800000000000113
    vertex -7.559221435200922 2.566009909870364 9.000000000000881
  endloop
endfacet
facet normal -0.946907153676313 0.32150714193196017 -1.8346131076802422e-06
  outer loop
    vertex -7.559221435201419 2.5660099098704547 15.800000000000113
    vertex -7.727406610312541 2.070552360820168 20.500000000000004
    vertex -7.3910362600902895 3.0614674589207187 20.500000000000004
  endloop
endfacet
facet normal -0.946907153676313 0.32150714193196017 -1.8346131076802422e-06
  outer loop
    vertex -7.559221435201419 2.5660099098704547 15.800000000000113
    vertex -7.3910362600902895 3.0614674589207187 20.500000000000004
    vertex -7.3910362600902895 3.061467458920724 15.80000000000012
  endloop
endfacet
facet normal -0.946907153676313 0.32150714193196017 -1.8346131076802422e-06
  outer loop
    vertex -7.727406610312531 2.0705523608199567 4.500000000000364
    vertex -7.559221435200922 2.566009909870364 9.000000000000881
    vertex -7.39103626009041 3.0614674589205015 4.500000000000341
  endloop
endfacet
facet normal -0.946907153676313 0.32150714193196017 -1.8346131076802422e-06
  outer loop
    vertex -7.559221435200922 2.566009909870364 9.000000000000881
    vertex -7.727406610312531 2.0705523608199567 4.500000000000364
    vertex -7.727406610312541 2.070552360820168 20.500000000000004
  endloop
endfacet
facet normal -0.946907153676313 0.32150714193196017 -1.8346131076802422e-06
  outer loop
    vertex -7.39103626009041 3.0614674589205015 4.500000000000341
    vertex -7.559221435200922 2.566009909870364 9.000000000000881
    vertex -7.391036260090456 3.0614674589205464 9.000000000000231
  endloop
endfacet
facet normal -0.6593458151000677 0.7518398074789785 2.809243044897883e-16
  outer loop
    vertex -5.656854249492377 5.656854249492381 20.500000000000004
    vertex -4.870091432069761 6.346826722329881 15.800000000000123
    vertex -5.656854249492377 5.656854249492383 15.800000000000123
  endloop
endfacet
facet normal -0.6593458151000677 0.7518398074789785 2.809243044897883e-16
  outer loop
    vertex -4.870091432069761 6.346826722329881 15.800000000000123
    vertex -5.656854249492377 5.656854249492381 20.500000000000004
    vertex -4.870091432069761 6.346826722329881 20.500000000000004
  endloop
endfacet
facet normal -0.831469612302546 0.555570233019601 3.446791869349351e-18
  outer loop
    vertex -6.346826722329879 4.870091432069766 20.500000000000004
    vertex -6.928203230275505 4.000000000000001 15.80000000000012
    vertex -6.928203230275505 4.000000000000001 20.500000000000004
  endloop
endfacet
facet normal -0.831469612302546 0.555570233019601 3.446791869349351e-18
  outer loop
    vertex -6.928203230275505 4.000000000000001 15.80000000000012
    vertex -6.346826722329879 4.870091432069766 20.500000000000004
    vertex -6.346826722329879 4.870091432069766 15.80000000000012
  endloop
endfacet
facet normal 0.20467947565827788 0.9788290515939199 -1.1207780803197e-14
  outer loop
    vertex 4.420968516814858 24.30113242985461 14.156942534606065
    vertex 5.686732736614304 24.0364529575875 10.999999999999401
    vertex 4.4209685168148685 24.301132429854572 10.999999999999401
  endloop
endfacet
facet normal 0.20467947565827788 0.9788290515939199 -1.1207780803197e-14
  outer loop
    vertex 5.686732736614304 24.0364529575875 10.999999999999401
    vertex 4.420968516814858 24.30113242985461 14.156942534606065
    vertex 5.686732736614296 24.03645295758754 14.156942534606065
  endloop
endfacet
facet normal -0.9998433549956116 -0.01769930708020328 -4.0158887144949024e-16
  outer loop
    vertex 3.517689290160789 9.860837196113119 20.497471196113107
    vertex 3.550473364409847 8.008847248762908 15.800000000000123
    vertex 3.5504733644098443 8.008847248762908 20.500000000000007
  endloop
endfacet
facet normal -0.9998433549956116 -0.01769930708020328 -4.0158887144949024e-16
  outer loop
    vertex 3.550473364409847 8.008847248762908 15.800000000000123
    vertex 3.517689290160789 9.860837196113119 20.497471196113107
    vertex 3.499987210138184 10.860837196113128 15.797471196113223
  endloop
endfacet
facet normal -0.9998433549956116 -0.01769930708020328 -4.0158887144949024e-16
  outer loop
    vertex 3.499987210138184 10.860837196113128 15.797471196113223
    vertex 3.517689290160789 9.860837196113119 20.497471196113107
    vertex 3.499987210138184 10.860837196113128 19.412778178310635
  endloop
endfacet
facet normal 0.0490369326148729 0.9987969659744289 -1.2397432762410271e-14
  outer loop
    vertex 0.5650044066601008 24.693537009113424 14.156942534606065
    vertex 1.856589960149744 24.630125328951713 10.999999999999401
    vertex 0.5650044066601064 24.69353700911338 10.999999999999401
  endloop
endfacet
facet normal 0.0490369326148729 0.9987969659744289 -1.2397432762410271e-14
  outer loop
    vertex 1.856589960149744 24.630125328951713 10.999999999999401
    vertex 0.5650044066601008 24.693537009113424 14.156942534606065
    vertex 1.8565899601497382 24.630125328951756 14.156942534606065
  endloop
endfacet
facet normal -1.0 -1.0838314845999273e-08 1.6194367789966355e-17
  outer loop
    vertex 8.239238069685284 12.163381624948006 18.000000000000025
    vertex 8.239238083775925 10.86330476806627 15.799969384033178
    vertex 8.239238083775925 10.86330476806627 19.412155815318073
  endloop
endfacet
facet normal -1.0 -1.0838314845999273e-08 1.6194367789966355e-17
  outer loop
    vertex 8.239238083775925 10.86330476806627 15.799969384033178
    vertex 8.239238069685284 12.163381624948006 18.000000000000025
    vertex 8.239238067835199 12.33408010839861 15.800000000000038
  endloop
endfacet
facet normal -1.0 -1.0838314845999273e-08 1.6194367789966355e-17
  outer loop
    vertex 8.239238067835199 12.33408010839861 15.800000000000038
    vertex 8.239238069685284 12.163381624948006 18.000000000000025
    vertex 8.239238067835199 12.334080108398615 18.000000000000025
  endloop
endfacet
facet normal 0.17597525974721698 0.4883964866483473 -0.8546938514968097
  outer loop
    vertex 9.37684927991951 22.85092334199366 10.999999999999401
    vertex 8.568815175773613 19.642067966342186 9.000000000000675
    vertex 8.233738088984895 19.762800361015294 9.000000000000682
  endloop
endfacet
facet normal 0.17597525974721698 0.4883964866483473 -0.8546938514968097
  outer loop
    vertex 8.568815175773613 19.642067966342186 9.000000000000675
    vertex 9.37684927991951 22.85092334199366 10.999999999999401
    vertex 9.684999622437447 22.739892984388252 10.999999999999396
  endloop
endfacet
facet normal 0.30587371663949975 0.9520720925797264 -1.0881377175050682e-14
  outer loop
    vertex 6.936910017262617 23.705891238517083 14.156942534606065
    vertex 8.168073709732337 23.31035331933811 10.999999999999401
    vertex 6.936910017262625 23.705891238517044 10.999999999999401
  endloop
endfacet
facet normal 0.30587371663949975 0.9520720925797264 -1.0881377175050682e-14
  outer loop
    vertex 8.168073709732337 23.31035331933811 10.999999999999401
    vertex 6.936910017262617 23.705891238517083 14.156942534606065
    vertex 8.168073709732326 23.310353319338148 14.156942534606065
  endloop
endfacet
facet normal -0.3121569002436163 0.9500305624717013 -1.1595479560051803e-14
  outer loop
    vertex -8.321895170034423 23.255882283391383 14.156942534606065
    vertex -7.093371464353186 23.65954524644753 10.999999999999401
    vertex -8.321895170034422 23.255882283391344 10.999999999999401
  endloop
endfacet
facet normal -0.3121569002436163 0.9500305624717013 -1.1595479560051803e-14
  outer loop
    vertex -7.093371464353186 23.65954524644753 10.999999999999401
    vertex -8.321895170034423 23.255882283391383 14.156942534606065
    vertex -7.093371464353188 23.65954524644756 14.156942534606065
  endloop
endfacet
facet normal -0.1596962079948079 0.9871662074605669 -1.1621017169322067e-14
  outer loop
    vertex -4.581417327057078 24.271395000603913 14.156942534606065
    vertex -3.3048719871287386 24.477904754057064 10.999999999999401
    vertex -4.581417327057076 24.27139500060388 10.999999999999401
  endloop
endfacet
facet normal -0.1596962079948079 0.9871662074605669 -1.1621017169322067e-14
  outer loop
    vertex -3.3048719871287386 24.477904754057064 10.999999999999401
    vertex -4.581417327057078 24.271395000603913 14.156942534606065
    vertex -3.304871987128743 24.4779047540571 14.156942534606065
  endloop
endfacet
facet normal -0.3065319959669973 0.41897223504564723 -0.8546931623157774
  outer loop
    vertex -12.853228989541218 18.569855825410187 9.715336032300037
    vertex -12.57452124783753 18.042617004123155 9.356925223272986
    vertex -12.853452051393221 18.46295881048443 9.663014928091474
  endloop
endfacet
facet normal -0.3065319959669973 0.41897223504564723 -0.8546931623157774
  outer loop
    vertex -12.57452124783753 18.042617004123155 9.356925223272986
    vertex -12.853228989541218 18.569855825410187 9.715336032300037
    vertex -12.516967482047969 18.08403711604683 9.356588049016757
  endloop
endfacet
facet normal 0.3552821307187361 0.9347591174157945 -1.0046223966926144e-14
  outer loop
    vertex 8.168073709732326 23.310353319338148 14.156942534606065
    vertex 9.37684927991951 22.85092334199366 10.999999999999401
    vertex 8.168073709732337 23.31035331933811 10.999999999999401
  endloop
endfacet
facet normal 0.3552821307187361 0.9347591174157945 -1.0046223966926144e-14
  outer loop
    vertex 9.37684927991951 22.85092334199366 10.999999999999401
    vertex 8.168073709732326 23.310353319338148 14.156942534606065
    vertex 9.376849279919487 22.850923341993706 14.156942534606065
  endloop
endfacet
facet normal 0.1012427235098036 0.9948617546857039 -1.2224945001802096e-14
  outer loop
    vertex 1.8565899601497382 24.630125328951756 14.156942534606065
    vertex 3.1430867296085934 24.499204187282412 10.999999999999401
    vertex 1.856589960149744 24.630125328951713 10.999999999999401
  endloop
endfacet
facet normal 0.1012427235098036 0.9948617546857039 -1.2224945001802096e-14
  outer loop
    vertex 3.1430867296085934 24.499204187282412 10.999999999999401
    vertex 1.8565899601497382 24.630125328951756 14.156942534606065
    vertex 3.143086729608585 24.49920418728245 14.156942534606065
  endloop
endfacet
facet normal -0.055634408802511665 0.9984512068985621 -1.2568720481899951e-14
  outer loop
    vertex -2.0192682228025203 24.617322272017717 14.156942534606065
    vertex -0.7281297846352071 24.68926542075978 10.999999999999401
    vertex -2.0192682228025163 24.617322272017677 10.999999999999401
  endloop
endfacet
facet normal -0.055634408802511665 0.9984512068985621 -1.2568720481899951e-14
  outer loop
    vertex -0.7281297846352071 24.68926542075978 10.999999999999401
    vertex -2.0192682228025203 24.617322272017717 14.156942534606065
    vertex -0.7281297846352127 24.68926542075982 14.156942534606065
  endloop
endfacet
facet normal -0.10781306245375685 0.9941711842355633 -1.2120909530947069e-14
  outer loop
    vertex -3.304871987128743 24.4779047540571 14.156942534606065
    vertex -2.0192682228025163 24.617322272017677 10.999999999999401
    vertex -3.3048719871287386 24.477904754057064 10.999999999999401
  endloop
endfacet
facet normal -0.10781306245375685 0.9941711842355633 -1.2120909530947069e-14
  outer loop
    vertex -2.0192682228025163 24.617322272017677 10.999999999999401
    vertex -3.304871987128743 24.4779047540571 14.156942534606065
    vertex -2.0192682228025203 24.617322272017717 14.156942534606065
  endloop
endfacet
facet normal -0.0033032651038421863 0.9999945442049442 -1.251114836756763e-14
  outer loop
    vertex -0.7281297846352127 24.68926542075982 14.156942534606065
    vertex 0.5650044066601064 24.69353700911338 10.999999999999401
    vertex -0.7281297846352071 24.68926542075978 10.999999999999401
  endloop
endfacet
facet normal -0.0033032651038421863 0.9999945442049442 -1.251114836756763e-14
  outer loop
    vertex 0.5650044066601064 24.69353700911338 10.999999999999401
    vertex -0.7281297846352127 24.68926542075982 14.156942534606065
    vertex 0.5650044066601008 24.693537009113424 14.156942534606065
  endloop
endfacet
facet normal -0.21114163733009672 0.9774554767280021 -1.1540469339343884e-14
  outer loop
    vertex -5.845405320542366 23.99835904053805 14.156942534606065
    vertex -4.581417327057076 24.27139500060388 10.999999999999401
    vertex -5.845405320542364 23.99835904053801 10.999999999999401
  endloop
endfacet
facet normal -0.21114163733009672 0.9774554767280021 -1.1540469339343884e-14
  outer loop
    vertex -4.581417327057076 24.27139500060388 10.999999999999401
    vertex -5.845405320542366 23.99835904053805 14.156942534606065
    vertex -4.581417327057078 24.271395000603913 14.156942534606065
  endloop
endfacet
facet normal 1.937310453101659e-15 4.7285941272729306e-15 1.0
  outer loop
    vertex -3.7292531720586397 14.930109573019285 18.00000000000004
    vertex -3.6716503642415192 16.76275243875656 18.00000000000004
    vertex -4.03557895072491 16.156488483090218 18.000000000000053
  endloop
endfacet
facet normal 1.937310453101659e-15 4.7285941272729306e-15 1.0
  outer loop
    vertex -3.6716503642415192 16.76275243875656 18.00000000000004
    vertex -3.7292531720586397 14.930109573019285 18.00000000000004
    vertex -3.122989216392297 14.566180986535894 18.000000000000025
  endloop
endfacet
facet normal 1.937310453101659e-15 4.7285941272729306e-15 1.0
  outer loop
    vertex -3.6716503642415192 16.76275243875656 18.00000000000004
    vertex -3.122989216392297 14.566180986535894 18.000000000000025
    vertex -3.050102099092634 16.91800319750403 18.00000000000001
  endloop
endfacet
facet normal 1.937310453101659e-15 4.7285941272729306e-15 1.0
  outer loop
    vertex -3.050102099092634 16.91800319750403 18.00000000000001
    vertex -3.122989216392297 14.566180986535894 18.000000000000025
    vertex -2.6772067399480535 14.677528844111709 18.000000000000025
  endloop
endfacet
facet normal 1.937310453101659e-15 4.7285941272729306e-15 1.0
  outer loop
    vertex -3.050102099092634 16.91800319750403 18.00000000000001
    vertex -2.6772067399480535 14.677528844111709 18.000000000000025
    vertex -0.7835883277428781 17.177218293069892 18.00000000000001
  endloop
endfacet
facet normal 1.937310453101659e-15 4.7285941272729306e-15 1.0
  outer loop
    vertex -0.7835883277428781 17.177218293069892 18.00000000000001
    vertex -2.6772067399480535 14.677528844111709 18.000000000000025
    vertex -0.7706781016660662 14.895573406389842 18.000000000000025
  endloop
endfacet
facet normal 1.937310453101659e-15 4.7285941272729306e-15 1.0
  outer loop
    vertex -0.7835883277428781 17.177218293069892 18.00000000000001
    vertex -0.7706781016660662 14.895573406389842 18.000000000000025
    vertex 1.5054161759200013 17.138239329642065 18.00000000000001
  endloop
endfacet
facet normal 1.937310453101659e-15 4.7285941272729306e-15 1.0
  outer loop
    vertex 1.5054161759200013 17.138239329642065 18.00000000000001
    vertex -0.7706781016660662 14.895573406389842 18.000000000000025
    vertex 1.1480004462690445 14.86290064369757 18.000000000000025
  endloop
endfacet
facet normal 1.937310453101659e-15 4.7285941272729306e-15 1.0
  outer loop
    vertex 1.5054161759200013 17.138239329642065 18.00000000000001
    vertex 1.1480004462690445 14.86290064369757 18.000000000000025
    vertex 3.045999781944193 14.580069596063115 18.000000000000025
  endloop
endfacet
facet normal 1.937310453101659e-15 4.7285941272729306e-15 1.0
  outer loop
    vertex 1.5054161759200013 17.138239329642065 18.00000000000001
    vertex 3.045999781944193 14.580069596063115 18.000000000000025
    vertex 3.621588327776874 16.83997591180568 18.00000000000001
  endloop
endfacet
facet normal 1.937310453101659e-15 4.7285941272729306e-15 1.0
  outer loop
    vertex 3.621588327776874 16.83997591180568 18.00000000000001
    vertex 3.045999781944193 14.580069596063115 18.000000000000025
    vertex 4.890844610500447 14.05191958112724 18.000000000000025
  endloop
endfacet
facet normal 1.937310453101659e-15 4.7285941272729306e-15 1.0
  outer loop
    vertex 3.621588327776874 16.83997591180568 18.00000000000001
    vertex 4.890844610500447 14.05191958112724 18.000000000000025
    vertex 5.946926460379021 16.174268232517605 18.00000000000001
  endloop
endfacet
facet normal 1.937310453101659e-15 4.7285941272729306e-15 1.0
  outer loop
    vertex 5.946926460379021 16.174268232517605 18.00000000000001
    vertex 4.890844610500447 14.05191958112724 18.000000000000025
    vertex 6.650969125434258 13.28748739207617 18.000000000000025
  endloop
endfacet
facet normal 1.937310453101659e-15 4.7285941272729306e-15 1.0
  outer loop
    vertex 5.946926460379021 16.174268232517605 18.00000000000001
    vertex 6.650969125434258 13.28748739207617 18.000000000000025
    vertex 7.978808669882385 15.291810115420688 18.00000000000001
  endloop
endfacet
facet normal 1.937310453101659e-15 4.7285941272729306e-15 1.0
  outer loop
    vertex 7.978808669882385 15.291810115420688 18.00000000000001
    vertex 6.650969125434258 13.28748739207617 18.000000000000025
    vertex 8.239238067835199 12.334080108398615 18.000000000000025
  endloop
endfacet
facet normal 1.937310453101659e-15 4.7285941272729306e-15 1.0
  outer loop
    vertex 7.978808669882385 15.291810115420688 18.00000000000001
    vertex 8.239238067835199 12.334080108398615 18.000000000000025
    vertex 9.684999625169134 14.267616516535538 18.00000000000001
  endloop
endfacet
facet normal 1.937310453101659e-15 4.7285941272729306e-15 1.0
  outer loop
    vertex 9.684999625169134 14.267616516535538 18.00000000000001
    vertex 8.239238067835199 12.334080108398615 18.000000000000025
    vertex 8.239238069685284 12.163381624948006 18.000000000000025
  endloop
endfacet
facet normal 1.937310453101659e-15 4.7285941272729306e-15 1.0
  outer loop
    vertex 9.684999625169134 14.267616516535538 18.00000000000001
    vertex 8.239238069685284 12.163381624948006 18.000000000000025
    vertex 9.684999625614529 12.163381624948006 18.000000000000025
  endloop
endfacet
facet normal -0.26200834211373114 0.9650656084758248 -1.1386369188885003e-14
  outer loop
    vertex -7.093371464353188 23.65954524644756 14.156942534606065
    vertex -5.845405320542364 23.99835904053801 10.999999999999401
    vertex -7.093371464353186 23.65954524644753 10.999999999999401
  endloop
endfacet
facet normal -0.26200834211373114 0.9650656084758248 -1.1386369188885003e-14
  outer loop
    vertex -5.845405320542364 23.99835904053801 10.999999999999401
    vertex -7.093371464353188 23.65954524644756 14.156942534606065
    vertex -5.845405320542366 23.99835904053805 14.156942534606065
  endloop
endfacet
facet normal -0.4097521068350359 0.9121969145662845 -1.1408817996226222e-14
  outer loop
    vertex -10.70720859457506 22.258609213341643 14.156942534606065
    vertex -9.527609139502433 22.78847656349295 10.999999999999401
    vertex -10.70720859457506 22.258609213341604 10.999999999999401
  endloop
endfacet
facet normal -0.4097521068350359 0.9121969145662845 -1.1408817996226222e-14
  outer loop
    vertex -9.527609139502433 22.78847656349295 10.999999999999401
    vertex -10.70720859457506 22.258609213341643 14.156942534606065
    vertex -9.527609139502433 22.78847656349299 14.156942534606065
  endloop
endfacet
facet normal -0.10508173249138546 0.9944635888239493 1.3541002636688986e-18
  outer loop
    vertex 0.0 -6.172771162340216 4.712868983958173e-13
    vertex 2.724668741176164 -5.884864279669421 4.500000000000465
    vertex 2.724668741176164 -5.884864279669421 4.624745031378551e-13
  endloop
endfacet
facet normal -0.10508173249138546 0.9944635888239493 1.3541002636688986e-18
  outer loop
    vertex 2.724668741176164 -5.884864279669421 4.500000000000465
    vertex 0.0 -6.172771162340216 4.712868983958173e-13
    vertex 0.0 -6.172771162340216 4.499997910376757
  endloop
endfacet
facet normal 7.043412121715931e-06 -7.306166966501661e-06 -0.9999999999485052
  outer loop
    vertex -6.147423904691094 20.504389873425932 9.000000000000682
    vertex -6.027632130691929 20.40093114387456 8.999950874083646
    vertex -6.24765357515638 20.47145684528894 9.000000000000682
  endloop
endfacet
facet normal 7.043412121715931e-06 -7.306166966501661e-06 -0.9999999999485052
  outer loop
    vertex -6.027632130691929 20.40093114387456 8.999950874083646
    vertex -6.147423904691094 20.504389873425932 9.000000000000682
    vertex -5.065882222676931 20.798020628208466 9.000000000000682
  endloop
endfacet
facet normal 7.043412121715931e-06 -7.306166966501661e-06 -0.9999999999485052
  outer loop
    vertex -6.027632130691929 20.40093114387456 8.999950874083646
    vertex -5.065882222676931 20.798020628208466 9.000000000000682
    vertex -5.672767802401962 20.233408597306866 8.99995619396722
  endloop
endfacet
facet normal 7.043412121715931e-06 -7.306166966501661e-06 -0.9999999999485052
  outer loop
    vertex -5.672767802401962 20.233408597306866 8.99995619396722
    vertex -5.065882222676931 20.798020628208466 9.000000000000682
    vertex -5.3428054672791045 20.021000138541883 8.999961602593187
  endloop
endfacet
facet normal 7.043412121715931e-06 -7.306166966501661e-06 -0.9999999999485052
  outer loop
    vertex -5.3428054672791045 20.021000138541883 8.999961602593187
    vertex -5.065882222676931 20.798020628208466 9.000000000000682
    vertex -5.043390872324316 19.767340135270288 8.999967007418453
  endloop
endfacet
facet normal 7.043412121715931e-06 -7.306166966501661e-06 -0.9999999999485052
  outer loop
    vertex -5.043390872324316 19.767340135270288 8.999967007418453
    vertex -5.065882222676931 20.798020628208466 9.000000000000682
    vertex -3.97045530961556 21.034645454101785 9.000000000000682
  endloop
endfacet
facet normal 7.043412121715931e-06 -7.306166966501661e-06 -0.9999999999485052
  outer loop
    vertex -5.043390872324316 19.767340135270288 8.999967007418453
    vertex -3.97045530961556 21.034645454101785 9.000000000000682
    vertex -4.779647080566194 19.47676878775977 8.999972315964946
  endloop
endfacet
facet normal 7.043412121715931e-06 -7.306166966501661e-06 -0.9999999999485052
  outer loop
    vertex -4.779647080566194 19.47676878775977 8.999972315964946
    vertex -3.97045530961556 21.034645454101785 9.000000000000682
    vertex -4.556086824221098 19.154257846791353 8.999977437401975
  endloop
endfacet
facet normal 7.043412121715931e-06 -7.306166966501661e-06 -0.9999999999485052
  outer loop
    vertex -4.556086824221098 19.154257846791353 8.999977437401975
    vertex -3.97045530961556 21.034645454101785 9.000000000000682
    vertex -4.376535281939792 18.805325562640803 8.999982284100339
  endloop
endfacet
facet normal 7.043412121715931e-06 -7.306166966501661e-06 -0.9999999999485052
  outer loop
    vertex -4.376535281939792 18.805325562640803 8.999982284100339
    vertex -3.97045530961556 21.034645454101785 9.000000000000682
    vertex -4.244064630391802 18.435942263432228 8.999986773131683
  endloop
endfacet
facet normal 7.043412121715931e-06 -7.306166966501661e-06 -0.9999999999485052
  outer loop
    vertex -4.244064630391802 18.435942263432228 8.999986773131683
    vertex -3.97045530961556 21.034645454101785 9.000000000000682
    vertex -4.1609414791529185 18.0524281998275 8.999990827687434
  endloop
endfacet
facet normal 7.043412121715931e-06 -7.306166966501661e-06 -0.9999999999485052
  outer loop
    vertex -4.1609414791529185 18.0524281998275 8.999990827687434
    vertex -3.97045530961556 21.034645454101785 9.000000000000682
    vertex -4.1285880883869295 17.66134540378506 8.999994378393021
  endloop
endfacet
facet normal 7.043412121715931e-06 -7.306166966501661e-06 -0.9999999999485052
  outer loop
    vertex -4.1285880883869295 17.66134540378506 8.999994378393021
    vertex -3.97045530961556 21.034645454101785 9.000000000000682
    vertex -4.035578950724904 16.15648848309023 9.000000000000048
  endloop
endfacet
facet normal 7.043412121715931e-06 -7.306166966501661e-06 -0.9999999999485052
  outer loop
    vertex -4.035578950724904 16.15648848309023 9.000000000000048
    vertex -3.97045530961556 21.034645454101785 9.000000000000682
    vertex -3.6716503642415135 16.76275243875657 9.000000000000034
  endloop
endfacet
facet normal 7.043412121715931e-06 -7.306166966501661e-06 -0.9999999999485052
  outer loop
    vertex -3.6716503642415135 16.76275243875657 9.000000000000034
    vertex -3.97045530961556 21.034645454101785 9.000000000000682
    vertex -2.86414565453351 21.21361577890568 9.000000000000682
  endloop
endfacet
facet normal 7.043412121715931e-06 -7.306166966501661e-06 -0.9999999999485052
  outer loop
    vertex -3.6716503642415135 16.76275243875657 9.000000000000034
    vertex -2.86414565453351 21.21361577890568 9.000000000000682
    vertex -3.0501020990926295 16.918003197504042 9.000000000000004
  endloop
endfacet
facet normal 7.043412121715931e-06 -7.306166966501661e-06 -0.9999999999485052
  outer loop
    vertex -3.0501020990926295 16.918003197504042 9.000000000000004
    vertex -2.86414565453351 21.21361577890568 9.000000000000682
    vertex -0.7835883277428753 17.177218293069902 9.000000000000005
  endloop
endfacet
facet normal 7.043412121715931e-06 -7.306166966501661e-06 -0.9999999999485052
  outer loop
    vertex -0.7835883277428753 17.177218293069902 9.000000000000005
    vertex -2.86414565453351 21.21361577890568 9.000000000000682
    vertex -1.749985575296704 21.334441057399953 9.000000000000682
  endloop
endfacet
facet normal 7.043412121715931e-06 -7.306166966501661e-06 -0.9999999999485052
  outer loop
    vertex -0.7835883277428753 17.177218293069902 9.000000000000005
    vertex -1.749985575296704 21.334441057399953 9.000000000000682
    vertex -0.6310289072380083 21.396790115894703 9.000000000000682
  endloop
endfacet
facet normal 7.043412121715931e-06 -7.306166966501661e-06 -0.9999999999485052
  outer loop
    vertex -0.7835883277428753 17.177218293069902 9.000000000000005
    vertex -0.6310289072380083 21.396790115894703 9.000000000000682
    vertex 1.5054161759200069 17.138239329642072 9.000000000000004
  endloop
endfacet
facet normal 7.043412121715931e-06 -7.306166966501661e-06 -0.9999999999485052
  outer loop
    vertex 1.5054161759200069 17.138239329642072 9.000000000000004
    vertex -0.6310289072380083 21.396790115894703 9.000000000000682
    vertex 0.48965736719314423 21.40049205995443 9.000000000000682
  endloop
endfacet
facet normal 7.043412121715931e-06 -7.306166966501661e-06 -0.9999999999485052
  outer loop
    vertex 1.5054161759200069 17.138239329642072 9.000000000000004
    vertex 0.48965736719314423 21.40049205995443 9.000000000000682
    vertex 1.6090015248164866 21.345536742807788 9.000000000000682
  endloop
endfacet
facet normal 7.043412121715931e-06 -7.306166966501661e-06 -0.9999999999485052
  outer loop
    vertex 1.5054161759200069 17.138239329642072 9.000000000000004
    vertex 1.6090015248164866 21.345536742807788 9.000000000000682
    vertex 3.62158832777688 16.839975911805684 9.000000000000005
  endloop
endfacet
facet normal 7.043412121715931e-06 -7.306166966501661e-06 -0.9999999999485052
  outer loop
    vertex 3.62158832777688 16.839975911805684 9.000000000000005
    vertex 1.6090015248164866 21.345536742807788 9.000000000000682
    vertex 2.723935521100629 21.232074793159182 9.000000000000682
  endloop
endfacet
facet normal 7.043412121715931e-06 -7.306166966501661e-06 -0.9999999999485052
  outer loop
    vertex 3.62158832777688 16.839975911805684 9.000000000000005
    vertex 2.723935521100629 21.232074793159182 9.000000000000682
    vertex 3.8314033994598655 21.060417202325947 9.000000000000682
  endloop
endfacet
facet normal 7.043412121715931e-06 -7.306166966501661e-06 -0.9999999999485052
  outer loop
    vertex 3.62158832777688 16.839975911805684 9.000000000000005
    vertex 3.8314033994598655 21.060417202325947 9.000000000000682
    vertex 5.946926460379026 16.17426823251761 9.000000000000004
  endloop
endfacet
facet normal 7.043412121715931e-06 -7.306166966501661e-06 -0.9999999999485052
  outer loop
    vertex 5.946926460379026 16.17426823251761 9.000000000000004
    vertex 3.8314033994598655 21.060417202325947 9.000000000000682
    vertex 4.928369667418762 20.831034471832787 9.000000000000682
  endloop
endfacet
facet normal 7.043412121715931e-06 -7.306166966501661e-06 -0.9999999999485052
  outer loop
    vertex 5.946926460379026 16.17426823251761 9.000000000000004
    vertex 4.928369667418762 20.831034471832787 9.000000000000682
    vertex 6.011827616686057 20.54455532379978 9.000000000000682
  endloop
endfacet
facet normal 7.043412121715931e-06 -7.306166966501661e-06 -0.9999999999485052
  outer loop
    vertex 5.946926460379026 16.17426823251761 9.000000000000004
    vertex 6.011827616686057 20.54455532379978 9.000000000000682
    vertex 7.978808669882385 15.291810115420699 9.000000000000005
  endloop
endfacet
facet normal 7.043412121715931e-06 -7.306166966501661e-06 -0.9999999999485052
  outer loop
    vertex 7.978808669882385 15.291810115420699 9.000000000000005
    vertex 6.011827616686057 20.54455532379978 9.000000000000682
    vertex 7.078807564333032 20.201764977658776 9.000000000000682
  endloop
endfacet
facet normal 7.043412121715931e-06 -7.306166966501661e-06 -0.9999999999485052
  outer loop
    vertex 7.978808669882385 15.291810115420699 9.000000000000005
    vertex 7.078807564333032 20.201764977658776 9.000000000000682
    vertex 8.233738088984895 19.762800361015294 9.000000000000682
  endloop
endfacet
facet normal 7.043412121715931e-06 -7.306166966501661e-06 -0.9999999999485052
  outer loop
    vertex 7.978808669882385 15.291810115420699 9.000000000000005
    vertex 8.233738088984895 19.762800361015294 9.000000000000682
    vertex 9.684999625169137 14.267616516535549 9.000000000000005
  endloop
endfacet
facet normal 7.043412121715931e-06 -7.306166966501661e-06 -0.9999999999485052
  outer loop
    vertex 9.684999625169137 14.267616516535549 9.000000000000005
    vertex 8.233738088984895 19.762800361015294 9.000000000000682
    vertex 8.568815175773613 19.642067966342186 9.000000000000675
  endloop
endfacet
facet normal 7.043412121715931e-06 -7.306166966501661e-06 -0.9999999999485052
  outer loop
    vertex 9.684999625169137 14.267616516535549 9.000000000000005
    vertex 8.568815175773613 19.642067966342186 9.000000000000675
    vertex 9.684999624009674 19.239892984388252 9.000000000000655
  endloop
endfacet
facet normal 7.043412121715931e-06 -7.306166966501661e-06 -0.9999999999485052
  outer loop
    vertex -4.217834113404032 16.883321981876268 8.999999730927353
    vertex -7.391036260090456 3.0614674589205464 9.000000000000231
    vertex -7.559221435200922 2.566009909870364 9.000000000000881
  endloop
endfacet
facet normal 7.043412121715931e-06 -7.306166966501661e-06 -0.9999999999485052
  outer loop
    vertex -7.391036260090456 3.0614674589205464 9.000000000000231
    vertex -4.217834113404032 16.883321981876268 8.999999730927353
    vertex -6.928203230275739 3.999999999999767 9.00000000000022
  endloop
endfacet
facet normal 7.043412121715931e-06 -7.306166966501661e-06 -0.9999999999485052
  outer loop
    vertex -6.928203230275739 3.999999999999767 9.00000000000022
    vertex -4.217834113404032 16.883321981876268 8.999999730927353
    vertex -6.346826722330068 4.87009143206962 9.00000000000021
  endloop
endfacet
facet normal 7.043412121715931e-06 -7.306166966501661e-06 -0.9999999999485052
  outer loop
    vertex -6.346826722330068 4.87009143206962 9.00000000000021
    vertex -4.217834113404032 16.883321981876268 8.999999730927353
    vertex -5.656854249492439 5.656854249492259 9.000000000000187
  endloop
endfacet
facet normal 7.043412121715931e-06 -7.306166966501661e-06 -0.9999999999485052
  outer loop
    vertex -5.656854249492439 5.656854249492259 9.000000000000187
    vertex -4.217834113404032 16.883321981876268 8.999999730927353
    vertex -4.8700914320698 6.346826722329752 9.000000000000187
  endloop
endfacet
facet normal 7.043412121715931e-06 -7.306166966501661e-06 -0.9999999999485052
  outer loop
    vertex -4.8700914320698 6.346826722329752 9.000000000000187
    vertex -4.217834113404032 16.883321981876268 8.999999730927353
    vertex -4.000000000000083 6.928203230275333 9.000000000000163
  endloop
endfacet
facet normal 7.043412121715931e-06 -7.306166966501661e-06 -0.9999999999485052
  outer loop
    vertex -4.000000000000083 6.928203230275333 9.000000000000163
    vertex -4.217834113404032 16.883321981876268 8.999999730927353
    vertex -4.146933155983915 17.26923956215133 8.999997372646003
  endloop
endfacet
facet normal 7.043412121715931e-06 -7.306166966501661e-06 -0.9999999999485052
  outer loop
    vertex -4.000000000000083 6.928203230275333 9.000000000000163
    vertex -4.146933155983915 17.26923956215133 8.999997372646003
    vertex -4.1285880883869295 17.66134540378506 8.999994378393021
  endloop
endfacet
facet normal 7.043412121715931e-06 -7.306166966501661e-06 -0.9999999999485052
  outer loop
    vertex -4.000000000000083 6.928203230275333 9.000000000000163
    vertex -4.1285880883869295 17.66134540378506 8.999994378393021
    vertex -4.035578950724904 16.15648848309023 9.000000000000048
  endloop
endfacet
facet normal 7.043412121715931e-06 -7.306166966501661e-06 -0.9999999999485052
  outer loop
    vertex -4.000000000000083 6.928203230275333 9.000000000000163
    vertex -4.035578950724904 16.15648848309023 9.000000000000048
    vertex -3.7292531720586344 14.930109573019298 9.000000000000032
  endloop
endfacet
facet normal 7.043412121715931e-06 -7.306166966501661e-06 -0.9999999999485052
  outer loop
    vertex -4.000000000000083 6.928203230275333 9.000000000000163
    vertex -3.7292531720586344 14.930109573019298 9.000000000000032
    vertex -3.0614674589205917 7.391036260090139 9.000000000000163
  endloop
endfacet
facet normal 7.043412121715931e-06 -7.306166966501661e-06 -0.9999999999485052
  outer loop
    vertex -3.0614674589205917 7.391036260090139 9.000000000000163
    vertex -3.7292531720586344 14.930109573019298 9.000000000000032
    vertex -3.1229892163922925 14.566180986535903 9.00000000000002
  endloop
endfacet
facet normal 7.043412121715931e-06 -7.306166966501661e-06 -0.9999999999485052
  outer loop
    vertex -3.0614674589205917 7.391036260090139 9.000000000000163
    vertex -3.1229892163922925 14.566180986535903 9.00000000000002
    vertex -2.6772067399480495 14.677528844111718 9.000000000000018
  endloop
endfacet
facet normal 7.043412121715931e-06 -7.306166966501661e-06 -0.9999999999485052
  outer loop
    vertex -3.0614674589205917 7.391036260090139 9.000000000000163
    vertex -2.6772067399480495 14.677528844111718 9.000000000000018
    vertex -2.0705523608203626 7.727406610312396 9.000000000000153
  endloop
endfacet
facet normal 7.043412121715931e-06 -7.306166966501661e-06 -0.9999999999485052
  outer loop
    vertex -2.0705523608203626 7.727406610312396 9.000000000000153
    vertex -2.6772067399480495 14.677528844111718 9.000000000000018
    vertex -0.770678101666062 14.895573406389849 9.000000000000018
  endloop
endfacet
facet normal 7.043412121715931e-06 -7.306166966501661e-06 -0.9999999999485052
  outer loop
    vertex -2.0705523608203626 7.727406610312396 9.000000000000153
    vertex -0.770678101666062 14.895573406389849 9.000000000000018
    vertex -1.0442095377603877 7.931558890990347 9.000000000000153
  endloop
endfacet
facet normal 7.043412121715931e-06 -7.306166966501661e-06 -0.9999999999485052
  outer loop
    vertex -1.0442095377603877 7.931558890990347 9.000000000000153
    vertex -0.770678101666062 14.895573406389849 9.000000000000018
    vertex -4.511946372076636e-14 7.999999999999895 9.000000000000142
  endloop
endfacet
facet normal 7.043412121715931e-06 -7.306166966501661e-06 -0.9999999999485052
  outer loop
    vertex -4.511946372076636e-14 7.999999999999895 9.000000000000142
    vertex -0.770678101666062 14.895573406389849 9.000000000000018
    vertex 1.14800044626905 14.862900643697577 9.000000000000018
  endloop
endfacet
facet normal 7.043412121715931e-06 -7.306166966501661e-06 -0.9999999999485052
  outer loop
    vertex -4.511946372076636e-14 7.999999999999895 9.000000000000142
    vertex 1.14800044626905 14.862900643697577 9.000000000000018
    vertex 3.050687534065938 7.99999999999985 9.000000000000142
  endloop
endfacet
facet normal 7.043412121715931e-06 -7.306166966501661e-06 -0.9999999999485052
  outer loop
    vertex 3.050687534065938 7.99999999999985 9.000000000000142
    vertex 1.14800044626905 14.862900643697577 9.000000000000018
    vertex 3.045999781944199 14.580069596063126 9.000000000000018
  endloop
endfacet
facet normal 7.043412121715931e-06 -7.306166966501661e-06 -0.9999999999485052
  outer loop
    vertex 3.050687534065938 7.99999999999985 9.000000000000142
    vertex 3.045999781944199 14.580069596063126 9.000000000000018
    vertex 3.499987210138263 10.860837196113026 9.002528803887019
  endloop
endfacet
facet normal 7.043412121715931e-06 -7.306166966501661e-06 -0.9999999999485052
  outer loop
    vertex 3.499987210138263 10.860837196113026 9.002528803887019
    vertex 3.045999781944199 14.580069596063126 9.000000000000018
    vertex 4.890844610500452 14.05191958112725 9.000000000000018
  endloop
endfacet
facet normal 7.043412121715931e-06 -7.306166966501661e-06 -0.9999999999485052
  outer loop
    vertex 3.499987210138263 10.860837196113026 9.002528803887019
    vertex 4.890844610500452 14.05191958112725 9.000000000000018
    vertex 8.356840950591662 10.86336599999997 9.000000000000176
  endloop
endfacet
facet normal 7.043412121715931e-06 -7.306166966501661e-06 -0.9999999999485052
  outer loop
    vertex 8.356840950591662 10.86336599999997 9.000000000000176
    vertex 4.890844610500452 14.05191958112725 9.000000000000018
    vertex 6.650969125434263 13.287487392076176 9.000000000000018
  endloop
endfacet
facet normal 7.043412121715931e-06 -7.306166966501661e-06 -0.9999999999485052
  outer loop
    vertex 8.356840950591662 10.86336599999997 9.000000000000176
    vertex 6.650969125434263 13.287487392076176 9.000000000000018
    vertex 8.239238067835203 12.334080108398624 9.00000000000002
  endloop
endfacet
facet normal 7.043412121715931e-06 -7.306166966501661e-06 -0.9999999999485052
  outer loop
    vertex 8.356840950591662 10.86336599999997 9.000000000000176
    vertex 8.239238067835203 12.334080108398624 9.00000000000002
    vertex 8.356840949729348 12.163381624948004 9.000000000000156
  endloop
endfacet
facet normal 7.043412121715931e-06 -7.306166966501661e-06 -0.9999999999485052
  outer loop
    vertex 3.550473364409768 8.008847248762725 9.00000000000016
    vertex 3.050687534065938 7.99999999999985 9.000000000000142
    vertex 3.499987210138263 10.860837196113026 9.002528803887019
  endloop
endfacet
facet normal -0.11036169045467355 0.3358791004656784 0.9354173010749554
  outer loop
    vertex -7.3693541765391295 20.59396684679744 15.22513508939432
    vertex -7.093371464353188 23.65954524644756 14.156942534606065
    vertex -8.321895170034423 23.255882283391383 14.156942534606065
  endloop
endfacet
facet normal -0.11036169045467355 0.3358791004656784 0.9354173010749554
  outer loop
    vertex -7.093371464353188 23.65954524644756 14.156942534606065
    vertex -7.3693541765391295 20.59396684679744 15.22513508939432
    vertex -7.179384369803557 20.609682703579253 15.241904889514263
  endloop
endfacet
facet normal -0.11036169045467355 0.3358791004656784 0.9354173010749554
  outer loop
    vertex -7.093371464353188 23.65954524644756 14.156942534606065
    vertex -7.179384369803557 20.609682703579253 15.241904889514263
    vertex -6.787424134707753 20.59071305199912 15.294960251637706
  endloop
endfacet
facet normal -0.11036169045467355 0.3358791004656784 0.9354173010749554
  outer loop
    vertex -7.093371464353188 23.65954524644756 14.156942534606065
    vertex -6.787424134707753 20.59071305199912 15.294960251637706
    vertex -6.170847255989027 20.582517156431212 15.37064764439831
  endloop
endfacet
facet normal -0.11036169045467355 0.3358791004656784 0.9354173010749554
  outer loop
    vertex -6.170847255989027 20.582517156431212 15.37064764439831
    vertex -6.787424134707753 20.59071305199912 15.294960251637706
    vertex -6.401293166128413 20.520744743024135 15.365639892727264
  endloop
endfacet
facet normal -0.11036169045467355 0.3358791004656784 0.9354173010749554
  outer loop
    vertex -6.170847255989027 20.582517156431212 15.37064764439831
    vertex -6.401293166128413 20.520744743024135 15.365639892727264
    vertex -6.125861100533395 20.43246834172935 15.429833003710698
  endloop
endfacet
facet normal 2.084348476366704e-06 1.729608479313683e-05 0.9999999998482505
  outer loop
    vertex -4.999999999999999 1.4099832412739487e-15 20.500000000000004
    vertex -4.870091432069761 6.346826722329881 20.500000000000004
    vertex -5.656854249492377 5.656854249492381 20.500000000000004
  endloop
endfacet
facet normal 2.084348476366704e-06 1.729608479313683e-05 0.9999999998482505
  outer loop
    vertex -4.870091432069761 6.346826722329881 20.500000000000004
    vertex -4.999999999999999 1.4099832412739487e-15 20.500000000000004
    vertex -4.957224306869051 0.6526309611002578 20.500000000000004
  endloop
endfacet
facet normal 2.084348476366704e-06 1.729608479313683e-05 0.9999999998482505
  outer loop
    vertex -4.870091432069761 6.346826722329881 20.500000000000004
    vertex -4.957224306869051 0.6526309611002578 20.500000000000004
    vertex -4.829629131445341 1.294095225512604 20.500000000000004
  endloop
endfacet
facet normal 2.084348476366704e-06 1.729608479313683e-05 0.9999999998482505
  outer loop
    vertex -4.870091432069761 6.346826722329881 20.500000000000004
    vertex -4.829629131445341 1.294095225512604 20.500000000000004
    vertex -3.999999999999997 6.928203230275508 20.500000000000004
  endloop
endfacet
facet normal 2.084348476366704e-06 1.729608479313683e-05 0.9999999998482505
  outer loop
    vertex -3.999999999999997 6.928203230275508 20.500000000000004
    vertex -4.829629131445341 1.294095225512604 20.500000000000004
    vertex -4.619397662556433 1.9134171618254487 20.500000000000004
  endloop
endfacet
facet normal 2.084348476366704e-06 1.729608479313683e-05 0.9999999998482505
  outer loop
    vertex -3.999999999999997 6.928203230275508 20.500000000000004
    vertex -4.619397662556433 1.9134171618254487 20.500000000000004
    vertex -4.330127018922193 2.4999999999999982 20.500000000000004
  endloop
endfacet
facet normal 2.084348476366704e-06 1.729608479313683e-05 0.9999999998482505
  outer loop
    vertex -3.999999999999997 6.928203230275508 20.500000000000004
    vertex -4.330127018922193 2.4999999999999982 20.500000000000004
    vertex -3.966766701456177 3.0438071450436026 20.500000000000004
  endloop
endfacet
facet normal 2.084348476366704e-06 1.729608479313683e-05 0.9999999998482505
  outer loop
    vertex -3.999999999999997 6.928203230275508 20.500000000000004
    vertex -3.966766701456177 3.0438071450436026 20.500000000000004
    vertex -3.0614674589207156 7.391036260090292 20.500000000000007
  endloop
endfacet
facet normal 2.084348476366704e-06 1.729608479313683e-05 0.9999999998482505
  outer loop
    vertex -3.0614674589207156 7.391036260090292 20.500000000000007
    vertex -3.966766701456177 3.0438071450436026 20.500000000000004
    vertex -3.535533905932738 3.535533905932738 20.500000000000004
  endloop
endfacet
facet normal 2.084348476366704e-06 1.729608479313683e-05 0.9999999998482505
  outer loop
    vertex -3.0614674589207156 7.391036260090292 20.500000000000007
    vertex -3.535533905932738 3.535533905932738 20.500000000000004
    vertex -3.043807145043604 3.966766701456177 20.500000000000004
  endloop
endfacet
facet normal 2.084348476366704e-06 1.729608479313683e-05 0.9999999998482505
  outer loop
    vertex -3.0614674589207156 7.391036260090292 20.500000000000007
    vertex -3.043807145043604 3.966766701456177 20.500000000000004
    vertex -2.070552360820165 7.727406610312543 20.500000000000007
  endloop
endfacet
facet normal 2.084348476366704e-06 1.729608479313683e-05 0.9999999998482505
  outer loop
    vertex -2.070552360820165 7.727406610312543 20.500000000000007
    vertex -3.043807145043604 3.966766701456177 20.500000000000004
    vertex -2.500000000000001 4.330127018922193 20.500000000000004
  endloop
endfacet
facet normal 2.084348476366704e-06 1.729608479313683e-05 0.9999999998482505
  outer loop
    vertex -2.070552360820165 7.727406610312543 20.500000000000007
    vertex -2.500000000000001 4.330127018922193 20.500000000000004
    vertex -1.9134171618254516 4.619397662556433 20.500000000000004
  endloop
endfacet
facet normal 2.084348476366704e-06 1.729608479313683e-05 0.9999999998482505
  outer loop
    vertex -2.070552360820165 7.727406610312543 20.500000000000007
    vertex -1.9134171618254516 4.619397662556433 20.500000000000004
    vertex -1.0442095377604117 7.931558890990482 20.500000000000007
  endloop
endfacet
facet normal 2.084348476366704e-06 1.729608479313683e-05 0.9999999998482505
  outer loop
    vertex -1.0442095377604117 7.931558890990482 20.500000000000007
    vertex -1.9134171618254516 4.619397662556433 20.500000000000004
    vertex -1.2940952255126068 4.829629131445343 20.500000000000004
  endloop
endfacet
facet normal 2.084348476366704e-06 1.729608479313683e-05 0.9999999998482505
  outer loop
    vertex -1.0442095377604117 7.931558890990482 20.500000000000007
    vertex -1.2940952255126068 4.829629131445343 20.500000000000004
    vertex -0.652630961100262 4.957224306869054 20.500000000000004
  endloop
endfacet
facet normal 2.084348476366704e-06 1.729608479313683e-05 0.9999999998482505
  outer loop
    vertex -1.0442095377604117 7.931558890990482 20.500000000000007
    vertex -0.652630961100262 4.957224306869054 20.500000000000004
    vertex 0.0 7.9999999999999964 20.500000000000007
  endloop
endfacet
facet normal 2.084348476366704e-06 1.729608479313683e-05 0.9999999998482505
  outer loop
    vertex 0.0 7.9999999999999964 20.500000000000007
    vertex -0.652630961100262 4.957224306869054 20.500000000000004
    vertex 0.0 5.000000000000002 20.500000000000004
  endloop
endfacet
facet normal 2.084348476366704e-06 1.729608479313683e-05 0.9999999998482505
  outer loop
    vertex 0.0 7.9999999999999964 20.500000000000007
    vertex 0.0 5.000000000000002 20.500000000000004
    vertex 0.6526309611002592 4.957224306869054 20.500000000000007
  endloop
endfacet
facet normal 2.084348476366704e-06 1.729608479313683e-05 0.9999999998482505
  outer loop
    vertex 0.0 7.9999999999999964 20.500000000000007
    vertex 0.6526309611002592 4.957224306869054 20.500000000000007
    vertex 3.5504733644098443 8.008847248762908 20.500000000000007
  endloop
endfacet
facet normal 2.084348476366704e-06 1.729608479313683e-05 0.9999999998482505
  outer loop
    vertex 3.5504733644098443 8.008847248762908 20.500000000000007
    vertex 0.6526309611002592 4.957224306869054 20.500000000000007
    vertex 1.2940952255126055 4.829629131445343 20.500000000000007
  endloop
endfacet
facet normal 2.084348476366704e-06 1.729608479313683e-05 0.9999999998482505
  outer loop
    vertex 3.5504733644098443 8.008847248762908 20.500000000000007
    vertex 1.2940952255126055 4.829629131445343 20.500000000000007
    vertex 1.9134171618254487 4.619397662556436 20.500000000000007
  endloop
endfacet
facet normal 2.084348476366704e-06 1.729608479313683e-05 0.9999999998482505
  outer loop
    vertex 3.5504733644098443 8.008847248762908 20.500000000000007
    vertex 1.9134171618254487 4.619397662556436 20.500000000000007
    vertex 2.500000000000001 4.330127018922195 20.500000000000007
  endloop
endfacet
facet normal 2.084348476366704e-06 1.729608479313683e-05 0.9999999998482505
  outer loop
    vertex 3.5504733644098443 8.008847248762908 20.500000000000007
    vertex 2.500000000000001 4.330127018922195 20.500000000000007
    vertex 3.0438071450436053 3.9667667014561796 20.500000000000007
  endloop
endfacet
facet normal 2.084348476366704e-06 1.729608479313683e-05 0.9999999998482505
  outer loop
    vertex 3.5504733644098443 8.008847248762908 20.500000000000007
    vertex 3.0438071450436053 3.9667667014561796 20.500000000000007
    vertex 3.535533905932738 3.535533905932741 20.500000000000007
  endloop
endfacet
facet normal 2.084348476366704e-06 1.729608479313683e-05 0.9999999998482505
  outer loop
    vertex 3.5504733644098443 8.008847248762908 20.500000000000007
    vertex 3.535533905932738 3.535533905932741 20.500000000000007
    vertex 3.966766701456177 3.0438071450436053 20.500000000000004
  endloop
endfacet
facet normal 2.084348476366704e-06 1.729608479313683e-05 0.9999999998482505
  outer loop
    vertex -7.9315588909904795 -1.0442095377604088 20.499999999999996
    vertex -7.931558890990478 1.0442095377604144 20.500000000000004
    vertex -7.999999999999996 2.8199664825478975e-15 20.499999999999996
  endloop
endfacet
facet normal 2.084348476366704e-06 1.729608479313683e-05 0.9999999998482505
  outer loop
    vertex -7.931558890990478 1.0442095377604144 20.500000000000004
    vertex -7.9315588909904795 -1.0442095377604088 20.499999999999996
    vertex -7.727406610312541 -2.0705523608201624 20.499999999999996
  endloop
endfacet
facet normal 2.084348476366704e-06 1.729608479313683e-05 0.9999999998482505
  outer loop
    vertex -7.931558890990478 1.0442095377604144 20.500000000000004
    vertex -7.727406610312541 -2.0705523608201624 20.499999999999996
    vertex -7.727406610312541 2.070552360820168 20.500000000000004
  endloop
endfacet
facet normal 2.084348476366704e-06 1.729608479313683e-05 0.9999999998482505
  outer loop
    vertex -7.727406610312541 2.070552360820168 20.500000000000004
    vertex -7.727406610312541 -2.0705523608201624 20.499999999999996
    vertex -7.39103626009029 -3.061467458920713 20.499999999999996
  endloop
endfacet
facet normal 2.084348476366704e-06 1.729608479313683e-05 0.9999999998482505
  outer loop
    vertex -7.727406610312541 2.070552360820168 20.500000000000004
    vertex -7.39103626009029 -3.061467458920713 20.499999999999996
    vertex -7.3910362600902895 3.0614674589207187 20.500000000000004
  endloop
endfacet
facet normal 2.084348476366704e-06 1.729608479313683e-05 0.9999999998482505
  outer loop
    vertex -7.3910362600902895 3.0614674589207187 20.500000000000004
    vertex -7.39103626009029 -3.061467458920713 20.499999999999996
    vertex -6.928203230275505 -3.9999999999999925 20.499999999999996
  endloop
endfacet
facet normal 2.084348476366704e-06 1.729608479313683e-05 0.9999999998482505
  outer loop
    vertex -7.3910362600902895 3.0614674589207187 20.500000000000004
    vertex -6.928203230275505 -3.9999999999999925 20.499999999999996
    vertex -6.928203230275505 4.000000000000001 20.500000000000004
  endloop
endfacet
facet normal 2.084348476366704e-06 1.729608479313683e-05 0.9999999998482505
  outer loop
    vertex -6.928203230275505 4.000000000000001 20.500000000000004
    vertex -6.928203230275505 -3.9999999999999925 20.499999999999996
    vertex -5.761945740345798 -5.999999999999995 20.500000000000004
  endloop
endfacet
facet normal 2.084348476366704e-06 1.729608479313683e-05 0.9999999998482505
  outer loop
    vertex -6.928203230275505 4.000000000000001 20.500000000000004
    vertex -5.761945740345798 -5.999999999999995 20.500000000000004
    vertex -6.346826722329879 4.870091432069766 20.500000000000004
  endloop
endfacet
facet normal 2.084348476366704e-06 1.729608479313683e-05 0.9999999998482505
  outer loop
    vertex -6.346826722329879 4.870091432069766 20.500000000000004
    vertex -5.761945740345798 -5.999999999999995 20.500000000000004
    vertex -5.656854249492377 5.656854249492381 20.500000000000004
  endloop
endfacet
facet normal 2.084348476366704e-06 1.729608479313683e-05 0.9999999998482505
  outer loop
    vertex -5.656854249492377 5.656854249492381 20.500000000000004
    vertex -5.761945740345798 -5.999999999999995 20.500000000000004
    vertex -5.661197909284228 -6.1727711623402115 20.500000000000004
  endloop
endfacet
facet normal 2.084348476366704e-06 1.729608479313683e-05 0.9999999998482505
  outer loop
    vertex -5.656854249492377 5.656854249492381 20.500000000000004
    vertex -5.661197909284228 -6.1727711623402115 20.500000000000004
    vertex -4.95722430686905 -0.6526309611002606 20.500000000000004
  endloop
endfacet
facet normal 2.084348476366704e-06 1.729608479313683e-05 0.9999999998482505
  outer loop
    vertex -4.95722430686905 -0.6526309611002606 20.500000000000004
    vertex -5.661197909284228 -6.1727711623402115 20.500000000000004
    vertex -4.829629131445339 -1.2940952255126055 20.500000000000004
  endloop
endfacet
facet normal 2.084348476366704e-06 1.729608479313683e-05 0.9999999998482505
  outer loop
    vertex -4.829629131445339 -1.2940952255126055 20.500000000000004
    vertex -5.661197909284228 -6.1727711623402115 20.500000000000004
    vertex -4.61939766255643 -1.9134171618254487 20.500000000000004
  endloop
endfacet
facet normal 2.084348476366704e-06 1.729608479313683e-05 0.9999999998482505
  outer loop
    vertex -4.61939766255643 -1.9134171618254487 20.500000000000004
    vertex -5.661197909284228 -6.1727711623402115 20.500000000000004
    vertex -4.33012701892219 -2.4999999999999996 20.500000000000004
  endloop
endfacet
facet normal 2.084348476366704e-06 1.729608479313683e-05 0.9999999998482505
  outer loop
    vertex -4.33012701892219 -2.4999999999999996 20.500000000000004
    vertex -5.661197909284228 -6.1727711623402115 20.500000000000004
    vertex -3.966766701456174 -3.0438071450436026 20.500000000000004
  endloop
endfacet
facet normal 2.084348476366704e-06 1.729608479313683e-05 0.9999999998482505
  outer loop
    vertex -3.966766701456174 -3.0438071450436026 20.500000000000004
    vertex -5.661197909284228 -6.1727711623402115 20.500000000000004
    vertex -3.535533905932735 -3.535533905932738 20.500000000000004
  endloop
endfacet
facet normal 2.084348476366704e-06 1.729608479313683e-05 0.9999999998482505
  outer loop
    vertex -3.535533905932735 -3.535533905932738 20.500000000000004
    vertex -5.661197909284228 -6.1727711623402115 20.500000000000004
    vertex -3.0438071450435995 -3.966766701456174 20.500000000000004
  endloop
endfacet
facet normal 2.084348476366704e-06 1.729608479313683e-05 0.9999999998482505
  outer loop
    vertex -3.0438071450435995 -3.966766701456174 20.500000000000004
    vertex -5.661197909284228 -6.1727711623402115 20.500000000000004
    vertex 0.0 -6.172771162340216 20.500000000000004
  endloop
endfacet
facet normal 2.084348476366704e-06 1.729608479313683e-05 0.9999999998482505
  outer loop
    vertex -5.656854249492377 5.656854249492381 20.500000000000004
    vertex -4.95722430686905 -0.6526309611002606 20.500000000000004
    vertex -4.999999999999999 1.4099832412739487e-15 20.500000000000004
  endloop
endfacet
facet normal 2.084348476366704e-06 1.729608479313683e-05 0.9999999998482505
  outer loop
    vertex -3.0438071450435995 -3.966766701456174 20.500000000000004
    vertex 0.0 -6.172771162340216 20.500000000000004
    vertex -2.4999999999999982 -4.330127018922193 20.500000000000004
  endloop
endfacet
facet normal 2.084348476366704e-06 1.729608479313683e-05 0.9999999998482505
  outer loop
    vertex -2.4999999999999982 -4.330127018922193 20.500000000000004
    vertex 0.0 -6.172771162340216 20.500000000000004
    vertex -1.9134171618254459 -4.619397662556432 20.500000000000004
  endloop
endfacet
facet normal 2.084348476366704e-06 1.729608479313683e-05 0.9999999998482505
  outer loop
    vertex -1.9134171618254459 -4.619397662556432 20.500000000000004
    vertex 0.0 -6.172771162340216 20.500000000000004
    vertex -1.2940952255126013 -4.82962913144534 20.500000000000004
  endloop
endfacet
facet normal 2.084348476366704e-06 1.729608479313683e-05 0.9999999998482505
  outer loop
    vertex -1.2940952255126013 -4.82962913144534 20.500000000000004
    vertex 0.0 -6.172771162340216 20.500000000000004
    vertex -0.652630961100255 -4.95722430686905 20.500000000000004
  endloop
endfacet
facet normal 2.084348476366704e-06 1.729608479313683e-05 0.9999999998482505
  outer loop
    vertex -0.652630961100255 -4.95722430686905 20.500000000000004
    vertex 0.0 -6.172771162340216 20.500000000000004
    vertex 2.8199664825478975e-15 -4.999999999999998 20.500000000000004
  endloop
endfacet
facet normal 2.084348476366704e-06 1.729608479313683e-05 0.9999999998482505
  outer loop
    vertex 2.8199664825478975e-15 -4.999999999999998 20.500000000000004
    vertex 0.0 -6.172771162340216 20.500000000000004
    vertex 2.7246687411761585 -5.884864279669253 20.500000000000004
  endloop
endfacet
facet normal 2.084348476366704e-06 1.729608479313683e-05 0.9999999998482505
  outer loop
    vertex 2.8199664825478975e-15 -4.999999999999998 20.500000000000004
    vertex 2.7246687411761585 -5.884864279669253 20.500000000000004
    vertex 0.652630961100262 -4.95722430686905 20.500000000000004
  endloop
endfacet
facet normal 2.084348476366704e-06 1.729608479313683e-05 0.9999999998482505
  outer loop
    vertex 0.652630961100262 -4.95722430686905 20.500000000000004
    vertex 2.7246687411761585 -5.884864279669253 20.500000000000004
    vertex 1.2940952255126055 -4.829629131445339 20.500000000000004
  endloop
endfacet
facet normal 2.084348476366704e-06 1.729608479313683e-05 0.9999999998482505
  outer loop
    vertex 1.2940952255126055 -4.829629131445339 20.500000000000004
    vertex 2.7246687411761585 -5.884864279669253 20.500000000000004
    vertex 1.9134171618254516 -4.619397662556432 20.500000000000004
  endloop
endfacet
facet normal 2.084348476366704e-06 1.729608479313683e-05 0.9999999998482505
  outer loop
    vertex 1.9134171618254516 -4.619397662556432 20.500000000000004
    vertex 2.7246687411761585 -5.884864279669253 20.500000000000004
    vertex 2.500000000000004 -4.33012701892219 20.500000000000004
  endloop
endfacet
facet normal 2.084348476366704e-06 1.729608479313683e-05 0.9999999998482505
  outer loop
    vertex 2.500000000000004 -4.33012701892219 20.500000000000004
    vertex 2.7246687411761585 -5.884864279669253 20.500000000000004
    vertex 3.0438071450436053 -3.966766701456174 20.500000000000004
  endloop
endfacet
facet normal 2.084348476366704e-06 1.729608479313683e-05 0.9999999998482505
  outer loop
    vertex 3.0438071450436053 -3.966766701456174 20.500000000000004
    vertex 2.7246687411761585 -5.884864279669253 20.500000000000004
    vertex 4.0663425117594745 -5.7040641734725765 20.500000000000004
  endloop
endfacet
facet normal 2.084348476366704e-06 1.729608479313683e-05 0.9999999998482505
  outer loop
    vertex 3.0438071450436053 -3.966766701456174 20.500000000000004
    vertex 4.0663425117594745 -5.7040641734725765 20.500000000000004
    vertex 3.535533905932738 -3.535533905932735 20.500000000000004
  endloop
endfacet
facet normal 2.084348476366704e-06 1.729608479313683e-05 0.9999999998482505
  outer loop
    vertex 3.535533905932738 -3.535533905932735 20.500000000000004
    vertex 4.0663425117594745 -5.7040641734725765 20.500000000000004
    vertex 3.966766701456177 -3.0438071450435995 20.500000000000004
  endloop
endfacet
facet normal 2.084348476366704e-06 1.729608479313683e-05 0.9999999998482505
  outer loop
    vertex 3.966766701456177 -3.0438071450435995 20.500000000000004
    vertex 4.0663425117594745 -5.7040641734725765 20.500000000000004
    vertex 4.330127018922195 -2.499999999999997 20.500000000000004
  endloop
endfacet
facet normal 2.084348476366704e-06 1.729608479313683e-05 0.9999999998482505
  outer loop
    vertex 4.330127018922195 -2.499999999999997 20.500000000000004
    vertex 4.0663425117594745 -5.7040641734725765 20.500000000000004
    vertex 5.394920056816447 -5.443950944584909 20.500000000000004
  endloop
endfacet
facet normal 2.084348476366704e-06 1.729608479313683e-05 0.9999999998482505
  outer loop
    vertex 4.330127018922195 -2.499999999999997 20.500000000000004
    vertex 5.394920056816447 -5.443950944584909 20.500000000000004
    vertex 4.619397662556436 -1.9134171618254459 20.500000000000004
  endloop
endfacet
facet normal 2.084348476366704e-06 1.729608479313683e-05 0.9999999998482505
  outer loop
    vertex 4.619397662556436 -1.9134171618254459 20.500000000000004
    vertex 5.394920056816447 -5.443950944584909 20.500000000000004
    vertex 4.829629131445343 -1.2940952255126013 20.500000000000004
  endloop
endfacet
facet normal 2.084348476366704e-06 1.729608479313683e-05 0.9999999998482505
  outer loop
    vertex 4.829629131445343 -1.2940952255126013 20.500000000000004
    vertex 5.394920056816447 -5.443950944584909 20.500000000000004
    vertex 4.957224306869054 -0.652630961100255 20.500000000000004
  endloop
endfacet
facet normal 2.084348476366704e-06 1.729608479313683e-05 0.9999999998482505
  outer loop
    vertex 4.957224306869054 -0.652630961100255 20.500000000000004
    vertex 5.394920056816447 -5.443950944584909 20.500000000000004
    vertex 5.000000000000002 2.8199664825478975e-15 20.500000000000004
  endloop
endfacet
facet normal 2.084348476366704e-06 1.729608479313683e-05 0.9999999998482505
  outer loop
    vertex 5.394920056816447 -5.443950944584909 20.500000000000004
    vertex 6.074601691418705 0.43271728189597924 20.500000000000004
    vertex 6.0746016914186995 1.467646036222748 20.500000000000004
  endloop
endfacet
facet normal 2.084348476366704e-06 1.729608479313683e-05 0.9999999998482505
  outer loop
    vertex 6.074601691418705 0.43271728189597924 20.500000000000004
    vertex 5.394920056816447 -5.443950944584909 20.500000000000004
    vertex 6.124970198411481 -0.18750069592233315 20.500000000000004
  endloop
endfacet
facet normal 2.084348476366704e-06 1.729608479313683e-05 0.9999999998482505
  outer loop
    vertex 6.124970198411481 -0.18750069592233315 20.500000000000004
    vertex 5.394920056816447 -5.443950944584909 20.500000000000004
    vertex 6.705717021999191 -5.105441711121929 20.500000000000004
  endloop
endfacet
facet normal 2.084348476366704e-06 1.729608479313683e-05 0.9999999998482505
  outer loop
    vertex 6.124970198411481 -0.18750069592233315 20.500000000000004
    vertex 6.705717021999191 -5.105441711121929 20.500000000000004
    vertex 6.2747556594286396 -0.7914639747511006 20.500000000000004
  endloop
endfacet
facet normal 2.084348476366704e-06 1.729608479313683e-05 0.9999999998482505
  outer loop
    vertex 6.2747556594286396 -0.7914639747511006 20.500000000000004
    vertex 6.705717021999191 -5.105441711121929 20.500000000000004
    vertex 6.520032490773931 -1.3633438594392504 20.500000000000004
  endloop
endfacet
facet normal 2.084348476366704e-06 1.729608479313683e-05 0.9999999998482505
  outer loop
    vertex 6.520032490773931 -1.3633438594392504 20.500000000000004
    vertex 6.705717021999191 -5.105441711121929 20.500000000000004
    vertex 6.854372466879544 -1.8881524977860449 20.500000000000004
  endloop
endfacet
facet normal 2.084348476366704e-06 1.729608479313683e-05 0.9999999998482505
  outer loop
    vertex 6.854372466879544 -1.8881524977860449 20.500000000000004
    vertex 6.705717021999191 -5.105441711121929 20.500000000000004
    vertex 7.994111744472976 -4.689730003115437 20.500000000000004
  endloop
endfacet
facet normal 2.084348476366704e-06 1.729608479313683e-05 0.9999999998482505
  outer loop
    vertex 6.854372466879544 -1.8881524977860449 20.500000000000004
    vertex 7.994111744472976 -4.689730003115437 20.500000000000004
    vertex 7.269013191513614 -2.3521356828053404 20.500000000000004
  endloop
endfacet
facet normal 2.084348476366704e-06 1.729608479313683e-05 0.9999999998482505
  outer loop
    vertex 7.269013191513614 -2.3521356828053404 20.500000000000004
    vertex 7.994111744472976 -4.689730003115437 20.500000000000004
    vertex 7.5537511682523455 -2.582124796651913 20.500000000000004
  endloop
endfacet
facet normal 2.084348476366704e-06 1.729608479313683e-05 0.9999999998482505
  outer loop
    vertex 7.5537511682523455 -2.582124796651913 20.500000000000004
    vertex 7.994111744472976 -4.689730003115437 20.500000000000004
    vertex 7.753087743031207 -2.7431333235638995 20.500000000000004
  endloop
endfacet
facet normal 2.084348476366704e-06 1.729608479313683e-05 0.9999999998482505
  outer loop
    vertex 7.753087743031207 -2.7431333235638995 20.500000000000004
    vertex 7.994111744472976 -4.689730003115437 20.500000000000004
    vertex 8.293909475116303 -3.050898137358777 20.500000000000004
  endloop
endfacet
facet normal 2.084348476366704e-06 1.729608479313683e-05 0.9999999998482505
  outer loop
    vertex 8.293909475116303 -3.050898137358777 20.500000000000004
    vertex 7.994111744472976 -4.689730003115437 20.500000000000004
    vertex 9.2555615481686 -4.198281554315106 20.500000000000004
  endloop
endfacet
facet normal 2.084348476366704e-06 1.729608479313683e-05 0.9999999998482505
  outer loop
    vertex 8.293909475116303 -3.050898137358777 20.500000000000004
    vertex 9.2555615481686 -4.198281554315106 20.500000000000004
    vertex 8.877304508944924 -3.2673642109357215 20.500000000000004
  endloop
endfacet
facet normal 2.084348476366704e-06 1.729608479313683e-05 0.9999999998482505
  outer loop
    vertex 8.877304508944924 -3.2673642109357215 20.500000000000004
    vertex 9.2555615481686 -4.198281554315106 20.500000000000004
    vertex 9.487983202800724 -3.3868583922848283 20.500000000000004
  endloop
endfacet
facet normal 2.084348476366704e-06 1.729608479313683e-05 0.9999999998482505
  outer loop
    vertex 3.5504733644098443 8.008847248762908 20.500000000000007
    vertex 9.68499963628346 9.863296556990843 20.49996527849542
    vertex 3.517689290160789 9.860837196113119 20.497471196113107
  endloop
endfacet
facet normal 2.084348476366704e-06 1.729608479313683e-05 0.9999999998482505
  outer loop
    vertex 9.68499963628346 9.863296556990843 20.49996527849542
    vertex 3.5504733644098443 8.008847248762908 20.500000000000007
    vertex 3.966766701456177 3.0438071450436053 20.500000000000004
  endloop
endfacet
facet normal 2.084348476366704e-06 1.729608479313683e-05 0.9999999998482505
  outer loop
    vertex 9.68499963628346 9.863296556990843 20.49996527849542
    vertex 3.966766701456177 3.0438071450436053 20.500000000000004
    vertex 4.330127018922193 2.500000000000004 20.500000000000004
  endloop
endfacet
facet normal 2.084348476366704e-06 1.729608479313683e-05 0.9999999998482505
  outer loop
    vertex 9.68499963628346 9.863296556990843 20.49996527849542
    vertex 4.330127018922193 2.500000000000004 20.500000000000004
    vertex 4.619397662556436 1.9134171618254516 20.500000000000004
  endloop
endfacet
facet normal 2.084348476366704e-06 1.729608479313683e-05 0.9999999998482505
  outer loop
    vertex 9.68499963628346 9.863296556990843 20.49996527849542
    vertex 4.619397662556436 1.9134171618254516 20.500000000000004
    vertex 4.829629131445343 1.2940952255126068 20.500000000000004
  endloop
endfacet
facet normal 2.084348476366704e-06 1.729608479313683e-05 0.9999999998482505
  outer loop
    vertex 9.68499963628346 9.863296556990843 20.49996527849542
    vertex 4.829629131445343 1.2940952255126068 20.500000000000004
    vertex 6.982982484603769 4.834245216913318 20.500000000000004
  endloop
endfacet
facet normal 2.084348476366704e-06 1.729608479313683e-05 0.9999999998482505
  outer loop
    vertex 6.982982484603769 4.834245216913318 20.500000000000004
    vertex 4.829629131445343 1.2940952255126068 20.500000000000004
    vertex 4.957224306869054 0.6526309611002606 20.500000000000004
  endloop
endfacet
facet normal 2.084348476366704e-06 1.729608479313683e-05 0.9999999998482505
  outer loop
    vertex 6.982982484603769 4.834245216913318 20.500000000000004
    vertex 4.957224306869054 0.6526309611002606 20.500000000000004
    vertex 6.48182029155284 3.759499425617758 20.500000000000004
  endloop
endfacet
facet normal 2.084348476366704e-06 1.729608479313683e-05 0.9999999998482505
  outer loop
    vertex 6.48182029155284 3.759499425617758 20.500000000000004
    vertex 4.957224306869054 0.6526309611002606 20.500000000000004
    vertex 5.000000000000002 2.8199664825478975e-15 20.500000000000004
  endloop
endfacet
facet normal 2.084348476366704e-06 1.729608479313683e-05 0.9999999998482505
  outer loop
    vertex 6.48182029155284 3.759499425617758 20.500000000000004
    vertex 5.000000000000002 2.8199664825478975e-15 20.500000000000004
    vertex 6.174899526433299 2.6140555362937876 20.500000000000004
  endloop
endfacet
facet normal 2.084348476366704e-06 1.729608479313683e-05 0.9999999998482505
  outer loop
    vertex 6.174899526433299 2.6140555362937876 20.500000000000004
    vertex 5.000000000000002 2.8199664825478975e-15 20.500000000000004
    vertex 5.394920056816447 -5.443950944584909 20.500000000000004
  endloop
endfacet
facet normal 2.084348476366704e-06 1.729608479313683e-05 0.9999999998482505
  outer loop
    vertex 6.174899526433299 2.6140555362937876 20.500000000000004
    vertex 5.394920056816447 -5.443950944584909 20.500000000000004
    vertex 6.0746016914186995 1.467646036222748 20.500000000000004
  endloop
endfacet
facet normal 2.084348476366704e-06 1.729608479313683e-05 0.9999999998482505
  outer loop
    vertex 9.68499963628346 9.863296556990843 20.49996527849542
    vertex 6.982982484603769 4.834245216913318 20.500000000000004
    vertex 7.663158545950675 5.805637303159523 20.500000000000004
  endloop
endfacet
facet normal 2.084348476366704e-06 1.729608479313683e-05 0.9999999998482505
  outer loop
    vertex 9.68499963628346 9.863296556990843 20.49996527849542
    vertex 7.663158545950675 5.805637303159523 20.500000000000004
    vertex 7.78893483909832 5.943934217003959 20.500000000000004
  endloop
endfacet
facet normal 2.084348476366704e-06 1.729608479313683e-05 0.9999999998482505
  outer loop
    vertex 9.68499963628346 9.863296556990843 20.49996527849542
    vertex 7.78893483909832 5.943934217003959 20.500000000000004
    vertex 8.873289478779517 7.256667884274897 20.500000000000004
  endloop
endfacet
facet normal 2.084348476366704e-06 1.729608479313683e-05 0.9999999998482505
  outer loop
    vertex 9.68499963628346 9.863296556990843 20.49996527849542
    vertex 8.873289478779517 7.256667884274897 20.500000000000004
    vertex 9.595985782921758 8.484876698033979 20.500000000000007
  endloop
endfacet
facet normal 2.084348476366704e-06 1.729608479313683e-05 0.9999999998482505
  outer loop
    vertex 9.68499963628346 9.863296556990843 20.49996527849542
    vertex 9.595985782921758 8.484876698033979 20.500000000000007
    vertex 9.684999622437438 8.712144964077991 20.500000000000007
  endloop
endfacet
facet normal 0.13270421152117692 0.5018844612638376 -0.8546938514968094
  outer loop
    vertex 5.686732736614304 24.0364529575875 10.999999999999401
    vertex 6.011827616686057 20.54455532379978 9.000000000000682
    vertex 4.928369667418762 20.831034471832787 9.000000000000682
  endloop
endfacet
facet normal 0.13270421152117692 0.5018844612638376 -0.8546938514968094
  outer loop
    vertex 6.011827616686057 20.54455532379978 9.000000000000682
    vertex 5.686732736614304 24.0364529575875 10.999999999999401
    vertex 6.936910017262625 23.705891238517044 10.999999999999401
  endloop
endfacet
facet normal 0.18443845543921517 0.48526371837254273 -0.8546938514968097
  outer loop
    vertex 8.168073709732337 23.31035331933811 10.999999999999401
    vertex 8.233738088984895 19.762800361015294 9.000000000000682
    vertex 7.078807564333032 20.201764977658776 9.000000000000682
  endloop
endfacet
facet normal 0.18443845543921517 0.48526371837254273 -0.8546938514968097
  outer loop
    vertex 8.233738088984895 19.762800361015294 9.000000000000682
    vertex 8.168073709732337 23.31035331933811 10.999999999999401
    vertex 9.37684927991951 22.85092334199366 10.999999999999401
  endloop
endfacet
facet normal 0.15878894821508255 0.4942514442450294 -0.8546938514968095
  outer loop
    vertex 6.936910017262625 23.705891238517044 10.999999999999401
    vertex 7.078807564333032 20.201764977658776 9.000000000000682
    vertex 6.011827616686057 20.54455532379978 9.000000000000682
  endloop
endfacet
facet normal 0.15878894821508255 0.4942514442450294 -0.8546938514968095
  outer loop
    vertex 7.078807564333032 20.201764977658776 9.000000000000682
    vertex 6.936910017262625 23.705891238517044 10.999999999999401
    vertex 8.168073709732337 23.31035331933811 10.999999999999401
  endloop
endfacet
facet normal 0.1531710151368896 0.988199696479378 -1.1979653736784998e-14
  outer loop
    vertex 3.143086729608585 24.49920418728245 14.156942534606065
    vertex 4.4209685168148685 24.301132429854572 10.999999999999401
    vertex 3.1430867296085934 24.499204187282412 10.999999999999401
  endloop
endfacet
facet normal 0.1531710151368896 0.988199696479378 -1.1979653736784998e-14
  outer loop
    vertex 4.4209685168148685 24.301132429854572 10.999999999999401
    vertex 3.143086729608585 24.49920418728245 14.156942534606065
    vertex 4.420968516814858 24.30113242985461 14.156942534606065
  endloop
endfacet
facet normal -0.0003559757224139652 0.7072566012525504 -0.706956839747644
  outer loop
    vertex 3.51768929016104 10.86083719611298 5.502528803887127
    vertex 9.684999636283468 9.863296556990665 4.500034721504804
    vertex 3.5291561771357083 9.863296556990665 4.500017360752537
  endloop
endfacet
facet normal -0.0003559757224139652 0.7072566012525504 -0.706956839747644
  outer loop
    vertex 9.684999636283468 9.863296556990665 4.500034721504804
    vertex 3.51768929016104 10.86083719611298 5.502528803887127
    vertex 8.356840950591707 10.86336599999997 5.500000000000204
  endloop
endfacet
facet normal -0.0003559757224139652 0.7072566012525504 -0.706956839747644
  outer loop
    vertex 8.356840950591707 10.86336599999997 5.500000000000204
    vertex 9.684999624885343 12.163381624948004 6.800000000000018
    vertex 9.684999636283468 9.863296556990665 4.500034721504804
  endloop
endfacet
facet normal -0.0003559757224139652 0.7072566012525504 -0.706956839747644
  outer loop
    vertex 9.684999624885343 12.163381624948004 6.800000000000018
    vertex 8.356840950591707 10.86336599999997 5.500000000000204
    vertex 8.356840950591767 12.163381624948004 6.80001562494834
  endloop
endfacet
facet normal -0.14489394308300166 0.3224811694935332 0.9354205688244956
  outer loop
    vertex -9.539153638212579 19.816847761727015 15.179564790823646
    vertex -9.527609139502433 22.78847656349299 14.156942534606065
    vertex -10.70720859457506 22.258609213341643 14.156942534606065
  endloop
endfacet
facet normal -0.14489394308300166 0.3224811694935332 0.9354205688244956
  outer loop
    vertex -9.527609139502433 22.78847656349299 14.156942534606065
    vertex -9.539153638212579 19.816847761727015 15.179564790823646
    vertex -9.377606051901198 19.898216679207692 15.176646105825007
  endloop
endfacet
facet normal -0.14489394308300166 0.3224811694935332 0.9354205688244956
  outer loop
    vertex -9.527609139502433 22.78847656349299 14.156942534606065
    vertex -9.377606051901198 19.898216679207692 15.176646105825007
    vertex -8.714749983368973 20.203855734484108 15.1739262164976
  endloop
endfacet
facet normal -0.14489394308300166 0.3224811694935332 0.9354205688244956
  outer loop
    vertex -9.527609139502433 22.78847656349299 14.156942534606065
    vertex -8.714749983368973 20.203855734484108 15.1739262164976
    vertex -8.483851255235026 20.29197909646622 15.17930276943477
  endloop
endfacet
facet normal 0.05255837525752353 0.5164649430540657 -0.8546938514968093
  outer loop
    vertex 1.856589960149744 24.630125328951713 10.999999999999401
    vertex 2.723935521100629 21.232074793159182 9.000000000000682
    vertex 1.6090015248164866 21.345536742807788 9.000000000000682
  endloop
endfacet
facet normal 0.05255837525752353 0.5164649430540657 -0.8546938514968093
  outer loop
    vertex 2.723935521100629 21.232074793159182 9.000000000000682
    vertex 1.856589960149744 24.630125328951713 10.999999999999401
    vertex 3.1430867296085934 24.499204187282412 10.999999999999401
  endloop
endfacet
facet normal 0.0 0.0 1.0
  outer loop
    vertex 10.726877198821612 -3.3250277634707626 20.500000000000004
    vertex 10.10994086365163 -3.406248972848297 20.500000000000004
    vertex 10.48561876053991 -3.6328291342430883 20.500000000000004
  endloop
endfacet
facet normal -0.0017148318504683583 0.5191295402549103 -0.8546938514968094
  outer loop
    vertex 0.5650044066601064 24.69353700911338 10.999999999999401
    vertex -0.6310289072380083 21.396790115894703 9.000000000000682
    vertex -0.7281297846352071 24.68926542075978 10.999999999999401
  endloop
endfacet
facet normal -0.0017148318504683583 0.5191295402549103 -0.8546938514968094
  outer loop
    vertex -0.6310289072380083 21.396790115894703 9.000000000000682
    vertex 0.5650044066601064 24.69353700911338 10.999999999999401
    vertex 0.48965736719314423 21.40049205995443 9.000000000000682
  endloop
endfacet
facet normal 1.832822026505947e-08 -6.983593593770546e-07 -0.999999999999756
  outer loop
    vertex -3.6716503642415192 16.76275243875656 6.8000000000000345
    vertex -3.7292531720586397 14.930109573019285 6.800000000000031
    vertex -4.03557895072491 16.156488483090218 6.800000000000048
  endloop
endfacet
facet normal 1.832822026505947e-08 -6.983593593770546e-07 -0.999999999999756
  outer loop
    vertex -3.7292531720586397 14.930109573019285 6.800000000000031
    vertex -3.6716503642415192 16.76275243875656 6.8000000000000345
    vertex -3.122989216392297 14.566180986535892 6.80000000000002
  endloop
endfacet
facet normal 1.832822026505947e-08 -6.983593593770546e-07 -0.999999999999756
  outer loop
    vertex -3.122989216392297 14.566180986535892 6.80000000000002
    vertex -3.6716503642415192 16.76275243875656 6.8000000000000345
    vertex -3.050102099092634 16.91800319750403 6.800000000000003
  endloop
endfacet
facet normal 1.832822026505947e-08 -6.983593593770546e-07 -0.999999999999756
  outer loop
    vertex -3.122989216392297 14.566180986535892 6.80000000000002
    vertex -3.050102099092634 16.91800319750403 6.800000000000003
    vertex -2.6772067399480535 14.677528844111706 6.800000000000018
  endloop
endfacet
facet normal 1.832822026505947e-08 -6.983593593770546e-07 -0.999999999999756
  outer loop
    vertex -2.6772067399480535 14.677528844111706 6.800000000000018
    vertex -3.050102099092634 16.91800319750403 6.800000000000003
    vertex -0.7835883277428781 17.177218293069892 6.800000000000006
  endloop
endfacet
facet normal 1.832822026505947e-08 -6.983593593770546e-07 -0.999999999999756
  outer loop
    vertex -2.6772067399480535 14.677528844111706 6.800000000000018
    vertex -0.7835883277428781 17.177218293069892 6.800000000000006
    vertex -0.7706781016660662 14.895573406389836 6.800000000000018
  endloop
endfacet
facet normal 1.832822026505947e-08 -6.983593593770546e-07 -0.999999999999756
  outer loop
    vertex -0.7706781016660662 14.895573406389836 6.800000000000018
    vertex -0.7835883277428781 17.177218293069892 6.800000000000006
    vertex 1.5054161759200013 17.13823932964206 6.800000000000003
  endloop
endfacet
facet normal 1.832822026505947e-08 -6.983593593770546e-07 -0.999999999999756
  outer loop
    vertex -0.7706781016660662 14.895573406389836 6.800000000000018
    vertex 1.5054161759200013 17.13823932964206 6.800000000000003
    vertex 1.1480004462690445 14.862900643697566 6.800000000000018
  endloop
endfacet
facet normal 1.832822026505947e-08 -6.983593593770546e-07 -0.999999999999756
  outer loop
    vertex 1.1480004462690445 14.862900643697566 6.800000000000018
    vertex 1.5054161759200013 17.13823932964206 6.800000000000003
    vertex 3.045999781944193 14.580069596063115 6.800000000000018
  endloop
endfacet
facet normal 1.832822026505947e-08 -6.983593593770546e-07 -0.999999999999756
  outer loop
    vertex 3.045999781944193 14.580069596063115 6.800000000000018
    vertex 1.5054161759200013 17.13823932964206 6.800000000000003
    vertex 3.621588327776874 16.839975911805674 6.800000000000006
  endloop
endfacet
facet normal 1.832822026505947e-08 -6.983593593770546e-07 -0.999999999999756
  outer loop
    vertex 3.045999781944193 14.580069596063115 6.800000000000018
    vertex 3.621588327776874 16.839975911805674 6.800000000000006
    vertex 4.890844610500447 14.051919581127237 6.800000000000018
  endloop
endfacet
facet normal 1.832822026505947e-08 -6.983593593770546e-07 -0.999999999999756
  outer loop
    vertex 4.890844610500447 14.051919581127237 6.800000000000018
    vertex 3.621588327776874 16.839975911805674 6.800000000000006
    vertex 5.946926460379021 16.174268232517598 6.800000000000003
  endloop
endfacet
facet normal 1.832822026505947e-08 -6.983593593770546e-07 -0.999999999999756
  outer loop
    vertex 4.890844610500447 14.051919581127237 6.800000000000018
    vertex 5.946926460379021 16.174268232517598 6.800000000000003
    vertex 6.650969125434258 13.287487392076166 6.800000000000018
  endloop
endfacet
facet normal 1.832822026505947e-08 -6.983593593770546e-07 -0.999999999999756
  outer loop
    vertex 6.650969125434258 13.287487392076166 6.800000000000018
    vertex 5.946926460379021 16.174268232517598 6.800000000000003
    vertex 7.978808669882382 15.291810115420688 6.800000000000006
  endloop
endfacet
facet normal 1.832822026505947e-08 -6.983593593770546e-07 -0.999999999999756
  outer loop
    vertex 6.650969125434258 13.287487392076166 6.800000000000018
    vertex 7.978808669882382 15.291810115420688 6.800000000000006
    vertex 8.239238067835199 12.334080108398613 6.80000000000002
  endloop
endfacet
facet normal 1.832822026505947e-08 -6.983593593770546e-07 -0.999999999999756
  outer loop
    vertex 8.239238067835199 12.334080108398613 6.80000000000002
    vertex 7.978808669882382 15.291810115420688 6.800000000000006
    vertex 9.684999625169134 14.267616516535538 6.800000000000006
  endloop
endfacet
facet normal 1.832822026505947e-08 -6.983593593770546e-07 -0.999999999999756
  outer loop
    vertex 8.239238067835199 12.334080108398613 6.80000000000002
    vertex 9.684999625169134 14.267616516535538 6.800000000000006
    vertex 8.356840950591767 12.163381624948004 6.80001562494834
  endloop
endfacet
facet normal 1.832822026505947e-08 -6.983593593770546e-07 -0.999999999999756
  outer loop
    vertex 8.356840950591767 12.163381624948004 6.80001562494834
    vertex 9.684999625169134 14.267616516535538 6.800000000000006
    vertex 9.684999624885343 12.163381624948004 6.800000000000018
  endloop
endfacet
facet normal 0.0 0.0 1.0
  outer loop
    vertex 10.48561876053991 -3.6328291342430883 20.500000000000004
    vertex 9.487983202800724 -3.3868583922848283 20.500000000000004
    vertex 9.2555615481686 -4.198281554315106 20.500000000000004
  endloop
endfacet
facet normal 0.10625574180764817 0.5081418478598828 -0.8546938514968095
  outer loop
    vertex 4.4209685168148685 24.301132429854572 10.999999999999401
    vertex 4.928369667418762 20.831034471832787 9.000000000000682
    vertex 3.8314033994598655 21.060417202325947 9.000000000000682
  endloop
endfacet
facet normal 0.10625574180764817 0.5081418478598828 -0.8546938514968095
  outer loop
    vertex 4.928369667418762 20.831034471832787 9.000000000000682
    vertex 4.4209685168148685 24.301132429854572 10.999999999999401
    vertex 5.686732736614304 24.0364529575875 10.999999999999401
  endloop
endfacet
facet normal 0.0 0.0 1.0
  outer loop
    vertex 10.48561876053991 -3.6328291342430883 20.500000000000004
    vertex 10.10994086365163 -3.406248972848297 20.500000000000004
    vertex 9.487983202800724 -3.3868583922848283 20.500000000000004
  endloop
endfacet
facet normal 0.0 0.0 1.0
  outer loop
    vertex 11.322623514750422 -3.1453234130421546 20.500000000000004
    vertex 10.726877198821612 -3.3250277634707626 20.500000000000004
    vertex 10.48561876053991 -3.6328291342430883 20.500000000000004
  endloop
endfacet
facet normal 0.07951603249156833 0.5130064529714511 -0.8546938514968095
  outer loop
    vertex 3.1430867296085934 24.499204187282412 10.999999999999401
    vertex 3.8314033994598655 21.060417202325947 9.000000000000682
    vertex 2.723935521100629 21.232074793159182 9.000000000000682
  endloop
endfacet
facet normal 0.07951603249156833 0.5130064529714511 -0.8546938514968095
  outer loop
    vertex 3.8314033994598655 21.060417202325947 9.000000000000682
    vertex 3.1430867296085934 24.499204187282412 10.999999999999401
    vertex 4.4209685168148685 24.301132429854572 10.999999999999401
  endloop
endfacet
facet normal -0.9998969073425609 -0.014220821037496919 -0.001985682704168877
  outer loop
    vertex 3.550473364409768 8.008847248762725 9.00000000000016
    vertex 3.5291561771357083 9.863296556990665 4.500017360752537
    vertex 3.550473364409813 8.00884724876268 4.500000000000269
  endloop
endfacet
facet normal -0.9998969073425609 -0.014220821037496919 -0.001985682704168877
  outer loop
    vertex 3.5291561771357083 9.863296556990665 4.500017360752537
    vertex 3.550473364409768 8.008847248762725 9.00000000000016
    vertex 3.499987210138263 10.860837196113026 9.002528803887019
  endloop
endfacet
facet normal -0.9998969073425609 -0.014220821037496919 -0.001985682704168877
  outer loop
    vertex 3.5291561771357083 9.863296556990665 4.500017360752537
    vertex 3.499987210138263 10.860837196113026 9.002528803887019
    vertex 3.51768929016104 10.86083719611298 5.502528803887127
  endloop
endfacet
facet normal -2.8239242415080063e-14 4.848431337072048e-14 1.0
  outer loop
    vertex 11.67994639435395 -2.995366438722681 20.500000000000004
    vertex 11.322623514750422 -3.1453234130421546 20.500000000000004
    vertex 10.48561876053991 -3.6328291342430883 20.500000000000004
  endloop
endfacet
facet normal 0.025456659170184658 0.5185078386268069 -0.8546938514968094
  outer loop
    vertex 0.5650044066601064 24.69353700911338 10.999999999999401
    vertex 1.6090015248164866 21.345536742807788 9.000000000000682
    vertex 0.48965736719314423 21.40049205995443 9.000000000000682
  endloop
endfacet
facet normal 0.025456659170184658 0.5185078386268069 -0.8546938514968094
  outer loop
    vertex 1.6090015248164866 21.345536742807788 9.000000000000682
    vertex 0.5650044066601064 24.69353700911338 10.999999999999401
    vertex 1.856589960149744 24.630125328951713 10.999999999999401
  endloop
endfacet
facet normal 0.3389795533035277 0.9407937406478324 -1.0367598937580549e-14
  outer loop
    vertex 9.37684927991951 22.85092334199366 10.999999999999401
    vertex 9.684999622437438 22.73989298438829 14.15694253460606
    vertex 9.684999622437447 22.739892984388252 10.999999999999396
  endloop
endfacet
facet normal 0.3389795533035277 0.9407937406478324 -1.0367598937580549e-14
  outer loop
    vertex 9.684999622437438 22.73989298438829 14.15694253460606
    vertex 9.37684927991951 22.85092334199366 10.999999999999401
    vertex 9.376849279919487 22.850923341993706 14.156942534606065
  endloop
endfacet
facet normal -0.02888162263621542 0.518328343897427 -0.8546938514968093
  outer loop
    vertex -0.7281297846352071 24.68926542075978 10.999999999999401
    vertex -1.749985575296704 21.334441057399953 9.000000000000682
    vertex -2.0192682228025163 24.617322272017677 10.999999999999401
  endloop
endfacet
facet normal -0.02888162263621542 0.518328343897427 -0.8546938514968093
  outer loop
    vertex -1.749985575296704 21.334441057399953 9.000000000000682
    vertex -0.7281297846352071 24.68926542075978 10.999999999999401
    vertex -0.6310289072380083 21.396790115894703 9.000000000000682
  endloop
endfacet
facet normal -0.05596925090185437 0.5161064455778821 -0.8546938514968092
  outer loop
    vertex -2.0192682228025163 24.617322272017677 10.999999999999401
    vertex -2.86414565453351 21.21361577890568 9.000000000000682
    vertex -3.3048719871287386 24.477904754057064 10.999999999999401
  endloop
endfacet
facet normal -0.05596925090185437 0.5161064455778821 -0.8546938514968092
  outer loop
    vertex -2.86414565453351 21.21361577890568 9.000000000000682
    vertex -2.0192682228025163 24.617322272017677 10.999999999999401
    vertex -1.749985575296704 21.334441057399953 9.000000000000682
  endloop
endfacet
facet normal -0.1096104591280432 0.507428780680885 -0.8546938514968092
  outer loop
    vertex -4.581417327057076 24.27139500060388 10.999999999999401
    vertex -5.065882222676931 20.798020628208466 9.000000000000682
    vertex -5.845405320542364 23.99835904053801 10.999999999999401
  endloop
endfacet
facet normal -0.1096104591280432 0.507428780680885 -0.8546938514968092
  outer loop
    vertex -5.065882222676931 20.798020628208466 9.000000000000682
    vertex -4.581417327057076 24.27139500060388 10.999999999999401
    vertex -3.97045530961556 21.034645454101785 9.000000000000682
  endloop
endfacet
facet normal -0.3614498580076897 0.9323915487316587 -1.1742570403505453e-14
  outer loop
    vertex -9.527609139502433 22.78847656349299 14.156942534606065
    vertex -8.321895170034422 23.255882283391344 10.999999999999401
    vertex -9.527609139502433 22.78847656349295 10.999999999999401
  endloop
endfacet
facet normal -0.3614498580076897 0.9323915487316587 -1.1742570403505453e-14
  outer loop
    vertex -8.321895170034422 23.255882283391344 10.999999999999401
    vertex -9.527609139502433 22.78847656349299 14.156942534606065
    vertex -8.321895170034423 23.255882283391383 14.156942534606065
  endloop
endfacet
facet normal -0.45693125361907017 0.8895020120641127 -1.1124973567512624e-14
  outer loop
    vertex -11.8574603351389 21.667732562513486 14.156942534606065
    vertex -10.70720859457506 22.258609213341604 10.999999999999401
    vertex -11.8574603351389 21.667732562513446 10.999999999999401
  endloop
endfacet
facet normal -0.45693125361907017 0.8895020120641127 -1.1124973567512624e-14
  outer loop
    vertex -10.70720859457506 22.258609213341604 10.999999999999401
    vertex -11.8574603351389 21.667732562513486 14.156942534606065
    vertex -10.70720859457506 22.258609213341643 14.156942534606065
  endloop
endfacet
facet normal -0.13601701226539561 0.5009967989797396 -0.8546938514968091
  outer loop
    vertex -5.845405320542364 23.99835904053801 10.999999999999401
    vertex -6.147423904691094 20.504389873425932 9.000000000000682
    vertex -7.093371464353186 23.65954524644753 10.999999999999401
  endloop
endfacet
facet normal -0.13601701226539561 0.5009967989797396 -0.8546938514968091
  outer loop
    vertex -6.147423904691094 20.504389873425932 9.000000000000682
    vertex -5.845405320542364 23.99835904053801 10.999999999999401
    vertex -5.065882222676931 20.798020628208466 9.000000000000682
  endloop
endfacet
facet normal -0.08290347134114642 0.5124699353651276 -0.8546938514968092
  outer loop
    vertex -3.3048719871287386 24.477904754057064 10.999999999999401
    vertex -3.97045530961556 21.034645454101785 9.000000000000682
    vertex -4.581417327057076 24.27139500060388 10.999999999999401
  endloop
endfacet
facet normal -0.08290347134114642 0.5124699353651276 -0.8546938514968092
  outer loop
    vertex -3.97045530961556 21.034645454101785 9.000000000000682
    vertex -3.3048719871287386 24.477904754057064 10.999999999999401
    vertex -2.86414565453351 21.21361577890568 9.000000000000682
  endloop
endfacet
facet normal 0.255626923963975 0.9667755043156173 -1.0856994032321972e-14
  outer loop
    vertex 5.686732736614296 24.03645295758754 14.156942534606065
    vertex 6.936910017262625 23.705891238517044 10.999999999999401
    vertex 5.686732736614304 24.0364529575875 10.999999999999401
  endloop
endfacet
facet normal 0.255626923963975 0.9667755043156173 -1.0856994032321972e-14
  outer loop
    vertex 6.936910017262625 23.705891238517044 10.999999999999401
    vertex 5.686732736614296 24.03645295758754 14.156942534606065
    vertex 6.936910017262617 23.705891238517083 14.156942534606065
  endloop
endfacet
facet normal 1.0 4.255034980959773e-10 -1.2311383962020196e-11
  outer loop
    vertex 9.684999622437447 8.712144964078165 4.50000000000023
    vertex 9.68499963628346 9.863296556990843 20.49996527849542
    vertex 9.684999622437438 8.712144964077991 20.500000000000007
  endloop
endfacet
facet normal 1.0 4.255034980959773e-10 -1.2311383962020196e-11
  outer loop
    vertex 9.68499963628346 9.863296556990843 20.49996527849542
    vertex 9.684999622437447 8.712144964078165 4.50000000000023
    vertex 9.684999636283468 9.863296556990665 4.500034721504804
  endloop
endfacet
facet normal 1.0 4.255034980959773e-10 -1.2311383962020196e-11
  outer loop
    vertex 9.68499963628346 9.863296556990843 20.49996527849542
    vertex 9.684999636283468 9.863296556990665 4.500034721504804
    vertex 9.684999624885343 12.163381624948004 6.800000000000018
  endloop
endfacet
facet normal 1.0 4.255034980959773e-10 -1.2311383962020196e-11
  outer loop
    vertex 9.68499963628346 9.863296556990843 20.49996527849542
    vertex 9.684999624885343 12.163381624948004 6.800000000000018
    vertex 9.684999625614529 12.163381624948006 18.000000000000025
  endloop
endfacet
facet normal 1.0 4.255034980959773e-10 -1.2311383962020196e-11
  outer loop
    vertex 9.684999625614529 12.163381624948006 18.000000000000025
    vertex 9.684999624885343 12.163381624948004 6.800000000000018
    vertex 9.684999625169134 14.267616516535538 6.800000000000006
  endloop
endfacet
facet normal 1.0 4.255034980959773e-10 -1.2311383962020196e-11
  outer loop
    vertex 9.684999625614529 12.163381624948006 18.000000000000025
    vertex 9.684999625169134 14.267616516535538 6.800000000000006
    vertex 9.684999625171162 14.267616516534325 14.156942531973607
  endloop
endfacet
facet normal 1.0 4.255034980959773e-10 -1.2311383962020196e-11
  outer loop
    vertex 9.684999625171162 14.267616516534325 14.156942531973607
    vertex 9.684999625169134 14.267616516535538 6.800000000000006
    vertex 9.684999625169137 14.267616516535549 9.000000000000005
  endloop
endfacet
facet normal 1.0 4.255034980959773e-10 -1.2311383962020196e-11
  outer loop
    vertex 9.684999625171162 14.267616516534325 14.156942531973607
    vertex 9.684999625169137 14.267616516535549 9.000000000000005
    vertex 9.684999622437438 22.73989298438829 14.15694253460606
  endloop
endfacet
facet normal 1.0 4.255034980959773e-10 -1.2311383962020196e-11
  outer loop
    vertex 9.684999622437438 22.73989298438829 14.15694253460606
    vertex 9.684999625169137 14.267616516535549 9.000000000000005
    vertex 9.684999624009674 19.239892984388252 9.000000000000655
  endloop
endfacet
facet normal 1.0 4.255034980959773e-10 -1.2311383962020196e-11
  outer loop
    vertex 9.684999622437438 22.73989298438829 14.15694253460606
    vertex 9.684999624009674 19.239892984388252 9.000000000000655
    vertex 9.684999622437447 22.739892984388252 10.999999999999396
  endloop
endfacet
facet normal 1.0 4.255034980959773e-10 -1.2311383962020196e-11
  outer loop
    vertex 9.684999625169134 14.267616516535538 18.00000000000001
    vertex 9.684999625614529 12.163381624948006 18.000000000000025
    vertex 9.684999625171162 14.267616516534325 14.156942531973607
  endloop
endfacet
facet normal -0.18764032233987804 0.484034636824409 -0.8546938514968089
  outer loop
    vertex -8.321895170034422 23.255882283391344 10.999999999999401
    vertex -8.48384301279045 20.291959381892216 9.357010060003404
    vertex -9.527609139502433 22.78847656349295 10.999999999999401
  endloop
endfacet
facet normal -0.18764032233987804 0.484034636824409 -0.8546938514968089
  outer loop
    vertex -8.48384301279045 20.291959381892216 9.357010060003404
    vertex -8.321895170034422 23.255882283391344 10.999999999999401
    vertex -7.954012301989697 20.494165893008415 9.355205144493764
  endloop
endfacet
facet normal -0.18764032233987804 0.484034636824409 -0.8546938514968089
  outer loop
    vertex -7.954012301989697 20.494165893008415 9.355205144493764
    vertex -8.321895170034422 23.255882283391344 10.999999999999401
    vertex -7.570498429581582 20.5772887952611 9.318082726002935
  endloop
endfacet
facet normal -0.18764032233987804 0.484034636824409 -0.8546938514968089
  outer loop
    vertex -7.570498429581582 20.5772887952611 9.318082726002935
    vertex -8.321895170034422 23.255882283391344 10.999999999999401
    vertex -7.36934316729671 20.59393608101143 9.283348680249322
  endloop
endfacet
facet normal -0.2372078057765422 0.46176928989726984 -0.854693851496809
  outer loop
    vertex -10.70720859457506 22.258609213341604 10.999999999999401
    vertex -10.558100928501053 19.293347885705202 9.356562273781456
    vertex -11.8574603351389 21.667732562513446 10.999999999999401
  endloop
endfacet
facet normal -0.2372078057765422 0.46176928989726984 -0.854693851496809
  outer loop
    vertex -10.558100928501053 19.293347885705202 9.356562273781456
    vertex -10.70720859457506 22.258609213341604 10.999999999999401
    vertex -10.406165141564353 19.380114173071576 9.361272325525666
  endloop
endfacet
facet normal -0.2372078057765422 0.46176928989726984 -0.854693851496809
  outer loop
    vertex -10.406165141564353 19.380114173071576 9.361272325525666
    vertex -10.70720859457506 22.258609213341604 10.999999999999401
    vertex -9.533892424505929 19.81946871443549 9.356557815568257
  endloop
endfacet
facet normal -0.21271558337238125 0.4735509484776668 -0.8546938514968092
  outer loop
    vertex -9.527609139502433 22.78847656349295 10.999999999999401
    vertex -9.533892424505929 19.81946871443549 9.356557815568257
    vertex -10.70720859457506 22.258609213341604 10.999999999999401
  endloop
endfacet
facet normal -0.21271558337238125 0.4735509484776668 -0.8546938514968092
  outer loop
    vertex -9.533892424505929 19.81946871443549 9.356557815568257
    vertex -9.527609139502433 22.78847656349295 10.999999999999401
    vertex -9.377636795847616 19.898176812516436 9.361277970377806
  endloop
endfacet
facet normal -0.21271558337238125 0.4735509484776668 -0.8546938514968092
  outer loop
    vertex -9.377636795847616 19.898176812516436 9.361277970377806
    vertex -9.527609139502433 22.78847656349295 10.999999999999401
    vertex -8.714780692398225 20.203815912184925 9.365648965671793
  endloop
endfacet
facet normal -0.21271558337238125 0.4735509484776668 -0.8546938514968092
  outer loop
    vertex -8.714780692398225 20.203815912184925 9.365648965671793
    vertex -9.527609139502433 22.78847656349295 10.999999999999401
    vertex -8.48384301279045 20.291959381892216 9.357010060003404
  endloop
endfacet
facet normal -0.27522768512695 -0.9613790726553499 5.207568505532714e-15
  outer loop
    vertex 4.890844610500452 14.05191958112725 9.000000000000018
    vertex 3.045999781944193 14.580069596063115 6.800000000000018
    vertex 4.890844610500447 14.051919581127237 6.800000000000018
  endloop
endfacet
facet normal -0.27522768512695 -0.9613790726553499 5.207568505532714e-15
  outer loop
    vertex 3.045999781944193 14.580069596063115 6.800000000000018
    vertex 4.890844610500452 14.05191958112725 9.000000000000018
    vertex 3.045999781944199 14.580069596063126 9.000000000000018
  endloop
endfacet
facet normal -0.39835822376067237 -0.9172299196833049 5.207861766937701e-15
  outer loop
    vertex 6.650969125434263 13.287487392076176 9.000000000000018
    vertex 4.890844610500447 14.051919581127237 6.800000000000018
    vertex 6.650969125434258 13.287487392076166 6.800000000000018
  endloop
endfacet
facet normal -0.39835822376067237 -0.9172299196833049 5.207861766937701e-15
  outer loop
    vertex 4.890844610500447 14.051919581127237 6.800000000000018
    vertex 6.650969125434263 13.287487392076176 9.000000000000018
    vertex 4.890844610500452 14.05191958112725 9.000000000000018
  endloop
endfacet
facet normal 0.1759752597472161 0.4883964866483474 -0.8546938514968097
  outer loop
    vertex 9.684999624009674 19.239892984388252 9.000000000000655
    vertex 8.568815175773613 19.642067966342186 9.000000000000675
    vertex 9.684999622437447 22.739892984388252 10.999999999999396
  endloop
endfacet
facet normal -0.26106199369670685 0.4487141425174576 -0.854694245769751
  outer loop
    vertex -11.8574603351389 21.667732562513446 10.999999999999401
    vertex -12.858570501849673 20.828534417071616 10.865209314536784
    vertex -12.859105421860868 21.085012449268067 10.999999999999401
  endloop
endfacet
facet normal -0.26106199369670685 0.4487141425174576 -0.854694245769751
  outer loop
    vertex -12.858570501849673 20.828534417071616 10.865209314536784
    vertex -11.8574603351389 21.667732562513446 10.999999999999401
    vertex -11.553366143635305 18.71433800320732 9.356584119233158
  endloop
endfacet
facet normal -0.26106199369670685 0.4487141425174576 -0.854694245769751
  outer loop
    vertex -11.553366143635305 18.71433800320732 9.356584119233158
    vertex -11.8574603351389 21.667732562513446 10.999999999999401
    vertex -11.406180250366116 18.808936690925194 9.361287682838544
  endloop
endfacet
facet normal -0.26106199369670685 0.4487141425174576 -0.854694245769751
  outer loop
    vertex -11.406180250366116 18.808936690925194 9.361287682838544
    vertex -11.8574603351389 21.667732562513446 10.999999999999401
    vertex -10.558100928501053 19.293347885705202 9.356562273781456
  endloop
endfacet
facet normal -0.5146727427400887 -0.857386708481298 5.119047069618312e-15
  outer loop
    vertex 8.239238067835199 12.334080108398613 6.80000000000002
    vertex 6.650969125434263 13.287487392076176 9.000000000000018
    vertex 6.650969125434258 13.287487392076166 6.800000000000018
  endloop
endfacet
facet normal -0.5146727427400887 -0.857386708481298 5.119047069618312e-15
  outer loop
    vertex 6.650969125434263 13.287487392076176 9.000000000000018
    vertex 8.239238067835199 12.334080108398613 6.80000000000002
    vertex 8.239238067835203 12.334080108398624 9.00000000000002
  endloop
endfacet
facet normal -0.8573867084813035 0.51467274274008 -1.0159558965023022e-15
  outer loop
    vertex -4.035578950724904 16.15648848309023 9.000000000000048
    vertex -3.6716503642415192 16.76275243875656 6.8000000000000345
    vertex -4.03557895072491 16.156488483090218 6.800000000000048
  endloop
endfacet
facet normal -0.8573867084813035 0.51467274274008 -1.0159558965023022e-15
  outer loop
    vertex -3.6716503642415192 16.76275243875656 6.8000000000000345
    vertex -4.035578950724904 16.15648848309023 9.000000000000048
    vertex -3.6716503642415135 16.76275243875657 9.000000000000034
  endloop
endfacet
facet normal -0.11362661825846493 0.9935235234372385 -4.679687855154339e-15
  outer loop
    vertex -3.0501020990926295 16.918003197504042 9.000000000000004
    vertex -0.7835883277428781 17.177218293069892 6.800000000000006
    vertex -3.050102099092634 16.91800319750403 6.800000000000003
  endloop
endfacet
facet normal -0.11362661825846493 0.9935235234372385 -4.679687855154339e-15
  outer loop
    vertex -0.7835883277428781 17.177218293069892 6.800000000000006
    vertex -3.0501020990926295 16.918003197504042 9.000000000000004
    vertex -0.7835883277428753 17.177218293069902 9.000000000000005
  endloop
endfacet
facet normal -0.017026315607673207 -0.9998550417819715 4.941202753708911e-15
  outer loop
    vertex 1.14800044626905 14.862900643697577 9.000000000000018
    vertex -0.7706781016660662 14.895573406389836 6.800000000000018
    vertex 1.1480004462690445 14.862900643697566 6.800000000000018
  endloop
endfacet
facet normal -0.017026315607673207 -0.9998550417819715 4.941202753708911e-15
  outer loop
    vertex -0.7706781016660662 14.895573406389836 6.800000000000018
    vertex 1.14800044626905 14.862900643697577 9.000000000000018
    vertex -0.770678101666062 14.895573406389849 9.000000000000018
  endloop
endfacet
facet normal -0.14738792449318078 -0.9890787631496253 5.118172303187308e-15
  outer loop
    vertex 3.045999781944199 14.580069596063126 9.000000000000018
    vertex 1.1480004462690445 14.862900643697566 6.800000000000018
    vertex 3.045999781944193 14.580069596063115 6.800000000000018
  endloop
endfacet
facet normal -0.14738792449318078 -0.9890787631496253 5.118172303187308e-15
  outer loop
    vertex 1.1480004462690445 14.862900643697566 6.800000000000018
    vertex 3.045999781944199 14.580069596063126 9.000000000000018
    vertex 1.14800044626905 14.862900643697577 9.000000000000018
  endloop
endfacet
facet normal 0.11362661825846655 -0.9935235234372385 4.679687855154336e-15
  outer loop
    vertex -0.770678101666062 14.895573406389849 9.000000000000018
    vertex -2.6772067399480535 14.677528844111706 6.800000000000018
    vertex -0.7706781016660662 14.895573406389836 6.800000000000018
  endloop
endfacet
facet normal 0.11362661825846655 -0.9935235234372385 4.679687855154336e-15
  outer loop
    vertex -2.6772067399480535 14.677528844111706 6.800000000000018
    vertex -0.770678101666062 14.895573406389849 9.000000000000018
    vertex -2.6772067399480495 14.677528844111718 9.000000000000018
  endloop
endfacet
facet normal -0.5146727427400816 -0.8573867084813025 5.119047069618321e-15
  outer loop
    vertex -3.1229892163922925 14.566180986535903 9.00000000000002
    vertex -3.7292531720586397 14.930109573019285 6.800000000000031
    vertex -3.122989216392297 14.566180986535892 6.80000000000002
  endloop
endfacet
facet normal -0.5146727427400816 -0.8573867084813025 5.119047069618321e-15
  outer loop
    vertex -3.7292531720586397 14.930109573019285 6.800000000000031
    vertex -3.1229892163922925 14.566180986535903 9.00000000000002
    vertex -3.7292531720586344 14.930109573019298 9.000000000000032
  endloop
endfacet
facet normal 0.24233536918294993 -0.970192542149734 4.3381021999434864e-15
  outer loop
    vertex -2.6772067399480495 14.677528844111718 9.000000000000018
    vertex -3.122989216392297 14.566180986535892 6.80000000000002
    vertex -2.6772067399480535 14.677528844111706 6.800000000000018
  endloop
endfacet
facet normal 0.24233536918294993 -0.970192542149734 4.3381021999434864e-15
  outer loop
    vertex -3.122989216392297 14.566180986535892 6.80000000000002
    vertex -2.6772067399480495 14.677528844111718 9.000000000000018
    vertex -3.1229892163922925 14.566180986535903 9.00000000000002
  endloop
endfacet
facet normal -0.9701925421497337 -0.24233536918295123 2.9013235923369954e-15
  outer loop
    vertex -3.7292531720586344 14.930109573019298 9.000000000000032
    vertex -4.03557895072491 16.156488483090218 6.800000000000048
    vertex -3.7292531720586397 14.930109573019285 6.800000000000031
  endloop
endfacet
facet normal -0.9701925421497337 -0.24233536918295123 2.9013235923369954e-15
  outer loop
    vertex -4.03557895072491 16.156488483090218 6.800000000000048
    vertex -3.7292531720586344 14.930109573019298 9.000000000000032
    vertex -4.035578950724904 16.15648848309023 9.000000000000048
  endloop
endfacet
facet normal -0.24233536918295592 0.9701925421497326 -4.338102199943469e-15
  outer loop
    vertex -3.6716503642415192 16.76275243875656 6.8000000000000345
    vertex -3.0501020990926295 16.918003197504042 9.000000000000004
    vertex -3.050102099092634 16.91800319750403 6.800000000000003
  endloop
endfacet
facet normal -0.24233536918295592 0.9701925421497326 -4.338102199943469e-15
  outer loop
    vertex -3.0501020990926295 16.918003197504042 9.000000000000004
    vertex -3.6716503642415192 16.76275243875656 6.8000000000000345
    vertex -3.6716503642415135 16.76275243875657 9.000000000000034
  endloop
endfacet
facet normal 0.01702631560767158 0.9998550417819716 -4.941202753708908e-15
  outer loop
    vertex -0.7835883277428781 17.177218293069892 6.800000000000006
    vertex 1.5054161759200069 17.138239329642072 9.000000000000004
    vertex 1.5054161759200013 17.13823932964206 6.800000000000003
  endloop
endfacet
facet normal 0.01702631560767158 0.9998550417819716 -4.941202753708908e-15
  outer loop
    vertex 1.5054161759200069 17.138239329642072 9.000000000000004
    vertex -0.7835883277428781 17.177218293069892 6.800000000000006
    vertex -0.7835883277428753 17.177218293069902 9.000000000000005
  endloop
endfacet
facet normal 0.13956533411809247 0.9902128647480326 -5.1099472213446606e-15
  outer loop
    vertex 1.5054161759200069 17.138239329642072 9.000000000000004
    vertex 3.621588327776874 16.839975911805674 6.800000000000006
    vertex 1.5054161759200013 17.13823932964206 6.800000000000003
  endloop
endfacet
facet normal 0.13956533411809247 0.9902128647480326 -5.1099472213446606e-15
  outer loop
    vertex 3.621588327776874 16.839975911805674 6.800000000000006
    vertex 1.5054161759200069 17.138239329642072 9.000000000000004
    vertex 3.62158832777688 16.839975911805684 9.000000000000005
  endloop
endfacet
facet normal 0.2752276851269509 0.9613790726553496 -5.207568505532714e-15
  outer loop
    vertex 3.621588327776874 16.839975911805674 6.800000000000006
    vertex 5.946926460379026 16.17426823251761 9.000000000000004
    vertex 5.946926460379021 16.174268232517598 6.800000000000003
  endloop
endfacet
facet normal 0.2752276851269509 0.9613790726553496 -5.207568505532714e-15
  outer loop
    vertex 5.946926460379026 16.17426823251761 9.000000000000004
    vertex 3.621588327776874 16.839975911805674 6.800000000000006
    vertex 3.62158832777688 16.839975911805684 9.000000000000005
  endloop
endfacet
facet normal 0.39835822376067803 0.9172299196833026 -5.2078617669376994e-15
  outer loop
    vertex 5.946926460379026 16.17426823251761 9.000000000000004
    vertex 7.978808669882382 15.291810115420688 6.800000000000006
    vertex 5.946926460379021 16.174268232517598 6.800000000000003
  endloop
endfacet
facet normal 0.39835822376067803 0.9172299196833026 -5.2078617669376994e-15
  outer loop
    vertex 7.978808669882382 15.291810115420688 6.800000000000006
    vertex 5.946926460379026 16.17426823251761 9.000000000000004
    vertex 7.978808669882385 15.291810115420699 9.000000000000005
  endloop
endfacet
facet normal -0.42689752771666234 -0.904300005948992 8.369864243924183e-06
  outer loop
    vertex -5.672767802401962 20.233408597306866 8.99995619396722
    vertex -6.027598279661918 20.400974944502632 15.451050967259398
    vertex -6.027632130691929 20.40093114387456 8.999950874083646
  endloop
endfacet
facet normal -0.42689752771666234 -0.904300005948992 8.369864243924183e-06
  outer loop
    vertex -6.027598279661918 20.400974944502632 15.451050967259398
    vertex -5.672767802401962 20.233408597306866 8.99995619396722
    vertex -5.67273350951901 20.233452937412526 15.547296151957688
  endloop
endfacet
facet normal 1.4656876428164527e-07 3.7108192488782754e-07 -0.9999999999999205
  outer loop
    vertex -7.931558890990482 1.0442095377602072 4.500000000000376
    vertex -7.931558890990437 -1.0442095377606133 4.50000000000042
    vertex -7.99999999999985 -1.8047785488306544e-13 4.500000000000398
  endloop
endfacet
facet normal 1.4656876428164527e-07 3.7108192488782754e-07 -0.9999999999999205
  outer loop
    vertex -7.931558890990437 -1.0442095377606133 4.50000000000042
    vertex -7.931558890990482 1.0442095377602072 4.500000000000376
    vertex -7.727406610312531 2.0705523608199567 4.500000000000364
  endloop
endfacet
facet normal 1.4656876428164527e-07 3.7108192488782754e-07 -0.9999999999999205
  outer loop
    vertex -7.931558890990437 -1.0442095377606133 4.50000000000042
    vertex -7.727406610312531 2.0705523608199567 4.500000000000364
    vertex -7.727406610312577 -2.070552360820408 4.500000000000432
  endloop
endfacet
facet normal 1.4656876428164527e-07 3.7108192488782754e-07 -0.9999999999999205
  outer loop
    vertex -7.727406610312577 -2.070552360820408 4.500000000000432
    vertex -7.727406610312531 2.0705523608199567 4.500000000000364
    vertex -7.391036260090501 -3.0614674589208173 4.500000000000443
  endloop
endfacet
facet normal 1.4656876428164527e-07 3.7108192488782754e-07 -0.9999999999999205
  outer loop
    vertex -7.391036260090501 -3.0614674589208173 4.500000000000443
    vertex -7.727406610312531 2.0705523608199567 4.500000000000364
    vertex -7.39103626009041 3.0614674589205015 4.500000000000341
  endloop
endfacet
facet normal 1.4656876428164527e-07 3.7108192488782754e-07 -0.9999999999999205
  outer loop
    vertex -7.391036260090501 -3.0614674589208173 4.500000000000443
    vertex -7.39103626009041 3.0614674589205015 4.500000000000341
    vertex -6.928203230275649 -4.000000000000128 4.500000000000454
  endloop
endfacet
facet normal 1.4656876428164527e-07 3.7108192488782754e-07 -0.9999999999999205
  outer loop
    vertex -6.928203230275649 -4.000000000000128 4.500000000000454
    vertex -7.39103626009041 3.0614674589205015 4.500000000000341
    vertex -6.9282032302756935 3.999999999999812 4.50000000000033
  endloop
endfacet
facet normal 1.4656876428164527e-07 3.7108192488782754e-07 -0.9999999999999205
  outer loop
    vertex -6.928203230275649 -4.000000000000128 4.500000000000454
    vertex -6.9282032302756935 3.999999999999812 4.50000000000033
    vertex -6.3468267223300225 4.870091432069574 4.500000000000307
  endloop
endfacet
facet normal 1.4656876428164527e-07 3.7108192488782754e-07 -0.9999999999999205
  outer loop
    vertex -6.928203230275649 -4.000000000000128 4.500000000000454
    vertex -6.3468267223300225 4.870091432069574 4.500000000000307
    vertex -5.761945740345656 -6.00000000000017 4.500000000000477
  endloop
endfacet
facet normal 1.4656876428164527e-07 3.7108192488782754e-07 -0.9999999999999205
  outer loop
    vertex -5.761945740345656 -6.00000000000017 4.500000000000477
    vertex -6.3468267223300225 4.870091432069574 4.500000000000307
    vertex -5.656854249492394 5.656854249492259 4.500000000000297
  endloop
endfacet
facet normal 1.4656876428164527e-07 3.7108192488782754e-07 -0.9999999999999205
  outer loop
    vertex -5.761945740345656 -6.00000000000017 4.500000000000477
    vertex -5.656854249492394 5.656854249492259 4.500000000000297
    vertex -4.957224306869152 -0.6526309611004905 4.500000000000398
  endloop
endfacet
facet normal 1.4656876428164527e-07 3.7108192488782754e-07 -0.9999999999999205
  outer loop
    vertex -5.761945740345656 -6.00000000000017 4.500000000000477
    vertex -4.957224306869152 -0.6526309611004905 4.500000000000398
    vertex -4.829629131445281 -1.2940952255127605 4.5000000000004095
  endloop
endfacet
facet normal 1.4656876428164527e-07 3.7108192488782754e-07 -0.9999999999999205
  outer loop
    vertex -5.761945740345656 -6.00000000000017 4.500000000000477
    vertex -4.829629131445281 -1.2940952255127605 4.5000000000004095
    vertex -4.6193976625561906 -1.9134171618255955 4.50000000000042
  endloop
endfacet
facet normal 1.4656876428164527e-07 3.7108192488782754e-07 -0.9999999999999205
  outer loop
    vertex -5.761945740345656 -6.00000000000017 4.500000000000477
    vertex -4.6193976625561906 -1.9134171618255955 4.50000000000042
    vertex -4.330127018922213 -2.500000000000153 4.50000000000042
  endloop
endfacet
facet normal 1.4656876428164527e-07 3.7108192488782754e-07 -0.9999999999999205
  outer loop
    vertex -5.761945740345656 -6.00000000000017 4.500000000000477
    vertex -4.330127018922213 -2.500000000000153 4.50000000000042
    vertex -3.966766701455926 -3.043807145043783 4.500000000000432
  endloop
endfacet
facet normal 1.4656876428164527e-07 3.7108192488782754e-07 -0.9999999999999205
  outer loop
    vertex -5.761945740345656 -6.00000000000017 4.500000000000477
    vertex -3.966766701455926 -3.043807145043783 4.500000000000432
    vertex -3.5355339059327466 -3.535533905932927 4.500000000000443
  endloop
endfacet
facet normal 1.4656876428164527e-07 3.7108192488782754e-07 -0.9999999999999205
  outer loop
    vertex -5.761945740345656 -6.00000000000017 4.500000000000477
    vertex -3.5355339059327466 -3.535533905932927 4.500000000000443
    vertex -3.0438071450436928 -3.966766701456332 4.500000000000443
  endloop
endfacet
facet normal 1.4656876428164527e-07 3.7108192488782754e-07 -0.9999999999999205
  outer loop
    vertex -5.761945740345656 -6.00000000000017 4.500000000000477
    vertex -3.0438071450436928 -3.966766701456332 4.500000000000443
    vertex 0.0 -6.172771162340216 4.499997910376757
  endloop
endfacet
facet normal 1.4656876428164527e-07 3.7108192488782754e-07 -0.9999999999999205
  outer loop
    vertex -4.957224306869152 -0.6526309611004905 4.500000000000398
    vertex -5.656854249492394 5.656854249492259 4.500000000000297
    vertex -4.999999999999946 -1.8047785488306544e-13 4.500000000000386
  endloop
endfacet
facet normal 1.4656876428164527e-07 3.7108192488782754e-07 -0.9999999999999205
  outer loop
    vertex 0.0 -6.172771162340216 4.499997910376757
    vertex -3.0438071450436928 -3.966766701456332 4.500000000000443
    vertex -2.4999999999998375 -4.330127018922348 4.500000000000454
  endloop
endfacet
facet normal 1.4656876428164527e-07 3.7108192488782754e-07 -0.9999999999999205
  outer loop
    vertex 0.0 -6.172771162340216 4.499997910376757
    vertex -2.4999999999998375 -4.330127018922348 4.500000000000454
    vertex -1.9134171618252345 -4.6193976625565965 4.500000000000465
  endloop
endfacet
facet normal 1.4656876428164527e-07 3.7108192488782754e-07 -0.9999999999999205
  outer loop
    vertex 0.0 -6.172771162340216 4.499997910376757
    vertex -1.9134171618252345 -4.6193976625565965 4.500000000000465
    vertex -1.294095225512625 -4.829629131445461 4.500000000000454
  endloop
endfacet
facet normal 1.4656876428164527e-07 3.7108192488782754e-07 -0.9999999999999205
  outer loop
    vertex 0.0 -6.172771162340216 4.499997910376757
    vertex -1.294095225512625 -4.829629131445461 4.500000000000454
    vertex -0.6526309611002197 -4.957224306869152 4.500000000000465
  endloop
endfacet
facet normal 1.4656876428164527e-07 3.7108192488782754e-07 -0.9999999999999205
  outer loop
    vertex 0.0 -6.172771162340216 4.499997910376757
    vertex -0.6526309611002197 -4.957224306869152 4.500000000000465
    vertex 9.023892744153272e-14 -5.000000000000126 4.500000000000454
  endloop
endfacet
facet normal 1.4656876428164527e-07 3.7108192488782754e-07 -0.9999999999999205
  outer loop
    vertex 0.0 -6.172771162340216 4.499997910376757
    vertex 9.023892744153272e-14 -5.000000000000126 4.500000000000454
    vertex 2.724668741176164 -5.884864279669421 4.500000000000465
  endloop
endfacet
facet normal 1.4656876428164527e-07 3.7108192488782754e-07 -0.9999999999999205
  outer loop
    vertex 2.724668741176164 -5.884864279669421 4.500000000000465
    vertex 9.023892744153272e-14 -5.000000000000126 4.500000000000454
    vertex 0.6526309611003551 -4.957224306869198 4.500000000000454
  endloop
endfacet
facet normal 1.4656876428164527e-07 3.7108192488782754e-07 -0.9999999999999205
  outer loop
    vertex 2.724668741176164 -5.884864279669421 4.500000000000465
    vertex 0.6526309611003551 -4.957224306869198 4.500000000000454
    vertex 1.2940952255126703 -4.829629131445372 4.500000000000454
  endloop
endfacet
facet normal 1.4656876428164527e-07 3.7108192488782754e-07 -0.9999999999999205
  outer loop
    vertex 2.724668741176164 -5.884864279669421 4.500000000000465
    vertex 1.2940952255126703 -4.829629131445372 4.500000000000454
    vertex 1.91341716182546 -4.619397662556552 4.500000000000454
  endloop
endfacet
facet normal 1.4656876428164527e-07 3.7108192488782754e-07 -0.9999999999999205
  outer loop
    vertex 2.724668741176164 -5.884864279669421 4.500000000000465
    vertex 1.91341716182546 -4.619397662556552 4.500000000000454
    vertex 2.5000000000001084 -4.330127018922439 4.500000000000443
  endloop
endfacet
facet normal 1.4656876428164527e-07 3.7108192488782754e-07 -0.9999999999999205
  outer loop
    vertex 2.724668741176164 -5.884864279669421 4.500000000000465
    vertex 2.5000000000001084 -4.330127018922439 4.500000000000443
    vertex 3.0438071450436928 -3.9667667014562866 4.500000000000443
  endloop
endfacet
facet normal 1.4656876428164527e-07 3.7108192488782754e-07 -0.9999999999999205
  outer loop
    vertex 2.724668741176164 -5.884864279669421 4.500000000000465
    vertex 3.0438071450436928 -3.9667667014562866 4.500000000000443
    vertex 4.066342511759511 -5.704064173472691 4.500000000000465
  endloop
endfacet
facet normal 1.4656876428164527e-07 3.7108192488782754e-07 -0.9999999999999205
  outer loop
    vertex 4.066342511759511 -5.704064173472691 4.500000000000465
    vertex 3.0438071450436928 -3.9667667014562866 4.500000000000443
    vertex 3.535533905932656 -3.535533905932837 4.500000000000432
  endloop
endfacet
facet normal 1.4656876428164527e-07 3.7108192488782754e-07 -0.9999999999999205
  outer loop
    vertex 4.066342511759511 -5.704064173472691 4.500000000000465
    vertex 3.535533905932656 -3.535533905932837 4.500000000000432
    vertex 3.9667667014562866 -3.0438071450436475 4.50000000000042
  endloop
endfacet
facet normal 1.4656876428164527e-07 3.7108192488782754e-07 -0.9999999999999205
  outer loop
    vertex 4.066342511759511 -5.704064173472691 4.500000000000465
    vertex 3.9667667014562866 -3.0438071450436475 4.50000000000042
    vertex 4.330127018922077 -2.5000000000001985 4.5000000000004095
  endloop
endfacet
facet normal 1.4656876428164527e-07 3.7108192488782754e-07 -0.9999999999999205
  outer loop
    vertex 4.066342511759511 -5.704064173472691 4.500000000000465
    vertex 4.330127018922077 -2.5000000000001985 4.5000000000004095
    vertex 5.394920056816641 -5.4439509445850405 4.500000000000454
  endloop
endfacet
facet normal 1.4656876428164527e-07 3.7108192488782754e-07 -0.9999999999999205
  outer loop
    vertex 5.394920056816641 -5.4439509445850405 4.500000000000454
    vertex 4.330127018922077 -2.5000000000001985 4.5000000000004095
    vertex 4.6193976625564614 -1.9134171618255955 4.500000000000398
  endloop
endfacet
facet normal 1.4656876428164527e-07 3.7108192488782754e-07 -0.9999999999999205
  outer loop
    vertex 5.394920056816641 -5.4439509445850405 4.500000000000454
    vertex 4.6193976625564614 -1.9134171618255955 4.500000000000398
    vertex 4.829629131445326 -1.2940952255127605 4.500000000000398
  endloop
endfacet
facet normal 1.4656876428164527e-07 3.7108192488782754e-07 -0.9999999999999205
  outer loop
    vertex 5.394920056816641 -5.4439509445850405 4.500000000000454
    vertex 4.829629131445326 -1.2940952255127605 4.500000000000398
    vertex 4.957224306869152 -0.6526309611004002 4.500000000000386
  endloop
endfacet
facet normal 1.4656876428164527e-07 3.7108192488782754e-07 -0.9999999999999205
  outer loop
    vertex 5.394920056816641 -5.4439509445850405 4.500000000000454
    vertex 4.957224306869152 -0.6526309611004002 4.500000000000386
    vertex 4.999999999999991 -1.8047785488306544e-13 4.500000000000376
  endloop
endfacet
facet normal 1.4656876428164527e-07 3.7108192488782754e-07 -0.9999999999999205
  outer loop
    vertex -4.87009143206971 6.346826722329752 4.500000000000285
    vertex -4.999999999999946 -1.8047785488306544e-13 4.500000000000386
    vertex -5.656854249492394 5.656854249492259 4.500000000000297
  endloop
endfacet
facet normal 1.4656876428164527e-07 3.7108192488782754e-07 -0.9999999999999205
  outer loop
    vertex -4.999999999999946 -1.8047785488306544e-13 4.500000000000386
    vertex -4.87009143206971 6.346826722329752 4.500000000000285
    vertex -4.957224306869063 0.6526309611000843 4.500000000000376
  endloop
endfacet
facet normal 1.4656876428164527e-07 3.7108192488782754e-07 -0.9999999999999205
  outer loop
    vertex -4.957224306869063 0.6526309611000843 4.500000000000376
    vertex -4.87009143206971 6.346826722329752 4.500000000000285
    vertex -4.829629131445191 1.2940952255124447 4.500000000000364
  endloop
endfacet
facet normal 1.4656876428164527e-07 3.7108192488782754e-07 -0.9999999999999205
  outer loop
    vertex -4.829629131445191 1.2940952255124447 4.500000000000364
    vertex -4.87009143206971 6.346826722329752 4.500000000000285
    vertex -4.000000000000038 6.928203230275288 4.500000000000285
  endloop
endfacet
facet normal 1.4656876428164527e-07 3.7108192488782754e-07 -0.9999999999999205
  outer loop
    vertex -4.829629131445191 1.2940952255124447 4.500000000000364
    vertex -4.000000000000038 6.928203230275288 4.500000000000285
    vertex -4.619397662556236 1.9134171618251894 4.500000000000353
  endloop
endfacet
facet normal 1.4656876428164527e-07 3.7108192488782754e-07 -0.9999999999999205
  outer loop
    vertex -4.619397662556236 1.9134171618251894 4.500000000000353
    vertex -4.000000000000038 6.928203230275288 4.500000000000285
    vertex -4.330127018922168 2.4999999999998375 4.500000000000341
  endloop
endfacet
facet normal 1.4656876428164527e-07 3.7108192488782754e-07 -0.9999999999999205
  outer loop
    vertex -4.330127018922168 2.4999999999998375 4.500000000000341
    vertex -4.000000000000038 6.928203230275288 4.500000000000285
    vertex -3.966766701456016 3.043807145043377 4.50000000000033
  endloop
endfacet
facet normal 1.4656876428164527e-07 3.7108192488782754e-07 -0.9999999999999205
  outer loop
    vertex -3.966766701456016 3.043807145043377 4.50000000000033
    vertex -4.000000000000038 6.928203230275288 4.500000000000285
    vertex -3.0614674589205464 7.391036260090095 4.500000000000263
  endloop
endfacet
facet normal 1.4656876428164527e-07 3.7108192488782754e-07 -0.9999999999999205
  outer loop
    vertex -3.966766701456016 3.043807145043377 4.50000000000033
    vertex -3.0614674589205464 7.391036260090095 4.500000000000263
    vertex -3.5355339059327915 3.535533905932566 4.50000000000033
  endloop
endfacet
facet normal 1.4656876428164527e-07 3.7108192488782754e-07 -0.9999999999999205
  outer loop
    vertex -3.5355339059327915 3.535533905932566 4.50000000000033
    vertex -3.0614674589205464 7.391036260090095 4.500000000000263
    vertex -3.0438071450436026 3.966766701455971 4.500000000000319
  endloop
endfacet
facet normal 1.4656876428164527e-07 3.7108192488782754e-07 -0.9999999999999205
  outer loop
    vertex -3.0438071450436026 3.966766701455971 4.500000000000319
    vertex -3.0614674589205464 7.391036260090095 4.500000000000263
    vertex -2.0705523608203174 7.727406610312351 4.500000000000263
  endloop
endfacet
facet normal 1.4656876428164527e-07 3.7108192488782754e-07 -0.9999999999999205
  outer loop
    vertex -3.0438071450436026 3.966766701455971 4.500000000000319
    vertex -2.0705523608203174 7.727406610312351 4.500000000000263
    vertex -2.4999999999998375 4.330127018921988 4.500000000000307
  endloop
endfacet
facet normal 1.4656876428164527e-07 3.7108192488782754e-07 -0.9999999999999205
  outer loop
    vertex -2.4999999999998375 4.330127018921988 4.500000000000307
    vertex -2.0705523608203174 7.727406610312351 4.500000000000263
    vertex -1.9134171618253246 4.619397662556281 4.500000000000307
  endloop
endfacet
facet normal 1.4656876428164527e-07 3.7108192488782754e-07 -0.9999999999999205
  outer loop
    vertex -1.9134171618253246 4.619397662556281 4.500000000000307
    vertex -2.0705523608203174 7.727406610312351 4.500000000000263
    vertex -1.0442095377603426 7.931558890990302 4.500000000000263
  endloop
endfacet
facet normal 1.4656876428164527e-07 3.7108192488782754e-07 -0.9999999999999205
  outer loop
    vertex -1.9134171618253246 4.619397662556281 4.500000000000307
    vertex -1.0442095377603426 7.931558890990302 4.500000000000263
    vertex -1.294095225512625 4.829629131445191 4.500000000000307
  endloop
endfacet
facet normal 1.4656876428164527e-07 3.7108192488782754e-07 -0.9999999999999205
  outer loop
    vertex -1.294095225512625 4.829629131445191 4.500000000000307
    vertex -1.0442095377603426 7.931558890990302 4.500000000000263
    vertex -0.6526309611001295 4.957224306868927 4.500000000000307
  endloop
endfacet
facet normal 1.4656876428164527e-07 3.7108192488782754e-07 -0.9999999999999205
  outer loop
    vertex -0.6526309611001295 4.957224306868927 4.500000000000307
    vertex -1.0442095377603426 7.931558890990302 4.500000000000263
    vertex 0.0 7.999999999999805 4.500000000000263
  endloop
endfacet
facet normal 1.4656876428164527e-07 3.7108192488782754e-07 -0.9999999999999205
  outer loop
    vertex -0.6526309611001295 4.957224306868927 4.500000000000307
    vertex 0.0 7.999999999999805 4.500000000000263
    vertex 0.0 4.9999999999997655 4.500000000000307
  endloop
endfacet
facet normal 1.4656876428164527e-07 3.7108192488782754e-07 -0.9999999999999205
  outer loop
    vertex 0.0 4.9999999999997655 4.500000000000307
    vertex 0.0 7.999999999999805 4.500000000000263
    vertex 3.050687534065983 7.999999999999805 4.500000000000251
  endloop
endfacet
facet normal 1.4656876428164527e-07 3.7108192488782754e-07 -0.9999999999999205
  outer loop
    vertex 0.0 4.9999999999997655 4.500000000000307
    vertex 3.050687534065983 7.999999999999805 4.500000000000251
    vertex 0.6526309611003099 4.957224306868882 4.500000000000307
  endloop
endfacet
facet normal 1.4656876428164527e-07 3.7108192488782754e-07 -0.9999999999999205
  outer loop
    vertex 0.6526309611003099 4.957224306868882 4.500000000000307
    vertex 3.050687534065983 7.999999999999805 4.500000000000251
    vertex 1.2940952255126703 4.829629131445236 4.500000000000307
  endloop
endfacet
facet normal 1.4656876428164527e-07 3.7108192488782754e-07 -0.9999999999999205
  outer loop
    vertex 1.2940952255126703 4.829629131445236 4.500000000000307
    vertex 3.050687534065983 7.999999999999805 4.500000000000251
    vertex 1.91341716182537 4.619397662556236 4.500000000000307
  endloop
endfacet
facet normal 1.4656876428164527e-07 3.7108192488782754e-07 -0.9999999999999205
  outer loop
    vertex 1.91341716182537 4.619397662556236 4.500000000000307
    vertex 3.050687534065983 7.999999999999805 4.500000000000251
    vertex 2.5000000000001084 4.330127018921988 4.500000000000307
  endloop
endfacet
facet normal 1.4656876428164527e-07 3.7108192488782754e-07 -0.9999999999999205
  outer loop
    vertex 2.5000000000001084 4.330127018921988 4.500000000000307
    vertex 3.050687534065983 7.999999999999805 4.500000000000251
    vertex 3.0438071450436475 3.966766701456016 4.500000000000307
  endloop
endfacet
facet normal 1.4656876428164527e-07 3.7108192488782754e-07 -0.9999999999999205
  outer loop
    vertex 3.0438071450436475 3.966766701456016 4.500000000000307
    vertex 3.050687534065983 7.999999999999805 4.500000000000251
    vertex 3.5355339059327013 3.535533905932521 4.500000000000319
  endloop
endfacet
facet normal 1.4656876428164527e-07 3.7108192488782754e-07 -0.9999999999999205
  outer loop
    vertex 3.5355339059327013 3.535533905932521 4.500000000000319
    vertex 3.050687534065983 7.999999999999805 4.500000000000251
    vertex 3.550473364409813 8.00884724876268 4.500000000000269
  endloop
endfacet
facet normal 1.4656876428164527e-07 3.7108192488782754e-07 -0.9999999999999205
  outer loop
    vertex 3.5355339059327013 3.535533905932521 4.500000000000319
    vertex 3.550473364409813 8.00884724876268 4.500000000000269
    vertex 3.9667667014562866 3.043807145043422 4.50000000000033
  endloop
endfacet
facet normal 1.4656876428164527e-07 3.7108192488782754e-07 -0.9999999999999205
  outer loop
    vertex 9.684999636283468 9.863296556990665 4.500034721504804
    vertex 3.550473364409813 8.00884724876268 4.500000000000269
    vertex 3.5291561771357083 9.863296556990665 4.500017360752537
  endloop
endfacet
facet normal 1.4656876428164527e-07 3.7108192488782754e-07 -0.9999999999999205
  outer loop
    vertex 3.550473364409813 8.00884724876268 4.500000000000269
    vertex 9.684999636283468 9.863296556990665 4.500034721504804
    vertex 3.9667667014562866 3.043807145043422 4.50000000000033
  endloop
endfacet
facet normal 1.4656876428164527e-07 3.7108192488782754e-07 -0.9999999999999205
  outer loop
    vertex 3.9667667014562866 3.043807145043422 4.50000000000033
    vertex 9.684999636283468 9.863296556990665 4.500034721504804
    vertex 4.330127018922123 2.4999999999998828 4.50000000000033
  endloop
endfacet
facet normal 1.4656876428164527e-07 3.7108192488782754e-07 -0.9999999999999205
  outer loop
    vertex 4.330127018922123 2.4999999999998828 4.50000000000033
    vertex 9.684999636283468 9.863296556990665 4.500034721504804
    vertex 4.619397662556552 1.9134171618251894 4.500000000000341
  endloop
endfacet
facet normal 1.4656876428164527e-07 3.7108192488782754e-07 -0.9999999999999205
  outer loop
    vertex 4.619397662556552 1.9134171618251894 4.500000000000341
    vertex 9.684999636283468 9.863296556990665 4.500034721504804
    vertex 4.829629131445326 1.2940952255124898 4.500000000000353
  endloop
endfacet
facet normal 1.4656876428164527e-07 3.7108192488782754e-07 -0.9999999999999205
  outer loop
    vertex 4.829629131445326 1.2940952255124898 4.500000000000353
    vertex 9.684999636283468 9.863296556990665 4.500034721504804
    vertex 6.98298248460393 4.8342452169130725 4.500000000000297
  endloop
endfacet
facet normal 1.4656876428164527e-07 3.7108192488782754e-07 -0.9999999999999205
  outer loop
    vertex 4.829629131445326 1.2940952255124898 4.500000000000353
    vertex 6.98298248460393 4.8342452169130725 4.500000000000297
    vertex 4.957224306869108 0.6526309611000843 4.500000000000364
  endloop
endfacet
facet normal 1.4656876428164527e-07 3.7108192488782754e-07 -0.9999999999999205
  outer loop
    vertex 4.957224306869108 0.6526309611000843 4.500000000000364
    vertex 6.98298248460393 4.8342452169130725 4.500000000000297
    vertex 6.481820291552831 3.759499425617583 4.500000000000319
  endloop
endfacet
facet normal 1.4656876428164527e-07 3.7108192488782754e-07 -0.9999999999999205
  outer loop
    vertex 4.957224306869108 0.6526309611000843 4.500000000000364
    vertex 6.481820291552831 3.759499425617583 4.500000000000319
    vertex 4.999999999999991 -1.8047785488306544e-13 4.500000000000376
  endloop
endfacet
facet normal 1.4656876428164527e-07 3.7108192488782754e-07 -0.9999999999999205
  outer loop
    vertex 4.999999999999991 -1.8047785488306544e-13 4.500000000000376
    vertex 6.481820291552831 3.759499425617583 4.500000000000319
    vertex 6.174899526433606 2.6140555362936353 4.50000000000033
  endloop
endfacet
facet normal 1.4656876428164527e-07 3.7108192488782754e-07 -0.9999999999999205
  outer loop
    vertex 4.999999999999991 -1.8047785488306544e-13 4.500000000000376
    vertex 6.174899526433606 2.6140555362936353 4.50000000000033
    vertex 5.394920056816641 -5.4439509445850405 4.500000000000454
  endloop
endfacet
facet normal 1.4656876428164527e-07 3.7108192488782754e-07 -0.9999999999999205
  outer loop
    vertex 5.394920056816641 -5.4439509445850405 4.500000000000454
    vertex 6.174899526433606 2.6140555362936353 4.50000000000033
    vertex 6.0746016914186285 1.4676460362225745 4.500000000000353
  endloop
endfacet
facet normal 1.4656876428164527e-07 3.7108192488782754e-07 -0.9999999999999205
  outer loop
    vertex 6.98298248460393 4.8342452169130725 4.500000000000297
    vertex 9.684999636283468 9.863296556990665 4.500034721504804
    vertex 7.6631585459507 5.80563730315932 4.500000000000274
  endloop
endfacet
facet normal 1.4656876428164527e-07 3.7108192488782754e-07 -0.9999999999999205
  outer loop
    vertex 7.6631585459507 5.80563730315932 4.500000000000274
    vertex 9.684999636283468 9.863296556990665 4.500034721504804
    vertex 7.788934839098526 5.943934217003745 4.500000000000274
  endloop
endfacet
facet normal 1.4656876428164527e-07 3.7108192488782754e-07 -0.9999999999999205
  outer loop
    vertex 7.788934839098526 5.943934217003745 4.500000000000274
    vertex 9.684999636283468 9.863296556990665 4.500034721504804
    vertex 8.873289478779549 7.256667884274728 4.500000000000263
  endloop
endfacet
facet normal 1.4656876428164527e-07 3.7108192488782754e-07 -0.9999999999999205
  outer loop
    vertex 8.873289478779549 7.256667884274728 4.500000000000263
    vertex 9.684999636283468 9.863296556990665 4.500034721504804
    vertex 9.595985782921664 8.484876698033872 4.500000000000245
  endloop
endfacet
facet normal 1.4656876428164527e-07 3.7108192488782754e-07 -0.9999999999999205
  outer loop
    vertex 9.595985782921664 8.484876698033872 4.500000000000245
    vertex 9.684999636283468 9.863296556990665 4.500034721504804
    vertex 9.684999622437447 8.712144964078165 4.50000000000023
  endloop
endfacet
facet normal 1.4656876428164527e-07 3.7108192488782754e-07 -0.9999999999999205
  outer loop
    vertex 5.394920056816641 -5.4439509445850405 4.500000000000454
    vertex 6.12497019841162 -0.18750069592252067 4.500000000000376
    vertex 6.705717021999458 -5.105441711122118 4.500000000000443
  endloop
endfacet
facet normal 1.4656876428164527e-07 3.7108192488782754e-07 -0.9999999999999205
  outer loop
    vertex 6.12497019841162 -0.18750069592252067 4.500000000000376
    vertex 5.394920056816641 -5.4439509445850405 4.500000000000454
    vertex 6.0746016914186285 0.4327172818958129 4.500000000000364
  endloop
endfacet
facet normal 1.4656876428164527e-07 3.7108192488782754e-07 -0.9999999999999205
  outer loop
    vertex 6.0746016914186285 0.4327172818958129 4.500000000000364
    vertex 5.394920056816641 -5.4439509445850405 4.500000000000454
    vertex 6.0746016914186285 1.4676460362225745 4.500000000000353
  endloop
endfacet
facet normal 1.4656876428164527e-07 3.7108192488782754e-07 -0.9999999999999205
  outer loop
    vertex 6.705717021999458 -5.105441711122118 4.500000000000443
    vertex 6.12497019841162 -0.18750069592252067 4.500000000000376
    vertex 6.274755659428707 -0.7914639747512797 4.500000000000376
  endloop
endfacet
facet normal 1.4656876428164527e-07 3.7108192488782754e-07 -0.9999999999999205
  outer loop
    vertex 6.705717021999458 -5.105441711122118 4.500000000000443
    vertex 6.274755659428707 -0.7914639747512797 4.500000000000376
    vertex 6.520032490774025 -1.363343859439338 4.500000000000398
  endloop
endfacet
facet normal 1.4656876428164527e-07 3.7108192488782754e-07 -0.9999999999999205
  outer loop
    vertex 6.705717021999458 -5.105441711122118 4.500000000000443
    vertex 6.520032490774025 -1.363343859439338 4.500000000000398
    vertex 6.854372466879662 -1.888152497786172 4.500000000000398
  endloop
endfacet
facet normal 1.4656876428164527e-07 3.7108192488782754e-07 -0.9999999999999205
  outer loop
    vertex 6.705717021999458 -5.105441711122118 4.500000000000443
    vertex 6.854372466879662 -1.888152497786172 4.500000000000398
    vertex 7.994111744472967 -4.689730003115592 4.500000000000443
  endloop
endfacet
facet normal 1.4656876428164527e-07 3.7108192488782754e-07 -0.9999999999999205
  outer loop
    vertex 7.994111744472967 -4.689730003115592 4.500000000000443
    vertex 6.854372466879662 -1.888152497786172 4.500000000000398
    vertex 7.269013191513679 -2.352135682805531 4.500000000000398
  endloop
endfacet
facet normal 1.4656876428164527e-07 3.7108192488782754e-07 -0.9999999999999205
  outer loop
    vertex 7.994111744472967 -4.689730003115592 4.500000000000443
    vertex 7.269013191513679 -2.352135682805531 4.500000000000398
    vertex 7.5537511682523 -2.582124796652043 4.5000000000004095
  endloop
endfacet
facet normal 1.4656876428164527e-07 3.7108192488782754e-07 -0.9999999999999205
  outer loop
    vertex 7.994111744472967 -4.689730003115592 4.500000000000443
    vertex 7.5537511682523 -2.582124796652043 4.5000000000004095
    vertex 7.753087743031193 -2.743133323564029 4.5000000000004095
  endloop
endfacet
facet normal 1.4656876428164527e-07 3.7108192488782754e-07 -0.9999999999999205
  outer loop
    vertex 7.994111744472967 -4.689730003115592 4.500000000000443
    vertex 7.753087743031193 -2.743133323564029 4.5000000000004095
    vertex 8.29390947511645 -3.0508981373589403 4.5000000000004095
  endloop
endfacet
facet normal 1.4656876428164527e-07 3.7108192488782754e-07 -0.9999999999999205
  outer loop
    vertex 7.994111744472967 -4.689730003115592 4.500000000000443
    vertex 8.29390947511645 -3.0508981373589403 4.5000000000004095
    vertex 9.255561548168615 -4.19828155431525 4.50000000000042
  endloop
endfacet
facet normal 1.4656876428164527e-07 3.7108192488782754e-07 -0.9999999999999205
  outer loop
    vertex 9.255561548168615 -4.19828155431525 4.50000000000042
    vertex 8.29390947511645 -3.0508981373589403 4.5000000000004095
    vertex 8.877304508944956 -3.267364210935829 4.50000000000042
  endloop
endfacet
facet normal 1.4656876428164527e-07 3.7108192488782754e-07 -0.9999999999999205
  outer loop
    vertex 9.255561548168615 -4.19828155431525 4.50000000000042
    vertex 8.877304508944956 -3.267364210935829 4.50000000000042
    vertex 9.487983202800915 -3.386858392284969 4.50000000000042
  endloop
endfacet
facet normal 1.4656876428164527e-07 3.7108192488782754e-07 -0.9999999999999205
  outer loop
    vertex 9.255561548168615 -4.19828155431525 4.50000000000042
    vertex 9.487983202800915 -3.386858392284969 4.50000000000042
    vertex 10.485618760539948 -3.6328291342432095 4.50000000000042
  endloop
endfacet
facet normal 1.4656876428164527e-07 3.7108192488782754e-07 -0.9999999999999205
  outer loop
    vertex 10.485618760539948 -3.6328291342432095 4.50000000000042
    vertex 9.487983202800915 -3.386858392284969 4.50000000000042
    vertex 10.109940863651914 -3.406248972848317 4.50000000000042
  endloop
endfacet
facet normal 1.4656876428164527e-07 3.7108192488782754e-07 -0.9999999999999205
  outer loop
    vertex 10.485618760539948 -3.6328291342432095 4.50000000000042
    vertex 10.109940863651914 -3.406248972848317 4.50000000000042
    vertex 10.726877198821676 -3.325027763470887 4.50000000000042
  endloop
endfacet
facet normal 1.4656876428164527e-07 3.7108192488782754e-07 -0.9999999999999205
  outer loop
    vertex 10.485618760539948 -3.6328291342432095 4.50000000000042
    vertex 10.726877198821676 -3.325027763470887 4.50000000000042
    vertex 11.322623514750553 -3.1453234130423056 4.5000000000004095
  endloop
endfacet
facet normal 1.4656876428164527e-07 3.7108192488782754e-07 -0.9999999999999205
  outer loop
    vertex 10.485618760539948 -3.6328291342432095 4.50000000000042
    vertex 11.322623514750553 -3.1453234130423056 4.5000000000004095
    vertex 11.679946394353946 -2.995366438722818 4.5000000000004095
  endloop
endfacet
facet normal 0.5146727427400837 0.8573867084813012 -5.3806652880182686e-15
  outer loop
    vertex 7.978808669882385 15.291810115420699 9.000000000000005
    vertex 9.684999625169134 14.267616516535538 6.800000000000006
    vertex 7.978808669882382 15.291810115420688 6.800000000000006
  endloop
endfacet
facet normal 0.5146727427400837 0.8573867084813012 -5.3806652880182686e-15
  outer loop
    vertex 9.684999625169134 14.267616516535538 6.800000000000006
    vertex 7.978808669882385 15.291810115420699 9.000000000000005
    vertex 9.684999625169137 14.267616516535549 9.000000000000005
  endloop
endfacet
facet normal -0.8234837244497321 -0.5673398942136874 -1.6140413503855178e-10
  outer loop
    vertex 8.239238067835203 12.334080108398624 9.00000000000002
    vertex 8.356840950591767 12.163381624948004 6.80001562494834
    vertex 8.356840949729348 12.163381624948004 9.000000000000156
  endloop
endfacet
facet normal -0.8234837244497321 -0.5673398942136874 -1.6140413503855178e-10
  outer loop
    vertex 8.356840950591767 12.163381624948004 6.80001562494834
    vertex 8.239238067835203 12.334080108398624 9.00000000000002
    vertex 8.239238067835199 12.334080108398613 6.80000000000002
  endloop
endfacet
facet normal -0.1277889974983682 0.3296429052292925 0.9354173010749554
  outer loop
    vertex -8.483851255235026 20.29197909646622 15.17930276943477
    vertex -8.321895170034423 23.255882283391383 14.156942534606065
    vertex -9.527609139502433 22.78847656349299 14.156942534606065
  endloop
endfacet
facet normal -0.1277889974983682 0.3296429052292925 0.9354173010749554
  outer loop
    vertex -8.321895170034423 23.255882283391383 14.156942534606065
    vertex -8.483851255235026 20.29197909646622 15.17930276943477
    vertex -7.953981509542967 20.494205821355553 15.180424106936195
  endloop
endfacet
facet normal -0.1277889974983682 0.3296429052292925 0.9354173010749554
  outer loop
    vertex -8.321895170034423 23.255882283391383 14.156942534606065
    vertex -7.953981509542967 20.494205821355553 15.180424106936195
    vertex -7.570467340693351 20.577329100416364 15.203523842142173
  endloop
endfacet
facet normal -0.1277889974983682 0.3296429052292925 0.9354173010749554
  outer loop
    vertex -8.321895170034423 23.255882283391383 14.156942534606065
    vertex -7.570467340693351 20.577329100416364 15.203523842142173
    vertex -7.3693541765391295 20.59396684679744 15.22513508939432
  endloop
endfacet
facet normal -0.04834114719036434 -0.9988308833021823 7.078263492781167e-06
  outer loop
    vertex -6.787424134707753 20.59071305199912 15.294960251637706
    vertex -7.179415950921032 20.60964177297571 9.256401098281234
    vertex -6.787456395580528 20.590671258127347 9.171138475172798
  endloop
endfacet
facet normal -0.04834114719036434 -0.9988308833021823 7.078263492781167e-06
  outer loop
    vertex -7.179415950921032 20.60964177297571 9.256401098281234
    vertex -6.787424134707753 20.59071305199912 15.294960251637706
    vertex -7.179384369803557 20.609682703579253 15.241904889514263
  endloop
endfacet
facet normal -0.17830119989761364 -0.9839759560358302 7.644964199429959e-06
  outer loop
    vertex -6.401293166128413 20.520744743024135 15.365639892727264
    vertex -6.787456395580528 20.590671258127347 9.171138475172798
    vertex -6.401326331400519 20.520701801401888 9.057552754517442
  endloop
endfacet
facet normal -0.17830119989761364 -0.9839759560358302 7.644964199429959e-06
  outer loop
    vertex -6.787456395580528 20.590671258127347 9.171138475172798
    vertex -6.401293166128413 20.520744743024135 15.365639892727264
    vertex -6.787424134707753 20.59071305199912 15.294960251637706
  endloop
endfacet
facet normal 0.6936545605519394 2.4101185536398078e-14 0.7203078165794786
  outer loop
    vertex 9.684999625171162 14.267616516534325 14.156942531973607
    vertex 7.97880866988238 18.73384226837711 15.799999999999503
    vertex 7.97880866988238 15.291810115420681 15.800000000000027
  endloop
endfacet
facet normal 0.6936545605519394 2.4101185536398078e-14 0.7203078165794786
  outer loop
    vertex 7.97880866988238 18.73384226837711 15.799999999999503
    vertex 9.684999625171162 14.267616516534325 14.156942531973607
    vertex 9.684999622437438 22.73989298438829 14.15694253460606
  endloop
endfacet
facet normal 0.5146727427400816 0.8573867084813025 1.059081022775825e-16
  outer loop
    vertex 7.97880866988238 15.291810115420681 15.800000000000027
    vertex 9.684999625169134 14.267616516535538 18.00000000000001
    vertex 9.684999625171162 14.267616516534325 14.156942531973607
  endloop
endfacet
facet normal 0.5146727427400816 0.8573867084813025 1.059081022775825e-16
  outer loop
    vertex 9.684999625169134 14.267616516535538 18.00000000000001
    vertex 7.97880866988238 15.291810115420681 15.800000000000027
    vertex 7.978808669882385 15.291810115420688 18.00000000000001
  endloop
endfacet
facet normal 0.21182253679377475 -0.9773081463259949 5.576529209705005e-06
  outer loop
    vertex -7.570467340693351 20.577329100416364 15.203523842142173
    vertex -7.954012301989697 20.494165893008415 9.355205144493764
    vertex -7.570498429581582 20.5772887952611 9.318082726002935
  endloop
endfacet
facet normal 0.21182253679377475 -0.9773081463259949 5.576529209705005e-06
  outer loop
    vertex -7.954012301989697 20.494165893008415 9.355205144493764
    vertex -7.570467340693351 20.577329100416364 15.203523842142173
    vertex -7.953981509542967 20.494205821355553 15.180424106936195
  endloop
endfacet
facet normal -0.30521153620518826 -0.9522845783211654 7.677854315757044e-06
  outer loop
    vertex -6.027598279661918 20.400974944502632 15.451050967259398
    vertex -6.24765357515638 20.47145684528894 9.000000000000682
    vertex -6.027632130691929 20.40093114387456 8.999950874083646
  endloop
endfacet
facet normal -0.30521153620518826 -0.9522845783211654 7.677854315757044e-06
  outer loop
    vertex -6.24765357515638 20.47145684528894 9.000000000000682
    vertex -6.027598279661918 20.400974944502632 15.451050967259398
    vertex -6.401326331400519 20.520701801401888 9.057552754517442
  endloop
endfacet
facet normal -0.30521153620518826 -0.9522845783211654 7.677854315757044e-06
  outer loop
    vertex -6.401326331400519 20.520701801401888 9.057552754517442
    vertex -6.027598279661918 20.400974944502632 15.451050967259398
    vertex -6.401293166128413 20.520744743024135 15.365639892727264
  endloop
endfacet
facet normal -0.30521153620518826 -0.9522845783211654 7.677854315757044e-06
  outer loop
    vertex -6.401293166128413 20.520744743024135 15.365639892727264
    vertex -6.027598279661918 20.400974944502632 15.451050967259398
    vertex -6.125861100533395 20.43246834172935 15.429833003710698
  endloop
endfacet
facet normal 0.08244617649143006 -0.9965955187264393 6.026897654707955e-06
  outer loop
    vertex -7.179384369803557 20.609682703579253 15.241904889514263
    vertex -7.36934316729671 20.59393608101143 9.283348680249322
    vertex -7.179415950921032 20.60964177297571 9.256401098281234
  endloop
endfacet
facet normal 0.08244617649143006 -0.9965955187264393 6.026897654707955e-06
  outer loop
    vertex -7.36934316729671 20.59393608101143 9.283348680249322
    vertex -7.179384369803557 20.609682703579253 15.241904889514263
    vertex -7.570498429581582 20.5772887952611 9.318082726002935
  endloop
endfacet
facet normal 0.08244617649143006 -0.9965955187264393 6.026897654707955e-06
  outer loop
    vertex -7.570498429581582 20.5772887952611 9.318082726002935
    vertex -7.179384369803557 20.609682703579253 15.241904889514263
    vertex -7.570467340693351 20.577329100416364 15.203523842142173
  endloop
endfacet
facet normal 0.08244617649143006 -0.9965955187264393 6.026897654707955e-06
  outer loop
    vertex -7.570467340693351 20.577329100416364 15.203523842142173
    vertex -7.179384369803557 20.609682703579253 15.241904889514263
    vertex -7.3693541765391295 20.59396684679744 15.22513508939432
  endloop
endfacet
facet normal 0.9311276451316327 -0.3646934445141843 -3.2328062526517173e-15
  outer loop
    vertex 9.684999622437447 8.712144964078165 4.50000000000023
    vertex 9.595985782921758 8.484876698033979 20.500000000000007
    vertex 9.595985782921664 8.484876698033872 4.500000000000245
  endloop
endfacet
facet normal 0.9311276451316327 -0.3646934445141843 -3.2328062526517173e-15
  outer loop
    vertex 9.595985782921758 8.484876698033979 20.500000000000007
    vertex 9.684999622437447 8.712144964078165 4.50000000000023
    vertex 9.684999622437438 8.712144964077991 20.500000000000007
  endloop
endfacet
facet normal -0.5028579835978294 0.8643690463754039 -8.393318507219562e-15
  outer loop
    vertex -12.859105421860876 21.085012449268085 14.156942534606065
    vertex -11.8574603351389 21.667732562513446 10.999999999999401
    vertex -12.859105421860868 21.085012449268067 10.999999999999401
  endloop
endfacet
facet normal -0.5028579835978294 0.8643690463754039 -8.393318507219562e-15
  outer loop
    vertex -11.8574603351389 21.667732562513446 10.999999999999401
    vertex -12.859105421860876 21.085012449268085 14.156942534606065
    vertex -11.8574603351389 21.667732562513486 14.156942534606065
  endloop
endfacet
facet normal 0.44984661575926627 -0.8931058292666156 4.463872299024482e-06
  outer loop
    vertex -9.377636795847616 19.898176812516436 9.361277970377806
    vertex -10.406165141564353 19.380114173071576 9.361272325525666
    vertex -9.533892424505929 19.81946871443549 9.356557815568257
  endloop
endfacet
facet normal 0.44984661575926627 -0.8931058292666156 4.463872299024482e-06
  outer loop
    vertex -10.406165141564353 19.380114173071576 9.361272325525666
    vertex -9.377636795847616 19.898176812516436 9.361277970377806
    vertex -10.406143794500165 19.38015872278561 15.17664731134217
  endloop
endfacet
facet normal 0.44984661575926627 -0.8931058292666156 4.463872299024482e-06
  outer loop
    vertex -10.406143794500165 19.38015872278561 15.17664731134217
    vertex -9.377636795847616 19.898176812516436 9.361277970377806
    vertex -9.377606051901198 19.898216679207692 15.176646105825007
  endloop
endfacet
facet normal 0.44984661575926627 -0.8931058292666156 4.463872299024482e-06
  outer loop
    vertex -10.406143794500165 19.38015872278561 15.17664731134217
    vertex -9.377606051901198 19.898216679207692 15.176646105825007
    vertex -9.539153638212579 19.816847761727015 15.179564790823646
  endloop
endfacet
facet normal -0.16205075222655926 0.49319161987645016 -0.854693851496809
  outer loop
    vertex -7.093371464353186 23.65954524644753 10.999999999999401
    vertex -7.36934316729671 20.59393608101143 9.283348680249322
    vertex -8.321895170034422 23.255882283391344 10.999999999999401
  endloop
endfacet
facet normal -0.16205075222655926 0.49319161987645016 -0.854693851496809
  outer loop
    vertex -7.36934316729671 20.59393608101143 9.283348680249322
    vertex -7.093371464353186 23.65954524644753 10.999999999999401
    vertex -7.179415950921032 20.60964177297571 9.256401098281234
  endloop
endfacet
facet normal -0.16205075222655926 0.49319161987645016 -0.854693851496809
  outer loop
    vertex -7.179415950921032 20.60964177297571 9.256401098281234
    vertex -7.093371464353186 23.65954524644753 10.999999999999401
    vertex -6.787456395580528 20.590671258127347 9.171138475172798
  endloop
endfacet
facet normal -0.16205075222655926 0.49319161987645016 -0.854693851496809
  outer loop
    vertex -6.787456395580528 20.590671258127347 9.171138475172798
    vertex -7.093371464353186 23.65954524644753 10.999999999999401
    vertex -6.147423904691094 20.504389873425932 9.000000000000682
  endloop
endfacet
facet normal -0.16205075222655926 0.49319161987645016 -0.854693851496809
  outer loop
    vertex -6.787456395580528 20.590671258127347 9.171138475172798
    vertex -6.147423904691094 20.504389873425932 9.000000000000682
    vertex -6.401326331400519 20.520701801401888 9.057552754517442
  endloop
endfacet
facet normal -0.16205075222655926 0.49319161987645016 -0.854693851496809
  outer loop
    vertex -6.401326331400519 20.520701801401888 9.057552754517442
    vertex -6.147423904691094 20.504389873425932 9.000000000000682
    vertex -6.24765357515638 20.47145684528894 9.000000000000682
  endloop
endfacet
facet normal -0.28417796719119265 0.4344447490891303 -0.8546933034439687
  outer loop
    vertex -11.553366143635305 18.71433800320732 9.356584119233158
    vertex -12.853228989541218 18.569855825410187 9.715336032300037
    vertex -12.858570501849673 20.828534417071616 10.865209314536784
  endloop
endfacet
facet normal -0.28417796719119265 0.4344447490891303 -0.8546933034439687
  outer loop
    vertex -12.853228989541218 18.569855825410187 9.715336032300037
    vertex -11.553366143635305 18.71433800320732 9.356584119233158
    vertex -12.374931753495355 18.186205240571958 9.36129497792262
  endloop
endfacet
facet normal -0.28417796719119265 0.4344447490891303 -0.8546933034439687
  outer loop
    vertex -12.853228989541218 18.569855825410187 9.715336032300037
    vertex -12.374931753495355 18.186205240571958 9.36129497792262
    vertex -12.516967482047969 18.08403711604683 9.356588049016757
  endloop
endfacet
facet normal 0.41872553184484085 -0.9081128393350457 4.012051488340909e-06
  outer loop
    vertex -8.714780692398225 20.203815912184925 9.365648965671793
    vertex -9.377606051901198 19.898216679207692 15.176646105825007
    vertex -9.377636795847616 19.898176812516436 9.361277970377806
  endloop
endfacet
facet normal 0.41872553184484085 -0.9081128393350457 4.012051488340909e-06
  outer loop
    vertex -9.377606051901198 19.898216679207692 15.176646105825007
    vertex -8.714780692398225 20.203815912184925 9.365648965671793
    vertex -8.714749983368973 20.203855734484108 15.1739262164976
  endloop
endfacet
facet normal 0.5407364886025519 -0.8411920410226724 3.727338492893446e-06
  outer loop
    vertex -11.406180250366116 18.808936690925194 9.361287682838544
    vertex -12.374931753495355 18.186205240571958 9.36129497792262
    vertex -11.553366143635305 18.71433800320732 9.356584119233158
  endloop
endfacet
facet normal 0.5407364886025519 -0.8411920410226724 3.727338492893446e-06
  outer loop
    vertex -12.374931753495355 18.186205240571958 9.36129497792262
    vertex -11.406180250366116 18.808936690925194 9.361287682838544
    vertex -11.406158904314228 18.808981239304167 15.176432924810623
  endloop
endfacet
facet normal 0.5407364886025519 -0.8411920410226724 3.727338492893446e-06
  outer loop
    vertex -12.374931753495355 18.186205240571958 9.36129497792262
    vertex -11.406158904314228 18.808981239304167 15.176432924810623
    vertex -12.374910407321101 18.18624978911509 15.176468188877214
  endloop
endfacet
facet normal 0.5407364886025519 -0.8411920410226724 3.727338492893446e-06
  outer loop
    vertex -12.374910407321101 18.18624978911509 15.176468188877214
    vertex -11.406158904314228 18.808981239304167 15.176432924810623
    vertex -11.55337235722382 18.71434970655315 15.17938228593169
  endloop
endfacet
facet normal -0.9738654051274254 0.22712565885234012 -0.0003283091322696836
  outer loop
    vertex -7.559221435201419 2.5660099098704547 15.800000000000113
    vertex -4.217834113404032 16.883321981876268 8.999999730927353
    vertex -7.559221435200922 2.566009909870364 9.000000000000881
  endloop
endfacet
facet normal -0.9738654051274254 0.22712565885234012 -0.0003283091322696836
  outer loop
    vertex -4.217834113404032 16.883321981876268 8.999999730927353
    vertex -7.559221435201419 2.5660099098704547 15.800000000000113
    vertex -4.2221845827652205 16.884326855533363 15.800000030326316
  endloop
endfacet
facet normal 0.5839999851258416 -0.8117536679102099 2.7088185043920717e-06
  outer loop
    vertex -12.374931753495355 18.186205240571958 9.36129497792262
    vertex -12.57452124783753 18.042617004123155 9.356925223272986
    vertex -12.516967482047969 18.08403711604683 9.356588049016757
  endloop
endfacet
facet normal 0.5839999851258416 -0.8117536679102099 2.7088185043920717e-06
  outer loop
    vertex -12.57452124783753 18.042617004123155 9.356925223272986
    vertex -12.374931753495355 18.186205240571958 9.36129497792262
    vertex -12.57454168408159 18.042622251842555 15.180776196972184
  endloop
endfacet
facet normal 0.5839999851258416 -0.8117536679102099 2.7088185043920717e-06
  outer loop
    vertex -12.57454168408159 18.042622251842555 15.180776196972184
    vertex -12.374931753495355 18.186205240571958 9.36129497792262
    vertex -12.374910407321101 18.18624978911509 15.176468188877214
  endloop
endfacet
facet normal 0.9063077870366312 -0.4226182617407397 9.860630305226511e-15
  outer loop
    vertex 6.98298248460393 4.8342452169130725 4.500000000000297
    vertex 6.48182029155284 3.759499425617758 20.500000000000004
    vertex 6.481820291552831 3.759499425617583 4.500000000000319
  endloop
endfacet
facet normal 0.9063077870366312 -0.4226182617407397 9.860630305226511e-15
  outer loop
    vertex 6.48182029155284 3.759499425617758 20.500000000000004
    vertex 6.98298248460393 4.8342452169130725 4.500000000000297
    vertex 6.982982484603769 4.834245216913318 20.500000000000004
  endloop
endfacet
facet normal -0.6464014401397047 -0.7629974954826112 8.519320739849918e-06
  outer loop
    vertex -5.043390872324316 19.767340135270288 8.999967007418453
    vertex -5.342770668809687 20.021045095856948 15.657447531123289
    vertex -5.3428054672791045 20.021000138541883 8.999961602593187
  endloop
endfacet
facet normal -0.6464014401397047 -0.7629974954826112 8.519320739849918e-06
  outer loop
    vertex -5.342770668809687 20.021045095856948 15.657447531123289
    vertex -5.043390872324316 19.767340135270288 8.999967007418453
    vertex -5.043355513221469 19.76738577689549 15.779620384118942
  endloop
endfacet
facet normal 0.356566689120471 -0.934269873319121 4.235425693176428e-06
  outer loop
    vertex -7.953981509542967 20.494205821355553 15.180424106936195
    vertex -8.48384301279045 20.291959381892216 9.357010060003404
    vertex -7.954012301989697 20.494165893008415 9.355205144493764
  endloop
endfacet
facet normal 0.356566689120471 -0.934269873319121 4.235425693176428e-06
  outer loop
    vertex -8.48384301279045 20.291959381892216 9.357010060003404
    vertex -7.953981509542967 20.494205821355553 15.180424106936195
    vertex -8.714780692398225 20.203815912184925 9.365648965671793
  endloop
endfacet
facet normal 0.356566689120471 -0.934269873319121 4.235425693176428e-06
  outer loop
    vertex -8.714780692398225 20.203815912184925 9.365648965671793
    vertex -7.953981509542967 20.494205821355553 15.180424106936195
    vertex -8.714749983368973 20.203855734484108 15.1739262164976
  endloop
endfacet
facet normal 0.356566689120471 -0.934269873319121 4.235425693176428e-06
  outer loop
    vertex -8.714749983368973 20.203855734484108 15.1739262164976
    vertex -7.953981509542967 20.494205821355553 15.180424106936195
    vertex -8.483851255235026 20.29197909646622 15.17930276943477
  endloop
endfacet
facet normal 0.7709841061859822 -0.6368543852472103 1.333738089521679e-14
  outer loop
    vertex 8.873289478779549 7.256667884274728 4.500000000000263
    vertex 7.78893483909832 5.943934217003959 20.500000000000004
    vertex 7.788934839098526 5.943934217003745 4.500000000000274
  endloop
endfacet
facet normal 0.7709841061859822 -0.6368543852472103 1.333738089521679e-14
  outer loop
    vertex 7.78893483909832 5.943934217003959 20.500000000000004
    vertex 8.873289478779549 7.256667884274728 4.500000000000263
    vertex 8.873289478779517 7.256667884274897 20.500000000000004
  endloop
endfacet
facet normal -0.8891834592609484 -0.4575508449530155 7.714589679538617e-06
  outer loop
    vertex -4.376499829403826 18.805371318295673 15.80000001232472
    vertex -4.556086824221098 19.154257846791353 8.999977437401975
    vertex -4.376535281939792 18.805325562640803 8.999982284100339
  endloop
endfacet
facet normal -0.8891834592609484 -0.4575508449530155 7.714589679538617e-06
  outer loop
    vertex -4.556086824221098 19.154257846791353 8.999977437401975
    vertex -4.376499829403826 18.805371318295673 15.80000001232472
    vertex -4.556051371660606 19.154303602477885 15.800000007849095
  endloop
endfacet
facet normal -1.2997709119587129e-15 -1.5076038881944218e-14 -1.0
  outer loop
    vertex 0.0 -6.172771162340216 4.712868983958173e-13
    vertex -5.175168284881772 -7.00625712680215 4.963141009284299e-13
    vertex -5.761945740345656 -6.00000000000017 4.737543690680468e-13
  endloop
endfacet
facet normal -1.2997709119587129e-15 -1.5076038881944218e-14 -1.0
  outer loop
    vertex -5.175168284881772 -7.00625712680215 4.963141009284299e-13
    vertex 0.0 -6.172771162340216 4.712868983958173e-13
    vertex -4.575282520889 -7.862982784921371 4.963141009284299e-13
  endloop
endfacet
facet normal -1.2997709119587129e-15 -1.5076038881944218e-14 -1.0
  outer loop
    vertex -4.575282520889 -7.862982784921371 4.963141009284299e-13
    vertex 0.0 -6.172771162340216 4.712868983958173e-13
    vertex -3.835741520294432 -8.602523785515984 5.188738327888131e-13
  endloop
endfacet
facet normal -1.2997709119587129e-15 -1.5076038881944218e-14 -1.0
  outer loop
    vertex -3.835741520294432 -8.602523785515984 5.188738327888131e-13
    vertex 0.0 -6.172771162340216 4.712868983958173e-13
    vertex -2.979015862175165 -9.202409549508802 5.188738327888131e-13
  endloop
endfacet
facet normal -1.2997709119587129e-15 -1.5076038881944218e-14 -1.0
  outer loop
    vertex -2.979015862175165 -9.202409549508802 5.188738327888131e-13
    vertex 0.0 -6.172771162340216 4.712868983958173e-13
    vertex -2.031136722129119 -9.644412851517668 5.188738327888131e-13
  endloop
endfacet
facet normal -1.2997709119587129e-15 -1.5076038881944218e-14 -1.0
  outer loop
    vertex -2.031136722129119 -9.644412851517668 5.188738327888131e-13
    vertex 0.0 -6.172771162340216 4.712868983958173e-13
    vertex -1.020904928176628 -9.9151036448755 5.301536987190047e-13
  endloop
endfacet
facet normal -1.2997709119587129e-15 -1.5076038881944218e-14 -1.0
  outer loop
    vertex -1.020904928176628 -9.9151036448755 5.301536987190047e-13
    vertex 0.0 -6.172771162340216 4.712868983958173e-13
    vertex -0.31555097770854346 -10.006257126802234 5.301536987190047e-13
  endloop
endfacet
facet normal -1.2997709119587129e-15 -1.5076038881944218e-14 -1.0
  outer loop
    vertex -0.31555097770854346 -10.006257126802234 5.301536987190047e-13
    vertex 0.0 -6.172771162340216 4.712868983958173e-13
    vertex 1.3535839116229907e-13 -10.04703604400314 5.301536987190047e-13
  endloop
endfacet
facet normal -1.2997709119587129e-15 -1.5076038881944218e-14 -1.0
  outer loop
    vertex 1.3535839116229907e-13 -10.04703604400314 5.301536987190047e-13
    vertex 0.0 -6.172771162340216 4.712868983958173e-13
    vertex 2.724668741176164 -5.884864279669421 4.624745031378551e-13
  endloop
endfacet
facet normal -1.2997709119587129e-15 -1.5076038881944218e-14 -1.0
  outer loop
    vertex 1.3535839116229907e-13 -10.04703604400314 5.301536987190047e-13
    vertex 2.724668741176164 -5.884864279669421 4.624745031378551e-13
    vertex 0.9783696893972866 -10.173471578589666 5.301536987190047e-13
  endloop
endfacet
facet normal -1.2997709119587129e-15 -1.5076038881944218e-14 -1.0
  outer loop
    vertex 0.9783696893972866 -10.173471578589666 5.301536987190047e-13
    vertex 2.724668741176164 -5.884864279669421 4.624745031378551e-13
    vertex 2.9857816511432933 -10.358269309869739 5.301536987190047e-13
  endloop
endfacet
facet normal -1.2997709119587129e-15 -1.5076038881944218e-14 -1.0
  outer loop
    vertex 2.9857816511432933 -10.358269309869739 5.301536987190047e-13
    vertex 2.724668741176164 -5.884864279669421 4.624745031378551e-13
    vertex 4.066342511759511 -5.704064173472691 4.511946372076636e-13
  endloop
endfacet
facet normal -1.2997709119587129e-15 -1.5076038881944218e-14 -1.0
  outer loop
    vertex 2.9857816511432933 -10.358269309869739 5.301536987190047e-13
    vertex 4.066342511759511 -5.704064173472691 4.511946372076636e-13
    vertex 4.998624611447697 -10.469247698758895 5.301536987190047e-13
  endloop
endfacet
facet normal -1.2997709119587129e-15 -1.5076038881944218e-14 -1.0
  outer loop
    vertex 4.998624611447697 -10.469247698758895 5.301536987190047e-13
    vertex 4.066342511759511 -5.704064173472691 4.511946372076636e-13
    vertex 5.394920056816641 -5.4439509445850405 4.511946372076636e-13
  endloop
endfacet
facet normal -1.2997709119587129e-15 -1.5076038881944218e-14 -1.0
  outer loop
    vertex 4.998624611447697 -10.469247698758895 5.301536987190047e-13
    vertex 5.394920056816641 -5.4439509445850405 4.511946372076636e-13
    vertex 7.014184902751968 -10.50625712680212 5.301536987190047e-13
  endloop
endfacet
facet normal -1.2997709119587129e-15 -1.5076038881944218e-14 -1.0
  outer loop
    vertex 7.014184902751968 -10.50625712680212 5.301536987190047e-13
    vertex 5.394920056816641 -5.4439509445850405 4.511946372076636e-13
    vertex 6.705717021999458 -5.105441711122118 4.511946372076636e-13
  endloop
endfacet
facet normal -1.2997709119587129e-15 -1.5076038881944218e-14 -1.0
  outer loop
    vertex 7.014184902751968 -10.50625712680212 5.301536987190047e-13
    vertex 6.705717021999458 -5.105441711122118 4.511946372076636e-13
    vertex 7.994111744472967 -4.689730003115592 4.39914771277472e-13
  endloop
endfacet
facet normal -1.2997709119587129e-15 -1.5076038881944218e-14 -1.0
  outer loop
    vertex 7.014184902751968 -10.50625712680212 5.301536987190047e-13
    vertex 7.994111744472967 -4.689730003115592 4.39914771277472e-13
    vertex 7.994111744473058 -10.488263851139317 5.188738327888131e-13
  endloop
endfacet
facet normal -1.2997709119587129e-15 -1.5076038881944218e-14 -1.0
  outer loop
    vertex 7.994111744473058 -10.488263851139317 5.188738327888131e-13
    vertex 7.994111744472967 -4.689730003115592 4.39914771277472e-13
    vertex 9.255561548168615 -4.19828155431525 4.286349053472804e-13
  endloop
endfacet
facet normal -1.2997709119587129e-15 -1.5076038881944218e-14 -1.0
  outer loop
    vertex 7.994111744473058 -10.488263851139317 5.188738327888131e-13
    vertex 9.255561548168615 -4.19828155431525 4.286349053472804e-13
    vertex 9.029745194056733 -10.469247698758851 5.188738327888131e-13
  endloop
endfacet
facet normal -1.2997709119587129e-15 -1.5076038881944218e-14 -1.0
  outer loop
    vertex 9.029745194056733 -10.469247698758851 5.188738327888131e-13
    vertex 9.255561548168615 -4.19828155431525 4.286349053472804e-13
    vertex 11.042588154360821 -10.358269309869739 5.188738327888131e-13
  endloop
endfacet
facet normal -1.2997709119587129e-15 -1.5076038881944218e-14 -1.0
  outer loop
    vertex 11.042588154360821 -10.358269309869739 5.188738327888131e-13
    vertex 9.255561548168615 -4.19828155431525 4.286349053472804e-13
    vertex 10.485618760539948 -3.6328291342432095 4.1735503941708883e-13
  endloop
endfacet
facet normal -1.2997709119587129e-15 -1.5076038881944218e-14 -1.0
  outer loop
    vertex 11.042588154360821 -10.358269309869739 5.188738327888131e-13
    vertex 10.485618760539948 -3.6328291342432095 4.1735503941708883e-13
    vertex 11.679946394353946 -2.995366438722818 4.0607517348689725e-13
  endloop
endfacet
facet normal -1.2997709119587129e-15 -1.5076038881944218e-14 -1.0
  outer loop
    vertex 11.042588154360821 -10.358269309869739 5.188738327888131e-13
    vertex 11.679946394353946 -2.995366438722818 4.0607517348689725e-13
    vertex 12.046294135233826 -10.265870444229725 5.188738327888131e-13
  endloop
endfacet
facet normal -1.2997709119587129e-15 -1.5076038881944218e-14 -1.0
  outer loop
    vertex 12.046294135233826 -10.265870444229725 5.188738327888131e-13
    vertex 11.679946394353946 -2.995366438722818 4.0607517348689725e-13
    vertex 11.881566466798226 -2.87184562077778 4.0607517348689725e-13
  endloop
endfacet
facet normal -1.2997709119587129e-15 -1.5076038881944218e-14 -1.0
  outer loop
    vertex 12.046294135233826 -10.265870444229725 5.188738327888131e-13
    vertex 11.881566466798226 -2.87184562077778 4.0607517348689725e-13
    vertex 12.834333439222371 -2.2881410604222254 3.9479530755670567e-13
  endloop
endfacet
facet normal -1.2997709119587129e-15 -1.5076038881944218e-14 -1.0
  outer loop
    vertex 12.046294135233826 -10.265870444229725 5.188738327888131e-13
    vertex 12.834333439222371 -2.2881410604222254 3.9479530755670567e-13
    vertex 13.050000116106876 -10.173471578589666 5.188738327888131e-13
  endloop
endfacet
facet normal -1.2997709119587129e-15 -1.5076038881944218e-14 -1.0
  outer loop
    vertex 13.050000116106876 -10.173471578589666 5.188738327888131e-13
    vertex 12.834333439222371 -2.2881410604222254 3.9479530755670567e-13
    vertex 13.944709708957014 -1.5136465641981587 3.8351544162651403e-13
  endloop
endfacet
facet normal -1.2997709119587129e-15 -1.5076038881944218e-14 -1.0
  outer loop
    vertex 13.050000116106876 -10.173471578589666 5.188738327888131e-13
    vertex 13.944709708957014 -1.5136465641981587 3.8351544162651403e-13
    vertex 13.91711292987124 -4.844735659799086 1.127986593019159e-14
  endloop
endfacet
facet normal -1.2997709119587129e-15 -1.5076038881944218e-14 -1.0
  outer loop
    vertex 13.91711292987124 -4.844735659799086 1.127986593019159e-14
    vertex 13.944709708957014 -1.5136465641981587 3.8351544162651403e-13
    vertex 13.968224190437642 -4.456507092145305 1.127986593019159e-14
  endloop
endfacet
facet normal -1.2997709119587129e-15 -1.5076038881944218e-14 -1.0
  outer loop
    vertex 13.968224190437642 -4.456507092145305 1.127986593019159e-14
    vertex 13.944709708957014 -1.5136465641981587 3.8351544162651403e-13
    vertex 15.00716019240581 -0.6746136951802523 3.6095570976613087e-13
  endloop
endfacet
facet normal -1.2997709119587129e-15 -1.5076038881944218e-14 -1.0
  outer loop
    vertex 13.968224190437642 -4.456507092145305 1.127986593019159e-14
    vertex 15.00716019240581 -0.6746136951802523 3.6095570976613087e-13
    vertex 14.118074824194588 -4.0947356597990865 1.127986593019159e-14
  endloop
endfacet
facet normal -1.2997709119587129e-15 -1.5076038881944218e-14 -1.0
  outer loop
    vertex 14.118074824194588 -4.0947356597990865 1.127986593019159e-14
    vertex 15.00716019240581 -0.6746136951802523 3.6095570976613087e-13
    vertex 14.356452758091425 -3.784075488019264 1.127986593019159e-14
  endloop
endfacet
facet normal -1.2997709119587129e-15 -1.5076038881944218e-14 -1.0
  outer loop
    vertex 14.356452758091425 -3.784075488019264 1.127986593019159e-14
    vertex 15.00716019240581 -0.6746136951802523 3.6095570976613087e-13
    vertex 14.667112929871239 -3.545697554122428 1.127986593019159e-14
  endloop
endfacet
facet normal -1.2997709119587129e-15 -1.5076038881944218e-14 -1.0
  outer loop
    vertex 14.667112929871239 -3.545697554122428 1.127986593019159e-14
    vertex 15.00716019240581 -0.6746136951802523 3.6095570976613087e-13
    vertex 15.02888436221746 -3.3958469203654826 1.127986593019159e-14
  endloop
endfacet
facet normal -1.2997709119587129e-15 -1.5076038881944218e-14 -1.0
  outer loop
    vertex 15.02888436221746 -3.3958469203654826 1.127986593019159e-14
    vertex 15.00716019240581 -0.6746136951802523 3.6095570976613087e-13
    vertex 15.441769170035194 -0.3702972128706079 3.6095570976613087e-13
  endloop
endfacet
facet normal -1.2997709119587129e-15 -1.5076038881944218e-14 -1.0
  outer loop
    vertex 15.02888436221746 -3.3958469203654826 1.127986593019159e-14
    vertex 15.441769170035194 -0.3702972128706079 3.6095570976613087e-13
    vertex 15.417112929871244 -3.344735659799085 1.127986593019159e-14
  endloop
endfacet
facet normal -1.2997709119587129e-15 -1.5076038881944218e-14 -1.0
  outer loop
    vertex 15.417112929871244 -3.344735659799085 1.127986593019159e-14
    vertex 15.441769170035194 -0.3702972128706079 3.6095570976613087e-13
    vertex 15.805341497525028 -3.3958469203654826 1.127986593019159e-14
  endloop
endfacet
facet normal -1.2997709119587129e-15 -1.5076038881944218e-14 -1.0
  outer loop
    vertex 15.805341497525028 -3.3958469203654826 1.127986593019159e-14
    vertex 15.441769170035194 -0.3702972128706079 3.6095570976613087e-13
    vertex 15.922619463320359 -0.14607303868568167 3.6095570976613087e-13
  endloop
endfacet
facet normal -1.2997709119587129e-15 -1.5076038881944218e-14 -1.0
  outer loop
    vertex 15.805341497525028 -3.3958469203654826 1.127986593019159e-14
    vertex 15.922619463320359 -0.14607303868568167 3.6095570976613087e-13
    vertex 16.167112929871244 -3.5456975541224263 1.127986593019159e-14
  endloop
endfacet
facet normal -1.2997709119587129e-15 -1.5076038881944218e-14 -1.0
  outer loop
    vertex 16.167112929871244 -3.5456975541224263 1.127986593019159e-14
    vertex 15.922619463320359 -0.14607303868568167 3.6095570976613087e-13
    vertex 16.435100679421847 -0.008754110695126016 3.6095570976613087e-13
  endloop
endfacet
facet normal -1.2997709119587129e-15 -1.5076038881944218e-14 -1.0
  outer loop
    vertex 16.167112929871244 -3.5456975541224263 1.127986593019159e-14
    vertex 16.435100679421847 -0.008754110695126016 3.6095570976613087e-13
    vertex 16.477773101651064 -3.784075488019264 1.127986593019159e-14
  endloop
endfacet
facet normal -1.2997709119587129e-15 -1.5076038881944218e-14 -1.0
  outer loop
    vertex 16.477773101651064 -3.784075488019264 1.127986593019159e-14
    vertex 16.435100679421847 -0.008754110695126016 3.6095570976613087e-13
    vertex 16.963641335916645 0.03748720496083635 3.6095570976613087e-13
  endloop
endfacet
facet normal -1.2997709119587129e-15 -1.5076038881944218e-14 -1.0
  outer loop
    vertex 16.477773101651064 -3.784075488019264 1.127986593019159e-14
    vertex 16.963641335916645 0.03748720496083635 3.6095570976613087e-13
    vertex 16.7161510355479 -4.094735659799085 1.127986593019159e-14
  endloop
endfacet
facet normal -1.2997709119587129e-15 -1.5076038881944218e-14 -1.0
  outer loop
    vertex 16.7161510355479 -4.094735659799085 1.127986593019159e-14
    vertex 16.963641335916645 0.03748720496083635 3.6095570976613087e-13
    vertex 16.866001669304847 -4.456507092145304 1.127986593019159e-14
  endloop
endfacet
facet normal -1.2997709119587129e-15 -1.5076038881944218e-14 -1.0
  outer loop
    vertex 16.866001669304847 -4.456507092145304 1.127986593019159e-14
    vertex 16.963641335916645 0.03748720496083635 3.6095570976613087e-13
    vertex 16.917112929871248 -4.844735659799086 1.127986593019159e-14
  endloop
endfacet
facet normal -1.2997709119587129e-15 -1.5076038881944218e-14 -1.0
  outer loop
    vertex 13.91711292987124 -4.844735659799086 1.127986593019159e-14
    vertex 14.343920783212797 -10.006257126802144 5.075939668586216e-13
    vertex 13.050000116106876 -10.173471578589666 5.188738327888131e-13
  endloop
endfacet
facet normal -1.2997709119587129e-15 -1.5076038881944218e-14 -1.0
  outer loop
    vertex 14.343920783212797 -10.006257126802144 5.075939668586216e-13
    vertex 13.91711292987124 -4.844735659799086 1.127986593019159e-14
    vertex 13.968224190437642 -5.232964227452867 1.127986593019159e-14
  endloop
endfacet
facet normal -1.2997709119587129e-15 -1.5076038881944218e-14 -1.0
  outer loop
    vertex 14.343920783212797 -10.006257126802144 5.075939668586216e-13
    vertex 13.968224190437642 -5.232964227452867 1.127986593019159e-14
    vertex 14.118074824194588 -5.594735659799086 1.127986593019159e-14
  endloop
endfacet
facet normal -1.2997709119587129e-15 -1.5076038881944218e-14 -1.0
  outer loop
    vertex 14.343920783212797 -10.006257126802144 5.075939668586216e-13
    vertex 14.118074824194588 -5.594735659799086 1.127986593019159e-14
    vertex 14.356452758091425 -5.905395831578907 1.127986593019159e-14
  endloop
endfacet
facet normal -1.2997709119587129e-15 -1.5076038881944218e-14 -1.0
  outer loop
    vertex 14.343920783212797 -10.006257126802144 5.075939668586216e-13
    vertex 14.356452758091425 -5.905395831578907 1.127986593019159e-14
    vertex 15.049274733681152 -9.915103644875455 5.075939668586216e-13
  endloop
endfacet
facet normal -1.2997709119587129e-15 -1.5076038881944218e-14 -1.0
  outer loop
    vertex 15.049274733681152 -9.915103644875455 5.075939668586216e-13
    vertex 14.356452758091425 -5.905395831578907 1.127986593019159e-14
    vertex 14.667112929871246 -6.143773765475744 1.127986593019159e-14
  endloop
endfacet
facet normal -1.2997709119587129e-15 -1.5076038881944218e-14 -1.0
  outer loop
    vertex 15.049274733681152 -9.915103644875455 5.075939668586216e-13
    vertex 14.667112929871246 -6.143773765475744 1.127986593019159e-14
    vertex 15.02888436221746 -6.293624399232687 1.127986593019159e-14
  endloop
endfacet
facet normal -1.2997709119587129e-15 -1.5076038881944218e-14 -1.0
  outer loop
    vertex 15.049274733681152 -9.915103644875455 5.075939668586216e-13
    vertex 15.02888436221746 -6.293624399232687 1.127986593019159e-14
    vertex 15.417112929871244 -6.344735659799086 1.127986593019159e-14
  endloop
endfacet
facet normal -1.2997709119587129e-15 -1.5076038881944218e-14 -1.0
  outer loop
    vertex 15.049274733681152 -9.915103644875455 5.075939668586216e-13
    vertex 15.417112929871244 -6.344735659799086 1.127986593019159e-14
    vertex 16.059506527633417 -9.644412851517622 4.963141009284299e-13
  endloop
endfacet
facet normal -1.2997709119587129e-15 -1.5076038881944218e-14 -1.0
  outer loop
    vertex 16.059506527633417 -9.644412851517622 4.963141009284299e-13
    vertex 15.417112929871244 -6.344735659799086 1.127986593019159e-14
    vertex 15.805341497525028 -6.293624399232687 1.127986593019159e-14
  endloop
endfacet
facet normal -1.2997709119587129e-15 -1.5076038881944218e-14 -1.0
  outer loop
    vertex 16.059506527633417 -9.644412851517622 4.963141009284299e-13
    vertex 15.805341497525028 -6.293624399232687 1.127986593019159e-14
    vertex 16.167112929871248 -6.143773765475743 1.127986593019159e-14
  endloop
endfacet
facet normal -1.2997709119587129e-15 -1.5076038881944218e-14 -1.0
  outer loop
    vertex 16.059506527633417 -9.644412851517622 4.963141009284299e-13
    vertex 16.167112929871248 -6.143773765475743 1.127986593019159e-14
    vertex 17.007385667679372 -9.202409549508802 4.963141009284299e-13
  endloop
endfacet
facet normal -1.2997709119587129e-15 -1.5076038881944218e-14 -1.0
  outer loop
    vertex 17.007385667679372 -9.202409549508802 4.963141009284299e-13
    vertex 16.167112929871248 -6.143773765475743 1.127986593019159e-14
    vertex 16.477773101651064 -5.905395831578907 1.127986593019159e-14
  endloop
endfacet
facet normal -1.2997709119587129e-15 -1.5076038881944218e-14 -1.0
  outer loop
    vertex 17.007385667679372 -9.202409549508802 4.963141009284299e-13
    vertex 16.477773101651064 -5.905395831578907 1.127986593019159e-14
    vertex 16.7161510355479 -5.594735659799085 1.127986593019159e-14
  endloop
endfacet
facet normal -1.2997709119587129e-15 -1.5076038881944218e-14 -1.0
  outer loop
    vertex 17.007385667679372 -9.202409549508802 4.963141009284299e-13
    vertex 16.7161510355479 -5.594735659799085 1.127986593019159e-14
    vertex 16.866001669304847 -5.232964227452865 1.127986593019159e-14
  endloop
endfacet
facet normal -1.2997709119587129e-15 -1.5076038881944218e-14 -1.0
  outer loop
    vertex 17.007385667679372 -9.202409549508802 4.963141009284299e-13
    vertex 16.866001669304847 -5.232964227452865 1.127986593019159e-14
    vertex 16.917112929871248 -4.844735659799086 1.127986593019159e-14
  endloop
endfacet
facet normal -1.2997709119587129e-15 -1.5076038881944218e-14 -1.0
  outer loop
    vertex 17.007385667679372 -9.202409549508802 4.963141009284299e-13
    vertex 16.917112929871248 -4.844735659799086 1.127986593019159e-14
    vertex 16.963641335916645 0.03748720496083635 3.6095570976613087e-13
  endloop
endfacet
facet normal -1.2997709119587129e-15 -1.5076038881944218e-14 -1.0
  outer loop
    vertex 17.007385667679372 -9.202409549508802 4.963141009284299e-13
    vertex 16.963641335916645 0.03748720496083635 3.6095570976613087e-13
    vertex 17.492181992411034 -0.008754110695080896 3.6095570976613087e-13
  endloop
endfacet
facet normal -1.2997709119587129e-15 -1.5076038881944218e-14 -1.0
  outer loop
    vertex 17.007385667679372 -9.202409549508802 4.963141009284299e-13
    vertex 17.492181992411034 -0.008754110695080896 3.6095570976613087e-13
    vertex 17.86411132579873 -8.602523785516075 4.850342349982384e-13
  endloop
endfacet
facet normal -1.2997709119587129e-15 -1.5076038881944218e-14 -1.0
  outer loop
    vertex 17.86411132579873 -8.602523785516075 4.850342349982384e-13
    vertex 17.492181992411034 -0.008754110695080896 3.6095570976613087e-13
    vertex 18.004663208512703 -0.14607303868563654 3.6095570976613087e-13
  endloop
endfacet
facet normal -1.2997709119587129e-15 -1.5076038881944218e-14 -1.0
  outer loop
    vertex 17.86411132579873 -8.602523785516075 4.850342349982384e-13
    vertex 18.004663208512703 -0.14607303868563654 3.6095570976613087e-13
    vertex 18.60365232639307 -7.862982784921462 4.737543690680468e-13
  endloop
endfacet
facet normal -1.2997709119587129e-15 -1.5076038881944218e-14 -1.0
  outer loop
    vertex 18.60365232639307 -7.862982784921462 4.737543690680468e-13
    vertex 18.004663208512703 -0.14607303868563654 3.6095570976613087e-13
    vertex 18.485513501798007 -0.3702972128705177 3.6095570976613087e-13
  endloop
endfacet
facet normal -1.2997709119587129e-15 -1.5076038881944218e-14 -1.0
  outer loop
    vertex 18.60365232639307 -7.862982784921462 4.737543690680468e-13
    vertex 18.485513501798007 -0.3702972128705177 3.6095570976613087e-13
    vertex 18.92012247942721 -0.6746136951802973 3.6095570976613087e-13
  endloop
endfacet
facet normal -1.2997709119587129e-15 -1.5076038881944218e-14 -1.0
  outer loop
    vertex 18.60365232639307 -7.862982784921462 4.737543690680468e-13
    vertex 18.92012247942721 -0.6746136951802973 3.6095570976613087e-13
    vertex 19.20353809038589 -7.006257126802195 4.624745031378551e-13
  endloop
endfacet
facet normal -1.2997709119587129e-15 -1.5076038881944218e-14 -1.0
  outer loop
    vertex 19.20353809038589 -7.006257126802195 4.624745031378551e-13
    vertex 18.92012247942721 -0.6746136951802973 3.6095570976613087e-13
    vertex 19.09089521945438 -0.8453864352071534 3.6095570976613087e-13
  endloop
endfacet
facet normal -1.2997709119587129e-15 -1.5076038881944218e-14 -1.0
  outer loop
    vertex 19.20353809038589 -7.006257126802195 4.624745031378551e-13
    vertex 19.09089521945438 -0.8453864352071534 3.6095570976613087e-13
    vertex 19.295284767538234 -1.049775983291321 3.6095570976613087e-13
  endloop
endfacet
facet normal -1.2997709119587129e-15 -1.5076038881944218e-14 -1.0
  outer loop
    vertex 19.20353809038589 -7.006257126802195 4.624745031378551e-13
    vertex 19.295284767538234 -1.049775983291321 3.6095570976613087e-13
    vertex 19.6455413923948 -6.058377986756149 4.511946372076636e-13
  endloop
endfacet
facet normal -1.2997709119587129e-15 -1.5076038881944218e-14 -1.0
  outer loop
    vertex 19.6455413923948 -6.058377986756149 4.511946372076636e-13
    vertex 19.295284767538234 -1.049775983291321 3.6095570976613087e-13
    vertex 19.599601249847787 -1.4843849609207054 3.7223557569632245e-13
  endloop
endfacet
facet normal -1.2997709119587129e-15 -1.5076038881944218e-14 -1.0
  outer loop
    vertex 19.6455413923948 -6.058377986756149 4.511946372076636e-13
    vertex 19.599601249847787 -1.4843849609207054 3.7223557569632245e-13
    vertex 19.823825424032805 -1.9652352542058718 3.8351544162651403e-13
  endloop
endfacet
facet normal -1.2997709119587129e-15 -1.5076038881944218e-14 -1.0
  outer loop
    vertex 19.6455413923948 -6.058377986756149 4.511946372076636e-13
    vertex 19.823825424032805 -1.9652352542058718 3.8351544162651403e-13
    vertex 19.916232185752545 -5.048146192803748 4.286349053472804e-13
  endloop
endfacet
facet normal -1.2997709119587129e-15 -1.5076038881944218e-14 -1.0
  outer loop
    vertex 19.916232185752545 -5.048146192803748 4.286349053472804e-13
    vertex 19.823825424032805 -1.9652352542058718 3.8351544162651403e-13
    vertex 19.961144352023496 -2.477716470307451 3.8351544162651403e-13
  endloop
endfacet
facet normal -1.2997709119587129e-15 -1.5076038881944218e-14 -1.0
  outer loop
    vertex 19.916232185752545 -5.048146192803748 4.286349053472804e-13
    vertex 19.961144352023496 -2.477716470307451 3.8351544162651403e-13
    vertex 20.00738566767937 -4.006257126802155 4.0607517348689725e-13
  endloop
endfacet
facet normal -1.2997709119587129e-15 -1.5076038881944218e-14 -1.0
  outer loop
    vertex 20.00738566767937 -4.006257126802155 4.0607517348689725e-13
    vertex 19.961144352023496 -2.477716470307451 3.8351544162651403e-13
    vertex 20.007385667679504 -3.006257126802157 3.9479530755670567e-13
  endloop
endfacet
facet normal -0.8218540019615342 -0.56969816516635 8.11817287659311e-06
  outer loop
    vertex -4.556051371660606 19.154303602477885 15.800000007849095
    vertex -4.779647080566194 19.47676878775977 8.999972315964946
    vertex -4.556086824221098 19.154257846791353 8.999977437401975
  endloop
endfacet
facet normal -0.8218540019615342 -0.56969816516635 8.11817287659311e-06
  outer loop
    vertex -4.779647080566194 19.47676878775977 8.999972315964946
    vertex -4.556051371660606 19.154303602477885 15.800000007849095
    vertex -4.779611627979786 19.476814543479755 15.8000000034643
  endloop
endfacet
facet normal -0.7404624120153976 -0.6720977728887744 8.383863458181195e-06
  outer loop
    vertex -4.779611627979786 19.476814543479755 15.8000000034643
    vertex -5.043390872324316 19.767340135270288 8.999967007418453
    vertex -4.779647080566194 19.47676878775977 8.999972315964946
  endloop
endfacet
facet normal -0.7404624120153976 -0.6720977728887744 8.383863458181195e-06
  outer loop
    vertex -5.043390872324316 19.767340135270288 8.999967007418453
    vertex -4.779611627979786 19.476814543479755 15.8000000034643
    vertex -5.002667775652094 19.722559569420138 15.799999999999503
  endloop
endfacet
facet normal -0.7404624120153976 -0.6720977728887744 8.383863458181195e-06
  outer loop
    vertex -5.043390872324316 19.767340135270288 8.999967007418453
    vertex -5.002667775652094 19.722559569420138 15.799999999999503
    vertex -5.043355513221469 19.76738577689549 15.779620384118942
  endloop
endfacet
facet normal -0.9412987410453312 -0.3375747029250509 7.179007685209991e-06
  outer loop
    vertex -4.244029177878551 18.43598801905779 15.800000016814591
    vertex -4.376535281939792 18.805325562640803 8.999982284100339
    vertex -4.244064630391802 18.435942263432228 8.999986773131683
  endloop
endfacet
facet normal -0.9412987410453312 -0.3375747029250509 7.179007685209991e-06
  outer loop
    vertex -4.376535281939792 18.805325562640803 8.999982284100339
    vertex -4.244029177878551 18.43598801905779 15.800000016814591
    vertex -4.376499829403826 18.805371318295673 15.80000001232472
  endloop
endfacet
facet normal -0.5412802161040882 -0.8408422727133499 8.518220136532665e-06
  outer loop
    vertex -5.3428054672791045 20.021000138541883 8.999961602593187
    vertex -5.67273350951901 20.233452937412526 15.547296151957688
    vertex -5.672767802401962 20.233408597306866 8.99995619396722
  endloop
endfacet
facet normal -0.5412802161040882 -0.8408422727133499 8.518220136532665e-06
  outer loop
    vertex -5.67273350951901 20.233452937412526 15.547296151957688
    vertex -5.3428054672791045 20.021000138541883 8.999961602593187
    vertex -5.342770668809687 20.021045095856948 15.657447531123289
  endloop
endfacet
facet normal -0.9965955265000674 -0.08244608254480121 5.75060485071114e-06
  outer loop
    vertex -4.128552635912154 17.661391159360956 15.80000002553086
    vertex -4.1609414791529185 18.0524281998275 8.999990827687434
    vertex -4.1285880883869295 17.66134540378506 8.999994378393021
  endloop
endfacet
facet normal -0.9965955265000674 -0.08244608254480121 5.75060485071114e-06
  outer loop
    vertex -4.1609414791529185 18.0524281998275 8.999990827687434
    vertex -4.128552635912154 17.661391159360956 15.80000002553086
    vertex -4.160906026660183 18.052473955426574 15.800000021241887
  endloop
endfacet
facet normal -0.977308140394016 -0.2118225641358163 6.5205908449519635e-06
  outer loop
    vertex -4.160906026660183 18.052473955426574 15.800000021241887
    vertex -4.244064630391802 18.435942263432228 8.999986773131683
    vertex -4.1609414791529185 18.0524281998275 8.999990827687434
  endloop
endfacet
facet normal -0.977308140394016 -0.2118225641358163 6.5205908449519635e-06
  outer loop
    vertex -4.244064630391802 18.435942263432228 8.999986773131683
    vertex -4.160906026660183 18.052473955426574 15.800000021241887
    vertex -4.244029177878551 18.43598801905779 15.800000016814591
  endloop
endfacet
facet normal 0.49597084324899987 -0.8683391748793128 4.0975899470904746e-06
  outer loop
    vertex -10.406165141564353 19.380114173071576 9.361272325525666
    vertex -11.406180250366116 18.808936690925194 9.361287682838544
    vertex -10.558100928501053 19.293347885705202 9.356562273781456
  endloop
endfacet
facet normal 0.49597084324899987 -0.8683391748793128 4.0975899470904746e-06
  outer loop
    vertex -11.406180250366116 18.808936690925194 9.361287682838544
    vertex -10.406165141564353 19.380114173071576 9.361272325525666
    vertex -10.406143794500165 19.38015872278561 15.17664731134217
  endloop
endfacet
facet normal 0.49597084324899987 -0.8683391748793128 4.0975899470904746e-06
  outer loop
    vertex -11.406180250366116 18.808936690925194 9.361287682838544
    vertex -10.406143794500165 19.38015872278561 15.17664731134217
    vertex -11.406158904314228 18.808981239304167 15.176432924810623
  endloop
endfacet
facet normal 0.49597084324899987 -0.8683391748793128 4.0975899470904746e-06
  outer loop
    vertex -11.406158904314228 18.808981239304167 15.176432924810623
    vertex -10.406143794500165 19.38015872278561 15.17664731134217
    vertex -10.558108292970624 19.293361343170233 15.179583686610064
  endloop
endfacet
facet normal -0.997865596334757 0.06530123769323523 -2.685447609937946e-06
  outer loop
    vertex -7.999999999999996 2.8199664825478975e-15 20.499999999999996
    vertex -7.931558890990482 1.0442095377602072 4.500000000000376
    vertex -7.99999999999985 -1.8047785488306544e-13 4.500000000000398
  endloop
endfacet
facet normal -0.997865596334757 0.06530123769323523 -2.685447609937946e-06
  outer loop
    vertex -7.931558890990482 1.0442095377602072 4.500000000000376
    vertex -7.999999999999996 2.8199664825478975e-15 20.499999999999996
    vertex -7.931558890990478 1.0442095377604144 20.500000000000004
  endloop
endfacet
facet normal 0.029971394015649456 0.9995507568606804 -1.0188226889941346e-18
  outer loop
    vertex -5.761945740345656 -6.00000000000017 4.737543690680468e-13
    vertex 0.0 -6.172771162340216 4.499997910376757
    vertex 0.0 -6.172771162340216 4.712868983958173e-13
  endloop
endfacet
facet normal 0.029971394015649456 0.9995507568606804 -1.0188226889941346e-18
  outer loop
    vertex 0.0 -6.172771162340216 4.499997910376757
    vertex -5.761945740345656 -6.00000000000017 4.737543690680468e-13
    vertex -5.761945740345656 -6.00000000000017 4.500000000000477
  endloop
endfacet
facet normal -0.997858923238606 -0.06540312923010383 -5.800305430951168e-15
  outer loop
    vertex -7.9315588909904795 -1.0442095377604088 20.499999999999996
    vertex -7.99999999999985 -1.8047785488306544e-13 4.500000000000398
    vertex -7.931558890990437 -1.0442095377606133 4.50000000000042
  endloop
endfacet
facet normal -0.997858923238606 -0.06540312923010383 -5.800305430951168e-15
  outer loop
    vertex -7.99999999999985 -1.8047785488306544e-13 4.500000000000398
    vertex -7.9315588909904795 -1.0442095377604088 20.499999999999996
    vertex -7.999999999999996 2.8199664825478975e-15 20.499999999999996
  endloop
endfacet
facet normal -0.8968727415326881 0.44228869021900163 2.6329685641208856e-16
  outer loop
    vertex -6.928203230275505 4.000000000000001 20.500000000000004
    vertex -7.3910362600902895 3.061467458920724 15.80000000000012
    vertex -7.3910362600902895 3.0614674589207187 20.500000000000004
  endloop
endfacet
facet normal -0.8968727415326881 0.44228869021900163 2.6329685641208856e-16
  outer loop
    vertex -7.3910362600902895 3.061467458920724 15.80000000000012
    vertex -6.928203230275505 4.000000000000001 20.500000000000004
    vertex -6.928203230275505 4.000000000000001 15.80000000000012
  endloop
endfacet
facet normal -0.5555702330196015 0.8314696123025457 1.7018026844816525e-17
  outer loop
    vertex -4.870091432069761 6.346826722329881 15.800000000000123
    vertex -3.999999999999997 6.928203230275508 15.800000000000123
    vertex -4.583063909536763 6.538612381381331 15.79999999999997
  endloop
endfacet
facet normal -0.5555702330196015 0.8314696123025457 1.7018026844816525e-17
  outer loop
    vertex -3.999999999999997 6.928203230275508 15.800000000000123
    vertex -4.870091432069761 6.346826722329881 15.800000000000123
    vertex -4.870091432069761 6.346826722329881 20.500000000000004
  endloop
endfacet
facet normal -0.5555702330196015 0.8314696123025457 1.7018026844816525e-17
  outer loop
    vertex -3.999999999999997 6.928203230275508 15.800000000000123
    vertex -4.870091432069761 6.346826722329881 20.500000000000004
    vertex -3.999999999999997 6.928203230275508 20.500000000000004
  endloop
endfacet
endsolid Knacle_7911
