solid UpB_Rid 7021
facet normal -0.0781293921603189 0.593415364567528 -0.8010955019071365
  outer loop
    vertex 8.467203899021738 2.350031251230572 1.5004566282113703
    vertex 8.85542249447326 1.051132382709111 0.50042742926727
    vertex 8.467193926863859 1.0000211221479571 0.5004308418559973
  endloop
endfacet
facet normal -0.0781293921603189 0.593415364567528 -0.8010955019071365
  outer loop
    vertex 8.85542249447326 1.051132382709111 0.50042742926727
    vertex 8.467203899021738 2.350031251230572 1.5004566282113703
    vertex 8.506026757274913 2.3551423772866875 1.5004772313048704
  endloop
endfacet
facet normal -0.9238795325111034 -8.369610745362103e-07 -0.3826834323646173
  outer loop
    vertex 12.301134487372003 6.089855083171644 1.0613555845928822
    vertex 12.450984155422386 10.664534365068647 0.6995764784571787
    vertex 12.450985121128719 6.089854276964782 0.699584152248605
  endloop
endfacet
facet normal -0.9238795325111034 -8.369610745362103e-07 -0.3826834323646173
  outer loop
    vertex 12.450984155422386 10.664534365068647 0.6995764784571787
    vertex 12.301134487372003 6.089855083171644 1.0613555845928822
    vertex 12.30113352166567 10.66453517127551 1.0613479108014559
  endloop
endfacet
facet normal -0.5530068153729094 0.22905258881675608 -0.8010732636328936
  outer loop
    vertex 8.612092777910117 2.461208394453787 1.5005259500214756
    vertex 9.766232032333543 1.7500211220710087 0.5004246176185568
    vertex 8.597107714185771 2.425031251222877 1.5005208088164639
  endloop
endfacet
facet normal -0.5530068153729094 0.22905258881675608 -0.8010732636328936
  outer loop
    vertex 9.766232032333543 1.7500211220710087 0.5004246176185568
    vertex 8.612092777910117 2.461208394453787 1.5005259500214756
    vertex 9.916082666038808 2.1117925543801097 0.5004263691688011
  endloop
endfacet
facet normal -0.9914448613737399 -4.282431384872047e-07 -0.13052619221988462
  outer loop
    vertex 12.250023226805558 6.0898559714952745 1.4495841522445823
    vertex 12.30113352166567 10.66453517127551 1.0613479108014559
    vertex 12.301134487372003 6.089855083171644 1.0613555845928822
  endloop
endfacet
facet normal -0.9914448613737399 -4.282431384872047e-07 -0.13052619221988462
  outer loop
    vertex 12.30113352166567 10.66453517127551 1.0613479108014559
    vertex 12.250023226805558 6.0898559714952745 1.4495841522445823
    vertex 12.250022261099225 10.66453605959914 1.4495764784531562
  endloop
endfacet
facet normal 0.5529302713431791 -0.22904155223798095 -0.8011292544781863
  outer loop
    vertex 7.1681558210911644 3.2500211219171034 0.5004639816420546
    vertex 8.322315018154516 2.5388541079765767 1.500362649059215
    vertex 7.018305187385894 2.8882496896080054 0.5004622300918105
  endloop
endfacet
facet normal 0.5529302713431791 -0.22904155223798095 -0.8011292544781863
  outer loop
    vertex 8.322315018154516 2.5388541079765767 1.500362649059215
    vertex 7.1681558210911644 3.2500211219171034 0.5004639816420546
    vertex 8.337300081878862 2.5750312512074864 1.5003677902642267
  endloop
endfacet
facet normal 0.6087614290089065 -1.20230118694669e-06 -0.7933533402901816
  outer loop
    vertex 14.81068243287264 10.664534143726941 0.3889163066790228
    vertex 14.500023226800105 6.089853437974885 0.15054604657489173
    vertex 14.500022261093774 10.664533526078754 0.15053837278346546
  endloop
endfacet
facet normal 0.6087614290089065 -1.20230118694669e-06 -0.7933533402901816
  outer loop
    vertex 14.500023226800105 6.089853437974885 0.15054604657489173
    vertex 14.81068243287264 10.664534143726941 0.3889163066790228
    vertex 14.810683398578972 6.089854055623075 0.3889239804704491
  endloop
endfacet
facet normal 0.7071067811761874 -4.264174721330478e-05 0.7071067799111623
  outer loop
    vertex 33.85876170032276 5.09015142531435 8.700910690919068
    vertex 33.05874004643498 9.090095051158126 9.501173560987851
    vertex 33.05876170033449 5.090094520125947 9.500910688906918
  endloop
endfacet
facet normal 0.7071067811761874 -4.264174721330478e-05 0.7071067799111623
  outer loop
    vertex 33.05874004643498 9.090095051158126 9.501173560987851
    vertex 33.85876170032276 5.09015142531435 8.700910690919068
    vertex 33.85874004642326 9.090151956346528 8.701173563000006
  endloop
endfacet
facet normal -0.608761429008347 -1.4593179647984667e-06 -0.7933533402901798
  outer loop
    vertex 13.00002226109783 10.664533209431584 0.15053837278346546
    vertex 12.689363055025066 6.089853607816351 0.3889239804704491
    vertex 12.689362089318735 10.66453369592022 0.3889163066790228
  endloop
endfacet
facet normal -0.608761429008347 -1.4593179647984667e-06 -0.7933533402901798
  outer loop
    vertex 12.689363055025066 6.089853607816351 0.3889239804704491
    vertex 13.00002226109783 10.664533209431584 0.15053837278346546
    vertex 13.000023226804164 6.089853121327718 0.15054604657489173
  endloop
endfacet
facet normal 0.3826834323653419 -1.4689768229623663e-06 -0.9238795325100144
  outer loop
    vertex 14.500022261093774 10.664533526078754 0.15053837278346546
    vertex 14.13825179445494 6.08985301456091 0.0006954128187517394
    vertex 14.138250828748609 10.664533102664777 0.0006877390273254624
  endloop
endfacet
facet normal 0.3826834323653419 -1.4689768229623663e-06 -0.9238795325100144
  outer loop
    vertex 14.13825179445494 6.08985301456091 0.0006954128187517394
    vertex 14.500022261093774 10.664533526078754 0.15053837278346546
    vertex 14.500023226800105 6.089853437974885 0.15054604657489173
  endloop
endfacet
facet normal -0.4748765604012398 0.3643739904904386 -0.8010766801221724
  outer loop
    vertex 8.597107714185771 2.425031251222877 1.5005208088164639
    vertex 9.527854098492163 1.4393609503230602 0.5004242073648877
    vertex 8.573269920066771 2.393965234048082 1.50051045363072
  endloop
endfacet
facet normal -0.4748765604012398 0.3643739904904386 -0.8010766801221724
  outer loop
    vertex 9.527854098492163 1.4393609503230602 0.5004242073648877
    vertex 8.597107714185771 2.425031251222877 1.5005208088164639
    vertex 9.766232032333543 1.7500211220710087 0.5004246176185568
  endloop
endfacet
facet normal 0.22903416743743238 -0.5529549556266867 -0.8011143284164448
  outer loop
    vertex 8.078965358951448 3.948909861279001 0.5004611699933414
    vertex 8.392203894236115 2.6299350617695194 1.500393008927648
    vertex 7.717193926656907 3.7990592275374317 0.5004634328947082
  endloop
endfacet
facet normal 0.22903416743743238 -0.5529549556266867 -0.8011143284164448
  outer loop
    vertex 8.392203894236115 2.6299350617695194 1.500393008927648
    vertex 8.078965358951448 3.948909861279001 0.5004611699933414
    vertex 8.428381038789718 2.6449201251436762 1.5004113677758175
  endloop
endfacet
facet normal -0.6593458142447794 0.7518398074789533 -3.358421498402496e-05
  outer loop
    vertex 20.758656543264536 17.166049793467998 2.0010573533015275
    vertex 21.1610710264869 17.5188684853273 0.0010778479548529285
    vertex 20.758758414586737 17.166049793468 0.0010573558959707352
  endloop
endfacet
facet normal -0.6593458142447794 0.7518398074789533 -3.358421498402496e-05
  outer loop
    vertex 21.1610710264869 17.5188684853273 0.0010778479548529285
    vertex 20.758656543264536 17.166049793467998 2.0010573533015275
    vertex 21.160969155164704 17.5188684853273 2.0010778453604123
  endloop
endfacet
facet normal 0.9914448613738316 -9.65885974444203e-09 -0.1305261922198899
  outer loop
    vertex 15.198911000525042 10.664535782990868 1.0613479108014587
    vertex 15.250023226797442 6.089856604789614 1.4495841522445823
    vertex 15.198911966231375 6.089855694887001 1.061355584592885
  endloop
endfacet
facet normal 0.9914448613738316 -9.65885974444203e-09 -0.1305261922198899
  outer loop
    vertex 15.250023226797442 6.089856604789614 1.4495841522445823
    vertex 15.198911000525042 10.664535782990868 1.0613479108014587
    vertex 15.250022261091111 10.66453669289348 1.4495764784531562
  endloop
endfacet
facet normal 0.07811798830213741 -0.5934013181152956 -0.8011070187950279
  outer loop
    vertex 8.467193926560851 4.000021121840153 0.5004577574046142
    vertex 8.428381038789718 2.6449201251436762 1.5004113677758175
    vertex 8.078965358951448 3.948909861279001 0.5004611699933414
  endloop
endfacet
facet normal 0.07811798830213741 -0.5934013181152956 -0.8011070187950279
  outer loop
    vertex 8.428381038789718 2.6449201251436762 1.5004113677758175
    vertex 8.467193926560851 4.000021121840153 0.5004577574046142
    vertex 8.467203897042893 2.6500312511997914 1.5004319708693208
  endloop
endfacet
facet normal 0.7933533402913713 -8.536907103567441e-07 -0.6087614290079448
  outer loop
    vertex 14.81068243287264 10.664534143726941 0.3889163066790228
    vertex 15.049061332475015 6.089854825413763 0.699584152248605
    vertex 14.810683398578972 6.089854055623075 0.3889239804704491
  endloop
endfacet
facet normal 0.7933533402913713 -8.536907103567441e-07 -0.6087614290079448
  outer loop
    vertex 15.049061332475015 6.089854825413763 0.699584152248605
    vertex 14.81068243287264 10.664534143726941 0.3889163066790228
    vertex 15.049060366768682 10.664534913517633 0.6995764784571787
  endloop
endfacet
facet normal -0.3826834323646876 -1.6305443234132272e-06 -0.9238795325100146
  outer loop
    vertex 13.361793693443143 10.664532938756139 0.0006877390273254624
    vertex 13.000023226804164 6.089853121327718 0.15054604657489173
    vertex 13.00002226109783 10.664533209431584 0.15053837278346546
  endloop
endfacet
facet normal -0.3826834323646876 -1.6305443234132272e-06 -0.9238795325100146
  outer loop
    vertex 13.000023226804164 6.089853121327718 0.15054604657489173
    vertex 13.361793693443143 10.664532938756139 0.0006877390273254624
    vertex 13.361794659149476 6.089852850652271 0.0006954128187517394
  endloop
endfacet
facet normal 0.9238795325113769 -4.4690262264653124e-07 -0.3826834323646113
  outer loop
    vertex 15.049060366768682 10.664534913517633 0.6995764784571787
    vertex 15.198911966231375 6.089855694887001 1.061355584592885
    vertex 15.049061332475015 6.089854825413763 0.699584152248605
  endloop
endfacet
facet normal 0.9238795325113769 -4.4690262264653124e-07 -0.3826834323646113
  outer loop
    vertex 15.198911966231375 6.089855694887001 1.061355584592885
    vertex 15.049060366768682 10.664534913517633 0.6995764784571787
    vertex 15.198911000525042 10.664535782990868 1.0613479108014587
  endloop
endfacet
facet normal -0.5934457440271687 -0.07813697603581715 -0.8010722575848064
  outer loop
    vertex 9.916082665960385 2.8882496896080054 0.5004333354253929
    vertex 8.617203903910985 2.500031251215182 1.5005255268811333
    vertex 8.612092777397955 2.5388541079765767 1.5005195682317511
  endloop
endfacet
facet normal -0.5934457440271687 -0.07813697603581715 -0.8010722575848064
  outer loop
    vertex 8.617203903910985 2.500031251215182 1.5005255268811333
    vertex 9.916082665960385 2.8882496896080054 0.5004333354253929
    vertex 9.967193926560832 2.500021121994056 0.500429342650364
  endloop
endfacet
facet normal 2.159271269027182e-07 -0.9999999999973135 2.307882403832638e-06
  outer loop
    vertex 25.859242905612355 10.664534657501225 0.0013171524458151839
    vertex 22.82884941956484 10.664534657501225 0.19528366532819402
    vertex 22.85441328897722 10.664534657501223 0.001176833377899511
  endloop
endfacet
facet normal 2.159271269027182e-07 -0.9999999999973135 2.307882403832638e-06
  outer loop
    vertex 22.82884941956484 10.664534657501225 0.19528366532819402
    vertex 25.859242905612355 10.664534657501225 0.0013171524458151839
    vertex 25.859148949085622 10.664534656537498 3.001317148926404
  endloop
endfacet
facet normal 2.159271269027182e-07 -0.9999999999973135 2.307882403832638e-06
  outer loop
    vertex 22.82884941956484 10.664534657501225 0.19528366532819402
    vertex 25.859148949085622 10.664534656537498 3.001317148926404
    vertex 22.75391960849871 10.664534657501225 0.37616068720412177
  endloop
endfacet
facet normal 2.159271269027182e-07 -0.9999999999973135 2.307882403832638e-06
  outer loop
    vertex 22.75391960849871 10.664534657501225 0.37616068720412177
    vertex 25.859148949085622 10.664534656537498 3.001317148926404
    vertex 22.63472986931129 10.664534657501225 0.5314822237067716
  endloop
endfacet
facet normal 2.159271269027182e-07 -0.9999999999973135 2.307882403832638e-06
  outer loop
    vertex 22.63472986931129 10.664534657501225 0.5314822237067716
    vertex 25.859148949085622 10.664534656537498 3.001317148926404
    vertex 22.479402262001962 10.664534657501223 0.6506640513344311
  endloop
endfacet
facet normal 2.159271269027182e-07 -0.9999999999973135 2.307882403832638e-06
  outer loop
    vertex 22.479402262001962 10.664534657501223 0.6506640513344311
    vertex 25.859148949085622 10.664534656537498 3.001317148926404
    vertex 22.2985214237612 10.664534657501225 0.7255846492126731
  endloop
endfacet
facet normal 2.159271269027182e-07 -0.9999999999973135 2.307882403832638e-06
  outer loop
    vertex 22.2985214237612 10.664534657501225 0.7255846492126731
    vertex 25.859148949085622 10.664534656537498 3.001317148926404
    vertex 22.104413289950134 10.664534657501225 0.7511386316320781
  endloop
endfacet
facet normal 2.159271269027182e-07 -0.9999999999973135 2.307882403832638e-06
  outer loop
    vertex 22.104413289950134 10.664534657501225 0.7511386316320781
    vertex 25.859148949085622 10.664534656537498 3.001317148926404
    vertex 15.198911000525042 10.664535782990868 1.0613479108014587
  endloop
endfacet
facet normal 2.159271269027182e-07 -0.9999999999973135 2.307882403832638e-06
  outer loop
    vertex 15.198911000525042 10.664535782990868 1.0613479108014587
    vertex 25.859148949085622 10.664534656537498 3.001317148926404
    vertex 15.250022261091111 10.66453669289348 1.4495764784531562
  endloop
endfacet
facet normal 2.159271269027182e-07 -0.9999999999973135 2.307882403832638e-06
  outer loop
    vertex 15.250022261091111 10.66453669289348 1.4495764784531562
    vertex 25.859148949085622 10.664534656537498 3.001317148926404
    vertex 15.250022261091111 10.66453669289348 2.1995764784491336
  endloop
endfacet
facet normal 2.159271269027182e-07 -0.9999999999973135 2.307882403832638e-06
  outer loop
    vertex 15.250022261091111 10.66453669289348 2.1995764784491336
    vertex 25.859148949085622 10.664534656537498 3.001317148926404
    vertex 12.250022261099225 10.66453605959914 2.1995764784491336
  endloop
endfacet
facet normal 2.159271269027182e-07 -0.9999999999973135 2.307882403832638e-06
  outer loop
    vertex 26.528963122443884 10.664563432222149 8.00110805254653
    vertex 15.703673338258152 10.664552019492358 5.251110518081762
    vertex 26.52897029137329 10.66456343424665 3.5667168307465547
  endloop
endfacet
facet normal 2.159271269027182e-07 -0.9999999999973135 2.307882403832638e-06
  outer loop
    vertex 15.703673338258152 10.664552019492358 5.251110518081762
    vertex 26.528963122443884 10.664563432222149 8.00110805254653
    vertex 16.103369687470177 10.66455133581366 5.849298377629727
  endloop
endfacet
facet normal 2.159271269027182e-07 -0.9999999999973135 2.307882403832638e-06
  outer loop
    vertex 16.103369687470177 10.66455133581366 5.849298377629727
    vertex 26.528963122443884 10.664563432222149 8.00110805254653
    vertex 16.577725762545263 10.664550524507105 6.390197814607777
  endloop
endfacet
facet normal 2.159271269027182e-07 -0.9999999999973135 2.307882403832638e-06
  outer loop
    vertex 16.577725762545263 10.664550524507105 6.390197814607777
    vertex 26.528963122443884 10.664563432222149 8.00110805254653
    vertex 17.11862519952252 10.664549599454368 6.864553889683562
  endloop
endfacet
facet normal 2.159271269027182e-07 -0.9999999999973135 2.307882403832638e-06
  outer loop
    vertex 17.11862519952252 10.664549599454368 6.864553889683562
    vertex 26.528963122443884 10.664563432222149 8.00110805254653
    vertex 17.716813059069608 10.664548576483355 7.26425023889618
  endloop
endfacet
facet normal 2.159271269027182e-07 -0.9999999999973135 2.307882403832638e-06
  outer loop
    vertex 17.716813059069608 10.664548576483355 7.26425023889618
    vertex 26.528963122443884 10.664563432222149 8.00110805254653
    vertex 18.362054181060664 10.664547473097391 7.582447946893851
  endloop
endfacet
facet normal 2.159271269027182e-07 -0.9999999999973135 2.307882403832638e-06
  outer loop
    vertex 18.362054181060664 10.664547473097391 7.582447946893851
    vertex 26.528963122443884 10.664563432222149 8.00110805254653
    vertex 19.043308311003802 10.664546308175709 7.8137025626716525
  endloop
endfacet
facet normal 2.159271269027182e-07 -0.9999999999973135 2.307882403832638e-06
  outer loop
    vertex 19.043308311003802 10.664546308175709 7.8137025626716525
    vertex 26.528963122443884 10.664563432222149 8.00110805254653
    vertex 19.748919001856354 10.664545101650447 7.954057255637735
  endloop
endfacet
facet normal 2.159271269027182e-07 -0.9999999999973135 2.307882403832638e-06
  outer loop
    vertex 19.748919001856354 10.664545101650447 7.954057255637735
    vertex 26.528963122443884 10.664563432222149 8.00110805254653
    vertex 20.466813059065583 10.664543874165586 8.001110518081779
  endloop
endfacet
facet normal 2.159271269027182e-07 -0.9999999999973135 2.307882403832638e-06
  outer loop
    vertex 13.361793693443143 10.664532938756139 0.0006877390273254624
    vertex 3.1195308861449824 10.664534657501225 2.000158892773768
    vertex 3.1196327574671807 10.664534657501223 0.000158895368208678
  endloop
endfacet
facet normal 2.159271269027182e-07 -0.9999999999973135 2.307882403832638e-06
  outer loop
    vertex 3.1195308861449824 10.664534657501225 2.000158892773768
    vertex 13.361793693443143 10.664532938756139 0.0006877390273254624
    vertex 13.00002226109783 10.664533209431584 0.15053837278346546
  endloop
endfacet
facet normal 2.159271269027182e-07 -0.9999999999973135 2.307882403832638e-06
  outer loop
    vertex 3.1195308861449824 10.664534657501225 2.000158892773768
    vertex 13.00002226109783 10.664533209431584 0.15053837278346546
    vertex 12.689362089318735 10.66453369592022 0.3889163066790228
  endloop
endfacet
facet normal 2.159271269027182e-07 -0.9999999999973135 2.307882403832638e-06
  outer loop
    vertex 3.1195308861449824 10.664534657501225 2.000158892773768
    vertex 12.689362089318735 10.66453369592022 0.3889163066790228
    vertex 12.450984155422386 10.664534365068647 0.6995764784571787
  endloop
endfacet
facet normal 2.159271269027182e-07 -0.9999999999973135 2.307882403832638e-06
  outer loop
    vertex 3.1195308861449824 10.664534657501225 2.000158892773768
    vertex 12.450984155422386 10.664534365068647 0.6995764784571787
    vertex 12.30113352166567 10.66453517127551 1.0613479108014559
  endloop
endfacet
facet normal 2.159271269027182e-07 -0.9999999999973135 2.307882403832638e-06
  outer loop
    vertex 3.1195308861449824 10.664534657501225 2.000158892773768
    vertex 12.30113352166567 10.66453517127551 1.0613479108014559
    vertex 12.250022261099225 10.66453605959914 1.4495764784531562
  endloop
endfacet
facet normal 2.159271269027182e-07 -0.9999999999973135 2.307882403832638e-06
  outer loop
    vertex 3.1195308861449824 10.664534657501225 2.000158892773768
    vertex 12.250022261099225 10.66453605959914 1.4495764784531562
    vertex 11.063390387315481 10.66453465750123 2.0006037017330183
  endloop
endfacet
facet normal 2.159271269027182e-07 -0.9999999999973135 2.307882403832638e-06
  outer loop
    vertex 11.063390387315481 10.66453465750123 2.0006037017330183
    vertex 12.250022261099225 10.66453605959914 1.4495764784531562
    vertex 12.250022261099225 10.66453605959914 2.1995764784491336
  endloop
endfacet
facet normal 2.159271269027182e-07 -0.9999999999973135 2.307882403832638e-06
  outer loop
    vertex 11.063390387315481 10.66453465750123 2.0006037017330183
    vertex 12.250022261099225 10.66453605959914 2.1995764784491336
    vertex 14.404632381556675 10.664553029897332 6.001113085048746
  endloop
endfacet
facet normal 2.159271269027182e-07 -0.9999999999973135 2.307882403832638e-06
  outer loop
    vertex 14.404632381556675 10.664553029897332 6.001113085048746
    vertex 12.250022261099225 10.66453605959914 2.1995764784491336
    vertex 15.703673338258152 10.664552019492358 5.251110518081762
  endloop
endfacet
facet normal 2.159271269027182e-07 -0.9999999999973135 2.307882403832638e-06
  outer loop
    vertex 15.703673338258152 10.664552019492358 5.251110518081762
    vertex 12.250022261099225 10.66453605959914 2.1995764784491336
    vertex 25.859148949085622 10.664534656537498 3.001317148926404
  endloop
endfacet
facet normal 2.159271269027182e-07 -0.9999999999973135 2.307882403832638e-06
  outer loop
    vertex 15.703673338258152 10.664552019492358 5.251110518081762
    vertex 25.859148949085622 10.664534656537498 3.001317148926404
    vertex 26.52897029137329 10.66456343424665 3.5667168307465547
  endloop
endfacet
facet normal 2.159271269027182e-07 -0.9999999999973135 2.307882403832638e-06
  outer loop
    vertex 21.354413290923045 10.664534657501225 0.0011004298862452133
    vertex 14.500022261093774 10.664533526078754 0.15053837278346546
    vertex 14.138250828748609 10.664533102664777 0.0006877390273254624
  endloop
endfacet
facet normal 2.159271269027182e-07 -0.9999999999973135 2.307882403832638e-06
  outer loop
    vertex 14.500022261093774 10.664533526078754 0.15053837278346546
    vertex 21.354413290923045 10.664534657501225 0.0011004298862452133
    vertex 21.379960681436465 10.664534657501225 0.19522216524001107
  endloop
endfacet
facet normal 2.159271269027182e-07 -0.9999999999973135 2.307882403832638e-06
  outer loop
    vertex 14.500022261093774 10.664533526078754 0.15053837278346546
    vertex 21.379960681436465 10.664534657501225 0.19522216524001107
    vertex 14.81068243287264 10.664534143726941 0.3889163066790228
  endloop
endfacet
facet normal 2.159271269027182e-07 -0.9999999999973135 2.307882403832638e-06
  outer loop
    vertex 14.81068243287264 10.664534143726941 0.3889163066790228
    vertex 21.379960681436465 10.664534657501225 0.19522216524001107
    vertex 21.454881503571002 10.664534657501225 0.3761165756276333
  endloop
endfacet
facet normal 2.159271269027182e-07 -0.9999999999973135 2.307882403832638e-06
  outer loop
    vertex 14.81068243287264 10.664534143726941 0.3889163066790228
    vertex 21.454881503571002 10.664534657501225 0.3761165756276333
    vertex 21.574069697875444 10.664534657501225 0.5314552109932317
  endloop
endfacet
facet normal 2.159271269027182e-07 -0.9999999999973135 2.307882403832638e-06
  outer loop
    vertex 14.81068243287264 10.664534143726941 0.3889163066790228
    vertex 21.574069697875444 10.664534657501225 0.5314552109932317
    vertex 15.049060366768682 10.664534913517633 0.6995764784571787
  endloop
endfacet
facet normal 2.159271269027182e-07 -0.9999999999973135 2.307882403832638e-06
  outer loop
    vertex 15.049060366768682 10.664534913517633 0.6995764784571787
    vertex 21.574069697875444 10.664534657501225 0.5314552109932317
    vertex 21.729402262110064 10.664534657501225 0.6506513174191492
  endloop
endfacet
facet normal 2.159271269027182e-07 -0.9999999999973135 2.307882403832638e-06
  outer loop
    vertex 15.049060366768682 10.664534913517633 0.6995764784571787
    vertex 21.729402262110064 10.664534657501225 0.6506513174191492
    vertex 21.91029285612141 10.664534657501225 0.7255813534328793
  endloop
endfacet
facet normal 2.159271269027182e-07 -0.9999999999973135 2.307882403832638e-06
  outer loop
    vertex 15.049060366768682 10.664534913517633 0.6995764784571787
    vertex 21.91029285612141 10.664534657501225 0.7255813534328793
    vertex 15.198911000525042 10.664535782990868 1.0613479108014587
  endloop
endfacet
facet normal 2.159271269027182e-07 -0.9999999999973135 2.307882403832638e-06
  outer loop
    vertex 15.198911000525042 10.664535782990868 1.0613479108014587
    vertex 21.91029285612141 10.664534657501225 0.7255813534328793
    vertex 22.104413289950134 10.664534657501225 0.7511386316320781
  endloop
endfacet
facet normal 0.4748241691319081 0.364339334884841 -0.8011234970114566
  outer loop
    vertex 8.337300082868286 2.425031251222877 1.5003801189352544
    vertex 7.406533755146802 1.4393609503230589 0.5004453597287761
    vertex 7.168155821242672 1.7500211220710058 0.5004505238677449
  endloop
endfacet
facet normal 0.4748241691319081 0.364339334884841 -0.8011234970114566
  outer loop
    vertex 7.406533755146802 1.4393609503230589 0.5004453597287761
    vertex 8.337300082868286 2.425031251222877 1.5003801189352544
    vertex 8.361137877397114 2.393965234048082 1.5003955808237406
  endloop
endfacet
facet normal -0.7933533402909391 -1.1886414964990952e-06 -0.608761429007946
  outer loop
    vertex 12.450985121128719 6.089854276964782 0.699584152248605
    vertex 12.689362089318735 10.66453369592022 0.3889163066790228
    vertex 12.689363055025066 6.089853607816351 0.3889239804704491
  endloop
endfacet
facet normal -0.7933533402909391 -1.1886414964990952e-06 -0.608761429007946
  outer loop
    vertex 12.689362089318735 10.66453369592022 0.3889163066790228
    vertex 12.450985121128719 6.089854276964782 0.699584152248605
    vertex 12.450984155422386 10.664534365068647 0.6995764784571787
  endloop
endfacet
facet normal -3.2754562710844146e-05 -2.506749032393403e-05 0.9999999991493798
  outer loop
    vertex 28.009135901312302 11.33606137336348 4.001472515934001
    vertex 26.529091248649323 12.16461484375163 4.001398228059549
    vertex 26.529089833202562 11.336060909143963 4.001377078908007
  endloop
endfacet
facet normal -3.2754562710844146e-05 -2.506749032393403e-05 0.9999999991493798
  outer loop
    vertex 26.529091248649323 12.16461484375163 4.001398228059549
    vertex 25.85943278458774 14.335672103315437 4.001475292081278
    vertex 25.859147889456956 12.164615990214187 4.001379529105251
  endloop
endfacet
facet normal -3.2754562710844146e-05 -2.506749032393403e-05 0.9999999991493798
  outer loop
    vertex 25.85943278458774 14.335672103315437 4.001475292081278
    vertex 26.529091248649323 12.16461484375163 4.001398228059549
    vertex 28.009141029775527 14.336062654807955 4.0014916163257785
  endloop
endfacet
facet normal -3.2754562710844146e-05 -2.506749032393403e-05 0.9999999991493798
  outer loop
    vertex 28.009141029775527 14.336062654807955 4.0014916163257785
    vertex 26.529091248649323 12.16461484375163 4.001398228059549
    vertex 28.009135901312302 11.33606137336348 4.001472515934001
  endloop
endfacet
facet normal 0.0002076503000541685 0.709993868775164 0.7042078266982186
  outer loop
    vertex 22.332892923721445 20.011042451222387 2.001137538072395
    vertex 32.85918285409609 20.41151130075785 1.5942780541376147
    vertex 22.359161762570714 20.41152027724624 1.5942780541375752
  endloop
endfacet
facet normal 0.0002076503000541685 0.709993868775164 0.7042078266982186
  outer loop
    vertex 32.85918285409609 20.41151130075785 1.5942780541376147
    vertex 22.332892923721445 20.011042451222387 2.001137538072395
    vertex 32.87271799965577 20.004341250943714 2.0017104738555416
  endloop
endfacet
facet normal -1.673821329877173e-05 0.9658833694160515 0.2589774438157264
  outer loop
    vertex 24.12721717166991 16.06795409154754 3.001817682015745
    vertex 28.609252983590466 16.33608902908015 2.001905414118051
    vertex 23.859121343585482 16.33610590534409 2.0018791602601085
  endloop
endfacet
facet normal -1.673821329877173e-05 0.9658833694160515 0.2589774438157264
  outer loop
    vertex 28.609252983590466 16.33608902908015 2.001905414118051
    vertex 24.12721717166991 16.06795409154754 3.001817682015745
    vertex 30.109249471217556 16.336088237274385 2.0019137045099082
  endloop
endfacet
facet normal -1.673821329877173e-05 0.9658833694160515 0.2589774438157264
  outer loop
    vertex 30.109249471217556 16.336088237274385 2.0019137045099082
    vertex 24.12721717166991 16.06795409154754 3.001817682015745
    vertex 33.55998572545142 16.336088954437933 2.0027538063963113
  endloop
endfacet
facet normal -1.673821329877173e-05 0.9658833694160515 0.2589774438157264
  outer loop
    vertex 33.55998572545142 16.336088954437933 2.0027538063963113
    vertex 24.12721717166991 16.06795409154754 3.001817682015745
    vertex 30.10924386859746 16.067937375989807 3.001850744475695
  endloop
endfacet
facet normal -1.673821329877173e-05 0.9658833694160515 0.2589774438157264
  outer loop
    vertex 33.55998572545142 16.336088954437933 2.0027538063963113
    vertex 30.10924386859746 16.067937375989807 3.001850744475695
    vertex 33.65886665594902 16.068145908205903 3.0020795422098594
  endloop
endfacet
facet normal -1.673821329877173e-05 0.9658833694160515 0.2589774438157264
  outer loop
    vertex 30.10924386859746 16.067937375989807 3.001850744475695
    vertex 24.12721717166991 16.06795409154754 3.001817682015745
    vertex 28.60924690987164 16.067938167795823 3.0018424540812347
  endloop
endfacet
facet normal 2.8217435302506403e-07 -0.9999999999999603 1.4372032242926872e-11
  outer loop
    vertex 32.85909008954852 11.336060909143972 3.001673698181924
    vertex 30.70913589980966 11.33606030249641 4.001537306249306
    vertex 30.70918683547076 11.33606030249641 3.001537307546526
  endloop
endfacet
facet normal 2.8217435302506403e-07 -0.9999999999999603 1.4372032242926872e-11
  outer loop
    vertex 30.70913589980966 11.33606030249641 4.001537306249306
    vertex 32.85909008954852 11.336060909143972 3.001673698181924
    vertex 32.85903915388743 11.33606090914397 4.001673696884704
  endloop
endfacet
facet normal 3.244461126868432e-05 -0.00011884479048548786 -0.9999999924116315
  outer loop
    vertex 26.529015216738287 5.500021293060724 3.00133888596289
    vertex 25.85909522808323 5.500027552985218 3.0013171499251516
    vertex 25.859105244866104 6.089853143774978 3.001247052550852
  endloop
endfacet
facet normal 0.5182025489967093 0.5884593380675055 -0.6206301037288365
  outer loop
    vertex 26.529015216738287 5.500021293060724 3.00133888596289
    vertex 25.859105244866104 6.089853143774978 3.001247052550852
    vertex 26.529006666383058 6.0898468838443485 3.5605833438559236
  endloop
endfacet
facet normal 0.7933352521359599 -4.466283996701337e-19 0.6087850012265195
  outer loop
    vertex 22.75391960849871 10.664534657501225 0.37616068720412177
    vertex 22.63472986931129 6.08985314479996 0.5314822237067716
    vertex 22.75391960849871 6.08985314479996 0.37616068720412177
  endloop
endfacet
facet normal 0.7933352521359599 -4.466283996701337e-19 0.6087850012265195
  outer loop
    vertex 22.63472986931129 6.08985314479996 0.5314822237067716
    vertex 22.75391960849871 10.664534657501225 0.37616068720412177
    vertex 22.63472986931129 10.664534657501225 0.5314822237067716
  endloop
endfacet
facet normal -4.049703513149185e-05 0.999999999179995 1.6566720295542923e-09
  outer loop
    vertex 26.5289191947226 7.089846883543406 9.501110516448199
    vertex 30.709126929808214 7.090016172047962 8.00117393181479
    vertex 26.528840693192237 7.089846883677628 8.001132252485935
  endloop
endfacet
facet normal -4.049703513149185e-05 0.999999999179995 1.6566720295542923e-09
  outer loop
    vertex 30.709126929808214 7.090016172047962 8.00117393181479
    vertex 26.5289191947226 7.089846883543406 9.501110516448199
    vertex 30.709126929808274 7.090016170391316 9.501152194994356
  endloop
endfacet
facet normal 7.476802509444012e-06 -7.504672617858895e-08 -0.9999999999720459
  outer loop
    vertex 20.466813059065583 10.664543874165586 8.001110518081779
    vertex 25.229943248203917 5.089844997532398 8.001110515534204
    vertex 20.466803527396465 5.089853141602439 8.001110515534183
  endloop
endfacet
facet normal 7.476802509444012e-06 -7.504672617858895e-08 -0.9999999999720459
  outer loop
    vertex 25.229943248203917 5.089844997532398 8.001110515534204
    vertex 20.466813059065583 10.664543874165586 8.001110518081779
    vertex 25.229946022080856 6.089853145970948 8.001110516119748
  endloop
endfacet
facet normal 7.476802509444012e-06 -7.504672617858895e-08 -0.9999999999720459
  outer loop
    vertex 25.229946022080856 6.089853145970948 8.001110516119748
    vertex 20.466813059065583 10.664543874165586 8.001110518081779
    vertex 26.528963122443884 10.664563432222149 8.00110805254653
  endloop
endfacet
facet normal 7.476802509444012e-06 -7.504672617858895e-08 -0.9999999999720459
  outer loop
    vertex 25.229946022080856 6.089853145970948 8.001110516119748
    vertex 26.528963122443884 10.664563432222149 8.00110805254653
    vertex 26.528840693192237 7.089846883677628 8.001132252485935
  endloop
endfacet
facet normal 7.476802509444012e-06 -7.504672617858895e-08 -0.9999999999720459
  outer loop
    vertex 32.851595696040285 9.090102936896352 8.001195297310195
    vertex 30.709126929808214 7.090016172047962 8.00117393181479
    vertex 30.709045938155242 9.090016170408049 8.001173935128069
  endloop
endfacet
facet normal 7.476802509444012e-06 -7.504672617858895e-08 -0.9999999999720459
  outer loop
    vertex 26.528840693192237 7.089846883677628 8.001132252485935
    vertex 32.851662055137275 6.090102938643325 8.001195293539922
    vertex 25.229946022080856 6.089853145970948 8.001110516119748
  endloop
endfacet
facet normal 7.476802509444012e-06 -7.504672617858895e-08 -0.9999999999720459
  outer loop
    vertex 32.851662055137275 6.090102938643325 8.001195293539922
    vertex 26.528840693192237 7.089846883677628 8.001132252485935
    vertex 30.709126929808214 7.090016172047962 8.00117393181479
  endloop
endfacet
facet normal 7.476802509444012e-06 -7.504672617858895e-08 -0.9999999999720459
  outer loop
    vertex 32.851662055137275 6.090102938643325 8.001195293539922
    vertex 30.709126929808214 7.090016172047962 8.00117393181479
    vertex 32.851595696040285 9.090102936896352 8.001195297310195
  endloop
endfacet
facet normal -0.9999999987013175 1.7098113053243797e-06 -5.093566109762073e-05
  outer loop
    vertex 30.709141029231233 14.336060317927942 4.001537549236568
    vertex 30.70918683547076 11.33606030249641 3.001537307546526
    vertex 30.70913589980966 11.33606030249641 4.001537306249306
  endloop
endfacet
facet normal -0.9999999987013175 1.7098113053243797e-06 -5.093566109762073e-05
  outer loop
    vertex 30.70918683547076 11.33606030249641 3.001537307546526
    vertex 30.709141029231233 14.336060317927942 4.001537549236568
    vertex 30.709191964892327 14.336060317927942 3.0015375505337882
  endloop
endfacet
facet normal -0.9670174530198471 -0.2547101158746679 -4.925567332631972e-05
  outer loop
    vertex 0.041446456112684514 5.187028641430785 2.000002108508207
    vertex 0.14064463638939023 4.810805419167333 7.158638663340432e-06
    vertex 0.14054276506718075 4.810805419167333 2.00000715604422
  endloop
endfacet
facet normal -0.9670174530198471 -0.2547101158746679 -4.925567332631972e-05
  outer loop
    vertex 0.14064463638939023 4.810805419167333 7.158638663340432e-06
    vertex 0.041446456112684514 5.187028641430785 2.000002108508207
    vertex 0.041548327434894006 5.187028641430785 2.1111026503151107e-06
  endloop
endfacet
facet normal -0.945059117421513 0.3268994681263335 -4.813721098456775e-05
  outer loop
    vertex 0.3924971819144789 10.238582147607698 2.000019989509017
    vertex 0.21085674625061177 9.713169164624093 1.0734938912104751e-05
    vertex 0.21075487492842482 9.713169164624093 2.0000107323444687
  endloop
endfacet
facet normal -0.945059117421513 0.3268994681263335 -4.813721098456775e-05
  outer loop
    vertex 0.21085674625061177 9.713169164624093 1.0734938912104751e-05
    vertex 0.3924971819144789 10.238582147607698 2.000019989509017
    vertex 0.39259905323667715 10.238582147607698 1.9992103460064745e-05
  endloop
endfacet
facet normal -0.10653102761082826 -0.994309378476708 -5.426228325798177e-06
  outer loop
    vertex 2.5001018680791587 3.073869930224286 0.00012733915276750274
    vertex 2.1131587084652543 3.115316386390741 2.000107632541532
    vertex 2.1132605797874526 3.115316386390741 0.00010763513597786822
  endloop
endfacet
facet normal -0.10653102761082826 -0.994309378476708 -5.426228325798177e-06
  outer loop
    vertex 2.1131587084652543 3.115316386390741 2.000107632541532
    vertex 2.5001018680791587 3.073869930224286 0.00012733915276750274
    vertex 2.499999996756961 3.073869930224286 2.0001273365583243
  endloop
endfacet
facet normal -3.7844738083876347e-06 0.9999999999555542 8.635368630403163e-06
  outer loop
    vertex 14.913342241739546 12.16454609516294 6.7624405218282915
    vertex 23.859079451073658 12.164670198772873 2.0016766091999827
    vertex 11.063392953201259 12.164552680482805 2.0005842306235238
  endloop
endfacet
facet normal -3.7844738083876347e-06 0.9999999999555542 8.635368630403163e-06
  outer loop
    vertex 23.859079451073658 12.164670198772873 2.0016766091999827
    vertex 14.913342241739546 12.16454609516294 6.7624405218282915
    vertex 24.12717797161386 12.164618952012779 3.0016281490285124
  endloop
endfacet
facet normal -3.7844738083876347e-06 0.9999999999555542 8.635368630403163e-06
  outer loop
    vertex 24.12717797161386 12.164618952012779 3.0016281490285124
    vertex 14.913342241739546 12.16454609516294 6.7624405218282915
    vertex 24.859350127824694 12.164617699802072 3.7335666840558193
  endloop
endfacet
facet normal -3.7844738083876347e-06 0.9999999999555542 8.635368630403163e-06
  outer loop
    vertex 24.859350127824694 12.164617699802072 3.7335666840558193
    vertex 14.913342241739546 12.16454609516294 6.7624405218282915
    vertex 25.859147889456956 12.164615990214187 4.001379529105251
  endloop
endfacet
facet normal -3.7844738083876347e-06 0.9999999999555542 8.635368630403163e-06
  outer loop
    vertex 25.859147889456956 12.164615990214187 4.001379529105251
    vertex 14.913342241739546 12.16454609516294 6.7624405218282915
    vertex 26.529091248649323 12.16461484375163 4.001398228059549
  endloop
endfacet
facet normal -3.7844738083876347e-06 0.9999999999555542 8.635368630403163e-06
  outer loop
    vertex 26.529091248649323 12.16461484375163 4.001398228059549
    vertex 14.913342241739546 12.16454609516294 6.7624405218282915
    vertex 26.52899345025228 12.164526233339881 9.501110518767295
  endloop
endfacet
facet normal -3.7844738083876347e-06 0.9999999999555542 8.635368630403163e-06
  outer loop
    vertex 26.52899345025228 12.164526233339881 9.501110518767295
    vertex 14.913342241739546 12.16454609516294 6.7624405218282915
    vertex 15.517068155471478 12.164545062590957 7.450857987073084
  endloop
endfacet
facet normal -3.7844738083876347e-06 0.9999999999555542 8.635368630403163e-06
  outer loop
    vertex 26.52899345025228 12.164526233339881 9.501110518767295
    vertex 15.517068155471478 12.164545062590957 7.450857987073084
    vertex 16.20548562071525 12.164543885251108 8.054583900805897
  endloop
endfacet
facet normal -3.7844738083876347e-06 0.9999999999555542 8.635368630403163e-06
  outer loop
    vertex 26.52899345025228 12.164526233339881 9.501110518767295
    vertex 16.20548562071525 12.164543885251108 8.054583900805897
    vertex 16.966815623775187 12.164542583288004 8.563288345258325
  endloop
endfacet
facet normal -3.7844738083876347e-06 0.9999999999555542 8.635368630403163e-06
  outer loop
    vertex 26.52899345025228 12.164526233339881 9.501110518767295
    vertex 16.966815623775187 12.164542583288004 8.563288345258325
    vertex 17.788031597218353 12.164541178978592 8.968267246346269
  endloop
endfacet
facet normal -3.7844738083876347e-06 0.9999999999555542 8.635368630403163e-06
  outer loop
    vertex 26.52899345025228 12.164526233339881 9.501110518767295
    vertex 17.788031597218353 12.164541178978592 8.968267246346269
    vertex 18.655082308055068 12.164539696351 9.262591302790744
  endloop
endfacet
facet normal -3.7844738083876347e-06 0.9999999999555542 8.635368630403163e-06
  outer loop
    vertex 26.52899345025228 12.164526233339881 9.501110518767295
    vertex 18.655082308055068 12.164539696351 9.262591302790744
    vertex 19.55313227823104 12.164538160773395 9.44122454838394
  endloop
endfacet
facet normal -3.7844738083876347e-06 0.9999999999555542 8.635368630403163e-06
  outer loop
    vertex 26.52899345025228 12.164526233339881 9.501110518767295
    vertex 19.55313227823104 12.164538160773395 9.44122454838394
    vertex 20.466815623770064 12.164536598519932 9.501110518767272
  endloop
endfacet
facet normal 0.9914387658917091 8.063834738154683e-17 0.1305724836522802
  outer loop
    vertex 22.85441328897722 10.664534657501223 0.001176833377899511
    vertex 22.82884941956484 6.08985314479996 0.19528366532819402
    vertex 22.85441328897722 6.08985314479996 0.001176833377905151
  endloop
endfacet
facet normal 0.9914387658917091 8.063834738154683e-17 0.1305724836522802
  outer loop
    vertex 22.82884941956484 6.08985314479996 0.19528366532819402
    vertex 22.85441328897722 10.664534657501223 0.001176833377899511
    vertex 22.82884941956484 10.664534657501225 0.19528366532819402
  endloop
endfacet
facet normal -0.5304884132568829 -0.8476921862740463 -2.7020778068877057e-05
  outer loop
    vertex 1.3799731814323426 3.3689091838380203 7.028465750906765e-05
    vertex 1.0500722108444707 3.575298489000668 2.000053483527887
    vertex 1.0501740821666687 3.575298489000668 5.348612233306848e-05
  endloop
endfacet
facet normal -0.5304884132568829 -0.8476921862740463 -2.7020778068877057e-05
  outer loop
    vertex 1.0500722108444707 3.575298489000668 2.000053483527887
    vertex 1.3799731814323426 3.3689091838380203 7.028465750906765e-05
    vertex 1.3798713101101445 3.3689091838380203 2.0000702820630685
  endloop
endfacet
facet normal -0.4275550928756563 0.9039892931234398 -2.1777801339475036e-05
  outer loop
    vertex 3.036589733345928 13.073531369686823 2.000154668111318
    vertex 4.4814225830715655 13.756838233997065 0.00022825903335850216
    vertex 3.0366916046681265 13.073531369686826 0.00015467070576127284
  endloop
endfacet
facet normal -0.4275550928756563 0.9039892931234398 -2.1777801339475036e-05
  outer loop
    vertex 4.4814225830715655 13.756838233997065 0.00022825903335850216
    vertex 3.036589733345928 13.073531369686823 2.000154668111318
    vertex 4.4813207117493725 13.756838233997062 2.000228256438918
  endloop
endfacet
facet normal 0.257738836602254 0.0006808056506396882 0.9662143802544976
  outer loop
    vertex 32.858709420092815 3.4997942591713955 4.001653558096685
    vertex 33.858748900271976 5.09009883356081 3.7337680289827118
    vertex 32.851820315348625 5.09009883356081 4.001414313825474
  endloop
endfacet
facet normal 0.257738836602254 0.0006808056506396882 0.9662143802544976
  outer loop
    vertex 33.858748900271976 5.09009883356081 3.7337680289827118
    vertex 32.858709420092815 3.4997942591713955 4.001653558096685
    vertex 33.85878379773951 3.4998142738739992 3.7339228661062007
  endloop
endfacet
facet normal -0.13053040054383377 1.5261915317069135e-16 0.9914443073283876
  outer loop
    vertex 22.104413289950134 6.08985314479996 0.7511386316320808
    vertex 21.91029285612141 10.664534657501225 0.7255813534328793
    vertex 21.91029285612141 6.08985314479996 0.7255813534328793
  endloop
endfacet
facet normal -0.13053040054383377 1.5261915317069135e-16 0.9914443073283876
  outer loop
    vertex 21.91029285612141 10.664534657501225 0.7255813534328793
    vertex 22.104413289950134 6.08985314479996 0.7511386316320808
    vertex 22.104413289950134 10.664534657501225 0.7511386316320781
  endloop
endfacet
facet normal -0.608761428218967 -0.793353340291278 -3.100766583723737e-05
  outer loop
    vertex 4.207208647051232 2.780976711410837 0.00021429176522107517
    vertex 3.9999999948111133 2.939895334008732 2.0002037400499644
    vertex 4.000101866133312 2.939895334008732 0.00020374264440488064
  endloop
endfacet
facet normal -0.608761428218967 -0.793353340291278 -3.100766583723737e-05
  outer loop
    vertex 3.9999999948111133 2.939895334008732 2.0002037400499644
    vertex 4.207208647051232 2.780976711410837 0.00021429176522107517
    vertex 4.2071067757290335 2.780976711410837 2.0002142891707777
  endloop
endfacet
facet normal -0.8314687347885987 1.0993931366415918e-06 0.5555715463086984
  outer loop
    vertex 14.913342241739546 12.16454609516294 6.7624405218282915
    vertex 14.404625700914258 5.08986350769648 6.0011105155341635
    vertex 14.913330145365935 5.089862637559958 6.762440518595211
  endloop
endfacet
facet normal -0.8314687347885987 1.0993931366415918e-06 0.5555715463086984
  outer loop
    vertex 14.404625700914258 5.08986350769648 6.0011105155341635
    vertex 14.913342241739546 12.16454609516294 6.7624405218282915
    vertex 14.404625666609945 6.089872796992906 6.001106541424889
  endloop
endfacet
facet normal -0.8314687347885987 1.0993931366415918e-06 0.5555715463086984
  outer loop
    vertex 14.404625666609945 6.089872796992906 6.001106541424889
    vertex 14.913342241739546 12.16454609516294 6.7624405218282915
    vertex 14.404632381556675 10.664553029897332 6.001113085048746
  endloop
endfacet
facet normal -0.991927163330203 0.126808911733266 -5.0524465890374036e-05
  outer loop
    vertex 0.08396239298292274 9.171862656809513 2.0000042740855544
    vertex 0.013563861545552846 8.620393018370669 6.856953683076483e-07
    vertex 0.013461990223354635 8.620393018370669 2.000000683100928
  endloop
endfacet
facet normal -0.991927163330203 0.126808911733266 -5.0524465890374036e-05
  outer loop
    vertex 0.013563861545552846 8.620393018370669 6.856953683076483e-07
    vertex 0.08396239298292274 9.171862656809513 2.0000042740855544
    vertex 0.08406426430512094 9.171862656809513 4.276680000336874e-06
  endloop
endfacet
facet normal -3.680880770143916e-06 -8.76928268904558e-10 -0.9999999999932256
  outer loop
    vertex 26.528912186782822 11.336089687063756 3.0013146830188733
    vertex 25.859148949085622 10.664534656537498 3.001317148926404
    vertex 25.85909009862908 11.336060909143972 3.0013171485541403
  endloop
endfacet
facet normal -0.39710680212567334 -0.9177724049547328 -2.022689751883851e-05
  outer loop
    vertex 1.7370373580120475 3.2144126954738166 8.84719574184789e-05
    vertex 1.3798713101101445 3.3689091838380203 2.0000702820630685
    vertex 1.3799731814323426 3.3689091838380203 7.028465750906765e-05
  endloop
endfacet
facet normal -0.39710680212567334 -0.9177724049547328 -2.022689751883851e-05
  outer loop
    vertex 1.3798713101101445 3.3689091838380203 2.0000702820630685
    vertex 1.7370373580120475 3.2144126954738166 8.84719574184789e-05
    vertex 1.7369354866898494 3.2144126954738166 2.000088469362978
  endloop
endfacet
facet normal -0.9177724037641686 -0.39710680264083376 -4.674734418344905e-05
  outer loop
    vertex 0.14054276506718075 4.810805419167333 2.00000715604422
    vertex 0.2951411245531732 4.453741242124449 1.5028019431428952e-05
    vertex 0.2950392532309863 4.453741242124449 2.000015025424991
  endloop
endfacet
facet normal -0.9177724037641686 -0.39710680264083376 -4.674734418344905e-05
  outer loop
    vertex 0.2951411245531732 4.453741242124449 1.5028019431428952e-05
    vertex 0.14054276506718075 4.810805419167333 2.00000715604422
    vertex 0.14064463638939023 4.810805419167333 7.158638663340432e-06
  endloop
endfacet
facet normal 1.20225201130402e-06 -1.1905407496961344e-05 0.9999999999284079
  outer loop
    vertex 20.466803527396454 5.08985314091695 9.50111051553419
    vertex 26.5289191947226 7.089846883543406 9.501110516448199
    vertex 20.466815623770064 12.164536598519932 9.501110518767272
  endloop
endfacet
facet normal 1.20225201130402e-06 -1.1905407496961344e-05 0.9999999999284079
  outer loop
    vertex 26.5289191947226 7.089846883543406 9.501110516448199
    vertex 20.466803527396454 5.08985314091695 9.50111051553419
    vertex 33.05876170033449 5.090094520125947 9.500910688906918
  endloop
endfacet
facet normal 1.20225201130402e-06 -1.1905407496961344e-05 0.9999999999284079
  outer loop
    vertex 26.5289191947226 7.089846883543406 9.501110516448199
    vertex 33.05876170033449 5.090094520125947 9.500910688906918
    vertex 30.709126929808274 7.090016170391316 9.501152194994356
  endloop
endfacet
facet normal 1.20225201130402e-06 -1.1905407496961344e-05 0.9999999999284079
  outer loop
    vertex 30.709126929808274 7.090016170391316 9.501152194994356
    vertex 33.05876170033449 5.090094520125947 9.500910688906918
    vertex 33.05874004643498 9.090095051158126 9.501173560987851
  endloop
endfacet
facet normal 1.20225201130402e-06 -1.1905407496961344e-05 0.9999999999284079
  outer loop
    vertex 33.05874004643498 9.090095051158126 9.501173560987851
    vertex 30.70904593815531 9.090016168751406 9.501152198307636
    vertex 30.709126929808274 7.090016170391316 9.501152194994356
  endloop
endfacet
facet normal 1.20225201130402e-06 -1.1905407496961344e-05 0.9999999999284079
  outer loop
    vertex 26.52899345025228 12.164526233339881 9.501110518767295
    vertex 20.466815623770064 12.164536598519932 9.501110518767272
    vertex 26.5289191947226 7.089846883543406 9.501110516448199
  endloop
endfacet
facet normal -0.9736467637796175 0.22806134464651884 -4.959334165293278e-05
  outer loop
    vertex 0.21075487492842482 9.713169164624093 2.0000107323444687
    vertex 0.08406426430512094 9.171862656809513 4.276680000336874e-06
    vertex 0.08396239298292274 9.171862656809513 2.0000042740855544
  endloop
endfacet
facet normal -0.9736467637796175 0.22806134464651884 -4.959334165293278e-05
  outer loop
    vertex 0.08406426430512094 9.171862656809513 4.276680000336874e-06
    vertex 0.21075487492842482 9.713169164624093 2.0000107323444687
    vertex 0.21085674625061177 9.713169164624093 1.0734938912104751e-05
  endloop
endfacet
facet normal 0.6087445913812484 -1.8342849452468204e-19 0.7933662599733349
  outer loop
    vertex 22.63472986931129 6.08985314479996 0.5314822237067716
    vertex 22.479402262001962 10.664534657501223 0.6506640513344311
    vertex 22.479402262001962 6.08985314479996 0.6506640513344311
  endloop
endfacet
facet normal 0.6087445913812484 -1.8342849452468204e-19 0.7933662599733349
  outer loop
    vertex 22.479402262001962 10.664534657501223 0.6506640513344311
    vertex 22.63472986931129 6.08985314479996 0.5314822237067716
    vertex 22.63472986931129 10.664534657501225 0.5314822237067716
  endloop
endfacet
facet normal 1.742281716055147e-06 0.9999999998218551 1.8795062576527323e-05
  outer loop
    vertex 25.859191969951098 2.5000155846803818 1.0013171511486063
    vertex 32.85924289653183 2.500015584310467 0.0016737020735455798
    vertex 25.85924290561219 2.5000155843104785 0.0013171524458264637
  endloop
endfacet
facet normal 1.742281716055147e-06 0.9999999998218551 1.8795062576527323e-05
  outer loop
    vertex 32.85924289653183 2.500015584310467 0.0016737020735455798
    vertex 25.859191969951098 2.5000155846803818 1.0013171511486063
    vertex 32.859122440760025 2.499959502299713 2.0014394734085696
  endloop
endfacet
facet normal 1.742281716055147e-06 0.9999999998218551 1.8795062576527323e-05
  outer loop
    vertex 32.859122440760025 2.499959502299713 2.0014394734085696
    vertex 25.859191969951098 2.5000155846803818 1.0013171511486063
    vertex 25.85917338552195 2.4999714704344935 3.0016736941438564
  endloop
endfacet
facet normal 1.742281716055147e-06 0.9999999998218551 1.8795062576527323e-05
  outer loop
    vertex 32.859122440760025 2.499959502299713 2.0014394734085696
    vertex 25.85917338552195 2.4999714704344935 3.0016736941438564
    vertex 32.859074981482635 2.499959501923758 3.0016736941438844
  endloop
endfacet
facet normal -0.7933533392620943 -0.6087614290087032 -4.0409976871678586e-05
  outer loop
    vertex 4.2071067757290335 2.780976711410837 2.0002142891707777
    vertex 4.366127269442965 2.5738699302242867 0.000222386390324103
    vertex 4.366025398120767 2.5738699302242867 2.0002223837958835
  endloop
endfacet
facet normal -0.7933533392620943 -0.6087614290087032 -4.0409976871678586e-05
  outer loop
    vertex 4.366127269442965 2.5738699302242867 0.000222386390324103
    vertex 4.2071067757290335 2.780976711410837 2.0002142891707777
    vertex 4.207208647051232 2.780976711410837 0.00021429176522107517
  endloop
endfacet
facet normal -0.9518841487521081 -0.30645809665220836 -4.8484848467856485e-05
  outer loop
    vertex 4.366025398120767 2.5738699302242867 2.0002223837958835
    vertex 4.4814225830715655 2.215753166620708 0.00022825903335850216
    vertex 4.481320711749367 2.215753166620708 2.000228256438918
  endloop
endfacet
facet normal -0.9518841487521081 -0.30645809665220836 -4.8484848467856485e-05
  outer loop
    vertex 4.4814225830715655 2.215753166620708 0.00022825903335850216
    vertex 4.366025398120767 2.5738699302242867 2.0002223837958835
    vertex 4.366127269442965 2.5738699302242867 0.000222386390324103
  endloop
endfacet
facet normal -0.3826951969377745 -2.6485741379501504e-19 0.923874659377969
  outer loop
    vertex 21.91029285612141 6.08985314479996 0.7255813534328793
    vertex 21.729402262110064 10.664534657501225 0.6506513174191492
    vertex 21.729402262110064 6.08985314479996 0.6506513174191492
  endloop
endfacet
facet normal -0.3826951969377745 -2.6485741379501504e-19 0.923874659377969
  outer loop
    vertex 21.729402262110064 10.664534657501225 0.6506513174191492
    vertex 21.91029285612141 6.08985314479996 0.7255813534328793
    vertex 21.91029285612141 10.664534657501225 0.7255813534328793
  endloop
endfacet
facet normal -0.7661372985399474 -0.6426769314851072 -3.9023050677728224e-05
  outer loop
    vertex 0.5014285581258949 4.123942142430924 2.0000255380006857
    vertex 0.7551271235121987 3.8288951833937057 3.845771041870449e-05
    vertex 0.7550252521900005 3.8288951833937057 2.0000384551159756
  endloop
endfacet
facet normal -0.7661372985399474 -0.6426769314851072 -3.9023050677728224e-05
  outer loop
    vertex 0.7551271235121987 3.8288951833937057 3.845771041870449e-05
    vertex 0.5014285581258949 4.123942142430924 2.0000255380006857
    vertex 0.5015304294480819 4.123942142430924 2.554059512887008e-05
  endloop
endfacet
facet normal -0.7661372985399474 -0.6426769314851072 -3.9023050677728224e-05
  outer loop
    vertex 0.5015304294480819 4.123942142430924 2.554059512887008e-05
    vertex 0.5014285581258949 4.123942142430924 2.0000255380006857
    vertex 0.4720950048813245 4.170815595761235 2.000024043876768
  endloop
endfacet
facet normal -0.7661372985399474 -0.6426769314851072 -3.9023050677728224e-05
  outer loop
    vertex 0.5015304294480819 4.123942142430924 2.554059512887008e-05
    vertex 0.4720950048813245 4.170815595761235 2.000024043876768
    vertex 0.4721968762035227 4.170815595761235 2.404647120817227e-05
  endloop
endfacet
facet normal -0.9999999987027793 -2.5087307866031513e-09 -5.093566109754111e-05
  outer loop
    vertex 4.499999994162537 1.0000252030966204 2.0002820978846727
    vertex 4.500101865484735 2.5204309546200675e-05 0.0003313534136932139
    vertex 4.500050929823636 2.5204309546200675e-05 1.000331352116473
  endloop
endfacet
facet normal -0.9999999987027793 -2.5087307866031513e-09 -5.093566109754111e-05
  outer loop
    vertex 4.500101865484735 2.5204309546200675e-05 0.0003313534136932139
    vertex 4.499999994162537 1.0000252030966204 2.0002820978846727
    vertex 4.50010186548473 2.0738699302242876 0.0002292104749572532
  endloop
endfacet
facet normal -0.9999999987027793 -2.5087307866031513e-09 -5.093566109754111e-05
  outer loop
    vertex 4.50010186548473 2.0738699302242876 0.0002292104749572532
    vertex 4.499999994162537 1.0000252030966204 2.0002820978846727
    vertex 4.499999994162537 2.0738699302242876 2.000229207880517
  endloop
endfacet
facet normal 0.9238649126619257 -3.971437236365639e-19 0.38271872589693423
  outer loop
    vertex 22.82884941956484 10.664534657501225 0.19528366532819402
    vertex 22.75391960849871 6.08985314479996 0.37616068720412177
    vertex 22.82884941956484 6.08985314479996 0.19528366532819402
  endloop
endfacet
facet normal 0.9238649126619257 -3.971437236365639e-19 0.38271872589693423
  outer loop
    vertex 22.75391960849871 6.08985314479996 0.37616068720412177
    vertex 22.82884941956484 10.664534657501225 0.19528366532819402
    vertex 22.75391960849871 10.664534657501225 0.37616068720412177
  endloop
endfacet
facet normal -7.755362176135173e-07 -0.9999999999996858 1.64284170327846e-07
  outer loop
    vertex 32.85924289653183 14.33606090914397 0.0016737020735455798
    vertex 25.859095228073155 14.336066892734966 3.001317149925129
    vertex 25.85924290561237 14.336060909143965 0.0013171524457616045
  endloop
endfacet
facet normal -7.755362176135173e-07 -0.9999999999996858 1.64284170327846e-07
  outer loop
    vertex 25.859095228073155 14.336066892734966 3.001317149925129
    vertex 32.85924289653183 14.33606090914397 0.0016737020735455798
    vertex 30.709191964892327 14.336060317927942 3.0015375505337882
  endloop
endfacet
facet normal -7.755362176135173e-07 -0.9999999999996858 1.64284170327846e-07
  outer loop
    vertex 30.709191964892327 14.336060317927942 3.0015375505337882
    vertex 32.85924289653183 14.33606090914397 0.0016737020735455798
    vertex 32.85909521897437 14.336056222759824 3.0016736995529016
  endloop
endfacet
facet normal -7.755362176135173e-07 -0.9999999999996858 1.64284170327846e-07
  outer loop
    vertex 25.859095228073155 14.336066892734966 3.001317149925129
    vertex 30.709191964892327 14.336060317927942 3.0015375505337882
    vertex 28.00919196543662 14.336062654807963 3.0014916176229987
  endloop
endfacet
facet normal -7.755362176135173e-07 -0.9999999999996858 1.64284170327846e-07
  outer loop
    vertex 30.709191964892327 14.336060317927942 3.0015375505337882
    vertex 28.009141029775527 14.336062654807955 4.0014916163257785
    vertex 28.00919196543662 14.336062654807963 3.0014916176229987
  endloop
endfacet
facet normal -7.755362176135173e-07 -0.9999999999996858 1.64284170327846e-07
  outer loop
    vertex 28.009141029775527 14.336062654807955 4.0014916163257785
    vertex 30.709191964892327 14.336060317927942 3.0015375505337882
    vertex 30.709141029231233 14.336060317927942 4.001537549236568
  endloop
endfacet
facet normal 0.3826716677303461 -1.4206966097901294e-16 0.9238844054947977
  outer loop
    vertex 22.479402262001962 6.08985314479996 0.6506640513344311
    vertex 22.2985214237612 10.664534657501225 0.7255846492126731
    vertex 22.2985214237612 6.08985314479996 0.7255846492126731
  endloop
endfacet
facet normal 0.3826716677303461 -1.4206966097901294e-16 0.9238844054947977
  outer loop
    vertex 22.2985214237612 10.664534657501225 0.7255846492126731
    vertex 22.479402262001962 6.08985314479996 0.6506640513344311
    vertex 22.479402262001962 10.664534657501223 0.6506640513344311
  endloop
endfacet
facet normal -0.9914509546945101 6.018367194770029e-17 0.13047990050327593
  outer loop
    vertex 21.379960681436465 10.664534657501225 0.19522216524001107
    vertex 21.354413290923045 6.08985314479996 0.0011004298862508533
    vertex 21.379960681436465 6.08985314479996 0.19522216524001107
  endloop
endfacet
facet normal -0.9914509546945101 6.018367194770029e-17 0.13047990050327593
  outer loop
    vertex 21.354413290923045 6.08985314479996 0.0011004298862508533
    vertex 21.379960681436465 10.664534657501225 0.19522216524001107
    vertex 21.354413290923045 10.664534657501225 0.0011004298862452133
  endloop
endfacet
facet normal -0.8010042815094346 0.5986586166914668 -4.0799682673556296e-05
  outer loop
    vertex 1.2454029886113334 11.665030680822063 2.0000634328302054
    vertex 0.9126759363558894 11.219706106758618 4.648256336112766e-05
    vertex 0.9125740650337025 11.219706106758618 2.0000464799689177
  endloop
endfacet
facet normal -0.8010042815094346 0.5986586166914668 -4.0799682673556296e-05
  outer loop
    vertex 0.9126759363558894 11.219706106758618 4.648256336112766e-05
    vertex 1.2454029886113334 11.665030680822063 2.0000634328302054
    vertex 1.2455048599335317 11.665030680822063 6.343542464606333e-05
  endloop
endfacet
facet normal -0.9238941510123607 -5.894135660896232e-17 0.3826481382747724
  outer loop
    vertex 21.454881503571002 10.664534657501225 0.3761165756276333
    vertex 21.379960681436465 6.08985314479996 0.19522216524001107
    vertex 21.454881503571002 6.08985314479996 0.3761165756276333
  endloop
endfacet
facet normal -0.9238941510123607 -5.894135660896232e-17 0.3826481382747724
  outer loop
    vertex 21.379960681436465 6.08985314479996 0.19522216524001107
    vertex 21.454881503571002 10.664534657501225 0.3761165756276333
    vertex 21.379960681436465 10.664534657501225 0.19522216524001107
  endloop
endfacet
facet normal -0.13052619205069413 -0.9914448613738152 -6.648437891271621e-06
  outer loop
    vertex 3.7589209115487163 3.0397957565133598 0.00019145793302748347
    vertex 3.4999999954597176 3.073869930224286 2.000178272219412
    vertex 3.5001018667819106 3.073869930224286 0.00017827481385532804
  endloop
endfacet
facet normal -0.13052619205069413 -0.9914448613738152 -6.648437891271621e-06
  outer loop
    vertex 3.4999999954597176 3.073869930224286 2.000178272219412
    vertex 3.7589209115487163 3.0397957565133598 0.00019145793302748347
    vertex 3.758819040226524 3.0397957565133598 2.000191455338581
  endloop
endfacet
facet normal -0.8476921851744342 -0.5304884139449922 -4.317776191509258e-05
  outer loop
    vertex 0.2950392532309863 4.453741242124449 2.000015025424991
    vertex 0.4721968762035227 4.170815595761235 2.404647120817227e-05
    vertex 0.4720950048813245 4.170815595761235 2.000024043876768
  endloop
endfacet
facet normal -0.8476921851744342 -0.5304884139449922 -4.317776191509258e-05
  outer loop
    vertex 0.4721968762035227 4.170815595761235 2.404647120817227e-05
    vertex 0.2950392532309863 4.453741242124449 2.000015025424991
    vertex 0.2951411245531732 4.453741242124449 1.5028019431428952e-05
  endloop
endfacet
facet normal 0.9999999989971431 5.1300828434016824e-06 4.4490405577447104e-05
  outer loop
    vertex 25.859242905612355 10.664534657501225 0.0013171524458151839
    vertex 25.85909009862908 11.336060909143972 3.0013171485541403
    vertex 25.859148949085622 10.664534656537498 3.001317148926404
  endloop
endfacet
facet normal 0.9999999989971431 5.1300828434016824e-06 4.4490405577447104e-05
  outer loop
    vertex 25.85909009862908 11.336060909143972 3.0013171485541403
    vertex 25.859242905612355 10.664534657501225 0.0013171524458151839
    vertex 25.85924290561237 14.336060909143965 0.0013171524457616045
  endloop
endfacet
facet normal 0.9999999989971431 5.1300828434016824e-06 4.4490405577447104e-05
  outer loop
    vertex 25.85909009862908 11.336060909143972 3.0013171485541403
    vertex 25.85924290561237 14.336060909143965 0.0013171524457616045
    vertex 25.859095228073155 14.336066892734966 3.001317149925129
  endloop
endfacet
facet normal 0.1305219838939204 -2.2030660415879553e-20 0.9914454154013702
  outer loop
    vertex 22.2985214237612 6.08985314479996 0.7255846492126731
    vertex 22.104413289950134 10.664534657501225 0.7511386316320781
    vertex 22.104413289950134 6.08985314479996 0.7511386316320808
  endloop
endfacet
facet normal 0.1305219838939204 -2.2030660415879553e-20 0.9914454154013702
  outer loop
    vertex 22.104413289950134 10.664534657501225 0.7511386316320781
    vertex 22.2985214237612 6.08985314479996 0.7255846492126731
    vertex 22.2985214237612 10.664534657501225 0.7255846492126731
  endloop
endfacet
facet normal -0.6087782663619912 -9.71350059636104e-19 0.7933404202517911
  outer loop
    vertex 21.729402262110064 6.08985314479996 0.6506513174191492
    vertex 21.574069697875444 10.664534657501225 0.5314552109932317
    vertex 21.574069697875444 6.08985314479996 0.5314552109932317
  endloop
endfacet
facet normal -0.6087782663619912 -9.71350059636104e-19 0.7933404202517911
  outer loop
    vertex 21.574069697875444 10.664534657501225 0.5314552109932317
    vertex 21.729402262110064 6.08985314479996 0.6506513174191492
    vertex 21.729402262110064 10.664534657501225 0.6506513174191492
  endloop
endfacet
facet normal -0.7518398074778789 1.285202870429082e-06 0.6593458151000688
  outer loop
    vertex 15.517068155471478 12.164545062590957 7.450857987073084
    vertex 14.913330145365935 5.089862637559958 6.762440518595211
    vertex 15.517056059097868 5.089861604987977 7.450857983839998
  endloop
endfacet
facet normal -0.7518398074778789 1.285202870429082e-06 0.6593458151000688
  outer loop
    vertex 14.913330145365935 5.089862637559958 6.762440518595211
    vertex 15.517068155471478 12.164545062590957 7.450857987073084
    vertex 14.913342241739546 12.16454609516294 6.7624405218282915
  endloop
endfacet
facet normal -0.793371427746122 -5.25472460474028e-19 0.608737856253478
  outer loop
    vertex 21.574069697875444 10.664534657501225 0.5314552109932317
    vertex 21.454881503571002 6.08985314479996 0.3761165756276333
    vertex 21.574069697875444 6.08985314479996 0.5314552109932317
  endloop
endfacet
facet normal -0.793371427746122 -5.25472460474028e-19 0.608737856253478
  outer loop
    vertex 21.454881503571002 6.08985314479996 0.3761165756276333
    vertex 21.574069697875444 10.664534657501225 0.5314552109932317
    vertex 21.454881503571002 10.664534657501225 0.3761165756276333
  endloop
endfacet
facet normal -0.991444860087661 -0.13052619222025405 -5.049989945583391e-05
  outer loop
    vertex 4.481320711749367 2.215753166620708 2.000228256438918
    vertex 4.50010186548473 2.0738699302242876 0.0002292104749572532
    vertex 4.499999994162537 2.0738699302242876 2.000229207880517
  endloop
endfacet
facet normal -0.991444860087661 -0.13052619222025405 -5.049989945583391e-05
  outer loop
    vertex 4.50010186548473 2.0738699302242876 0.0002292104749572532
    vertex 4.481320711749367 2.215753166620708 2.000228256438918
    vertex 4.4814225830715655 2.215753166620708 0.00022825903335850216
  endloop
endfacet
facet normal 0.8496191614898108 0.5273967011371018 7.684632815610444e-06
  outer loop
    vertex 41.7271352931481 6.037804744310084 0.0030927615123302
    vertex 43.33960862633874 3.440174002699119 1.0301039401647833
    vertex 43.33960862633874 3.440174002699119 0.003600316543234805
  endloop
endfacet
facet normal 0.8496191614898108 0.5273967011371018 7.684632815610444e-06
  outer loop
    vertex 43.33960862633874 3.440174002699119 1.0301039401647833
    vertex 41.7271352931481 6.037804744310084 0.0030927615123302
    vertex 42.81217178860239 4.289798663099428 2.028673298471792
  endloop
endfacet
facet normal 0.8496191614898108 0.5273967011371018 7.684632815610444e-06
  outer loop
    vertex 42.81217178860239 4.289798663099428 2.028673298471792
    vertex 41.7271352931481 6.037804744310084 0.0030927615123302
    vertex 41.7271352931481 6.037804744310084 2.0257299186143287
  endloop
endfacet
facet normal 0.7895364673361009 0.6137036473302323 -2.926301331147438e-17
  outer loop
    vertex 39.8508088095974 8.45171932643189 0.0028996767702908818
    vertex 41.7271352931481 6.037804744310084 2.0257299186143287
    vertex 41.7271352931481 6.037804744310084 0.0030927615123302
  endloop
endfacet
facet normal 0.7895364673361009 0.6137036473302323 -2.926301331147438e-17
  outer loop
    vertex 41.7271352931481 6.037804744310084 2.0257299186143287
    vertex 39.8508088095974 8.45171932643189 0.0028996767702908818
    vertex 39.8508088095974 8.45171932643189 2.0206400054170794
  endloop
endfacet
facet normal 0.7207140067872673 0.6932325154092551 7.048415829869039e-18
  outer loop
    vertex 37.73133300699901 10.65521651391964 0.002543578082303743
    vertex 39.8508088095974 8.45171932643189 2.0206400054170794
    vertex 39.8508088095974 8.45171932643189 0.0028996767702908818
  endloop
endfacet
facet normal 0.7207140067872673 0.6932325154092551 7.048415829869039e-18
  outer loop
    vertex 39.8508088095974 8.45171932643189 2.0206400054170794
    vertex 37.73133300699901 10.65521651391964 0.002543578082303743
    vertex 37.73133300699901 10.65521651391964 2.0148905007581193
  endloop
endfacet
facet normal 4.276465872572142e-07 0.999999999995933 -2.8198291151892453e-06
  outer loop
    vertex 22.359161762570714 20.41152027724624 1.5942780541375752
    vertex 32.85918285409609 20.41151130075785 0.0025986775672842462
    vertex 22.35924291015265 20.411511300680086 0.0011388776319316563
  endloop
endfacet
facet normal 4.276465872572142e-07 0.999999999995933 -2.8198291151892453e-06
  outer loop
    vertex 32.85918285409609 20.41151130075785 0.0025986775672842462
    vertex 22.359161762570714 20.41152027724624 1.5942780541375752
    vertex 32.85918285409609 20.41151130075785 1.5942780541376147
  endloop
endfacet
facet normal 0.9308446515489791 0.365415153876601 1.0201202681822534e-18
  outer loop
    vertex 33.65886665594902 16.068145908205903 0.002150031697015464
    vertex 33.92154926985316 15.398998217932098 3.6700207428892577
    vertex 33.92154926985316 15.398998217932098 0.002181528652073594
  endloop
endfacet
facet normal 0.9308446515489791 0.365415153876601 1.0201202681822534e-18
  outer loop
    vertex 33.92154926985316 15.398998217932098 3.6700207428892577
    vertex 33.65886665594902 16.068145908205903 0.002150031697015464
    vertex 33.65886665594902 16.068145908205903 3.0020795422098594
  endloop
endfacet
facet normal 0.9554687838877323 0.29509219409550347 2.4239491920908442e-18
  outer loop
    vertex 33.29058840581058 17.190127095911155 0.0021023616968635084
    vertex 33.53102675725391 16.411620094200423 2.0034962788203656
    vertex 33.53102675725391 16.411620094200423 0.0021343626805428338
  endloop
endfacet
facet normal 0.9554687838877323 0.29509219409550347 2.4239491920908442e-18
  outer loop
    vertex 33.53102675725391 16.411620094200423 2.0034962788203656
    vertex 33.29058840581058 17.190127095911155 0.0021023616968635084
    vertex 33.29058840581058 17.190127095911155 2.0020723193475383
  endloop
endfacet
facet normal -0.49283379837100316 0.8701234662696198 -2.510281536380934e-05
  outer loop
    vertex 2.4914904009260175 12.76478969612329 2.0001269031164193
    vertex 3.0366916046681265 13.073531369686826 0.00015467070576127284
    vertex 2.491592272248216 12.764789696123287 0.00012690571086269032
  endloop
endfacet
facet normal -0.49283379837100316 0.8701234662696198 -2.510281536380934e-05
  outer loop
    vertex 3.0366916046681265 13.073531369686826 0.00015467070576127284
    vertex 2.4914904009260175 12.76478969612329 2.0001269031164193
    vertex 3.036589733345928 13.073531369686823 2.000154668111318
  endloop
endfacet
facet normal 0.9729449947754516 0.2310368739863757 1.4215913829560231e-18
  outer loop
    vertex 33.10233029493906 17.982921698512694 0.0020738055239850396
    vertex 33.29058840581058 17.190127095911155 2.0020723193475383
    vertex 33.29058840581058 17.190127095911155 0.0021023616968635084
  endloop
endfacet
facet normal 0.9729449947754516 0.2310368739863757 1.4215913829560231e-18
  outer loop
    vertex 33.29058840581058 17.190127095911155 2.0020723193475383
    vertex 33.10233029493906 17.982921698512694 0.0020738055239850396
    vertex 33.10233029493906 17.982921698512694 2.0020524885114925
  endloop
endfacet
facet normal 0.9861845814159724 0.16565014753209123 1.813767909840827e-18
  outer loop
    vertex 32.96736001046644 18.78645622884222 0.002048840839142096
    vertex 33.10233029493906 17.982921698512694 2.0020524885114925
    vertex 33.10233029493906 17.982921698512694 0.0020738055239850396
  endloop
endfacet
facet normal 0.9861845814159724 0.16565014753209123 1.813767909840827e-18
  outer loop
    vertex 33.10233029493906 17.982921698512694 2.0020524885114925
    vertex 32.96736001046644 18.78645622884222 0.002048840839142096
    vertex 32.96736001046644 18.78645622884222 2.002036153484278
  endloop
endfacet
facet normal 0.8952399156247038 0.4455844403390599 8.232801445782418e-19
  outer loop
    vertex 33.92154926985316 15.398998217932098 0.002181528652073594
    vertex 34.164373591844324 14.911131035304317 3.4248781808961604
    vertex 34.164373591844324 14.911131035304317 0.0022081480987953704
  endloop
endfacet
facet normal 0.8952399156247038 0.4455844403390599 8.232801445782418e-19
  outer loop
    vertex 34.164373591844324 14.911131035304317 3.4248781808961604
    vertex 33.92154926985316 15.398998217932098 0.002181528652073594
    vertex 33.92154926985316 15.398998217932098 3.6700207428892577
  endloop
endfacet
facet normal -0.7352504121498896 0.6777955665470823 -3.745046586366807e-05
  outer loop
    vertex 1.6222287162126308 12.073798878669386 2.0000826266977776
    vertex 1.2455048599335317 11.665030680822063 6.343542464606333e-05
    vertex 1.2454029886113334 11.665030680822063 2.0000634328302054
  endloop
endfacet
facet normal -0.7352504121498896 0.6777955665470823 -3.745046586366807e-05
  outer loop
    vertex 1.2455048599335317 11.665030680822063 6.343542464606333e-05
    vertex 1.6222287162126308 12.073798878669386 2.0000826266977776
    vertex 1.622330587534829 12.073798878669386 8.262929222107028e-05
  endloop
endfacet
facet normal -0.9978589598019054 0.06540255156795348 -5.090638977708104e-05
  outer loop
    vertex 22.332892923721445 20.011042451222387 2.001137538072395
    vertex 22.32424542334064 19.877552834736488 0.0011370950118108957
    vertex 22.32414355201844 19.877552834736484 2.0011370924173675
  endloop
endfacet
facet normal -0.9978589598019054 0.06540255156795348 -5.090638977708104e-05
  outer loop
    vertex 22.32424542334064 19.877552834736488 0.0011370950118108957
    vertex 22.332892923721445 20.011042451222387 2.001137538072395
    vertex 22.35924291015265 20.411511300680086 0.0011388776319316563
  endloop
endfacet
facet normal -0.9978589598019054 0.06540255156795348 -5.090638977708104e-05
  outer loop
    vertex 22.35924291015265 20.411511300680086 0.0011388776319316563
    vertex 22.332892923721445 20.011042451222387 2.001137538072395
    vertex 22.359161762570714 20.41152027724624 1.5942780541375752
  endloop
endfacet
facet normal -0.9943093771868702 -0.10653102774901206 -5.06458055281957e-05
  outer loop
    vertex 0.0 5.5738699302242924 1.9999999974055567
    vertex 0.041548327434894006 5.187028641430785 2.1111026503151107e-06
    vertex 0.041446456112684514 5.187028641430785 2.000002108508207
  endloop
endfacet
facet normal -0.9943093771868702 -0.10653102774901206 -5.06458055281957e-05
  outer loop
    vertex 0.041548327434894006 5.187028641430785 2.1111026503151107e-06
    vertex 0.0 5.5738699302242924 1.9999999974055567
    vertex 0.00010187132219821037 5.5738699302242924 0.0
  endloop
endfacet
facet normal -0.6518269341026468 -0.7583677517379164 -3.320123585276998e-05
  outer loop
    vertex 1.0501740821666687 3.575298489000668 5.348612233306848e-05
    vertex 0.7550252521900005 3.8288951833937057 2.0000384551159756
    vertex 0.7551271235121987 3.8288951833937057 3.845771041870449e-05
  endloop
endfacet
facet normal -0.6518269341026468 -0.7583677517379164 -3.320123585276998e-05
  outer loop
    vertex 0.7550252521900005 3.8288951833937057 2.0000384551159756
    vertex 1.0501740821666687 3.575298489000668 5.348612233306848e-05
    vertex 1.0500722108444707 3.575298489000668 2.000053483527887
  endloop
endfacet
facet normal -0.3214394653026968 5.491680843549368e-07 0.9469301294951042
  outer loop
    vertex 18.65507021168146 5.089856238748018 9.262591299557657
    vertex 17.788031597218353 12.164541178978592 8.968267246346269
    vertex 17.788019500844744 5.089857721375612 8.968267243113184
  endloop
endfacet
facet normal -0.3214394653026968 5.491680843549368e-07 0.9469301294951042
  outer loop
    vertex 17.788031597218353 12.164541178978592 8.968267246346269
    vertex 18.65507021168146 5.089856238748018 9.262591299557657
    vertex 18.655082308055068 12.164539696351 9.262591302790744
  endloop
endfacet
facet normal -0.5000002302293307 1.8855187170051671e-06 -0.8660252708593793
  outer loop
    vertex 14.404632381556675 10.664553029897332 6.001113085048746
    vertex 15.703663772284719 6.089870576225636 5.251106541424891
    vertex 14.404625666609945 6.089872796992906 6.001106541424889
  endloop
endfacet
facet normal -0.5000002302293307 1.8855187170051671e-06 -0.8660252708593793
  outer loop
    vertex 15.703663772284719 6.089870576225636 5.251106541424891
    vertex 14.404632381556675 10.664553029897332 6.001113085048746
    vertex 15.703673338258152 10.664552019492358 5.251110518081762
  endloop
endfacet
facet normal -0.4422886896452743 0.8968727415326792 -2.2528266832269027e-05
  outer loop
    vertex 19.833813352318437 16.632091327524392 2.001010245802123
    vertex 20.313835562519706 16.868761847809033 0.0010346934563316922
    vertex 19.83391522364063 16.632091327524392 0.001010248396563429
  endloop
endfacet
facet normal -0.4422886896452743 0.8968727415326792 -2.2528266832269027e-05
  outer loop
    vertex 20.313835562519706 16.868761847809033 0.0010346934563316922
    vertex 19.833813352318437 16.632091327524392 2.001010245802123
    vertex 20.313733691197513 16.868761847809026 2.0010346908618857
  endloop
endfacet
facet normal 0.8784127572755821 -0.4779027368132716 4.474253456638416e-05
  outer loop
    vertex 3.1196327574671807 10.664534657501223 0.000158895368208678
    vertex 2.499999996756961 9.525801195112068 2.0001273365583185
    vertex 2.5001018680791587 9.525801195112068 0.0001273391527618628
  endloop
endfacet
facet normal 0.8784127572755821 -0.4779027368132716 4.474253456638416e-05
  outer loop
    vertex 2.499999996756961 9.525801195112068 2.0001273365583185
    vertex 3.1196327574671807 10.664534657501223 0.000158895368208678
    vertex 3.1195308861449824 10.664534657501225 2.000158892773768
  endloop
endfacet
facet normal 0.8066137687008333 0.5910788679543862 -2.4670754161937923e-18
  outer loop
    vertex 34.99129581666025 13.507994128600586 0.002293865777455273
    vertex 35.47290111317036 12.85077309718607 2.0087640332377834
    vertex 35.47290111317036 12.85077309718607 0.002340732646203958
  endloop
endfacet
facet normal 0.8066137687008333 0.5910788679543862 -2.4670754161937923e-18
  outer loop
    vertex 35.47290111317036 12.85077309718607 2.0087640332377834
    vertex 34.99129581666025 13.507994128600586 0.002293865777455273
    vertex 34.99129581666025 13.507994128600586 2.00745757465028
  endloop
endfacet
facet normal -0.2547101155443242 -0.9670174542742632 -1.297382814031364e-05
  outer loop
    vertex 2.1132605797874526 3.115316386390741 0.00010763513597786822
    vertex 1.7369354866898494 3.2144126954738166 2.000088469362978
    vertex 1.7370373580120475 3.2144126954738166 8.84719574184789e-05
  endloop
endfacet
facet normal -0.2547101155443242 -0.9670174542742632 -1.297382814031364e-05
  outer loop
    vertex 1.7369354866898494 3.2144126954738166 2.000088469362978
    vertex 2.1132605797874526 3.115316386390741 0.00010763513597786822
    vertex 2.1131587084652543 3.115316386390741 2.000107632541532
  endloop
endfacet
facet normal -0.9064668596033443 0.42227695924481234 -4.617148881680124e-05
  outer loop
    vertex 0.6272653484094661 10.742539464033996 2.0000319475808057
    vertex 0.39259905323667715 10.238582147607698 1.9992103460064745e-05
    vertex 0.3924971819144789 10.238582147607698 2.000019989509017
  endloop
endfacet
facet normal -0.9064668596033443 0.42227695924481234 -4.617148881680124e-05
  outer loop
    vertex 0.39259905323667715 10.238582147607698 1.9992103460064745e-05
    vertex 0.6272653484094661 10.742539464033996 2.0000319475808057
    vertex 0.6273672197316755 10.742539464033996 3.195017524906252e-05
  endloop
endfacet
facet normal -0.19509032201584822 3.3311942178378714e-07 0.9807852804032298
  outer loop
    vertex 19.553120181857434 5.089854703170412 9.441224545150858
    vertex 18.655082308055068 12.164539696351 9.262591302790744
    vertex 18.65507021168146 5.089856238748018 9.262591299557657
  endloop
endfacet
facet normal -0.19509032201584822 3.3311942178378714e-07 0.9807852804032298
  outer loop
    vertex 18.655082308055068 12.164539696351 9.262591302790744
    vertex 19.553120181857434 5.089854703170412 9.441224545150858
    vertex 19.55313227823104 12.164538160773395 9.44122454838394
  endloop
endfacet
facet normal -5.528327129290887e-06 0.2586790636885655 0.9659633233092471
  outer loop
    vertex 25.85943278458774 14.335672103315437 4.001475292081278
    vertex 28.609241370773045 15.335731178949835 3.7337413888170587
    vertex 24.859381974526013 15.335744501447344 3.7337206634386084
  endloop
endfacet
facet normal -5.528327129290887e-06 0.2586790636885655 0.9659633233092471
  outer loop
    vertex 28.609241370773045 15.335731178949835 3.7337413888170587
    vertex 25.85943278458774 14.335672103315437 4.001475292081278
    vertex 28.009141029775527 14.336062654807955 4.0014916163257785
  endloop
endfacet
facet normal -5.528327129290887e-06 0.2586790636885655 0.9659633233092471
  outer loop
    vertex 28.609241370773045 15.335731178949835 3.7337413888170587
    vertex 28.009141029775527 14.336062654807955 4.0014916163257785
    vertex 30.709141029231233 14.336060317927942 4.001537549236568
  endloop
endfacet
facet normal -5.528327129290887e-06 0.2586790636885655 0.9659633233092471
  outer loop
    vertex 28.609241370773045 15.335731178949835 3.7337413888170587
    vertex 30.709141029231233 14.336060317927942 4.001537549236568
    vertex 30.109239615834547 15.335730387143144 3.7337496792186253
  endloop
endfacet
facet normal -5.528327129290887e-06 0.2586790636885655 0.9659633233092471
  outer loop
    vertex 30.109239615834547 15.335730387143144 3.7337496792186253
    vertex 30.709141029231233 14.336060317927942 4.001537549236568
    vertex 33.85879140820789 15.33573024041758 3.7337704027602854
  endloop
endfacet
facet normal -5.528327129290887e-06 0.2586790636885655 0.9659633233092471
  outer loop
    vertex 33.85879140820789 15.33573024041758 3.7337704027602854
    vertex 30.709141029231233 14.336060317927942 4.001537549236568
    vertex 32.85871638753198 14.33566143441134 4.001513976794306
  endloop
endfacet
facet normal 0.8710445536356745 0.4912040162515252 -8.573079513724721e-19
  outer loop
    vertex 34.164373591844324 14.911131035304317 0.0022081480987953704
    vertex 34.57915452093498 14.175606370841155 2.998405482316818
    vertex 34.57915452093498 14.175606370841155 0.002251749571950112
  endloop
endfacet
facet normal 0.8710445536356745 0.4912040162515252 -8.573079513724721e-19
  outer loop
    vertex 34.57915452093498 14.175606370841155 2.998405482316818
    vertex 34.164373591844324 14.911131035304317 0.0022081480987953704
    vertex 34.164373591844324 14.911131035304317 3.4248781808961604
  endloop
endfacet
facet normal 0.9969941743758959 0.07747655297266325 1.0063294198368258e-18
  outer loop
    vertex 32.87271799965577 20.004341250943714 0.0020188349107931767
    vertex 32.96736001046644 18.78645622884222 2.002036153484278
    vertex 32.96736001046644 18.78645622884222 0.002048840839142096
  endloop
endfacet
facet normal 0.9969941743758959 0.07747655297266325 1.0063294198368258e-18
  outer loop
    vertex 32.96736001046644 18.78645622884222 2.002036153484278
    vertex 32.87271799965577 20.004341250943714 0.0020188349107931767
    vertex 32.87271799965577 20.004341250943714 2.0017104738555416
  endloop
endfacet
facet normal -0.946930128266738 0.3214394653031329 -4.823251215901734e-05
  outer loop
    vertex 22.166326712169752 19.19535088518815 2.001129053912291
    vertex 22.047848183139372 18.846024289895247 0.0011230165356331812
    vertex 22.04774631181718 18.846024289895247 2.001123013941193
  endloop
endfacet
facet normal -0.946930128266738 0.3214394653031329 -4.823251215901734e-05
  outer loop
    vertex 22.047848183139372 18.846024289895247 0.0011230165356331812
    vertex 22.166326712169752 19.19535088518815 2.001129053912291
    vertex 22.16642858349195 19.19535088518816 0.0011290565067311187
  endloop
endfacet
facet normal -0.946930128266738 0.3214394653031329 -4.823251215901734e-05
  outer loop
    vertex 22.16642858349195 19.19535088518816 0.0011290565067311187
    vertex 22.166326712169752 19.19535088518815 2.001129053912291
    vertex 22.219749908284793 19.352730546186447 2.0011317750581066
  endloop
endfacet
facet normal -0.946930128266738 0.3214394653031329 -4.823251215901734e-05
  outer loop
    vertex 22.16642858349195 19.19535088518816 0.0011290565067311187
    vertex 22.219749908284793 19.352730546186447 2.0011317750581066
    vertex 22.21985177960699 19.352730546186447 0.0011317776525473055
  endloop
endfacet
facet normal -0.3368898529551985 0.9415440651830211 -1.7159707399581725e-05
  outer loop
    vertex 5.476205602856152 14.22738374416744 2.0002789315586127
    vertex 8.01727323642443 15.136555832742808 0.00040835992416863307
    vertex 5.47630747417835 14.22738374416744 0.0002789341530562206
  endloop
endfacet
facet normal -0.3368898529551985 0.9415440651830211 -1.7159707399581725e-05
  outer loop
    vertex 8.01727323642443 15.136555832742808 0.00040835992416863307
    vertex 5.476205602856152 14.22738374416744 2.0002789315586127
    vertex 8.017171365102232 15.136555832742808 2.0004083573297224
  endloop
endfacet
facet normal 0.8539650803593329 0.5203303196305961 -3.4304667314711565e-18
  outer loop
    vertex 34.57915452093498 14.175606370841155 0.002251749571950112
    vertex 34.859173801059455 13.716039288101426 2.0045364267030656
    vertex 34.859173801059455 13.716039288101426 0.0022804785096464998
  endloop
endfacet
facet normal 0.8539650803593329 0.5203303196305961 -3.4304667314711565e-18
  outer loop
    vertex 34.859173801059455 13.716039288101426 2.0045364267030656
    vertex 34.57915452093498 14.175606370841155 0.002251749571950112
    vertex 34.57915452093498 14.175606370841155 2.998405482316818
  endloop
endfacet
facet normal 0.8441580025785891 0.5360944568660702 -3.1947930580593623e-18
  outer loop
    vertex 34.859173801059455 13.716039288101426 0.0022804785096464998
    vertex 34.99129581666025 13.507994128600586 2.00745757465028
    vertex 34.99129581666025 13.507994128600586 0.002293865777455273
  endloop
endfacet
facet normal 0.8441580025785891 0.5360944568660702 -3.1947930580593623e-18
  outer loop
    vertex 34.99129581666025 13.507994128600586 2.00745757465028
    vertex 34.859173801059455 13.716039288101426 0.0022804785096464998
    vertex 34.859173801059455 13.716039288101426 2.0045364267030656
  endloop
endfacet
facet normal -0.896872740369269 0.44228869021895584 -4.5682806010333625e-05
  outer loop
    vertex 22.04774631181718 18.846024289895247 2.001123013941193
    vertex 21.81117766316179 18.3661039503936 0.0011109615662201254
    vertex 21.811075791839592 18.366103950393597 2.0011109589717795
  endloop
endfacet
facet normal -0.896872740369269 0.44228869021895584 -4.5682806010333625e-05
  outer loop
    vertex 21.81117766316179 18.3661039503936 0.0011109615662201254
    vertex 22.04774631181718 18.846024289895247 2.001123013941193
    vertex 22.047848183139372 18.846024289895247 0.0011230165356331812
  endloop
endfacet
facet normal 0.7210133620691227 0.692921158370691 -7.165265010950158e-18
  outer loop
    vertex 35.99715748382991 12.227043918871267 0.0023899985732972247
    vertex 36.56174261360644 11.639569546532018 2.0117177514360303
    vertex 36.56174261360644 11.639569546532018 0.0024414453239062217
  endloop
endfacet
facet normal 0.7210133620691227 0.692921158370691 -7.165265010950158e-18
  outer loop
    vertex 36.56174261360644 11.639569546532018 2.0117177514360303
    vertex 35.99715748382991 12.227043918871267 0.0023899985732972247
    vertex 35.99715748382991 12.227043918871267 2.0101861920937263
  endloop
endfacet
facet normal 0.6439193984937128 0.7650933330277393 -5.6674276426415316e-18
  outer loop
    vertex 36.56174261360644 11.639569546532018 2.0117177514360303
    vertex 37.73133300699901 10.65521651391964 0.002543578082303743
    vertex 36.56174261360644 11.639569546532018 0.0024414453239062217
  endloop
endfacet
facet normal 0.6439193984937128 0.7650933330277393 -5.6674276426415316e-18
  outer loop
    vertex 37.73133300699901 10.65521651391964 0.002543578082303743
    vertex 36.56174261360644 11.639569546532018 2.0117177514360303
    vertex 37.73133300699901 10.65521651391964 2.0148905007581193
  endloop
endfacet
facet normal 0.9337239506115059 0.35799383242514426 1.0651579075681875e-19
  outer loop
    vertex 33.53102675725391 16.411620094200423 0.0021343626805428338
    vertex 33.55998572545142 16.336088954437933 2.0027538063963113
    vertex 33.55998572545142 16.336088954437933 0.002137868664478981
  endloop
endfacet
facet normal 0.9337239506115059 0.35799383242514426 1.0651579075681875e-19
  outer loop
    vertex 33.55998572545142 16.336088954437933 2.0027538063963113
    vertex 33.53102675725391 16.411620094200423 0.0021343626805428338
    vertex 33.53102675725391 16.411620094200423 2.0034962788203656
  endloop
endfacet
facet normal 0.9381554915256355 0.34621420207769243 0.0
  outer loop
    vertex 33.55998572545142 16.336088954437933 0.002137868664478981
    vertex 33.65886665594902 16.068145908205903 3.0020795422098594
    vertex 33.65886665594902 16.068145908205903 0.002150031697015464
  endloop
endfacet
facet normal 0.9381554915256355 0.34621420207769243 0.0
  outer loop
    vertex 33.65886665594902 16.068145908205903 3.0020795422098594
    vertex 33.55998572545142 16.336088954437933 0.002137868664478981
    vertex 33.55998572545142 16.336088954437933 2.0027538063963113
  endloop
endfacet
facet normal -0.6617130141582056 0.7497572178763268 -3.370478987671751e-05
  outer loop
    vertex 1.6222287162126308 12.073798878669386 2.0000826266977776
    vertex 2.039163956023635 12.441683386885687 0.00010386097545136418
    vertex 1.622330587534829 12.073798878669386 8.262929222107028e-05
  endloop
endfacet
facet normal -0.6617130141582056 0.7497572178763268 -3.370478987671751e-05
  outer loop
    vertex 2.039163956023635 12.441683386885687 0.00010386097545136418
    vertex 1.6222287162126308 12.073798878669386 2.0000826266977776
    vertex 2.039062084701437 12.441683386885687 2.0001038583810082
  endloop
endfacet
facet normal -0.5555702322989196 0.8314696123025356 -2.829833710496278e-05
  outer loop
    vertex 20.313733691197513 16.868761847809026 2.0010346908618857
    vertex 20.758758414586737 17.166049793468 0.0010573558959707352
    vertex 20.313835562519706 16.868761847809033 0.0010346934563316922
  endloop
endfacet
facet normal -0.5555702322989196 0.8314696123025356 -2.829833710496278e-05
  outer loop
    vertex 20.758758414586737 17.166049793468 0.0010573558959707352
    vertex 20.313733691197513 16.868761847809026 2.0010346908618857
    vertex 20.758656543264536 17.166049793467998 2.0010573533015275
  endloop
endfacet
facet normal 0.7655090734239781 0.6434250993748709 1.9970307932637314e-19
  outer loop
    vertex 35.47290111317036 12.85077309718607 0.002340732646203958
    vertex 35.99715748382991 12.227043918871267 2.0101861920937263
    vertex 35.99715748382991 12.227043918871267 0.0023899985732972247
  endloop
endfacet
facet normal 0.7655090734239781 0.6434250993748709 1.9970307932637314e-19
  outer loop
    vertex 35.99715748382991 12.227043918871267 2.0101861920937263
    vertex 35.47290111317036 12.85077309718607 0.002340732646203958
    vertex 35.47290111317036 12.85077309718607 2.0087640332377834
  endloop
endfacet
facet normal 0.2586041612673946 -0.00023105154267103354 0.9659833509902601
  outer loop
    vertex 33.85874663300472 1.4999262032848124 3.7334544664507128
    vertex 32.858709420092815 3.4997942591713955 4.001653558096685
    vertex 32.85869083907197 2.4999226835110693 4.001419375239929
  endloop
endfacet
facet normal 0.2586041612673946 -0.00023105154267103354 0.9659833509902601
  outer loop
    vertex 32.858709420092815 3.4997942591713955 4.001653558096685
    vertex 33.85874663300472 1.4999262032848124 3.7334544664507128
    vertex 33.85878379773951 3.4998142738739992 3.7339228661062007
  endloop
endfacet
facet normal 0.999447942307204 0.03322364546367372 1.5887428712710064e-19
  outer loop
    vertex 32.85918285409609 20.41151130075785 0.0025986775672842462
    vertex 32.87271799965577 20.004341250943714 2.0017104738555416
    vertex 32.87271799965577 20.004341250943714 0.0020188349107931767
  endloop
endfacet
facet normal 0.999447942307204 0.03322364546367372 1.5887428712710064e-19
  outer loop
    vertex 32.87271799965577 20.004341250943714 2.0017104738555416
    vertex 32.85918285409609 20.41151130075785 0.0025986775672842462
    vertex 32.85918285409609 20.41151130075785 1.5942780541376147
  endloop
endfacet
facet normal -0.19509032176307362 0.9807852804032265 -9.937054525626615e-06
  outer loop
    vertex 18.802284808815326 16.35569408696451 2.0009577042137425
    vertex 19.327208968006776 16.460087730833624 0.0009844389784176455
    vertex 18.802386680137527 16.35569408696451 0.0009577068081858542
  endloop
endfacet
facet normal -0.19509032176307362 0.9807852804032265 -9.937054525626615e-06
  outer loop
    vertex 19.327208968006776 16.460087730833624 0.0009844389784176455
    vertex 18.802284808815326 16.35569408696451 2.0009577042137425
    vertex 19.32710709668458 16.460087730833628 2.000984436383974
  endloop
endfacet
facet normal 0.40538900623870155 -0.9141442114074653 0.0003381878494660404
  outer loop
    vertex 43.33960862633874 3.440174002699119 0.003600316543234805
    vertex 35.579791940849454 0.0 2.0044354009784446
    vertex 35.58379247397551 5.699101533980233e-05 0.0022637435205906664
  endloop
endfacet
facet normal 0.40538900623870155 -0.9141442114074653 0.0003381878494660404
  outer loop
    vertex 35.579791940849454 0.0 2.0044354009784446
    vertex 43.33960862633874 3.440174002699119 0.003600316543234805
    vertex 43.33960862633874 3.440174002699119 1.0301039401647833
  endloop
endfacet
facet normal 0.40538900623870155 -0.9141442114074653 0.0003381878494660404
  outer loop
    vertex 35.579791940849454 0.0 2.0044354009784446
    vertex 43.33960862633874 3.440174002699119 1.0301039401647833
    vertex 42.4886621332039 3.0629424121838884 2.0272892604918415
  endloop
endfacet
facet normal -0.14673047426502558 0.9891765099647802 -7.473813719538295e-06
  outer loop
    vertex 10.63501613076051 15.792291811195899 2.000541698983695
    vertex 11.969874248541533 15.990284197394187 0.0006096882700612926
    vertex 10.63511800208271 15.792291811195899 0.0005417015781383316
  endloop
endfacet
facet normal -0.14673047426502558 0.9891765099647802 -7.473813719538295e-06
  outer loop
    vertex 11.969874248541533 15.990284197394187 0.0006096882700612926
    vertex 10.63501613076051 15.792291811195899 2.000541698983695
    vertex 11.969772377219336 15.990284197394187 2.000609685675618
  endloop
endfacet
facet normal -0.04906767426376559 0.9987954562051724 -2.4992944303905473e-06
  outer loop
    vertex 13.304528623678161 16.188276583592483 2.000677672367527
    vertex 16.000101850566676 16.320696600107063 0.0008149705776026028
    vertex 13.304630495000358 16.188276583592483 0.0006776749619701538
  endloop
endfacet
facet normal -0.04906767426376559 0.9987954562051724 -2.4992944303905473e-06
  outer loop
    vertex 16.000101850566676 16.320696600107063 0.0008149705776026028
    vertex 13.304528623678161 16.188276583592483 2.000677672367527
    vertex 15.999999979244476 16.320696600107063 2.000814967983159
  endloop
endfacet
facet normal -0.2588697402220779 3.083108311318602e-05 0.9659122406548115
  outer loop
    vertex 25.859068419700293 2.4999346515444687 4.001419375239901
    vertex 25.22994324820394 5.089844999894315 3.8327277357766936
    vertex 24.859100574433597 1.499941590981196 3.733454466450679
  endloop
endfacet
facet normal -0.2588697402220779 3.083108311318602e-05 0.9659122406548115
  outer loop
    vertex 25.22994324820394 5.089844999894315 3.8327277357766936
    vertex 25.859068419700293 2.4999346515444687 4.001419375239901
    vertex 25.879462301041325 5.089843889262259 4.001331125429448
  endloop
endfacet
facet normal -0.2588697402220779 3.083108311318602e-05 0.9659122406548115
  outer loop
    vertex 24.859100574433597 1.499941590981196 3.733454466450679
    vertex 25.2299470814637 5.500020854812677 3.832715670652739
    vertex 24.85906840511986 5.500016905964516 3.7333181659558305
  endloop
endfacet
facet normal -0.2588697402220779 3.083108311318602e-05 0.9659122406548115
  outer loop
    vertex 25.2299470814637 5.500020854812677 3.832715670652739
    vertex 24.859100574433597 1.499941590981196 3.733454466450679
    vertex 25.22994324820394 5.089844999894315 3.8327277357766936
  endloop
endfacet
facet normal -0.24298017958806253 0.9700312531945446 -1.2376356096963895e-05
  outer loop
    vertex 8.017171365102232 15.136555832742808 2.0004083573297224
    vertex 10.63511800208271 15.792291811195899 0.0005417015781383316
    vertex 8.01727323642443 15.136555832742808 0.00040835992416863307
  endloop
endfacet
facet normal -0.24298017958806253 0.9700312531945446 -1.2376356096963895e-05
  outer loop
    vertex 10.63511800208271 15.792291811195899 0.0005417015781383316
    vertex 8.017171365102232 15.136555832742808 2.0004083573297224
    vertex 10.63501613076051 15.792291811195899 2.000541698983695
  endloop
endfacet
facet normal -0.7764453264457909 -0.05529426873074655 0.6277540910946111
  outer loop
    vertex 11.063392953201259 12.164552680482805 2.0005842306235238
    vertex 14.404632381556675 10.664553029897332 6.001113085048746
    vertex 14.913342241739546 12.16454609516294 6.7624405218282915
  endloop
endfacet
facet normal 6.33841670755636e-05 4.0618060936862816e-08 -0.9999999979912229
  outer loop
    vertex 30.709191964892327 14.336060317927942 3.0015375505337882
    vertex 32.85909008954852 11.336060909143972 3.001673698181924
    vertex 30.70918683547076 11.33606030249641 3.001537307546526
  endloop
endfacet
facet normal 6.33841670755636e-05 4.0618060936862816e-08 -0.9999999979912229
  outer loop
    vertex 32.85909008954852 11.336060909143972 3.001673698181924
    vertex 30.709191964892327 14.336060317927942 3.0015375505337882
    vertex 32.85909521897437 14.336056222759824 3.0016736995529016
  endloop
endfacet
facet normal -2.012332236108735e-06 0.9999999999979753 -1.1605556138960914e-08
  outer loop
    vertex 23.978129548921327 5.500016905964516 2.4452909792080186
    vertex 25.229947081463713 5.500018880807065 2.0013042256002387
    vertex 23.85916935841156 5.500016905964516 2.001232282210569
  endloop
endfacet
facet normal -2.012332236108735e-06 0.9999999999979753 -1.1605556138960914e-08
  outer loop
    vertex 25.229947081463713 5.500018880807065 2.0013042256002387
    vertex 23.978129548921327 5.500016905964516 2.4452909792080186
    vertex 25.2299470814637 5.500020854812677 3.832715670652739
  endloop
endfacet
facet normal -2.012332236108735e-06 0.9999999999979753 -1.1605556138960914e-08
  outer loop
    vertex 25.2299470814637 5.500020854812677 3.832715670652739
    vertex 23.978129548921327 5.500016905964516 2.4452909792080186
    vertex 24.127063374880272 5.500016905964516 3.0012362951222675
  endloop
endfacet
facet normal -2.012332236108735e-06 0.9999999999979753 -1.1605556138960914e-08
  outer loop
    vertex 25.2299470814637 5.500020854812677 3.832715670652739
    vertex 24.127063374880272 5.500016905964516 3.0012362951222675
    vertex 24.85906840511986 5.500016905964516 3.7333181659558305
  endloop
endfacet
facet normal -3.262698529228468e-06 0.9999999999330866 -1.1098714851889574e-05
  outer loop
    vertex 14.500023226800105 6.089853437974885 0.15054604657489173
    vertex 21.354413290923045 6.08985314479996 0.0011004298862508533
    vertex 14.13825179445494 6.08985301456091 0.0006954128187517394
  endloop
endfacet
facet normal -3.262698529228468e-06 0.9999999999330866 -1.1098714851889574e-05
  outer loop
    vertex 21.354413290923045 6.08985314479996 0.0011004298862508533
    vertex 14.500023226800105 6.089853437974885 0.15054604657489173
    vertex 21.379960681436465 6.08985314479996 0.19522216524001107
  endloop
endfacet
facet normal -3.262698529228468e-06 0.9999999999330866 -1.1098714851889574e-05
  outer loop
    vertex 21.379960681436465 6.08985314479996 0.19522216524001107
    vertex 14.500023226800105 6.089853437974885 0.15054604657489173
    vertex 14.810683398578972 6.089854055623075 0.3889239804704491
  endloop
endfacet
facet normal -3.262698529228468e-06 0.9999999999330866 -1.1098714851889574e-05
  outer loop
    vertex 21.379960681436465 6.08985314479996 0.19522216524001107
    vertex 14.810683398578972 6.089854055623075 0.3889239804704491
    vertex 21.454881503571002 6.08985314479996 0.3761165756276333
  endloop
endfacet
facet normal -3.262698529228468e-06 0.9999999999330866 -1.1098714851889574e-05
  outer loop
    vertex 21.454881503571002 6.08985314479996 0.3761165756276333
    vertex 14.810683398578972 6.089854055623075 0.3889239804704491
    vertex 21.574069697875444 6.08985314479996 0.5314552109932317
  endloop
endfacet
facet normal -3.262698529228468e-06 0.9999999999330866 -1.1098714851889574e-05
  outer loop
    vertex 21.574069697875444 6.08985314479996 0.5314552109932317
    vertex 14.810683398578972 6.089854055623075 0.3889239804704491
    vertex 15.049061332475015 6.089854825413763 0.699584152248605
  endloop
endfacet
facet normal -3.262698529228468e-06 0.9999999999330866 -1.1098714851889574e-05
  outer loop
    vertex 21.574069697875444 6.08985314479996 0.5314552109932317
    vertex 15.049061332475015 6.089854825413763 0.699584152248605
    vertex 21.729402262110064 6.08985314479996 0.6506513174191492
  endloop
endfacet
facet normal -3.262698529228468e-06 0.9999999999330866 -1.1098714851889574e-05
  outer loop
    vertex 21.729402262110064 6.08985314479996 0.6506513174191492
    vertex 15.049061332475015 6.089854825413763 0.699584152248605
    vertex 21.91029285612141 6.08985314479996 0.7255813534328793
  endloop
endfacet
facet normal -3.262698529228468e-06 0.9999999999330866 -1.1098714851889574e-05
  outer loop
    vertex 21.91029285612141 6.08985314479996 0.7255813534328793
    vertex 15.049061332475015 6.089854825413763 0.699584152248605
    vertex 15.198911966231375 6.089855694887001 1.061355584592885
  endloop
endfacet
facet normal -3.262698529228468e-06 0.9999999999330866 -1.1098714851889574e-05
  outer loop
    vertex 21.91029285612141 6.08985314479996 0.7255813534328793
    vertex 15.198911966231375 6.089855694887001 1.061355584592885
    vertex 22.104413289950134 6.08985314479996 0.7511386316320808
  endloop
endfacet
facet normal -3.262698529228468e-06 0.9999999999330866 -1.1098714851889574e-05
  outer loop
    vertex 2.499999996756966 6.08985314479996 2.0001273365583185
    vertex 13.361794659149476 6.089852850652271 0.0006954128187517394
    vertex 2.5001018680791645 6.08985314479996 0.0001273391527618628
  endloop
endfacet
facet normal -3.262698529228468e-06 0.9999999999330866 -1.1098714851889574e-05
  outer loop
    vertex 13.361794659149476 6.089852850652271 0.0006954128187517394
    vertex 2.499999996756966 6.08985314479996 2.0001273365583185
    vertex 13.000023226804164 6.089853121327718 0.15054604657489173
  endloop
endfacet
facet normal -3.262698529228468e-06 0.9999999999330866 -1.1098714851889574e-05
  outer loop
    vertex 13.000023226804164 6.089853121327718 0.15054604657489173
    vertex 2.499999996756966 6.08985314479996 2.0001273365583185
    vertex 12.689363055025066 6.089853607816351 0.3889239804704491
  endloop
endfacet
facet normal -3.262698529228468e-06 0.9999999999330866 -1.1098714851889574e-05
  outer loop
    vertex 12.689363055025066 6.089853607816351 0.3889239804704491
    vertex 2.499999996756966 6.08985314479996 2.0001273365583185
    vertex 12.450985121128719 6.089854276964782 0.699584152248605
  endloop
endfacet
facet normal -3.262698529228468e-06 0.9999999999330866 -1.1098714851889574e-05
  outer loop
    vertex 12.450985121128719 6.089854276964782 0.699584152248605
    vertex 2.499999996756966 6.08985314479996 2.0001273365583185
    vertex 12.301134487372003 6.089855083171644 1.0613555845928822
  endloop
endfacet
facet normal -3.262698529228468e-06 0.9999999999330866 -1.1098714851889574e-05
  outer loop
    vertex 12.301134487372003 6.089855083171644 1.0613555845928822
    vertex 2.499999996756966 6.08985314479996 2.0001273365583185
    vertex 12.250023226805558 6.0898559714952745 1.4495841522445823
  endloop
endfacet
facet normal -3.262698529228468e-06 0.9999999999330866 -1.1098714851889574e-05
  outer loop
    vertex 12.250023226805558 6.0898559714952745 1.4495841522445823
    vertex 2.499999996756966 6.08985314479996 2.0001273365583185
    vertex 11.063380821342053 6.089853214234509 2.000599725076147
  endloop
endfacet
facet normal -3.262698529228468e-06 0.9999999999330866 -1.1098714851889574e-05
  outer loop
    vertex 12.250023226805558 6.0898559714952745 1.4495841522445823
    vertex 11.063380821342053 6.089853214234509 2.000599725076147
    vertex 12.250023226805558 6.0898559714952745 2.19958415224056
  endloop
endfacet
facet normal -3.262698529228468e-06 0.9999999999330866 -1.1098714851889574e-05
  outer loop
    vertex 12.250023226805558 6.0898559714952745 2.19958415224056
    vertex 11.063380821342053 6.089853214234509 2.000599725076147
    vertex 14.404625666609945 6.089872796992906 6.001106541424889
  endloop
endfacet
facet normal -3.262698529228468e-06 0.9999999999330866 -1.1098714851889574e-05
  outer loop
    vertex 12.250023226805558 6.0898559714952745 2.19958415224056
    vertex 14.404625666609945 6.089872796992906 6.001106541424889
    vertex 15.250023226797442 6.089856604789614 2.19958415224056
  endloop
endfacet
facet normal -3.262698529228468e-06 0.9999999999330866 -1.1098714851889574e-05
  outer loop
    vertex 15.250023226797442 6.089856604789614 2.19958415224056
    vertex 14.404625666609945 6.089872796992906 6.001106541424889
    vertex 15.703663772284719 6.089870576225636 5.251106541424891
  endloop
endfacet
facet normal -3.262698529228468e-06 0.9999999999330866 -1.1098714851889574e-05
  outer loop
    vertex 15.250023226797442 6.089856604789614 2.19958415224056
    vertex 15.703663772255036 6.0898532142345 2.0008006730052927
    vertex 15.250101850011559 6.08985314479996 2.0007944456483697
  endloop
endfacet
facet normal -3.262698529228468e-06 0.9999999999330866 -1.1098714851889574e-05
  outer loop
    vertex 15.703663772255036 6.0898532142345 2.0008006730052927
    vertex 15.250023226797442 6.089856604789614 2.19958415224056
    vertex 15.703663772284719 6.089870576225636 5.251106541424891
  endloop
endfacet
facet normal -3.262698529228468e-06 0.9999999999330866 -1.1098714851889574e-05
  outer loop
    vertex 22.82884941956484 6.08985314479996 0.19528366532819402
    vertex 25.85924290561219 6.08985314479996 0.0013171524458264637
    vertex 22.85441328897722 6.08985314479996 0.001176833377905151
  endloop
endfacet
facet normal -3.262698529228468e-06 0.9999999999330866 -1.1098714851889574e-05
  outer loop
    vertex 25.85924290561219 6.08985314479996 0.0013171524458264637
    vertex 22.82884941956484 6.08985314479996 0.19528366532819402
    vertex 25.22994708613261 6.089853149168 2.0012917176746483
  endloop
endfacet
facet normal -3.262698529228468e-06 0.9999999999330866 -1.1098714851889574e-05
  outer loop
    vertex 25.85924290561219 6.08985314479996 0.0013171524458264637
    vertex 25.22994708613261 6.089853149168 2.0012917176746483
    vertex 25.859105244866104 6.089853143774978 3.001247052550852
  endloop
endfacet
facet normal -3.262698529228468e-06 0.9999999999330866 -1.1098714851889574e-05
  outer loop
    vertex 25.22994708613261 6.089853149168 2.0012917176746483
    vertex 22.82884941956484 6.08985314479996 0.19528366532819402
    vertex 22.75391960849871 6.08985314479996 0.37616068720412177
  endloop
endfacet
facet normal -3.262698529228468e-06 0.9999999999330866 -1.1098714851889574e-05
  outer loop
    vertex 25.22994708613261 6.089853149168 2.0012917176746483
    vertex 22.75391960849871 6.08985314479996 0.37616068720412177
    vertex 22.63472986931129 6.08985314479996 0.5314822237067716
  endloop
endfacet
facet normal -3.262698529228468e-06 0.9999999999330866 -1.1098714851889574e-05
  outer loop
    vertex 25.22994708613261 6.089853149168 2.0012917176746483
    vertex 22.63472986931129 6.08985314479996 0.5314822237067716
    vertex 22.479402262001962 6.08985314479996 0.6506640513344311
  endloop
endfacet
facet normal -3.262698529228468e-06 0.9999999999330866 -1.1098714851889574e-05
  outer loop
    vertex 25.22994708613261 6.089853149168 2.0012917176746483
    vertex 22.479402262001962 6.08985314479996 0.6506640513344311
    vertex 22.2985214237612 6.08985314479996 0.7255846492126731
  endloop
endfacet
facet normal -3.262698529228468e-06 0.9999999999330866 -1.1098714851889574e-05
  outer loop
    vertex 25.22994708613261 6.089853149168 2.0012917176746483
    vertex 22.2985214237612 6.08985314479996 0.7255846492126731
    vertex 22.104413289950134 6.08985314479996 0.7511386316320808
  endloop
endfacet
facet normal -3.262698529228468e-06 0.9999999999330866 -1.1098714851889574e-05
  outer loop
    vertex 25.22994708613261 6.089853149168 2.0012917176746483
    vertex 22.104413289950134 6.08985314479996 0.7511386316320808
    vertex 15.198911966231375 6.089855694887001 1.061355584592885
  endloop
endfacet
facet normal -3.262698529228468e-06 0.9999999999330866 -1.1098714851889574e-05
  outer loop
    vertex 25.22994708613261 6.089853149168 2.0012917176746483
    vertex 15.198911966231375 6.089855694887001 1.061355584592885
    vertex 15.250023226797442 6.089856604789614 1.4495841522445823
  endloop
endfacet
facet normal -3.262698529228468e-06 0.9999999999330866 -1.1098714851889574e-05
  outer loop
    vertex 25.22994708613261 6.089853149168 2.0012917176746483
    vertex 15.250023226797442 6.089856604789614 1.4495841522445823
    vertex 15.703663772255036 6.0898532142345 2.0008006730052927
  endloop
endfacet
facet normal -3.262698529228468e-06 0.9999999999330866 -1.1098714851889574e-05
  outer loop
    vertex 15.703663772255036 6.0898532142345 2.0008006730052927
    vertex 15.250023226797442 6.089856604789614 1.4495841522445823
    vertex 15.250101850011559 6.08985314479996 2.0007944456483697
  endloop
endfacet
facet normal -3.262698529228468e-06 0.9999999999330866 -1.1098714851889574e-05
  outer loop
    vertex 25.859105244866104 6.089853143774978 3.001247052550852
    vertex 25.22994708613261 6.089853149168 2.0012917176746483
    vertex 25.229946022080856 6.089853145970948 8.001110516119748
  endloop
endfacet
facet normal -3.262698529228468e-06 0.9999999999330866 -1.1098714851889574e-05
  outer loop
    vertex 25.859105244866104 6.089853143774978 3.001247052550852
    vertex 25.229946022080856 6.089853145970948 8.001110516119748
    vertex 26.529006666383058 6.0898468838443485 3.5605833438559236
  endloop
endfacet
facet normal -3.262698529228468e-06 0.9999999999330866 -1.1098714851889574e-05
  outer loop
    vertex 26.529006666383058 6.0898468838443485 3.5605833438559236
    vertex 25.229946022080856 6.089853145970948 8.001110516119748
    vertex 32.85184266088408 6.090102938702989 3.5606463853669106
  endloop
endfacet
facet normal -3.262698529228468e-06 0.9999999999330866 -1.1098714851889574e-05
  outer loop
    vertex 32.85184266088408 6.090102938702989 3.5606463853669106
    vertex 25.229946022080856 6.089853145970948 8.001110516119748
    vertex 32.851662055137275 6.090102938643325 8.001195293539922
  endloop
endfacet
facet normal -6.811489417595713e-05 1.7744200686462997e-05 0.9999999975227523
  outer loop
    vertex 5.315710131583293 2.5204309546200675e-05 2.000352355653144
    vertex 4.499999994162537 2.0738699302242876 2.000229207880517
    vertex 4.499999994162537 1.0000252030966204 2.0002820978846727
  endloop
endfacet
facet normal -6.811489417595713e-05 1.7744200686462997e-05 0.9999999975227523
  outer loop
    vertex 2.499999996756961 3.073869930224286 2.0001273365583243
    vertex 2.499999996756966 6.08985314479996 2.0001273365583185
    vertex 2.499999996756961 9.241416910193454 2.0001273365583185
  endloop
endfacet
facet normal -6.811489417595713e-05 1.7744200686462997e-05 0.9999999975227523
  outer loop
    vertex 2.499999996756966 6.08985314479996 2.0001273365583185
    vertex 2.499999996756961 3.073869930224286 2.0001273365583243
    vertex 3.4999999954597176 3.073869930224286 2.000178272219412
  endloop
endfacet
facet normal -6.811489417595713e-05 1.7744200686462997e-05 0.9999999975227523
  outer loop
    vertex 2.499999996756966 6.08985314479996 2.0001273365583185
    vertex 3.4999999954597176 3.073869930224286 2.000178272219412
    vertex 11.063380821342053 6.089853214234509 2.000599725076147
  endloop
endfacet
facet normal -6.811489417595713e-05 1.7744200686462997e-05 0.9999999975227523
  outer loop
    vertex 11.063380821342053 6.089853214234509 2.000599725076147
    vertex 3.4999999954597176 3.073869930224286 2.000178272219412
    vertex 3.758819040226524 3.0397957565133598 2.000191455338581
  endloop
endfacet
facet normal -6.811489417595713e-05 1.7744200686462997e-05 0.9999999975227523
  outer loop
    vertex 11.063380821342053 6.089853214234509 2.000599725076147
    vertex 3.758819040226524 3.0397957565133598 2.000191455338581
    vertex 3.9999999948111133 2.939895334008732 2.0002037400499644
  endloop
endfacet
facet normal -6.811489417595713e-05 1.7744200686462997e-05 0.9999999975227523
  outer loop
    vertex 11.063380821342053 6.089853214234509 2.000599725076147
    vertex 3.9999999948111133 2.939895334008732 2.0002037400499644
    vertex 4.2071067757290335 2.780976711410837 2.0002142891707777
  endloop
endfacet
facet normal -6.811489417595713e-05 1.7744200686462997e-05 0.9999999975227523
  outer loop
    vertex 11.063380821342053 6.089853214234509 2.000599725076147
    vertex 4.2071067757290335 2.780976711410837 2.0002142891707777
    vertex 4.366025398120767 2.5738699302242867 2.0002223837958835
  endloop
endfacet
facet normal -6.811489417595713e-05 1.7744200686462997e-05 0.9999999975227523
  outer loop
    vertex 11.063380821342053 6.089853214234509 2.000599725076147
    vertex 4.366025398120767 2.5738699302242867 2.0002223837958835
    vertex 4.481320711749367 2.215753166620708 2.000228256438918
  endloop
endfacet
facet normal -6.811489417595713e-05 1.7744200686462997e-05 0.9999999975227523
  outer loop
    vertex 11.063380821342053 6.089853214234509 2.000599725076147
    vertex 4.481320711749367 2.215753166620708 2.000228256438918
    vertex 4.499999994162537 2.0738699302242876 2.000229207880517
  endloop
endfacet
facet normal -6.811489417595713e-05 1.7744200686462997e-05 0.9999999975227523
  outer loop
    vertex 11.063380821342053 6.089853214234509 2.000599725076147
    vertex 4.499999994162537 2.0738699302242876 2.000229207880517
    vertex 5.315710131583293 2.5204309546200675e-05 2.000352355653144
  endloop
endfacet
facet normal -6.811489417595713e-05 1.7744200686462997e-05 0.9999999975227523
  outer loop
    vertex 11.063380821342053 6.089853214234509 2.000599725076147
    vertex 5.315710131583293 2.5204309546200675e-05 2.000352355653144
    vertex 8.466659813407189 2.5204309546200675e-05 2.0004334937580057
  endloop
endfacet
facet normal -6.811489417595713e-05 1.7744200686462997e-05 0.9999999975227523
  outer loop
    vertex 11.063380821342053 6.089853214234509 2.000599725076147
    vertex 8.466659813407189 2.5204309546200675e-05 2.0004334937580057
    vertex 11.063380855646365 5.089843924938085 2.000603699185421
  endloop
endfacet
facet normal -6.811489417595713e-05 1.7744200686462997e-05 0.9999999975227523
  outer loop
    vertex 11.063380855646365 5.089843924938085 2.000603699185421
    vertex 8.466659813407189 2.5204309546200675e-05 2.0004334937580057
    vertex 23.85920956962973 0.4999754841990536 2.001402656032661
  endloop
endfacet
facet normal -6.811489417595713e-05 1.7744200686462997e-05 0.9999999975227523
  outer loop
    vertex 23.85920956962973 0.4999754841990536 2.001402656032661
    vertex 8.466659813407189 2.5204309546200675e-05 2.0004334937580057
    vertex 33.09177359170931 2.320510781039786e-06 2.0028768587037056
  endloop
endfacet
facet normal -6.811489417595713e-05 1.7744200686462997e-05 0.9999999975227523
  outer loop
    vertex 11.063380855646365 5.089843924938085 2.000603699185421
    vertex 23.85920956962973 0.4999754841990536 2.001402656032661
    vertex 15.500092318342446 5.089843924938077 2.0007944431007667
  endloop
endfacet
facet normal -6.811489417595713e-05 1.7744200686462997e-05 0.9999999975227523
  outer loop
    vertex 15.500092318342446 5.089843924938077 2.0007944431007667
    vertex 23.85920956962973 0.4999754841990536 2.001402656032661
    vertex 15.703663806559346 5.089843924938077 2.00080464711457
  endloop
endfacet
facet normal -6.811489417595713e-05 1.7744200686462997e-05 0.9999999975227523
  outer loop
    vertex 15.703663806559346 5.089843924938077 2.00080464711457
    vertex 23.85920956962973 0.4999754841990536 2.001402656032661
    vertex 23.85916935841156 5.500016905964516 2.001232282210569
  endloop
endfacet
facet normal -6.811489417595713e-05 1.7744200686462997e-05 0.9999999975227523
  outer loop
    vertex 23.85920956962973 0.4999754841990536 2.001402656032661
    vertex 33.09177359170931 2.320510781039786e-06 2.0028768587037056
    vertex 33.05854329327169 0.49995997891931987 2.0020538249884328
  endloop
endfacet
facet normal -6.811489417595713e-05 1.7744200686462997e-05 0.9999999975227523
  outer loop
    vertex 15.703663806559346 5.089843924938077 2.00080464711457
    vertex 25.22994708613261 6.089853149168 2.0012917176746483
    vertex 15.703663772255036 6.0898532142345 2.0008006730052927
  endloop
endfacet
facet normal -6.811489417595713e-05 1.7744200686462997e-05 0.9999999975227523
  outer loop
    vertex 25.22994708613261 6.089853149168 2.0012917176746483
    vertex 15.703663806559346 5.089843924938077 2.00080464711457
    vertex 23.85916935841156 5.500016905964516 2.001232282210569
  endloop
endfacet
facet normal -6.811489417595713e-05 1.7744200686462997e-05 0.9999999975227523
  outer loop
    vertex 25.22994708613261 6.089853149168 2.0012917176746483
    vertex 23.85916935841156 5.500016905964516 2.001232282210569
    vertex 25.229947081463713 5.500018880807065 2.0013042256002387
  endloop
endfacet
facet normal -6.811489417595713e-05 1.7744200686462997e-05 0.9999999975227523
  outer loop
    vertex 0.041446456112684514 5.187028641430785 2.000002108508207
    vertex 0.013461990223354635 8.620393018370669 2.000000683100928
    vertex 0.0 5.5738699302242924 1.9999999974055567
  endloop
endfacet
facet normal -6.811489417595713e-05 1.7744200686462997e-05 0.9999999975227523
  outer loop
    vertex 0.013461990223354635 8.620393018370669 2.000000683100928
    vertex 0.041446456112684514 5.187028641430785 2.000002108508207
    vertex 0.08396239298292274 9.171862656809513 2.0000042740855544
  endloop
endfacet
facet normal -6.811489417595713e-05 1.7744200686462997e-05 0.9999999975227523
  outer loop
    vertex 0.08396239298292274 9.171862656809513 2.0000042740855544
    vertex 0.041446456112684514 5.187028641430785 2.000002108508207
    vertex 0.14054276506718075 4.810805419167333 2.00000715604422
  endloop
endfacet
facet normal -6.811489417595713e-05 1.7744200686462997e-05 0.9999999975227523
  outer loop
    vertex 0.08396239298292274 9.171862656809513 2.0000042740855544
    vertex 0.14054276506718075 4.810805419167333 2.00000715604422
    vertex 0.21075487492842482 9.713169164624093 2.0000107323444687
  endloop
endfacet
facet normal -6.811489417595713e-05 1.7744200686462997e-05 0.9999999975227523
  outer loop
    vertex 0.21075487492842482 9.713169164624093 2.0000107323444687
    vertex 0.14054276506718075 4.810805419167333 2.00000715604422
    vertex 0.2950392532309863 4.453741242124449 2.000015025424991
  endloop
endfacet
facet normal -6.811489417595713e-05 1.7744200686462997e-05 0.9999999975227523
  outer loop
    vertex 0.21075487492842482 9.713169164624093 2.0000107323444687
    vertex 0.2950392532309863 4.453741242124449 2.000015025424991
    vertex 0.3924971819144789 10.238582147607698 2.000019989509017
  endloop
endfacet
facet normal -6.811489417595713e-05 1.7744200686462997e-05 0.9999999975227523
  outer loop
    vertex 0.3924971819144789 10.238582147607698 2.000019989509017
    vertex 0.2950392532309863 4.453741242124449 2.000015025424991
    vertex 0.4720950048813245 4.170815595761235 2.000024043876768
  endloop
endfacet
facet normal -6.811489417595713e-05 1.7744200686462997e-05 0.9999999975227523
  outer loop
    vertex 0.3924971819144789 10.238582147607698 2.000019989509017
    vertex 0.4720950048813245 4.170815595761235 2.000024043876768
    vertex 0.6272653484094661 10.742539464033996 2.0000319475808057
  endloop
endfacet
facet normal -6.811489417595713e-05 1.7744200686462997e-05 0.9999999975227523
  outer loop
    vertex 0.6272653484094661 10.742539464033996 2.0000319475808057
    vertex 0.4720950048813245 4.170815595761235 2.000024043876768
    vertex 0.5014285581258949 4.123942142430924 2.0000255380006857
  endloop
endfacet
facet normal -6.811489417595713e-05 1.7744200686462997e-05 0.9999999975227523
  outer loop
    vertex 0.6272653484094661 10.742539464033996 2.0000319475808057
    vertex 0.5014285581258949 4.123942142430924 2.0000255380006857
    vertex 0.7550252521900005 3.8288951833937057 2.0000384551159756
  endloop
endfacet
facet normal -6.811489417595713e-05 1.7744200686462997e-05 0.9999999975227523
  outer loop
    vertex 0.6272653484094661 10.742539464033996 2.0000319475808057
    vertex 0.7550252521900005 3.8288951833937057 2.0000384551159756
    vertex 0.9125740650337025 11.219706106758618 2.0000464799689177
  endloop
endfacet
facet normal -6.811489417595713e-05 1.7744200686462997e-05 0.9999999975227523
  outer loop
    vertex 0.9125740650337025 11.219706106758618 2.0000464799689177
    vertex 0.7550252521900005 3.8288951833937057 2.0000384551159756
    vertex 1.0500722108444707 3.575298489000668 2.000053483527887
  endloop
endfacet
facet normal -6.811489417595713e-05 1.7744200686462997e-05 0.9999999975227523
  outer loop
    vertex 0.9125740650337025 11.219706106758618 2.0000464799689177
    vertex 1.0500722108444707 3.575298489000668 2.000053483527887
    vertex 1.2454029886113334 11.665030680822063 2.0000634328302054
  endloop
endfacet
facet normal -6.811489417595713e-05 1.7744200686462997e-05 0.9999999975227523
  outer loop
    vertex 1.2454029886113334 11.665030680822063 2.0000634328302054
    vertex 1.0500722108444707 3.575298489000668 2.000053483527887
    vertex 1.3798713101101445 3.3689091838380203 2.0000702820630685
  endloop
endfacet
facet normal -6.811489417595713e-05 1.7744200686462997e-05 0.9999999975227523
  outer loop
    vertex 1.2454029886113334 11.665030680822063 2.0000634328302054
    vertex 1.3798713101101445 3.3689091838380203 2.0000702820630685
    vertex 1.6222287162126308 12.073798878669386 2.0000826266977776
  endloop
endfacet
facet normal -6.811489417595713e-05 1.7744200686462997e-05 0.9999999975227523
  outer loop
    vertex 1.6222287162126308 12.073798878669386 2.0000826266977776
    vertex 1.3798713101101445 3.3689091838380203 2.0000702820630685
    vertex 1.7369354866898494 3.2144126954738166 2.000088469362978
  endloop
endfacet
facet normal -6.811489417595713e-05 1.7744200686462997e-05 0.9999999975227523
  outer loop
    vertex 1.6222287162126308 12.073798878669386 2.0000826266977776
    vertex 1.7369354866898494 3.2144126954738166 2.000088469362978
    vertex 2.039062084701437 12.441683386885687 2.0001038583810082
  endloop
endfacet
facet normal -6.811489417595713e-05 1.7744200686462997e-05 0.9999999975227523
  outer loop
    vertex 2.039062084701437 12.441683386885687 2.0001038583810082
    vertex 1.7369354866898494 3.2144126954738166 2.000088469362978
    vertex 2.1131587084652543 3.115316386390741 2.000107632541532
  endloop
endfacet
facet normal -6.811489417595713e-05 1.7744200686462997e-05 0.9999999975227523
  outer loop
    vertex 2.039062084701437 12.441683386885687 2.0001038583810082
    vertex 2.1131587084652543 3.115316386390741 2.000107632541532
    vertex 2.3348622645166928 12.65293211059396 2.00011892515873
  endloop
endfacet
facet normal -6.811489417595713e-05 1.7744200686462997e-05 0.9999999975227523
  outer loop
    vertex 2.3348622645166928 12.65293211059396 2.00011892515873
    vertex 2.1131587084652543 3.115316386390741 2.000107632541532
    vertex 2.499999996756961 3.073869930224286 2.0001273365583243
  endloop
endfacet
facet normal -6.811489417595713e-05 1.7744200686462997e-05 0.9999999975227523
  outer loop
    vertex 2.3348622645166928 12.65293211059396 2.00011892515873
    vertex 2.499999996756961 3.073869930224286 2.0001273365583243
    vertex 2.4914904009260175 12.76478969612329 2.0001269031164193
  endloop
endfacet
facet normal -6.811489417595713e-05 1.7744200686462997e-05 0.9999999975227523
  outer loop
    vertex 2.4914904009260175 12.76478969612329 2.0001269031164193
    vertex 2.499999996756961 3.073869930224286 2.0001273365583243
    vertex 2.499999996756961 9.525801195112068 2.0001273365583185
  endloop
endfacet
facet normal -6.811489417595713e-05 1.7744200686462997e-05 0.9999999975227523
  outer loop
    vertex 2.4914904009260175 12.76478969612329 2.0001269031164193
    vertex 2.499999996756961 9.525801195112068 2.0001273365583185
    vertex 3.036589733345928 13.073531369686823 2.000154668111318
  endloop
endfacet
facet normal -6.811489417595713e-05 1.7744200686462997e-05 0.9999999975227523
  outer loop
    vertex 2.499999996756961 9.525801195112068 2.0001273365583185
    vertex 2.499999996756961 3.073869930224286 2.0001273365583243
    vertex 2.499999996756961 9.241416910193454 2.0001273365583185
  endloop
endfacet
facet normal -6.811489417595713e-05 1.7744200686462997e-05 0.9999999975227523
  outer loop
    vertex 3.036589733345928 13.073531369686823 2.000154668111318
    vertex 2.499999996756961 9.525801195112068 2.0001273365583185
    vertex 3.1195308861449824 10.664534657501225 2.000158892773768
  endloop
endfacet
facet normal -6.811489417595713e-05 1.7744200686462997e-05 0.9999999975227523
  outer loop
    vertex 3.036589733345928 13.073531369686823 2.000154668111318
    vertex 3.1195308861449824 10.664534657501225 2.000158892773768
    vertex 4.4813207117493725 13.756838233997062 2.000228256438918
  endloop
endfacet
facet normal -6.811489417595713e-05 1.7744200686462997e-05 0.9999999975227523
  outer loop
    vertex 4.4813207117493725 13.756838233997062 2.000228256438918
    vertex 3.1195308861449824 10.664534657501225 2.000158892773768
    vertex 11.063390387315481 10.66453465750123 2.0006037017330183
  endloop
endfacet
facet normal -6.811489417595713e-05 1.7744200686462997e-05 0.9999999975227523
  outer loop
    vertex 4.4813207117493725 13.756838233997062 2.000228256438918
    vertex 11.063390387315481 10.66453465750123 2.0006037017330183
    vertex 5.476205602856152 14.22738374416744 2.0002789315586127
  endloop
endfacet
facet normal -6.811489417595713e-05 1.7744200686462997e-05 0.9999999975227523
  outer loop
    vertex 5.476205602856152 14.22738374416744 2.0002789315586127
    vertex 11.063390387315481 10.66453465750123 2.0006037017330183
    vertex 8.017171365102232 15.136555832742808 2.0004083573297224
  endloop
endfacet
facet normal -6.811489417595713e-05 1.7744200686462997e-05 0.9999999975227523
  outer loop
    vertex 8.017171365102232 15.136555832742808 2.0004083573297224
    vertex 11.063390387315481 10.66453465750123 2.0006037017330183
    vertex 10.63501613076051 15.792291811195899 2.000541698983695
  endloop
endfacet
facet normal -6.811489417595713e-05 1.7744200686462997e-05 0.9999999975227523
  outer loop
    vertex 10.63501613076051 15.792291811195899 2.000541698983695
    vertex 11.063390387315481 10.66453465750123 2.0006037017330183
    vertex 11.063392953201259 12.164552680482805 2.0005842306235238
  endloop
endfacet
facet normal -6.811489417595713e-05 1.7744200686462997e-05 0.9999999975227523
  outer loop
    vertex 10.63501613076051 15.792291811195899 2.000541698983695
    vertex 11.063392953201259 12.164552680482805 2.0005842306235238
    vertex 11.969772377219336 15.990284197394187 2.000609685675618
  endloop
endfacet
facet normal -6.811489417595713e-05 1.7744200686462997e-05 0.9999999975227523
  outer loop
    vertex 11.969772377219336 15.990284197394187 2.000609685675618
    vertex 11.063392953201259 12.164552680482805 2.0005842306235238
    vertex 23.859079451073658 12.164670198772873 2.0016766091999827
  endloop
endfacet
facet normal -6.811489417595713e-05 1.7744200686462997e-05 0.9999999975227523
  outer loop
    vertex 11.969772377219336 15.990284197394187 2.000609685675618
    vertex 23.859079451073658 12.164670198772873 2.0016766091999827
    vertex 13.304528623678161 16.188276583592483 2.000677672367527
  endloop
endfacet
facet normal -6.811489417595713e-05 1.7744200686462997e-05 0.9999999975227523
  outer loop
    vertex 13.304528623678161 16.188276583592483 2.000677672367527
    vertex 23.859079451073658 12.164670198772873 2.0016766091999827
    vertex 15.999999979244476 16.320696600107063 2.000814967983159
  endloop
endfacet
facet normal -6.811489417595713e-05 1.7744200686462997e-05 0.9999999975227523
  outer loop
    vertex 15.999999979244476 16.320696600107063 2.000814967983159
    vertex 23.859079451073658 12.164670198772873 2.0016766091999827
    vertex 18.26832634356442 16.320696600107063 2.0009305066862826
  endloop
endfacet
facet normal -6.811489417595713e-05 1.7744200686462997e-05 0.9999999975227523
  outer loop
    vertex 18.26832634356442 16.320696600107063 2.0009305066862826
    vertex 23.859079451073658 12.164670198772873 2.0016766091999827
    vertex 18.802284808815326 16.35569408696451 2.0009577042137425
  endloop
endfacet
facet normal -6.811489417595713e-05 1.7744200686462997e-05 0.9999999975227523
  outer loop
    vertex 18.802284808815326 16.35569408696451 2.0009577042137425
    vertex 23.859079451073658 12.164670198772873 2.0016766091999827
    vertex 19.32710709668458 16.460087730833628 2.000984436383974
  endloop
endfacet
facet normal -6.811489417595713e-05 1.7744200686462997e-05 0.9999999975227523
  outer loop
    vertex 19.32710709668458 16.460087730833628 2.000984436383974
    vertex 23.859079451073658 12.164670198772873 2.0016766091999827
    vertex 19.833813352318437 16.632091327524392 2.001010245802123
  endloop
endfacet
facet normal -6.811489417595713e-05 1.7744200686462997e-05 0.9999999975227523
  outer loop
    vertex 19.833813352318437 16.632091327524392 2.001010245802123
    vertex 23.859079451073658 12.164670198772873 2.0016766091999827
    vertex 20.313733691197513 16.868761847809026 2.0010346908618857
  endloop
endfacet
facet normal -6.811489417595713e-05 1.7744200686462997e-05 0.9999999975227523
  outer loop
    vertex 20.313733691197513 16.868761847809026 2.0010346908618857
    vertex 23.859079451073658 12.164670198772873 2.0016766091999827
    vertex 20.758656543264536 17.166049793467998 2.0010573533015275
  endloop
endfacet
facet normal -6.811489417595713e-05 1.7744200686462997e-05 0.9999999975227523
  outer loop
    vertex 20.758656543264536 17.166049793467998 2.0010573533015275
    vertex 23.859079451073658 12.164670198772873 2.0016766091999827
    vertex 21.160969155164704 17.5188684853273 2.0010778453604123
  endloop
endfacet
facet normal -6.811489417595713e-05 1.7744200686462997e-05 0.9999999975227523
  outer loop
    vertex 21.160969155164704 17.5188684853273 2.0010778453604123
    vertex 23.859079451073658 12.164670198772873 2.0016766091999827
    vertex 21.513787846566306 17.921181097749393 2.001095816413733
  endloop
endfacet
facet normal -6.811489417595713e-05 1.7744200686462997e-05 0.9999999975227523
  outer loop
    vertex 21.513787846566306 17.921181097749393 2.001095816413733
    vertex 23.859079451073658 12.164670198772873 2.0016766091999827
    vertex 21.811075791839592 18.366103950393597 2.0011109589717795
  endloop
endfacet
facet normal -6.811489417595713e-05 1.7744200686462997e-05 0.9999999975227523
  outer loop
    vertex 21.811075791839592 18.366103950393597 2.0011109589717795
    vertex 23.859079451073658 12.164670198772873 2.0016766091999827
    vertex 22.04774631181718 18.846024289895247 2.001123013941193
  endloop
endfacet
facet normal -6.811489417595713e-05 1.7744200686462997e-05 0.9999999975227523
  outer loop
    vertex 22.04774631181718 18.846024289895247 2.001123013941193
    vertex 23.859079451073658 12.164670198772873 2.0016766091999827
    vertex 22.166326712169752 19.19535088518815 2.001129053912291
  endloop
endfacet
facet normal -6.811489417595713e-05 1.7744200686462997e-05 0.9999999975227523
  outer loop
    vertex 22.166326712169752 19.19535088518815 2.001129053912291
    vertex 23.859079451073658 12.164670198772873 2.0016766091999827
    vertex 22.219749908284793 19.352730546186447 2.0011317750581066
  endloop
endfacet
facet normal -6.811489417595713e-05 1.7744200686462997e-05 0.9999999975227523
  outer loop
    vertex 22.219749908284793 19.352730546186447 2.0011317750581066
    vertex 23.859079451073658 12.164670198772873 2.0016766091999827
    vertex 22.32414355201844 19.877552834736484 2.0011370924173675
  endloop
endfacet
facet normal -6.811489417595713e-05 1.7744200686462997e-05 0.9999999975227523
  outer loop
    vertex 22.32414355201844 19.877552834736484 2.0011370924173675
    vertex 23.859079451073658 12.164670198772873 2.0016766091999827
    vertex 22.332892923721445 20.011042451222387 2.001137538072395
  endloop
endfacet
facet normal -6.811489417595713e-05 1.7744200686462997e-05 0.9999999975227523
  outer loop
    vertex 22.332892923721445 20.011042451222387 2.001137538072395
    vertex 23.859079451073658 12.164670198772873 2.0016766091999827
    vertex 23.859121343585482 16.33610590534409 2.0018791602601085
  endloop
endfacet
facet normal -6.811489417595713e-05 1.7744200686462997e-05 0.9999999975227523
  outer loop
    vertex 22.332892923721445 20.011042451222387 2.001137538072395
    vertex 23.859121343585482 16.33610590534409 2.0018791602601085
    vertex 32.87271799965577 20.004341250943714 2.0017104738555416
  endloop
endfacet
facet normal -6.811489417595713e-05 1.7744200686462997e-05 0.9999999975227523
  outer loop
    vertex 32.87271799965577 20.004341250943714 2.0017104738555416
    vertex 23.859121343585482 16.33610590534409 2.0018791602601085
    vertex 28.609252983590466 16.33608902908015 2.001905414118051
  endloop
endfacet
facet normal -6.811489417595713e-05 1.7744200686462997e-05 0.9999999975227523
  outer loop
    vertex 32.87271799965577 20.004341250943714 2.0017104738555416
    vertex 28.609252983590466 16.33608902908015 2.001905414118051
    vertex 30.109249471217556 16.336088237274385 2.0019137045099082
  endloop
endfacet
facet normal -6.811489417595713e-05 1.7744200686462997e-05 0.9999999975227523
  outer loop
    vertex 32.87271799965577 20.004341250943714 2.0017104738555416
    vertex 30.109249471217556 16.336088237274385 2.0019137045099082
    vertex 32.96736001046644 18.78645622884222 2.002036153484278
  endloop
endfacet
facet normal -6.811489417595713e-05 1.7744200686462997e-05 0.9999999975227523
  outer loop
    vertex 32.96736001046644 18.78645622884222 2.002036153484278
    vertex 30.109249471217556 16.336088237274385 2.0019137045099082
    vertex 33.10233029493906 17.982921698512694 2.0020524885114925
  endloop
endfacet
facet normal -6.811489417595713e-05 1.7744200686462997e-05 0.9999999975227523
  outer loop
    vertex 33.10233029493906 17.982921698512694 2.0020524885114925
    vertex 30.109249471217556 16.336088237274385 2.0019137045099082
    vertex 33.29058840581058 17.190127095911155 2.0020723193475383
  endloop
endfacet
facet normal -6.811489417595713e-05 1.7744200686462997e-05 0.9999999975227523
  outer loop
    vertex 33.29058840581058 17.190127095911155 2.0020723193475383
    vertex 30.109249471217556 16.336088237274385 2.0019137045099082
    vertex 33.53102675725391 16.411620094200423 2.0034962788203656
  endloop
endfacet
facet normal -6.811489417595713e-05 1.7744200686462997e-05 0.9999999975227523
  outer loop
    vertex 33.53102675725391 16.411620094200423 2.0034962788203656
    vertex 30.109249471217556 16.336088237274385 2.0019137045099082
    vertex 33.55998572545142 16.336088954437933 2.0027538063963113
  endloop
endfacet
facet normal -2.624034636707037e-05 2.6578122122446286e-05 0.9999999993025239
  outer loop
    vertex 32.85903915388743 11.33606090914397 4.001673696884704
    vertex 30.709141029231233 14.336060317927942 4.001537549236568
    vertex 30.70913589980966 11.33606030249641 4.001537306249306
  endloop
endfacet
facet normal -2.624034636707037e-05 2.6578122122446286e-05 0.9999999993025239
  outer loop
    vertex 30.709141029231233 14.336060317927942 4.001537549236568
    vertex 32.85903915388743 11.33606090914397 4.001673696884704
    vertex 32.85871638753198 14.33566143441134 4.001513976794306
  endloop
endfacet
facet normal 2.8400787301908697e-05 -6.788383886069743e-05 -0.9999999972925899
  outer loop
    vertex 26.529015216738287 5.500021293060724 3.00133888596289
    vertex 25.85917338552195 2.4999714704344935 3.0016736941438564
    vertex 25.85909522808323 5.500027552985218 3.0013171499251516
  endloop
endfacet
facet normal 2.8400787301908697e-05 -6.788383886069743e-05 -0.9999999972925899
  outer loop
    vertex 25.85917338552195 2.4999714704344935 3.0016736941438564
    vertex 26.529015216738287 5.500021293060724 3.00133888596289
    vertex 32.859074981482635 2.499959501923758 3.0016736941438844
  endloop
endfacet
facet normal 2.8400787301908697e-05 -6.788383886069743e-05 -0.9999999972925899
  outer loop
    vertex 32.859074981482635 2.499959501923758 3.0016736941438844
    vertex 26.529015216738287 5.500021293060724 3.00133888596289
    vertex 32.85909521900285 5.500027552985206 3.001673699552868
  endloop
endfacet
facet normal 0.7114007039677716 0.0005392870795185062 0.7027864167466564
  outer loop
    vertex 34.59100470168149 3.499888229545447 3.002037409191271
    vertex 34.164373591844324 14.911131035304317 3.4248781808961604
    vertex 34.165257679642515 3.4998453211159375 3.42578218877333
  endloop
endfacet
facet normal 0.7114007039677716 0.0005392870795185062 0.7027864167466564
  outer loop
    vertex 34.164373591844324 14.911131035304317 3.4248781808961604
    vertex 34.59100470168149 3.499888229545447 3.002037409191271
    vertex 34.57915452093498 14.175606370841155 2.998405482316818
  endloop
endfacet
facet normal 0.7518398074778818 -1.2852028704801423e-06 -0.6593458151000655
  outer loop
    vertex 16.103360155801056 5.089860603250519 5.849298375082129
    vertex 16.577725762545263 10.664550524507105 6.390197814607777
    vertex 16.577716230876142 5.0898597919439625 6.39019781206018
  endloop
endfacet
facet normal 0.7518398074778818 -1.2852028704801423e-06 -0.6593458151000655
  outer loop
    vertex 16.577725762545263 10.664550524507105 6.390197814607777
    vertex 16.103360155801056 5.089860603250519 5.849298375082129
    vertex 16.103369687470177 10.66455133581366 5.849298377629727
  endloop
endfacet
facet normal 0.6593458150991092 -1.127013329506593e-06 -0.7518398074789744
  outer loop
    vertex 16.577725762545263 10.664550524507105 6.390197814607777
    vertex 17.118615667853394 5.089858866891221 6.864553887135965
    vertex 16.577716230876142 5.0898597919439625 6.39019781206018
  endloop
endfacet
facet normal 0.6593458150991092 -1.127013329506593e-06 -0.7518398074789744
  outer loop
    vertex 17.118615667853394 5.089858866891221 6.864553887135965
    vertex 16.577725762545263 10.664550524507105 6.390197814607777
    vertex 17.11862519952252 10.664549599454368 6.864553889683562
  endloop
endfacet
facet normal -0.14673047426501712 0.9891765099647816 -7.473813719542168e-06
  outer loop
    vertex 11.969772377219336 15.990284197394187 2.000609685675618
    vertex 13.304630495000358 16.188276583592483 0.0006776749619701538
    vertex 11.969874248541533 15.990284197394187 0.0006096882700612926
  endloop
endfacet
facet normal -0.14673047426501712 0.9891765099647816 -7.473813719542168e-06
  outer loop
    vertex 13.304630495000358 16.188276583592483 0.0006776749619701538
    vertex 11.969772377219336 15.990284197394187 2.000609685675618
    vertex 13.304528623678161 16.188276583592483 2.000677672367527
  endloop
endfacet
facet normal -0.6593458150991133 1.1270133293762731e-06 0.7518398074789708
  outer loop
    vertex 16.205473524341638 5.0898604276481265 8.054583897572815
    vertex 15.517068155471478 12.164545062590957 7.450857987073084
    vertex 15.517056059097868 5.089861604987977 7.450857983839998
  endloop
endfacet
facet normal -0.6593458150991133 1.1270133293762731e-06 0.7518398074789708
  outer loop
    vertex 15.517068155471478 12.164545062590957 7.450857987073084
    vertex 16.205473524341638 5.0898604276481265 8.054583897572815
    vertex 16.20548562071525 12.164543885251108 8.054583900805897
  endloop
endfacet
facet normal -0.5555702330187902 9.495402777102898e-07 0.8314696123025459
  outer loop
    vertex 16.966803527401577 5.089859125685021 8.563288342025244
    vertex 16.20548562071525 12.164543885251108 8.054583900805897
    vertex 16.205473524341638 5.0898604276481265 8.054583897572815
  endloop
endfacet
facet normal -0.5555702330187902 9.495402777102898e-07 0.8314696123025459
  outer loop
    vertex 16.20548562071525 12.164543885251108 8.054583900805897
    vertex 16.966803527401577 5.089859125685021 8.563288342025244
    vertex 16.966815623775187 12.164542583288004 8.563288345258325
  endloop
endfacet
facet normal -0.0002867956076219723 0.0036398446629676874 0.9999933346173407
  outer loop
    vertex 33.09177359170931 2.320510781039786e-06 2.0028768587037056
    vertex 34.85911838115329 0.4999566764308428 2.0014026560327034
    vertex 33.05854329327169 0.49995997891931987 2.0020538249884328
  endloop
endfacet
facet normal -0.0002867956076219723 0.0036398446629676874 0.9999933346173407
  outer loop
    vertex 34.85911838115329 0.4999566764308428 2.0014026560327034
    vertex 33.09177359170931 2.320510781039786e-06 2.0028768587037056
    vertex 35.579791940849454 0.0 2.0044354009784446
  endloop
endfacet
facet normal -0.2587037743606051 -3.3125233040386764e-05 0.9659567050516789
  outer loop
    vertex 25.859147889456956 12.164615990214187 4.001379529105251
    vertex 24.859381974526013 15.335744501447344 3.7337206634386084
    vertex 24.859350127824694 12.164617699802072 3.7335666840558193
  endloop
endfacet
facet normal -0.2587037743606051 -3.3125233040386764e-05 0.9659567050516789
  outer loop
    vertex 24.859381974526013 15.335744501447344 3.7337206634386084
    vertex 25.859147889456956 12.164615990214187 4.001379529105251
    vertex 25.85943278458774 14.335672103315437 4.001475292081278
  endloop
endfacet
facet normal -0.3214394648861994 0.9469301294951005 -1.6372731668054023e-05
  outer loop
    vertex 19.32710709668458 16.460087730833628 2.000984436383974
    vertex 19.83391522364063 16.632091327524392 0.001010248396563429
    vertex 19.327208968006776 16.460087730833624 0.0009844389784176455
  endloop
endfacet
facet normal -0.3214394648861994 0.9469301294951005 -1.6372731668054023e-05
  outer loop
    vertex 19.83391522364063 16.632091327524392 0.001010248396563429
    vertex 19.32710709668458 16.460087730833628 2.000984436383974
    vertex 19.833813352318437 16.632091327524392 2.001010245802123
  endloop
endfacet
facet normal 0.5555702330187929 -9.495402779066693e-07 -0.831469612302544
  outer loop
    vertex 17.11862519952252 10.664549599454368 6.864553889683562
    vertex 17.716803527400486 5.0898578439202105 7.264250236348588
    vertex 17.118615667853394 5.089858866891221 6.864553887135965
  endloop
endfacet
facet normal 0.5555702330187929 -9.495402779066693e-07 -0.831469612302544
  outer loop
    vertex 17.716803527400486 5.0898578439202105 7.264250236348588
    vertex 17.11862519952252 10.664549599454368 6.864553889683562
    vertex 17.716813059069608 10.664548576483355 7.26425023889618
  endloop
endfacet
facet normal -2.996367240642101e-07 -0.9999999999746587 -7.112864497912994e-06
  outer loop
    vertex 8.466761684729375 2.5204309534920808e-05 0.0004334963524460944
    vertex 4.500050929823636 2.5204309546200675e-05 1.000331352116473
    vertex 4.500101865484735 2.5204309546200675e-05 0.0003313534136932139
  endloop
endfacet
facet normal -2.996367240642101e-07 -0.9999999999746587 -7.112864497912994e-06
  outer loop
    vertex 4.500050929823636 2.5204309546200675e-05 1.000331352116473
    vertex 8.466761684729375 2.5204309534920808e-05 0.0004334963524460944
    vertex 35.58379247397551 5.699101533980233e-05 0.0022637435205906664
  endloop
endfacet
facet normal -2.996367240642101e-07 -0.9999999999746587 -7.112864497912994e-06
  outer loop
    vertex 4.500050929823636 2.5204309546200675e-05 1.000331352116473
    vertex 35.58379247397551 5.699101533980233e-05 0.0022637435205906664
    vertex 35.579791940849454 0.0 2.0044354009784446
  endloop
endfacet
facet normal -2.996367240642101e-07 -0.9999999999746587 -7.112864497912994e-06
  outer loop
    vertex 4.500050929823636 2.5204309546200675e-05 1.000331352116473
    vertex 35.579791940849454 0.0 2.0044354009784446
    vertex 33.09177359170931 2.320510781039786e-06 2.0028768587037056
  endloop
endfacet
facet normal -2.996367240642101e-07 -0.9999999999746587 -7.112864497912994e-06
  outer loop
    vertex 4.500050929823636 2.5204309546200675e-05 1.000331352116473
    vertex 33.09177359170931 2.320510781039786e-06 2.0028768587037056
    vertex 8.466659813407189 2.5204309546200675e-05 2.0004334937580057
  endloop
endfacet
facet normal -2.996367240642101e-07 -0.9999999999746587 -7.112864497912994e-06
  outer loop
    vertex 4.500050929823636 2.5204309546200675e-05 1.000331352116473
    vertex 8.466659813407189 2.5204309546200675e-05 2.0004334937580057
    vertex 5.315710131583293 2.5204309546200675e-05 2.000352355653144
  endloop
endfacet
facet normal -0.9659394087209624 1.0491417942560096e-06 0.2587683494531299
  outer loop
    vertex 24.127101431355985 0.7679057292325485 3.0013975393600103
    vertex 23.85916935841156 5.500016905964516 2.001232282210569
    vertex 23.85920956962973 0.4999754841990536 2.001402656032661
  endloop
endfacet
facet normal -0.9659394087209624 1.0491417942560096e-06 0.2587683494531299
  outer loop
    vertex 23.85916935841156 5.500016905964516 2.001232282210569
    vertex 24.127101431355985 0.7679057292325485 3.0013975393600103
    vertex 24.127063374880272 5.500016905964516 3.0012362951222675
  endloop
endfacet
facet normal -0.9659394087209624 1.0491417942560096e-06 0.2587683494531299
  outer loop
    vertex 23.85916935841156 5.500016905964516 2.001232282210569
    vertex 24.127063374880272 5.500016905964516 3.0012362951222675
    vertex 23.978129548921327 5.500016905964516 2.4452909792080186
  endloop
endfacet
facet normal 0.8314697948965057 -1.3942049571236685e-06 -0.5555699597465823
  outer loop
    vertex 15.703663806589029 5.089861286929214 5.251110515534165
    vertex 16.103369687470177 10.66455133581366 5.849298377629727
    vertex 16.103360155801056 5.089860603250519 5.849298375082129
  endloop
endfacet
facet normal 0.8314697948965057 -1.3942049571236685e-06 -0.5555699597465823
  outer loop
    vertex 16.103369687470177 10.66455133581366 5.849298377629727
    vertex 15.703663806589029 5.089861286929214 5.251110515534165
    vertex 15.703663772284719 6.089870576225636 5.251106541424891
  endloop
endfacet
facet normal 0.8314697948965057 -1.3942049571236685e-06 -0.5555699597465823
  outer loop
    vertex 16.103369687470177 10.66455133581366 5.849298377629727
    vertex 15.703663772284719 6.089870576225636 5.251106541424891
    vertex 15.703673338258152 10.664552019492358 5.251110518081762
  endloop
endfacet
facet normal -4.42558104541673e-07 -0.25883447186796765 0.9659216925675882
  outer loop
    vertex 33.85874663300472 1.4999262032848124 3.7334544664507128
    vertex 25.859068419700293 2.4999346515444687 4.001419375239901
    vertex 24.859100574433597 1.499941590981196 3.733454466450679
  endloop
endfacet
facet normal -4.42558104541673e-07 -0.25883447186796765 0.9659216925675882
  outer loop
    vertex 25.859068419700293 2.4999346515444687 4.001419375239901
    vertex 33.85874663300472 1.4999262032848124 3.7334544664507128
    vertex 32.85869083907197 2.4999226835110693 4.001419375239929
  endloop
endfacet
facet normal 7.670268508839142e-05 3.18348963295345e-06 -0.9999999970532818
  outer loop
    vertex 25.859095228073155 14.336066892734966 3.001317149925129
    vertex 26.528912186782822 11.336089687063756 3.0013146830188733
    vertex 25.85909009862908 11.336060909143972 3.0013171485541403
  endloop
endfacet
facet normal 7.670268508839142e-05 3.18348963295345e-06 -0.9999999970532818
  outer loop
    vertex 26.528912186782822 11.336089687063756 3.0013146830188733
    vertex 25.859095228073155 14.336066892734966 3.001317149925129
    vertex 28.00919196543662 14.336062654807963 3.0014916176229987
  endloop
endfacet
facet normal 7.670268508839142e-05 3.18348963295345e-06 -0.9999999970532818
  outer loop
    vertex 26.528912186782822 11.336089687063756 3.0013146830188733
    vertex 28.00919196543662 14.336062654807963 3.0014916176229987
    vertex 28.009186836973395 11.33606137336348 3.001472517231221
  endloop
endfacet
facet normal -0.0032470145754322365 -0.0003679830053684015 0.9999946607281736
  outer loop
    vertex 35.579791940849454 0.0 2.0044354009784446
    vertex 34.859173801059455 13.716039288101426 2.0045364267030656
    vertex 34.85911838115329 0.4999566764308428 2.0014026560327034
  endloop
endfacet
facet normal -0.0032470145754322365 -0.0003679830053684015 0.9999946607281736
  outer loop
    vertex 34.859173801059455 13.716039288101426 2.0045364267030656
    vertex 35.579791940849454 0.0 2.0044354009784446
    vertex 34.99129581666025 13.507994128600586 2.00745757465028
  endloop
endfacet
facet normal -0.0032470145754322365 -0.0003679830053684015 0.9999946607281736
  outer loop
    vertex 34.99129581666025 13.507994128600586 2.00745757465028
    vertex 35.579791940849454 0.0 2.0044354009784446
    vertex 35.47290111317036 12.85077309718607 2.0087640332377834
  endloop
endfacet
facet normal -0.0032470145754322365 -0.0003679830053684015 0.9999946607281736
  outer loop
    vertex 35.47290111317036 12.85077309718607 2.0087640332377834
    vertex 35.579791940849454 0.0 2.0044354009784446
    vertex 35.99715748382991 12.227043918871267 2.0101861920937263
  endloop
endfacet
facet normal -0.0032470145754322365 -0.0003679830053684015 0.9999946607281736
  outer loop
    vertex 35.99715748382991 12.227043918871267 2.0101861920937263
    vertex 35.579791940849454 0.0 2.0044354009784446
    vertex 42.4886621332039 3.0629424121838884 2.0272892604918415
  endloop
endfacet
facet normal -0.0032470145754322365 -0.0003679830053684015 0.9999946607281736
  outer loop
    vertex 35.99715748382991 12.227043918871267 2.0101861920937263
    vertex 42.4886621332039 3.0629424121838884 2.0272892604918415
    vertex 36.56174261360644 11.639569546532018 2.0117177514360303
  endloop
endfacet
facet normal -0.0032470145754322365 -0.0003679830053684015 0.9999946607281736
  outer loop
    vertex 36.56174261360644 11.639569546532018 2.0117177514360303
    vertex 42.4886621332039 3.0629424121838884 2.0272892604918415
    vertex 37.73133300699901 10.65521651391964 2.0148905007581193
  endloop
endfacet
facet normal -0.0032470145754322365 -0.0003679830053684015 0.9999946607281736
  outer loop
    vertex 37.73133300699901 10.65521651391964 2.0148905007581193
    vertex 42.4886621332039 3.0629424121838884 2.0272892604918415
    vertex 39.8508088095974 8.45171932643189 2.0206400054170794
  endloop
endfacet
facet normal -0.0032470145754322365 -0.0003679830053684015 0.9999946607281736
  outer loop
    vertex 39.8508088095974 8.45171932643189 2.0206400054170794
    vertex 42.4886621332039 3.0629424121838884 2.0272892604918415
    vertex 41.7271352931481 6.037804744310084 2.0257299186143287
  endloop
endfacet
facet normal -0.0032470145754322365 -0.0003679830053684015 0.9999946607281736
  outer loop
    vertex 41.7271352931481 6.037804744310084 2.0257299186143287
    vertex 42.4886621332039 3.0629424121838884 2.0272892604918415
    vertex 42.81217178860239 4.289798663099428 2.028673298471792
  endloop
endfacet
facet normal 2.2283685750589052e-07 -0.9999999999999751 -7.514005552827834e-09
  outer loop
    vertex 28.009186836973395 11.33606137336348 3.001472517231221
    vertex 26.529089833202562 11.336060909143963 4.001377078908007
    vertex 26.528912186782822 11.336089687063756 3.0013146830188733
  endloop
endfacet
facet normal 2.2283685750589052e-07 -0.9999999999999751 -7.514005552827834e-09
  outer loop
    vertex 26.529089833202562 11.336060909143963 4.001377078908007
    vertex 28.009186836973395 11.33606137336348 3.001472517231221
    vertex 28.009135901312302 11.33606137336348 4.001472515934001
  endloop
endfacet
facet normal 0.06540312923004715 -1.1137099363223521e-07 -0.9978589232386036
  outer loop
    vertex 19.748919001856354 10.664545101650447 7.954057255637735
    vertex 20.466803527396465 5.089853141602439 8.001110515534183
    vertex 19.748909470187233 5.089854369087302 7.954057253090143
  endloop
endfacet
facet normal 0.06540312923004715 -1.1137099363223521e-07 -0.9978589232386036
  outer loop
    vertex 20.466803527396465 5.089853141602439 8.001110515534183
    vertex 19.748919001856354 10.664545101650447 7.954057255637735
    vertex 20.466813059065583 10.664543874165586 8.001110518081779
  endloop
endfacet
facet normal 0.4422886902183612 -7.558203287776139e-07 -0.8968727415326855
  outer loop
    vertex 17.716813059069608 10.664548576483355 7.26425023889618
    vertex 18.36204464939155 5.0898567405342465 7.582447944346254
    vertex 17.716803527400486 5.0898578439202105 7.264250236348588
  endloop
endfacet
facet normal 0.4422886902183612 -7.558203287776139e-07 -0.8968727415326855
  outer loop
    vertex 18.36204464939155 5.0898567405342465 7.582447944346254
    vertex 17.716813059069608 10.664548576483355 7.26425023889618
    vertex 18.362054181060664 10.664547473097391 7.582447946893851
  endloop
endfacet
facet normal 0.3214394653026954 -5.491680843333416e-07 -0.9469301294951047
  outer loop
    vertex 18.362054181060664 10.664547473097391 7.582447946893851
    vertex 19.043298779334684 5.089855575612565 7.813702560124055
    vertex 18.36204464939155 5.0898567405342465 7.582447944346254
  endloop
endfacet
facet normal 0.3214394653026954 -5.491680843333416e-07 -0.9469301294951047
  outer loop
    vertex 19.043298779334684 5.089855575612565 7.813702560124055
    vertex 18.362054181060664 10.664547473097391 7.582447946893851
    vertex 19.043308311003802 10.664546308175709 7.8137025626716525
  endloop
endfacet
facet normal 8.578525845472046e-06 0.6878795638409624 -0.7258248449704491
  outer loop
    vertex 32.85184266088408 6.090102938702989 3.5606463853669106
    vertex 26.529015216738287 5.500021293060724 3.00133888596289
    vertex 26.529006666383058 6.0898468838443485 3.5605833438559236
  endloop
endfacet
facet normal 8.578525845472046e-06 0.6878795638409624 -0.7258248449704491
  outer loop
    vertex 26.529015216738287 5.500021293060724 3.00133888596289
    vertex 32.85184266088408 6.090102938702989 3.5606463853669106
    vertex 32.85909521900285 5.500027552985206 3.001673699552868
  endloop
endfacet
facet normal -1.6898438031272322e-05 2.478498173380606e-05 0.9999999995500739
  outer loop
    vertex 32.85869083907197 2.4999226835110693 4.001419375239929
    vertex 25.879462301041325 5.089843889262259 4.001331125429448
    vertex 25.859068419700293 2.4999346515444687 4.001419375239901
  endloop
endfacet
facet normal -1.6898438031272322e-05 2.478498173380606e-05 0.9999999995500739
  outer loop
    vertex 25.879462301041325 5.089843889262259 4.001331125429448
    vertex 32.85869083907197 2.4999226835110693 4.001419375239929
    vertex 32.851820315348625 5.09009883356081 4.001414313825474
  endloop
endfacet
facet normal -1.6898438031272322e-05 2.478498173380606e-05 0.9999999995500739
  outer loop
    vertex 32.851820315348625 5.09009883356081 4.001414313825474
    vertex 32.85869083907197 2.4999226835110693 4.001419375239929
    vertex 32.858709420092815 3.4997942591713955 4.001653558096685
  endloop
endfacet
facet normal 0.19509032201584914 -3.331194218148031e-07 -0.9807852804032295
  outer loop
    vertex 19.043308311003802 10.664546308175709 7.8137025626716525
    vertex 19.748909470187233 5.089854369087302 7.954057253090143
    vertex 19.043298779334684 5.089855575612565 7.813702560124055
  endloop
endfacet
facet normal 0.19509032201584914 -3.331194218148031e-07 -0.9807852804032295
  outer loop
    vertex 19.748909470187233 5.089854369087302 7.954057253090143
    vertex 19.043308311003802 10.664546308175709 7.8137025626716525
    vertex 19.748919001856354 10.664545101650447 7.954057255637735
  endloop
endfacet
facet normal -0.06540312923005254 1.1137099350949508e-07 0.9978589232386034
  outer loop
    vertex 20.466803527396454 5.08985314091695 9.50111051553419
    vertex 19.55313227823104 12.164538160773395 9.44122454838394
    vertex 19.553120181857434 5.089854703170412 9.441224545150858
  endloop
endfacet
facet normal -0.06540312923005254 1.1137099350949508e-07 0.9978589232386034
  outer loop
    vertex 19.55313227823104 12.164538160773395 9.44122454838394
    vertex 20.466803527396454 5.08985314091695 9.50111051553419
    vertex 20.466815623770064 12.164536598519932 9.501110518767272
  endloop
endfacet
facet normal -0.9999999999959681 2.8222947253288274e-06 -3.142433855517313e-07
  outer loop
    vertex 25.229946022080856 6.089853145970948 8.001110516119748
    vertex 25.22994324820394 5.089844999894315 3.8327277357766936
    vertex 25.229943248203917 5.089844997532398 8.001110515534204
  endloop
endfacet
facet normal -0.9999999999959681 2.8222947253288274e-06 -3.142433855517313e-07
  outer loop
    vertex 25.22994324820394 5.089844999894315 3.8327277357766936
    vertex 25.229946022080856 6.089853145970948 8.001110516119748
    vertex 25.2299470814637 5.500020854812677 3.832715670652739
  endloop
endfacet
facet normal -0.9999999999959681 2.8222947253288274e-06 -3.142433855517313e-07
  outer loop
    vertex 25.2299470814637 5.500020854812677 3.832715670652739
    vertex 25.22994708613261 6.089853149168 2.0012917176746483
    vertex 25.229947081463713 5.500018880807065 2.0013042256002387
  endloop
endfacet
facet normal -0.9999999999959681 2.8222947253288274e-06 -3.142433855517313e-07
  outer loop
    vertex 25.22994708613261 6.089853149168 2.0012917176746483
    vertex 25.2299470814637 5.500020854812677 3.832715670652739
    vertex 25.229946022080856 6.089853145970948 8.001110516119748
  endloop
endfacet
facet normal 0.9648084132173145 0.00046844402461852737 0.26295342999338056
  outer loop
    vertex 34.859173801059455 13.716039288101426 2.0045364267030656
    vertex 34.590953931805174 0.767887838019467 3.0013975393600556
    vertex 34.85911838115329 0.4999566764308428 2.0014026560327034
  endloop
endfacet
facet normal 0.9648084132173145 0.00046844402461852737 0.26295342999338056
  outer loop
    vertex 34.590953931805174 0.767887838019467 3.0013975393600556
    vertex 34.859173801059455 13.716039288101426 2.0045364267030656
    vertex 34.59100470168149 3.499888229545447 3.002037409191271
  endloop
endfacet
facet normal 0.9648084132173145 0.00046844402461852737 0.26295342999338056
  outer loop
    vertex 34.59100470168149 3.499888229545447 3.002037409191271
    vertex 34.859173801059455 13.716039288101426 2.0045364267030656
    vertex 34.57915452093498 14.175606370841155 2.998405482316818
  endloop
endfacet
facet normal -1.6515579462193166e-06 -0.9659299599662252 0.2588036175112687
  outer loop
    vertex 34.590953931805174 0.767887838019467 3.0013975393600556
    vertex 33.05854329327169 0.49995997891931987 2.0020538249884328
    vertex 34.85911838115329 0.4999566764308428 2.0014026560327034
  endloop
endfacet
facet normal -1.6515579462193166e-06 -0.9659299599662252 0.2588036175112687
  outer loop
    vertex 33.05854329327169 0.49995997891931987 2.0020538249884328
    vertex 34.590953931805174 0.767887838019467 3.0013975393600556
    vertex 24.127101431355985 0.7679057292325485 3.0013975393600103
  endloop
endfacet
facet normal -1.6515579462193166e-06 -0.9659299599662252 0.2588036175112687
  outer loop
    vertex 24.127101431355985 0.7679057292325485 3.0013975393600103
    vertex 23.85920956962973 0.4999754841990536 2.001402656032661
    vertex 33.05854329327169 0.49995997891931987 2.0020538249884328
  endloop
endfacet
facet normal -0.7675146463489035 9.633849360858494e-06 0.641031409173612
  outer loop
    vertex 11.063392953201259 12.164552680482805 2.0005842306235238
    vertex 11.063390387315481 10.66453465750123 2.0006037017330183
    vertex 14.404632381556675 10.664553029897332 6.001113085048746
  endloop
endfacet
facet normal -0.7069939422792074 -2.7240100517593784e-05 0.7072196015655121
  outer loop
    vertex 24.859350127824694 12.164617699802072 3.7335666840558193
    vertex 24.12721717166991 16.06795409154754 3.001817682015745
    vertex 24.12717797161386 12.164618952012779 3.0016281490285124
  endloop
endfacet
facet normal -0.7069939422792074 -2.7240100517593784e-05 0.7072196015655121
  outer loop
    vertex 24.12721717166991 16.06795409154754 3.001817682015745
    vertex 24.859350127824694 12.164617699802072 3.7335666840558193
    vertex 24.859381974526013 15.335744501447344 3.7337206634386084
  endloop
endfacet
facet normal 0.9999999992922668 8.33667660474428e-06 3.668741361223874e-05
  outer loop
    vertex 25.85924290561219 6.08985314479996 0.0013171524458264637
    vertex 25.859191969951098 2.5000155846803818 1.0013171511486063
    vertex 25.85924290561219 2.5000155843104785 0.0013171524458264637
  endloop
endfacet
facet normal 0.9999999992922668 8.33667660474428e-06 3.668741361223874e-05
  outer loop
    vertex 25.859191969951098 2.5000155846803818 1.0013171511486063
    vertex 25.85924290561219 6.08985314479996 0.0013171524458264637
    vertex 25.85909522808323 5.500027552985218 3.0013171499251516
  endloop
endfacet
facet normal 0.9999999992922668 8.33667660474428e-06 3.668741361223874e-05
  outer loop
    vertex 25.85909522808323 5.500027552985218 3.0013171499251516
    vertex 25.85924290561219 6.08985314479996 0.0013171524458264637
    vertex 25.859105244866104 6.089853143774978 3.001247052550852
  endloop
endfacet
facet normal 0.9999999992922668 8.33667660474428e-06 3.668741361223874e-05
  outer loop
    vertex 25.85909522808323 5.500027552985218 3.0013171499251516
    vertex 25.85917338552195 2.4999714704344935 3.0016736941438564
    vertex 25.859191969951098 2.5000155846803818 1.0013171511486063
  endloop
endfacet
facet normal -0.9999999991800441 -4.049582648149585e-05 -5.452805658722541e-16
  outer loop
    vertex 30.70904593815531 9.090016168751406 9.501152198307636
    vertex 30.709126929808214 7.090016172047962 8.00117393181479
    vertex 30.709126929808274 7.090016170391316 9.501152194994356
  endloop
endfacet
facet normal -0.9999999991800441 -4.049582648149585e-05 -5.452805658722541e-16
  outer loop
    vertex 30.709126929808214 7.090016172047962 8.00117393181479
    vertex 30.70904593815531 9.090016168751406 9.501152198307636
    vertex 30.709045938155242 9.090016170408049 8.001173935128069
  endloop
endfacet
facet normal -0.3826834318686904 -0.9238795325112764 -1.949223361859321e-05
  outer loop
    vertex 4.000101866133312 2.939895334008732 0.00020374264440488064
    vertex 3.758819040226524 3.0397957565133598 2.000191455338581
    vertex 3.7589209115487163 3.0397957565133598 0.00019145793302748347
  endloop
endfacet
facet normal -0.3826834318686904 -0.9238795325112764 -1.949223361859321e-05
  outer loop
    vertex 3.758819040226524 3.0397957565133598 2.000191455338581
    vertex 4.000101866133312 2.939895334008732 0.00020374264440488064
    vertex 3.9999999948111133 2.939895334008732 2.0002037400499644
  endloop
endfacet
facet normal 0.25870114598582333 -2.0784894018321667e-05 0.9659574093269382
  outer loop
    vertex 33.85874004642326 9.090099381937435 3.7336710751754802
    vertex 32.85903915388743 11.33606090914397 4.001673696884704
    vertex 32.85749597346409 9.090790560251715 4.001669967729393
  endloop
endfacet
facet normal 0.25870114598582333 -2.0784894018321667e-05 0.9659574093269382
  outer loop
    vertex 32.85903915388743 11.33606090914397 4.001673696884704
    vertex 33.85879140820789 15.33573024041758 3.7337704027602854
    vertex 32.85871638753198 14.33566143441134 4.001513976794306
  endloop
endfacet
facet normal 0.25870114598582333 -2.0784894018321667e-05 0.9659574093269382
  outer loop
    vertex 33.85879140820789 15.33573024041758 3.7337704027602854
    vertex 32.85903915388743 11.33606090914397 4.001673696884704
    vertex 33.85874004642326 9.090099381937435 3.7336710751754802
  endloop
endfacet
facet normal -0.06540312914530086 0.9978589232386037 -3.3313516251856444e-06
  outer loop
    vertex 18.26832634356442 16.320696600107063 2.0009305066862826
    vertex 18.802386680137527 16.35569408696451 0.0009577068081858542
    vertex 18.26842821488662 16.320696600107055 0.0009305092807232684
  endloop
endfacet
facet normal -0.06540312914530086 0.9978589232386037 -3.3313516251856444e-06
  outer loop
    vertex 18.802386680137527 16.35569408696451 0.0009577068081858542
    vertex 18.26832634356442 16.320696600107063 2.0009305066862826
    vertex 18.802284808815326 16.35569408696451 2.0009577042137425
  endloop
endfacet
facet normal -0.9999902359287078 0.004418761461818909 -5.093516382418893e-05
  outer loop
    vertex 0.013461990223354635 8.620393018370669 2.000000683100928
    vertex 0.00010187132219821037 5.5738699302242924 0.0
    vertex 0.0 5.5738699302242924 1.9999999974055567
  endloop
endfacet
facet normal -0.9999902359287078 0.004418761461818909 -5.093516382418893e-05
  outer loop
    vertex 0.00010187132219821037 5.5738699302242924 0.0
    vertex 0.013461990223354635 8.620393018370669 2.000000683100928
    vertex 0.013563861545552846 8.620393018370669 6.856953683076483e-07
  endloop
endfacet
facet normal 0.5424824291774746 -0.5410373779432731 -0.6426440458776337
  outer loop
    vertex 26.52897029137329 10.66456343424665 3.5667168307465547
    vertex 25.859148949085622 10.664534656537498 3.001317148926404
    vertex 26.528912186782822 11.336089687063756 3.0013146830188733
  endloop
endfacet
facet normal -0.9999994958258787 0.00011017283363761624 -0.0009981031686451581
  outer loop
    vertex 32.851595696040285 9.090102936896352 8.001195297310195
    vertex 32.85184266088408 6.090102938702989 3.5606463853669106
    vertex 32.851662055137275 6.090102938643325 8.001195293539922
  endloop
endfacet
facet normal -0.9999994958258787 0.00011017283363761624 -0.0009981031686451581
  outer loop
    vertex 32.85909521900285 5.500027552985206 3.001673699552868
    vertex 32.859122440760025 2.499959502299713 2.0014394734085696
    vertex 32.859074981482635 2.499959501923758 3.0016736941438844
  endloop
endfacet
facet normal -0.9999994958258787 0.00011017283363761624 -0.0009981031686451581
  outer loop
    vertex 32.859122440760025 2.499959502299713 2.0014394734085696
    vertex 32.85909521900285 5.500027552985206 3.001673699552868
    vertex 32.85924289653183 2.500015584310467 0.0016737020735455798
  endloop
endfacet
facet normal -0.9999994958258787 0.00011017283363761624 -0.0009981031686451581
  outer loop
    vertex 32.85924289653183 2.500015584310467 0.0016737020735455798
    vertex 32.85909521900285 5.500027552985206 3.001673699552868
    vertex 32.85924289653183 14.33606090914397 0.0016737020735455798
  endloop
endfacet
facet normal -0.9999994958258787 0.00011017283363761624 -0.0009981031686451581
  outer loop
    vertex 32.85924289653183 14.33606090914397 0.0016737020735455798
    vertex 32.85909521900285 5.500027552985206 3.001673699552868
    vertex 32.85184266088408 6.090102938702989 3.5606463853669106
  endloop
endfacet
facet normal -0.9999994958258787 0.00011017283363761624 -0.0009981031686451581
  outer loop
    vertex 32.85924289653183 14.33606090914397 0.0016737020735455798
    vertex 32.85184266088408 6.090102938702989 3.5606463853669106
    vertex 32.85749597346409 9.090790560251715 4.001669967729393
  endloop
endfacet
facet normal -0.9999994958258787 0.00011017283363761624 -0.0009981031686451581
  outer loop
    vertex 32.85749597346409 9.090790560251715 4.001669967729393
    vertex 32.85184266088408 6.090102938702989 3.5606463853669106
    vertex 32.851595696040285 9.090102936896352 8.001195297310195
  endloop
endfacet
facet normal -0.9999994958258787 0.00011017283363761624 -0.0009981031686451581
  outer loop
    vertex 32.85924289653183 14.33606090914397 0.0016737020735455798
    vertex 32.85749597346409 9.090790560251715 4.001669967729393
    vertex 32.85909008954852 11.336060909143972 3.001673698181924
  endloop
endfacet
facet normal -0.9999994958258787 0.00011017283363761624 -0.0009981031686451581
  outer loop
    vertex 32.85909008954852 11.336060909143972 3.001673698181924
    vertex 32.85749597346409 9.090790560251715 4.001669967729393
    vertex 32.85903915388743 11.33606090914397 4.001673696884704
  endloop
endfacet
facet normal -0.9999994958258787 0.00011017283363761624 -0.0009981031686451581
  outer loop
    vertex 32.85924289653183 14.33606090914397 0.0016737020735455798
    vertex 32.85909008954852 11.336060909143972 3.001673698181924
    vertex 32.85909521897437 14.336056222759824 3.0016736995529016
  endloop
endfacet
facet normal -0.6550428539847469 -0.5342875597320885 0.5342805096192893
  outer loop
    vertex 4.499999994162537 1.0000252030966204 2.0002820978846727
    vertex 4.500050929823636 2.5204309546200675e-05 1.000331352116473
    vertex 5.315710131583293 2.5204309546200675e-05 2.000352355653144
  endloop
endfacet
facet normal 1.2408690231980235e-05 -0.9999999999209694 -2.0212980263871104e-06
  outer loop
    vertex 33.85876170032276 5.09015142531435 8.700910690919068
    vertex 32.851820315348625 5.09009883356081 4.001414313825474
    vertex 33.858748900271976 5.09009883356081 3.7337680289827118
  endloop
endfacet
facet normal 1.2408690231980235e-05 -0.9999999999209694 -2.0212980263871104e-06
  outer loop
    vertex 32.851820315348625 5.09009883356081 4.001414313825474
    vertex 33.85876170032276 5.09015142531435 8.700910690919068
    vertex 25.229943248203917 5.089844997532398 8.001110515534204
  endloop
endfacet
facet normal 1.2408690231980235e-05 -0.9999999999209694 -2.0212980263871104e-06
  outer loop
    vertex 25.229943248203917 5.089844997532398 8.001110515534204
    vertex 33.85876170032276 5.09015142531435 8.700910690919068
    vertex 16.205473524341638 5.0898604276481265 8.054583897572815
  endloop
endfacet
facet normal 1.2408690231980235e-05 -0.9999999999209694 -2.0212980263871104e-06
  outer loop
    vertex 16.205473524341638 5.0898604276481265 8.054583897572815
    vertex 33.85876170032276 5.09015142531435 8.700910690919068
    vertex 16.966803527401577 5.089859125685021 8.563288342025244
  endloop
endfacet
facet normal 1.2408690231980235e-05 -0.9999999999209694 -2.0212980263871104e-06
  outer loop
    vertex 16.966803527401577 5.089859125685021 8.563288342025244
    vertex 33.85876170032276 5.09015142531435 8.700910690919068
    vertex 17.788019500844744 5.089857721375612 8.968267243113184
  endloop
endfacet
facet normal 1.2408690231980235e-05 -0.9999999999209694 -2.0212980263871104e-06
  outer loop
    vertex 17.788019500844744 5.089857721375612 8.968267243113184
    vertex 33.85876170032276 5.09015142531435 8.700910690919068
    vertex 33.05876170033449 5.090094520125947 9.500910688906918
  endloop
endfacet
facet normal 1.2408690231980235e-05 -0.9999999999209694 -2.0212980263871104e-06
  outer loop
    vertex 17.788019500844744 5.089857721375612 8.968267243113184
    vertex 33.05876170033449 5.090094520125947 9.500910688906918
    vertex 18.65507021168146 5.089856238748018 9.262591299557657
  endloop
endfacet
facet normal 1.2408690231980235e-05 -0.9999999999209694 -2.0212980263871104e-06
  outer loop
    vertex 18.65507021168146 5.089856238748018 9.262591299557657
    vertex 33.05876170033449 5.090094520125947 9.500910688906918
    vertex 19.553120181857434 5.089854703170412 9.441224545150858
  endloop
endfacet
facet normal 1.2408690231980235e-05 -0.9999999999209694 -2.0212980263871104e-06
  outer loop
    vertex 19.553120181857434 5.089854703170412 9.441224545150858
    vertex 33.05876170033449 5.090094520125947 9.500910688906918
    vertex 20.466803527396454 5.08985314091695 9.50111051553419
  endloop
endfacet
facet normal 1.2408690231980235e-05 -0.9999999999209694 -2.0212980263871104e-06
  outer loop
    vertex 15.500092318342446 5.089843924938077 2.0007944431007667
    vertex 14.404625700914258 5.08986350769648 6.0011105155341635
    vertex 11.063380855646365 5.089843924938085 2.000603699185421
  endloop
endfacet
facet normal 1.2408690231980235e-05 -0.9999999999209694 -2.0212980263871104e-06
  outer loop
    vertex 14.404625700914258 5.08986350769648 6.0011105155341635
    vertex 15.500092318342446 5.089843924938077 2.0007944431007667
    vertex 15.703663806559346 5.089843924938077 2.00080464711457
  endloop
endfacet
facet normal 1.2408690231980235e-05 -0.9999999999209694 -2.0212980263871104e-06
  outer loop
    vertex 14.404625700914258 5.08986350769648 6.0011105155341635
    vertex 15.703663806559346 5.089843924938077 2.00080464711457
    vertex 15.703663806589029 5.089861286929214 5.251110515534165
  endloop
endfacet
facet normal 1.2408690231980235e-05 -0.9999999999209694 -2.0212980263871104e-06
  outer loop
    vertex 14.404625700914258 5.08986350769648 6.0011105155341635
    vertex 15.703663806589029 5.089861286929214 5.251110515534165
    vertex 16.103360155801056 5.089860603250519 5.849298375082129
  endloop
endfacet
facet normal 1.2408690231980235e-05 -0.9999999999209694 -2.0212980263871104e-06
  outer loop
    vertex 14.404625700914258 5.08986350769648 6.0011105155341635
    vertex 16.103360155801056 5.089860603250519 5.849298375082129
    vertex 16.577716230876142 5.0898597919439625 6.39019781206018
  endloop
endfacet
facet normal 1.2408690231980235e-05 -0.9999999999209694 -2.0212980263871104e-06
  outer loop
    vertex 14.404625700914258 5.08986350769648 6.0011105155341635
    vertex 16.577716230876142 5.0898597919439625 6.39019781206018
    vertex 14.913330145365935 5.089862637559958 6.762440518595211
  endloop
endfacet
facet normal 1.2408690231980235e-05 -0.9999999999209694 -2.0212980263871104e-06
  outer loop
    vertex 14.913330145365935 5.089862637559958 6.762440518595211
    vertex 16.577716230876142 5.0898597919439625 6.39019781206018
    vertex 17.118615667853394 5.089858866891221 6.864553887135965
  endloop
endfacet
facet normal 1.2408690231980235e-05 -0.9999999999209694 -2.0212980263871104e-06
  outer loop
    vertex 14.913330145365935 5.089862637559958 6.762440518595211
    vertex 17.118615667853394 5.089858866891221 6.864553887135965
    vertex 15.517056059097868 5.089861604987977 7.450857983839998
  endloop
endfacet
facet normal 1.2408690231980235e-05 -0.9999999999209694 -2.0212980263871104e-06
  outer loop
    vertex 15.517056059097868 5.089861604987977 7.450857983839998
    vertex 17.118615667853394 5.089858866891221 6.864553887135965
    vertex 17.716803527400486 5.0898578439202105 7.264250236348588
  endloop
endfacet
facet normal 1.2408690231980235e-05 -0.9999999999209694 -2.0212980263871104e-06
  outer loop
    vertex 15.517056059097868 5.089861604987977 7.450857983839998
    vertex 17.716803527400486 5.0898578439202105 7.264250236348588
    vertex 18.36204464939155 5.0898567405342465 7.582447944346254
  endloop
endfacet
facet normal 1.2408690231980235e-05 -0.9999999999209694 -2.0212980263871104e-06
  outer loop
    vertex 15.517056059097868 5.089861604987977 7.450857983839998
    vertex 18.36204464939155 5.0898567405342465 7.582447944346254
    vertex 16.205473524341638 5.0898604276481265 8.054583897572815
  endloop
endfacet
facet normal 1.2408690231980235e-05 -0.9999999999209694 -2.0212980263871104e-06
  outer loop
    vertex 16.205473524341638 5.0898604276481265 8.054583897572815
    vertex 18.36204464939155 5.0898567405342465 7.582447944346254
    vertex 19.043298779334684 5.089855575612565 7.813702560124055
  endloop
endfacet
facet normal 1.2408690231980235e-05 -0.9999999999209694 -2.0212980263871104e-06
  outer loop
    vertex 16.205473524341638 5.0898604276481265 8.054583897572815
    vertex 19.043298779334684 5.089855575612565 7.813702560124055
    vertex 19.748909470187233 5.089854369087302 7.954057253090143
  endloop
endfacet
facet normal 1.2408690231980235e-05 -0.9999999999209694 -2.0212980263871104e-06
  outer loop
    vertex 16.205473524341638 5.0898604276481265 8.054583897572815
    vertex 19.748909470187233 5.089854369087302 7.954057253090143
    vertex 20.466803527396465 5.089853141602439 8.001110515534183
  endloop
endfacet
facet normal 1.2408690231980235e-05 -0.9999999999209694 -2.0212980263871104e-06
  outer loop
    vertex 16.205473524341638 5.0898604276481265 8.054583897572815
    vertex 20.466803527396465 5.089853141602439 8.001110515534183
    vertex 25.229943248203917 5.089844997532398 8.001110515534204
  endloop
endfacet
facet normal 1.2408690231980235e-05 -0.9999999999209694 -2.0212980263871104e-06
  outer loop
    vertex 25.879462301041325 5.089843889262259 4.001331125429448
    vertex 25.229943248203917 5.089844997532398 8.001110515534204
    vertex 25.22994324820394 5.089844999894315 3.8327277357766936
  endloop
endfacet
facet normal 1.2408690231980235e-05 -0.9999999999209694 -2.0212980263871104e-06
  outer loop
    vertex 25.229943248203917 5.089844997532398 8.001110515534204
    vertex 25.879462301041325 5.089843889262259 4.001331125429448
    vertex 32.851820315348625 5.09009883356081 4.001414313825474
  endloop
endfacet
facet normal -0.44228869021836026 7.558203287089697e-07 0.8968727415326861
  outer loop
    vertex 17.788019500844744 5.089857721375612 8.968267243113184
    vertex 16.966815623775187 12.164542583288004 8.563288345258325
    vertex 16.966803527401577 5.089859125685021 8.563288342025244
  endloop
endfacet
facet normal -0.44228869021836026 7.558203287089697e-07 0.8968727415326861
  outer loop
    vertex 16.966815623775187 12.164542583288004 8.563288345258325
    vertex 17.788019500844744 5.089857721375612 8.968267243113184
    vertex 17.788031597218353 12.164541178978592 8.968267246346269
  endloop
endfacet
facet normal -0.8314696112239861 0.5555702330195418 -4.235145438514545e-05
  outer loop
    vertex 21.513787846566306 17.921181097749393 2.001095816413733
    vertex 21.81117766316179 18.3661039503936 0.0011109615662201254
    vertex 21.513889717888503 17.921181097749386 0.0010958190081734153
  endloop
endfacet
facet normal -0.8314696112239861 0.5555702330195418 -4.235145438514545e-05
  outer loop
    vertex 21.81117766316179 18.3661039503936 0.0011109615662201254
    vertex 21.513787846566306 17.921181097749393 2.001095816413733
    vertex 21.811075791839592 18.366103950393597 2.0011109589717795
  endloop
endfacet
facet normal 0.7097907535961208 5.120292719059848e-05 0.7044125804439549
  outer loop
    vertex 34.165257679642515 3.4998453211159375 3.42578218877333
    vertex 33.858748900271976 5.09009883356081 3.7337680289827118
    vertex 33.85878379773951 3.4998142738739992 3.7339228661062007
  endloop
endfacet
facet normal 0.7097907535961208 5.120292719059848e-05 0.7044125804439549
  outer loop
    vertex 33.858748900271976 5.09009883356081 3.7337680289827118
    vertex 34.165257679642515 3.4998453211159375 3.42578218877333
    vertex 34.164373591844324 14.911131035304317 3.4248781808961604
  endloop
endfacet
facet normal 0.7097907535961208 5.120292719059848e-05 0.7044125804439549
  outer loop
    vertex 33.858748900271976 5.09009883356081 3.7337680289827118
    vertex 34.164373591844324 14.911131035304317 3.4248781808961604
    vertex 33.85874004642326 9.090099381937435 3.7336710751754802
  endloop
endfacet
facet normal 0.7097907535961208 5.120292719059848e-05 0.7044125804439549
  outer loop
    vertex 33.85874004642326 9.090099381937435 3.7336710751754802
    vertex 34.164373591844324 14.911131035304317 3.4248781808961604
    vertex 33.85879140820789 15.33573024041758 3.7337704027602854
  endloop
endfacet
facet normal 0.7097907535961208 5.120292719059848e-05 0.7044125804439549
  outer loop
    vertex 33.85879140820789 15.33573024041758 3.7337704027602854
    vertex 34.164373591844324 14.911131035304317 3.4248781808961604
    vertex 33.92154926985316 15.398998217932098 3.6700207428892577
  endloop
endfacet
facet normal -0.7071438916229139 1.84060564405413e-05 0.7070696685628779
  outer loop
    vertex 24.859100574433597 1.499941590981196 3.733454466450679
    vertex 24.127063374880272 5.500016905964516 3.0012362951222675
    vertex 24.127101431355985 0.7679057292325485 3.0013975393600103
  endloop
endfacet
facet normal -0.7071438916229139 1.84060564405413e-05 0.7070696685628779
  outer loop
    vertex 24.127063374880272 5.500016905964516 3.0012362951222675
    vertex 24.859100574433597 1.499941590981196 3.733454466450679
    vertex 24.85906840511986 5.500016905964516 3.7333181659558305
  endloop
endfacet
facet normal 0.9999999999999996 3.4303992650122316e-08 -9.315601065671289e-12
  outer loop
    vertex 15.703663772255036 6.0898532142345 2.0008006730052927
    vertex 15.703663806589029 5.089861286929214 5.251110515534165
    vertex 15.703663806559346 5.089843924938077 2.00080464711457
  endloop
endfacet
facet normal 0.9999999999999996 3.4303992650122316e-08 -9.315601065671289e-12
  outer loop
    vertex 15.703663806589029 5.089861286929214 5.251110515534165
    vertex 15.703663772255036 6.0898532142345 2.0008006730052927
    vertex 15.703663772284719 6.089870576225636 5.251106541424891
  endloop
endfacet
facet normal 0.7814878237162345 -0.20673457395130931 0.588674440855414
  outer loop
    vertex 42.81217178860239 4.289798663099428 2.028673298471792
    vertex 42.4886621332039 3.0629424121838884 2.0272892604918415
    vertex 43.33960862633874 3.440174002699119 1.0301039401647833
  endloop
endfacet
facet normal -3.5410626784557424e-13 1.6774487586879545e-06 0.9999999999985932
  outer loop
    vertex 12.250023226805558 6.0898559714952745 2.19958415224056
    vertex 15.250022261091111 10.66453669289348 2.1995764784491336
    vertex 12.250022261099225 10.66453605959914 2.1995764784491336
  endloop
endfacet
facet normal -3.5410626784557424e-13 1.6774487586879545e-06 0.9999999999985932
  outer loop
    vertex 15.250022261091111 10.66453669289348 2.1995764784491336
    vertex 12.250023226805558 6.0898559714952745 2.19958415224056
    vertex 15.250023226797442 6.089856604789614 2.19958415224056
  endloop
endfacet
facet normal -0.9999999999999778 -2.1109811299175783e-07 -0.0
  outer loop
    vertex 12.250022261099225 10.66453605959914 2.1995764784491336
    vertex 12.250023226805558 6.0898559714952745 1.4495841522445823
    vertex 12.250023226805558 6.0898559714952745 2.19958415224056
  endloop
endfacet
facet normal -0.9999999999999778 -2.1109811299175783e-07 -0.0
  outer loop
    vertex 12.250023226805558 6.0898559714952745 1.4495841522445823
    vertex 12.250022261099225 10.66453605959914 2.1995764784491336
    vertex 12.250022261099225 10.66453605959914 1.4495764784531562
  endloop
endfacet
facet normal 0.9999999987013175 -1.7098113051991546e-06 5.093566109339077e-05
  outer loop
    vertex 28.00919196543662 14.336062654807963 3.0014916176229987
    vertex 28.009135901312302 11.33606137336348 4.001472515934001
    vertex 28.009186836973395 11.33606137336348 3.001472517231221
  endloop
endfacet
facet normal 0.9999999987013175 -1.7098113051991546e-06 5.093566109339077e-05
  outer loop
    vertex 28.009135901312302 11.33606137336348 4.001472515934001
    vertex 28.00919196543662 14.336062654807963 3.0014916176229987
    vertex 28.009141029775527 14.336062654807955 4.0014916163257785
  endloop
endfacet
facet normal -0.9658866193638294 -2.8743782551880582e-06 0.25896532301767955
  outer loop
    vertex 24.12721717166991 16.06795409154754 3.001817682015745
    vertex 23.859079451073658 12.164670198772873 2.0016766091999827
    vertex 24.12717797161386 12.164618952012779 3.0016281490285124
  endloop
endfacet
facet normal -0.9658866193638294 -2.8743782551880582e-06 0.25896532301767955
  outer loop
    vertex 23.859079451073658 12.164670198772873 2.0016766091999827
    vertex 24.12721717166991 16.06795409154754 3.001817682015745
    vertex 23.859121343585482 16.33610590534409 2.0018791602601085
  endloop
endfacet
facet normal 0.9999999995711497 -2.924076462044083e-05 1.636639753486664e-06
  outer loop
    vertex 26.528912186782822 11.336089687063756 3.0013146830188733
    vertex 26.529089833202562 11.336060909143963 4.001377078908007
    vertex 26.52897029137329 10.66456343424665 3.5667168307465547
  endloop
endfacet
facet normal 0.9999999995711497 -2.924076462044083e-05 1.636639753486664e-06
  outer loop
    vertex 26.528840693192237 7.089846883677628 8.001132252485935
    vertex 26.52899345025228 12.164526233339881 9.501110518767295
    vertex 26.5289191947226 7.089846883543406 9.501110516448199
  endloop
endfacet
facet normal 0.9999999995711497 -2.924076462044083e-05 1.636639753486664e-06
  outer loop
    vertex 26.52899345025228 12.164526233339881 9.501110518767295
    vertex 26.528840693192237 7.089846883677628 8.001132252485935
    vertex 26.528963122443884 10.664563432222149 8.00110805254653
  endloop
endfacet
facet normal 0.9999999995711497 -2.924076462044083e-05 1.636639753486664e-06
  outer loop
    vertex 26.52899345025228 12.164526233339881 9.501110518767295
    vertex 26.528963122443884 10.664563432222149 8.00110805254653
    vertex 26.52897029137329 10.66456343424665 3.5667168307465547
  endloop
endfacet
facet normal 0.9999999995711497 -2.924076462044083e-05 1.636639753486664e-06
  outer loop
    vertex 26.52899345025228 12.164526233339881 9.501110518767295
    vertex 26.52897029137329 10.66456343424665 3.5667168307465547
    vertex 26.529089833202562 11.336060909143963 4.001377078908007
  endloop
endfacet
facet normal 0.9999999995711497 -2.924076462044083e-05 1.636639753486664e-06
  outer loop
    vertex 26.52899345025228 12.164526233339881 9.501110518767295
    vertex 26.529089833202562 11.336060909143963 4.001377078908007
    vertex 26.529091248649323 12.16461484375163 4.001398228059549
  endloop
endfacet
facet normal -2.1689830938184585e-24 -1.0 4.035038726821953e-21
  outer loop
    vertex 3.5001018667819106 3.073869930224286 0.00017827481385532804
    vertex 2.499999996756961 3.073869930224286 2.0001273365583243
    vertex 2.5001018680791587 3.073869930224286 0.00012733915276750274
  endloop
endfacet
facet normal -2.1689830938184585e-24 -1.0 4.035038726821953e-21
  outer loop
    vertex 2.499999996756961 3.073869930224286 2.0001273365583243
    vertex 3.5001018667819106 3.073869930224286 0.00017827481385532804
    vertex 3.4999999954597176 3.073869930224286 2.000178272219412
  endloop
endfacet
facet normal -0.5811705712094171 0.8137817682178824 -2.960230729339381e-05
  outer loop
    vertex 2.039062084701437 12.441683386885687 2.0001038583810082
    vertex 2.3349641358388853 12.65293211059396 0.00011892775317046134
    vertex 2.039163956023635 12.441683386885687 0.00010386097545136418
  endloop
endfacet
facet normal -0.5811705712094171 0.8137817682178824 -2.960230729339381e-05
  outer loop
    vertex 2.3349641358388853 12.65293211059396 0.00011892775317046134
    vertex 2.039062084701437 12.441683386885687 2.0001038583810082
    vertex 2.491592272248216 12.764789696123287 0.00012690571086269032
  endloop
endfacet
facet normal -0.5811705712094171 0.8137817682178824 -2.960230729339381e-05
  outer loop
    vertex 2.491592272248216 12.764789696123287 0.00012690571086269032
    vertex 2.039062084701437 12.441683386885687 2.0001038583810082
    vertex 2.3348622645166928 12.65293211059396 2.00011892515873
  endloop
endfacet
facet normal -0.5811705712094171 0.8137817682178824 -2.960230729339381e-05
  outer loop
    vertex 2.491592272248216 12.764789696123287 0.00012690571086269032
    vertex 2.3348622645166928 12.65293211059396 2.00011892515873
    vertex 2.4914904009260175 12.76478969612329 2.0001269031164193
  endloop
endfacet
facet normal 0.9999999999918987 3.813494730951771e-06 -1.2884192658455675e-06
  outer loop
    vertex 33.85874004642326 9.090099381937435 3.7336710751754802
    vertex 33.85876170032276 5.09015142531435 8.700910690919068
    vertex 33.858748900271976 5.09009883356081 3.7337680289827118
  endloop
endfacet
facet normal 0.9999999999918987 3.813494730951771e-06 -1.2884192658455675e-06
  outer loop
    vertex 33.85876170032276 5.09015142531435 8.700910690919068
    vertex 33.85874004642326 9.090099381937435 3.7336710751754802
    vertex 33.85874004642326 9.090151956346528 8.701173563000006
  endloop
endfacet
facet normal 0.9999999998581404 5.73660521951677e-06 -1.5837004675946795e-05
  outer loop
    vertex 15.250023226797442 6.089856604789614 1.4495841522445823
    vertex 15.250023226797442 6.089856604789614 2.19958415224056
    vertex 15.250101850011559 6.08985314479996 2.0007944456483697
  endloop
endfacet
facet normal 0.9999999998581404 5.73660521951677e-06 -1.5837004675946795e-05
  outer loop
    vertex 15.250023226797442 6.089856604789614 2.19958415224056
    vertex 15.250023226797442 6.089856604789614 1.4495841522445823
    vertex 15.250022261091111 10.66453669289348 1.4495764784531562
  endloop
endfacet
facet normal 0.9999999998581404 5.73660521951677e-06 -1.5837004675946795e-05
  outer loop
    vertex 15.250023226797442 6.089856604789614 2.19958415224056
    vertex 15.250022261091111 10.66453669289348 1.4495764784531562
    vertex 15.250022261091111 10.66453669289348 2.1995764784491336
  endloop
endfacet
facet normal -0.7675141748787736 2.5211786461774504e-06 0.6410319737375035
  outer loop
    vertex 14.404625700914258 5.08986350769648 6.0011105155341635
    vertex 11.063380821342053 6.089853214234509 2.000599725076147
    vertex 11.063380855646365 5.089843924938085 2.000603699185421
  endloop
endfacet
facet normal -0.7675141748787736 2.5211786461774504e-06 0.6410319737375035
  outer loop
    vertex 11.063380821342053 6.089853214234509 2.000599725076147
    vertex 14.404625700914258 5.08986350769648 6.0011105155341635
    vertex 14.404625666609945 6.089872796992906 6.001106541424889
  endloop
endfacet
facet normal -0.9807852791309469 0.19509032201607085 -4.995694665207547e-05
  outer loop
    vertex 22.32414355201844 19.877552834736484 2.0011370924173675
    vertex 22.21985177960699 19.352730546186447 0.0011317776525473055
    vertex 22.219749908284793 19.352730546186447 2.0011317750581066
  endloop
endfacet
facet normal -0.9807852791309469 0.19509032201607085 -4.995694665207547e-05
  outer loop
    vertex 22.21985177960699 19.352730546186447 0.0011317776525473055
    vertex 22.32414355201844 19.877552834736484 2.0011370924173675
    vertex 22.32424542334064 19.877552834736488 0.0011370950118108957
  endloop
endfacet
facet normal 0.9999999987027793 -2.281423193014946e-22 5.093566109754112e-05
  outer loop
    vertex 2.5001018680791587 9.241416910193454 0.0001273391527618628
    vertex 2.499999996756966 6.08985314479996 2.0001273365583185
    vertex 2.5001018680791645 6.08985314479996 0.0001273391527618628
  endloop
endfacet
facet normal 0.9999999987027793 -2.281423193014946e-22 5.093566109754112e-05
  outer loop
    vertex 2.499999996756966 6.08985314479996 2.0001273365583185
    vertex 2.5001018680791587 9.241416910193454 0.0001273391527618628
    vertex 2.499999996756961 9.241416910193454 2.0001273365583185
  endloop
endfacet
facet normal 0.9999999987027793 -2.281423193014946e-22 5.093566109754112e-05
  outer loop
    vertex 2.499999996756961 9.241416910193454 2.0001273365583185
    vertex 2.5001018680791587 9.241416910193454 0.0001273391527618628
    vertex 2.5001018680791587 9.525801195112068 0.0001273391527618628
  endloop
endfacet
facet normal 0.9999999987027793 -2.281423193014946e-22 5.093566109754112e-05
  outer loop
    vertex 2.499999996756961 9.241416910193454 2.0001273365583185
    vertex 2.5001018680791587 9.525801195112068 0.0001273391527618628
    vertex 2.499999996756961 9.525801195112068 2.0001273365583185
  endloop
endfacet
facet normal -0.7518398065036884 0.6593458151000537 -3.829545763339253e-05
  outer loop
    vertex 21.513787846566306 17.921181097749393 2.001095816413733
    vertex 21.1610710264869 17.5188684853273 0.0010778479548529285
    vertex 21.160969155164704 17.5188684853273 2.0010778453604123
  endloop
endfacet
facet normal -0.7518398065036884 0.6593458151000537 -3.829545763339253e-05
  outer loop
    vertex 21.1610710264869 17.5188684853273 0.0010778479548529285
    vertex 21.513787846566306 17.921181097749393 2.001095816413733
    vertex 21.513889717888503 17.921181097749386 0.0010958190081734153
  endloop
endfacet
facet normal 0.7069447524176394 -0.00017878893246215996 0.7072687502383236
  outer loop
    vertex 34.590953931805174 0.767887838019467 3.0013975393600556
    vertex 33.85878379773951 3.4998142738739992 3.7339228661062007
    vertex 33.85874663300472 1.4999262032848124 3.7334544664507128
  endloop
endfacet
facet normal 0.7069447524176394 -0.00017878893246215996 0.7072687502383236
  outer loop
    vertex 33.85878379773951 3.4998142738739992 3.7339228661062007
    vertex 34.590953931805174 0.767887838019467 3.0013975393600556
    vertex 34.165257679642515 3.4998453211159375 3.42578218877333
  endloop
endfacet
facet normal 0.7069447524176394 -0.00017878893246215996 0.7072687502383236
  outer loop
    vertex 34.165257679642515 3.4998453211159375 3.42578218877333
    vertex 34.590953931805174 0.767887838019467 3.0013975393600556
    vertex 34.59100470168149 3.499888229545447 3.002037409191271
  endloop
endfacet
facet normal -1.2090355180253058e-06 -0.7071163504828196 0.7070972117597385
  outer loop
    vertex 34.590953931805174 0.767887838019467 3.0013975393600556
    vertex 24.859100574433597 1.499941590981196 3.733454466450679
    vertex 24.127101431355985 0.7679057292325485 3.0013975393600103
  endloop
endfacet
facet normal -1.2090355180253058e-06 -0.7071163504828196 0.7070972117597385
  outer loop
    vertex 24.859100574433597 1.499941590981196 3.733454466450679
    vertex 34.590953931805174 0.767887838019467 3.0013975393600556
    vertex 33.85874663300472 1.4999262032848124 3.7334544664507128
  endloop
endfacet
facet normal -2.729457932206119e-06 0.7068650182329066 0.7073484615033405
  outer loop
    vertex 24.859381974526013 15.335744501447344 3.7337206634386084
    vertex 28.60924690987164 16.067938167795823 3.0018424540812347
    vertex 24.12721717166991 16.06795409154754 3.001817682015745
  endloop
endfacet
facet normal -2.729457932206119e-06 0.7068650182329066 0.7073484615033405
  outer loop
    vertex 28.60924690987164 16.067938167795823 3.0018424540812347
    vertex 24.859381974526013 15.335744501447344 3.7337206634386084
    vertex 28.609241370773045 15.335731178949835 3.7337413888170587
  endloop
endfacet
facet normal -2.729457932206119e-06 0.7068650182329066 0.7073484615033405
  outer loop
    vertex 28.60924690987164 16.067938167795823 3.0018424540812347
    vertex 28.609241370773045 15.335731178949835 3.7337413888170587
    vertex 30.109239615834547 15.335730387143144 3.7337496792186253
  endloop
endfacet
facet normal -2.729457932206119e-06 0.7068650182329066 0.7073484615033405
  outer loop
    vertex 28.60924690987164 16.067938167795823 3.0018424540812347
    vertex 30.109239615834547 15.335730387143144 3.7337496792186253
    vertex 30.10924386859746 16.067937375989807 3.001850744475695
  endloop
endfacet
facet normal -2.729457932206119e-06 0.7068650182329066 0.7073484615033405
  outer loop
    vertex 30.10924386859746 16.067937375989807 3.001850744475695
    vertex 30.109239615834547 15.335730387143144 3.7337496792186253
    vertex 33.85879140820789 15.33573024041758 3.7337704027602854
  endloop
endfacet
facet normal -2.729457932206119e-06 0.7068650182329066 0.7073484615033405
  outer loop
    vertex 30.10924386859746 16.067937375989807 3.001850744475695
    vertex 33.85879140820789 15.33573024041758 3.7337704027602854
    vertex 33.65886665594902 16.068145908205903 3.0020795422098594
  endloop
endfacet
facet normal -2.729457932206119e-06 0.7068650182329066 0.7073484615033405
  outer loop
    vertex 33.65886665594902 16.068145908205903 3.0020795422098594
    vertex 33.85879140820789 15.33573024041758 3.7337704027602854
    vertex 33.92154926985316 15.398998217932098 3.6700207428892577
  endloop
endfacet
facet normal -0.8582785367722675 0.5131841301179147 -4.371698473303718e-05
  outer loop
    vertex 0.9125740650337025 11.219706106758618 2.0000464799689177
    vertex 0.6273672197316755 10.742539464033996 3.195017524906252e-05
    vertex 0.6272653484094661 10.742539464033996 2.0000319475808057
  endloop
endfacet
facet normal -0.8582785367722675 0.5131841301179147 -4.371698473303718e-05
  outer loop
    vertex 0.6273672197316755 10.742539464033996 3.195017524906252e-05
    vertex 0.9125740650337025 11.219706106758618 2.0000464799689177
    vertex 0.9126759363558894 11.219706106758618 4.648256336112766e-05
  endloop
endfacet
facet normal -1.1747938948124065e-05 0.9999999978879499 6.392250240681087e-05
  outer loop
    vertex 30.70904593815531 9.090016168751406 9.501152198307636
    vertex 32.851595696040285 9.090102936896352 8.001195297310195
    vertex 30.709045938155242 9.090016170408049 8.001173935128069
  endloop
endfacet
facet normal -1.1747938948124065e-05 0.9999999978879499 6.392250240681087e-05
  outer loop
    vertex 32.851595696040285 9.090102936896352 8.001195297310195
    vertex 30.70904593815531 9.090016168751406 9.501152198307636
    vertex 33.85874004642326 9.090151956346528 8.701173563000006
  endloop
endfacet
facet normal -1.1747938948124065e-05 0.9999999978879499 6.392250240681087e-05
  outer loop
    vertex 33.85874004642326 9.090151956346528 8.701173563000006
    vertex 30.70904593815531 9.090016168751406 9.501152198307636
    vertex 33.05874004643498 9.090095051158126 9.501173560987851
  endloop
endfacet
facet normal -1.1747938948124065e-05 0.9999999978879499 6.392250240681087e-05
  outer loop
    vertex 32.85749597346409 9.090790560251715 4.001669967729393
    vertex 33.85874004642326 9.090151956346528 8.701173563000006
    vertex 33.85874004642326 9.090099381937435 3.7336710751754802
  endloop
endfacet
facet normal -1.1747938948124065e-05 0.9999999978879499 6.392250240681087e-05
  outer loop
    vertex 33.85874004642326 9.090151956346528 8.701173563000006
    vertex 32.85749597346409 9.090790560251715 4.001669967729393
    vertex 32.851595696040285 9.090102936896352 8.001195297310195
  endloop
endfacet
facet normal 2.1689830938184585e-24 1.0 -4.035038726821953e-21
  outer loop
    vertex 15.999999979244476 16.320696600107063 2.000814967983159
    vertex 18.26842821488662 16.320696600107055 0.0009305092807232684
    vertex 16.000101850566676 16.320696600107063 0.0008149705776026028
  endloop
endfacet
facet normal 2.1689830938184585e-24 1.0 -4.035038726821953e-21
  outer loop
    vertex 18.26842821488662 16.320696600107055 0.0009305092807232684
    vertex 15.999999979244476 16.320696600107063 2.000814967983159
    vertex 18.26832634356442 16.320696600107063 2.0009305066862826
  endloop
endfacet
facet normal -0.42755509287564675 0.9039892931234443 -2.1777801339489907e-05
  outer loop
    vertex 4.4813207117493725 13.756838233997062 2.000228256438918
    vertex 5.47630747417835 14.22738374416744 0.0002789341530562206
    vertex 4.4814225830715655 13.756838233997065 0.00022825903335850216
  endloop
endfacet
facet normal -0.42755509287564675 0.9039892931234443 -2.1777801339489907e-05
  outer loop
    vertex 5.47630747417835 14.22738374416744 0.0002789341530562206
    vertex 4.4813207117493725 13.756838233997062 2.000228256438918
    vertex 5.476205602856152 14.22738374416744 2.0002789315586127
  endloop
endfacet
facet normal -0.4748655364489412 -0.3643832064127289 -0.8010790230541791
  outer loop
    vertex 9.527854098277901 3.560681293665052 0.5004432395318353
    vertex 8.59710771319635 2.5750312512074864 1.5005084801454367
    vertex 8.573269918667519 2.6060972683822814 1.5004930182569505
  endloop
endfacet
facet normal -0.4748655364489412 -0.3643832064127289 -0.8010790230541791
  outer loop
    vertex 8.59710771319635 2.5750312512074864 1.5005084801454367
    vertex 9.527854098277901 3.560681293665052 0.5004432395318353
    vertex 9.766232032182042 3.250021121917106 0.5004380753928667
  endloop
endfacet
facet normal 0.47481314604839736 -0.3643485521125669 -0.8011258383756571
  outer loop
    vertex 7.4065337549325445 3.560681293665052 0.5004643918957238
    vertex 8.337300081878862 2.5750312512074864 1.5003677902642267
    vertex 7.1681558210911644 3.2500211219171034 0.5004639816420546
  endloop
endfacet
facet normal 0.47481314604839736 -0.3643485521125669 -0.8011258383756571
  outer loop
    vertex 8.337300081878862 2.5750312512074864 1.5003677902642267
    vertex 7.4065337549325445 3.560681293665052 0.5004643918957238
    vertex 8.361137875997859 2.6060972683822814 1.5003781454499707
  endloop
endfacet
facet normal -0.5529987452391036 -0.2290669208706505 -0.8010747365426125
  outer loop
    vertex 9.766232032182042 3.250021121917106 0.5004380753928667
    vertex 8.612092777397955 2.5388541079765767 1.5005195682317511
    vertex 8.59710771319635 2.5750312512074864 1.5005084801454367
  endloop
endfacet
facet normal -0.5529987452391036 -0.2290669208706505 -0.8010747365426125
  outer loop
    vertex 8.612092777397955 2.5388541079765767 1.5005195682317511
    vertex 9.766232032182042 3.250021121917106 0.5004380753928667
    vertex 9.916082665960385 2.8882496896080054 0.5004333354253929
  endloop
endfacet
facet normal -0.22905190310531479 -0.552980324313721 -0.8010917466843143
  outer loop
    vertex 8.85542249418058 3.948909861279001 0.5004534276908096
    vertex 8.542203900114785 2.6299350617695194 1.500474236268436
    vertex 8.506026755363498 2.6449201251436762 1.5004534141413763
  endloop
endfacet
facet normal -0.22905190310531479 -0.552980324313721 -0.8010917466843143
  outer loop
    vertex 8.542203900114785 2.6299350617695194 1.500474236268436
    vertex 8.85542249418058 3.948909861279001 0.5004534276908096
    vertex 9.217193926505388 3.7990592275374317 0.500448475914765
  endloop
endfacet
facet normal 0.36433884959155055 -0.47482918061938445 -0.8011207473974379
  outer loop
    vertex 7.717193926656907 3.7990592275374317 0.5004634328947082
    vertex 8.361137875997859 2.6060972683822814 1.5003781454499707
    vertex 7.4065337549325445 3.560681293665052 0.5004643918957238
  endloop
endfacet
facet normal 0.36433884959155055 -0.47482918061938445 -0.8011207473974379
  outer loop
    vertex 8.361137875997859 2.6060972683822814 1.5003781454499707
    vertex 7.717193926656907 3.7990592275374317 0.5004634328947082
    vertex 8.392203894236115 2.6299350617695194 1.500393008927648
  endloop
endfacet
facet normal 0.36434987274813596 0.47482587087181927 -0.8011176958345358
  outer loop
    vertex 8.361137877397114 2.393965234048082 1.5003955808237406
    vertex 7.71719392691932 1.20098301645068 0.5004401233458464
    vertex 7.406533755146802 1.4393609503230589 0.5004453597287761
  endloop
endfacet
facet normal 0.36434987274813596 0.47482587087181927 -0.8011176958345358
  outer loop
    vertex 7.71719392691932 1.20098301645068 0.5004401233458464
    vertex 8.361137877397114 2.393965234048082 1.5003955808237406
    vertex 8.392203895949844 2.370127440660844 1.5004143628122548
  endloop
endfacet
facet normal 0.5529383407597354 0.22902721907696005 -0.8011277827161812
  outer loop
    vertex 8.322315018666679 2.461208394453787 1.5003690308489397
    vertex 7.168155821242672 1.7500211220710058 0.5004505238677449
    vertex 7.0183051874643185 2.1117925543801066 0.5004552638352185
  endloop
endfacet
facet normal 0.5529383407597354 0.22902721907696005 -0.8011277827161812
  outer loop
    vertex 7.168155821242672 1.7500211220710058 0.5004505238677449
    vertex 8.322315018666679 2.461208394453787 1.5003690308489397
    vertex 8.337300082868286 2.425031251222877 1.5003801189352544
  endloop
endfacet
facet normal -0.3643836924111246 0.4748605264826822 -0.8010817717895128
  outer loop
    vertex 8.573269920066771 2.393965234048082 1.50051045363072
    vertex 9.2171939267678 1.2009830164506816 0.5004251663659033
    vertex 8.542203901828515 2.370127440660844 1.5004955901530426
  endloop
endfacet
facet normal -0.3643836924111246 0.4748605264826822 -0.8010817717895128
  outer loop
    vertex 9.2171939267678 1.2009830164506816 0.5004251663659033
    vertex 8.573269920066771 2.393965234048082 1.50051045363072
    vertex 9.527854098492163 1.4393609503230602 0.5004242073648877
  endloop
endfacet
facet normal 0.5933679841451517 -0.07812769073524892 -0.801130762941916
  outer loop
    vertex 7.018305187385894 2.8882496896080054 0.5004622300918105
    vertex 8.317203892153646 2.500031251215182 1.5003630721995576
    vertex 6.967193926863875 2.500021121994056 0.5004592566102476
  endloop
endfacet
facet normal 0.5933679841451517 -0.07812769073524892 -0.801130762941916
  outer loop
    vertex 8.317203892153646 2.500031251215182 1.5003630721995576
    vertex 7.018305187385894 2.8882496896080054 0.5004622300918105
    vertex 8.322315018154516 2.5388541079765767 1.500362649059215
  endloop
endfacet
facet normal -0.5934486979090554 0.07811969015171748 -0.8010717551884141
  outer loop
    vertex 8.617203903910985 2.500031251215182 1.5005255268811333
    vertex 9.916082666038808 2.1117925543801097 0.5004263691688011
    vertex 8.612092777910117 2.461208394453787 1.5005259500214756
  endloop
endfacet
facet normal -0.5934486979090554 0.07811969015171748 -0.8010717551884141
  outer loop
    vertex 9.916082666038808 2.1117925543801097 0.5004263691688011
    vertex 8.617203903910985 2.500031251215182 1.5005255268811333
    vertex 9.967193926560832 2.500021121994056 0.500429342650364
  endloop
endfacet
facet normal 0.07812094194295695 0.5934060786137854 -0.8011032045212122
  outer loop
    vertex 8.428381040701137 2.355142377286687 1.5004351849393143
    vertex 8.467193926863859 1.0000211221479571 0.5004308418559973
    vertex 8.078965359244128 1.051132382709111 0.5004351715698019
  endloop
endfacet
facet normal 0.07812094194295695 0.5934060786137854 -0.8011032045212122
  outer loop
    vertex 8.467193926863859 1.0000211221479571 0.5004308418559973
    vertex 8.428381040701137 2.355142377286687 1.5004351849393143
    vertex 8.467203899021738 2.350031251230572 1.5004566282113703
  endloop
endfacet
facet normal -0.22905997309470474 0.552982131755798 -0.8010881915773485
  outer loop
    vertex 8.542203901828515 2.370127440660844 1.5004955901530426
    vertex 8.85542249447326 1.051132382709111 0.50042742926727
    vertex 8.506026757274913 2.3551423772866875 1.5004772313048704
  endloop
endfacet
facet normal -0.22905997309470474 0.552982131755798 -0.8010881915773485
  outer loop
    vertex 8.85542249447326 1.051132382709111 0.50042742926727
    vertex 8.542203901828515 2.370127440660844 1.5004955901530426
    vertex 9.2171939267678 1.2009830164506816 0.5004251663659033
  endloop
endfacet
facet normal 0.22904223699840762 0.5529567620703834 -0.8011107744571926
  outer loop
    vertex 8.392203895949844 2.370127440660844 1.5004143628122548
    vertex 8.078965359244128 1.051132382709111 0.5004351715698019
    vertex 7.71719392691932 1.20098301645068 0.5004401233458464
  endloop
endfacet
facet normal 0.22904223699840762 0.5529567620703834 -0.8011107744571926
  outer loop
    vertex 8.078965359244128 1.051132382709111 0.5004351715698019
    vertex 8.392203895949844 2.370127440660844 1.5004143628122548
    vertex 8.428381040701137 2.355142377286687 1.5004351849393143
  endloop
endfacet
facet normal -0.36437266853192113 -0.4748638349142479 -0.8010848249202208
  outer loop
    vertex 9.217193926505388 3.7990592275374317 0.500448475914765
    vertex 8.573269918667519 2.6060972683822814 1.5004930182569505
    vertex 8.542203900114785 2.6299350617695194 1.500474236268436
  endloop
endfacet
facet normal -0.36437266853192113 -0.4748638349142479 -0.8010848249202208
  outer loop
    vertex 8.573269918667519 2.6060972683822814 1.5004930182569505
    vertex 9.217193926505388 3.7990592275374317 0.500448475914765
    vertex 9.527854098277901 3.560681293665052 0.5004432395318353
  endloop
endfacet
facet normal 0.5933709377487033 0.07811040391899371 -0.8011302609656161
  outer loop
    vertex 8.317203892153646 2.500031251215182 1.5003630721995576
    vertex 7.0183051874643185 2.1117925543801066 0.5004552638352185
    vertex 6.967193926863875 2.500021121994056 0.5004592566102476
  endloop
endfacet
facet normal 0.5933709377487033 0.07811040391899371 -0.8011302609656161
  outer loop
    vertex 7.0183051874643185 2.1117925543801066 0.5004552638352185
    vertex 8.317203892153646 2.500031251215182 1.5003630721995576
    vertex 8.322315018666679 2.461208394453787 1.5003690308489397
  endloop
endfacet
facet normal 0.0005415155010080429 -0.00010129219174183166 -0.9999998482504157
  outer loop
    vertex 8.322315018154516 2.5388541079765767 1.500362649059215
    vertex 8.322315018666679 2.461208394453787 1.5003690308489397
    vertex 8.317203892153646 2.500031251215182 1.5003630721995576
  endloop
endfacet
facet normal 0.0005415155010080429 -0.00010129219174183166 -0.9999998482504157
  outer loop
    vertex 8.322315018666679 2.461208394453787 1.5003690308489397
    vertex 8.322315018154516 2.5388541079765767 1.500362649059215
    vertex 8.337300081878862 2.5750312512074864 1.5003677902642267
  endloop
endfacet
facet normal 0.0005415155010080429 -0.00010129219174183166 -0.9999998482504157
  outer loop
    vertex 8.322315018666679 2.461208394453787 1.5003690308489397
    vertex 8.337300081878862 2.5750312512074864 1.5003677902642267
    vertex 8.337300082868286 2.425031251222877 1.5003801189352544
  endloop
endfacet
facet normal 0.0005415155010080429 -0.00010129219174183166 -0.9999998482504157
  outer loop
    vertex 8.337300082868286 2.425031251222877 1.5003801189352544
    vertex 8.337300081878862 2.5750312512074864 1.5003677902642267
    vertex 8.361137875997859 2.6060972683822814 1.5003781454499707
  endloop
endfacet
facet normal 0.0005415155010080429 -0.00010129219174183166 -0.9999998482504157
  outer loop
    vertex 8.337300082868286 2.425031251222877 1.5003801189352544
    vertex 8.361137875997859 2.6060972683822814 1.5003781454499707
    vertex 8.361137877397114 2.393965234048082 1.5003955808237406
  endloop
endfacet
facet normal 0.0005415155010080429 -0.00010129219174183166 -0.9999998482504157
  outer loop
    vertex 8.361137877397114 2.393965234048082 1.5003955808237406
    vertex 8.361137875997859 2.6060972683822814 1.5003781454499707
    vertex 8.392203894236115 2.6299350617695194 1.500393008927648
  endloop
endfacet
facet normal 0.0005415155010080429 -0.00010129219174183166 -0.9999998482504157
  outer loop
    vertex 8.361137877397114 2.393965234048082 1.5003955808237406
    vertex 8.392203894236115 2.6299350617695194 1.500393008927648
    vertex 8.392203895949844 2.370127440660844 1.5004143628122548
  endloop
endfacet
facet normal 0.0005415155010080429 -0.00010129219174183166 -0.9999998482504157
  outer loop
    vertex 8.392203895949844 2.370127440660844 1.5004143628122548
    vertex 8.392203894236115 2.6299350617695194 1.500393008927648
    vertex 8.428381038789718 2.6449201251436762 1.5004113677758175
  endloop
endfacet
facet normal 0.0005415155010080429 -0.00010129219174183166 -0.9999998482504157
  outer loop
    vertex 8.392203895949844 2.370127440660844 1.5004143628122548
    vertex 8.428381038789718 2.6449201251436762 1.5004113677758175
    vertex 8.428381040701137 2.355142377286687 1.5004351849393143
  endloop
endfacet
facet normal 0.0005415155010080429 -0.00010129219174183166 -0.9999998482504157
  outer loop
    vertex 8.428381040701137 2.355142377286687 1.5004351849393143
    vertex 8.428381038789718 2.6449201251436762 1.5004113677758175
    vertex 8.467203897042893 2.6500312511997914 1.5004319708693208
  endloop
endfacet
facet normal 0.0005415155010080429 -0.00010129219174183166 -0.9999998482504157
  outer loop
    vertex 8.428381040701137 2.355142377286687 1.5004351849393143
    vertex 8.467203897042893 2.6500312511997914 1.5004319708693208
    vertex 8.467203899021738 2.350031251230572 1.5004566282113703
  endloop
endfacet
facet normal 0.0005415155010080429 -0.00010129219174183166 -0.9999998482504157
  outer loop
    vertex 8.467203899021738 2.350031251230572 1.5004566282113703
    vertex 8.467203897042893 2.6500312511997914 1.5004319708693208
    vertex 8.506026755363498 2.6449201251436762 1.5004534141413763
  endloop
endfacet
facet normal 0.0005415155010080429 -0.00010129219174183166 -0.9999998482504157
  outer loop
    vertex 8.467203899021738 2.350031251230572 1.5004566282113703
    vertex 8.506026755363498 2.6449201251436762 1.5004534141413763
    vertex 8.506026757274913 2.3551423772866875 1.5004772313048704
  endloop
endfacet
facet normal 0.0005415155010080429 -0.00010129219174183166 -0.9999998482504157
  outer loop
    vertex 8.506026757274913 2.3551423772866875 1.5004772313048704
    vertex 8.506026755363498 2.6449201251436762 1.5004534141413763
    vertex 8.542203900114785 2.6299350617695194 1.500474236268436
  endloop
endfacet
facet normal 0.0005415155010080429 -0.00010129219174183166 -0.9999998482504157
  outer loop
    vertex 8.506026757274913 2.3551423772866875 1.5004772313048704
    vertex 8.542203900114785 2.6299350617695194 1.500474236268436
    vertex 8.542203901828515 2.370127440660844 1.5004955901530426
  endloop
endfacet
facet normal 0.0005415155010080429 -0.00010129219174183166 -0.9999998482504157
  outer loop
    vertex 8.542203901828515 2.370127440660844 1.5004955901530426
    vertex 8.542203900114785 2.6299350617695194 1.500474236268436
    vertex 8.573269918667519 2.6060972683822814 1.5004930182569505
  endloop
endfacet
facet normal 0.0005415155010080429 -0.00010129219174183166 -0.9999998482504157
  outer loop
    vertex 8.542203901828515 2.370127440660844 1.5004955901530426
    vertex 8.573269918667519 2.6060972683822814 1.5004930182569505
    vertex 8.573269920066771 2.393965234048082 1.50051045363072
  endloop
endfacet
facet normal 0.0005415155010080429 -0.00010129219174183166 -0.9999998482504157
  outer loop
    vertex 8.573269920066771 2.393965234048082 1.50051045363072
    vertex 8.573269918667519 2.6060972683822814 1.5004930182569505
    vertex 8.59710771319635 2.5750312512074864 1.5005084801454367
  endloop
endfacet
facet normal 0.0005415155010080429 -0.00010129219174183166 -0.9999998482504157
  outer loop
    vertex 8.573269920066771 2.393965234048082 1.50051045363072
    vertex 8.59710771319635 2.5750312512074864 1.5005084801454367
    vertex 8.597107714185771 2.425031251222877 1.5005208088164639
  endloop
endfacet
facet normal 0.0005415155010080429 -0.00010129219174183166 -0.9999998482504157
  outer loop
    vertex 8.597107714185771 2.425031251222877 1.5005208088164639
    vertex 8.59710771319635 2.5750312512074864 1.5005084801454367
    vertex 8.612092777397955 2.5388541079765767 1.5005195682317511
  endloop
endfacet
facet normal 0.0005415155010080429 -0.00010129219174183166 -0.9999998482504157
  outer loop
    vertex 8.597107714185771 2.425031251222877 1.5005208088164639
    vertex 8.612092777397955 2.5388541079765767 1.5005195682317511
    vertex 8.612092777910117 2.461208394453787 1.5005259500214756
  endloop
endfacet
facet normal 0.0005415155010080429 -0.00010129219174183166 -0.9999998482504157
  outer loop
    vertex 8.612092777910117 2.461208394453787 1.5005259500214756
    vertex 8.612092777397955 2.5388541079765767 1.5005195682317511
    vertex 8.617203903910985 2.500031251215182 1.5005255268811333
  endloop
endfacet
facet normal -0.0781264383156915 -0.593410603694815 -0.8010993166010439
  outer loop
    vertex 8.85542249418058 3.948909861279001 0.5004534276908096
    vertex 8.467203897042893 2.6500312511997914 1.5004319708693208
    vertex 8.467193926560851 4.000021121840153 0.5004577574046142
  endloop
endfacet
facet normal -0.0781264383156915 -0.593410603694815 -0.8010993166010439
  outer loop
    vertex 8.467203897042893 2.6500312511997914 1.5004319708693208
    vertex 8.85542249418058 3.948909861279001 0.5004534276908096
    vertex 8.506026755363498 2.6449201251436762 1.5004534141413763
  endloop
endfacet
facet normal -0.38268343262785487 0.9238795324024459 -2.6924277702483396e-09
  outer loop
    vertex 8.85542249447326 1.051132382709111 0.50042742926727
    vertex 9.21719392912736 1.200983016085823 0.0005625335062701797
    vertex 8.855422497385876 1.0511323823442524 0.0005418833525404843
  endloop
endfacet
facet normal -0.38268343262785487 0.9238795324024459 -2.6924277702483396e-09
  outer loop
    vertex 9.21719392912736 1.200983016085823 0.0005625335062701797
    vertex 8.85542249447326 1.051132382709111 0.50042742926727
    vertex 9.2171939267678 1.2009830164506816 0.5004251663659033
  endloop
endfacet
facet normal -0.99144486135588 0.13052619235624802 -3.730961434718865e-09
  outer loop
    vertex 9.916082666038808 2.1117925543801097 0.5004263691688011
    vertex 9.967193928487125 2.5000211216291977 0.0005953325059674164
    vertex 9.916082667778339 2.111792554015251 0.0005961330487457949
  endloop
endfacet
facet normal -0.99144486135588 0.13052619235624802 -3.730961434718865e-09
  outer loop
    vertex 9.967193928487125 2.5000211216291977 0.0005953325059674164
    vertex 9.916082666038808 2.1117925543801097 0.5004263691688011
    vertex 9.967193926560832 2.500021121994056 0.500429342650364
  endloop
endfacet
facet normal -0.9914448614225555 -0.1305261918497971 -4.096093905196932e-09
  outer loop
    vertex 9.967193926560832 2.500021121994056 0.500429342650364
    vertex 9.916082668260271 2.8882496892431466 0.0005882681427428205
    vertex 9.967193928487125 2.5000211216291977 0.0005953325059674164
  endloop
endfacet
facet normal -0.9914448614225555 -0.1305261918497971 -4.096093905196932e-09
  outer loop
    vertex 9.916082668260271 2.8882496892431466 0.0005882681427428205
    vertex 9.967193926560832 2.500021121994056 0.500429342650364
    vertex 9.916082665960385 2.8882496896080054 0.5004333354253929
  endloop
endfacet
facet normal -0.13052619234146456 -0.9914448613578262 -6.802983272759459e-10
  outer loop
    vertex 8.855422499184472 3.9489098609141426 0.000512531123740767
    vertex 8.467193926560851 4.000021121840153 0.5004577574046142
    vertex 8.467193932311188 4.000021121475295 0.0004882241865201919
  endloop
endfacet
facet normal -0.13052619234146456 -0.9914448613578262 -6.802983272759459e-10
  outer loop
    vertex 8.467193926560851 4.000021121840153 0.5004577574046142
    vertex 8.855422499184472 3.9489098609141426 0.000512531123740767
    vertex 8.85542249418058 3.948909861279001 0.5004534276908096
  endloop
endfacet
facet normal -0.6087614294345939 -0.7933533399644511 -4.127207013403079e-09
  outer loop
    vertex 9.527854101772627 3.5606812933001932 0.0005576677143841469
    vertex 9.217193926505388 3.7990592275374317 0.500448475914765
    vertex 9.217193930739935 3.7990592271725734 0.0005362170178760728
  endloop
endfacet
facet normal -0.6087614294345939 -0.7933533399644511 -4.127207013403079e-09
  outer loop
    vertex 9.217193926505388 3.7990592275374317 0.500448475914765
    vertex 9.527854101772627 3.5606812933001932 0.0005576677143841469
    vertex 9.527854098277901 3.560681293665052 0.5004432395318353
  endloop
endfacet
facet normal -0.382683432698162 -0.9238795323733238 -2.861656452953902e-09
  outer loop
    vertex 9.217193930739935 3.7990592271725734 0.0005362170178760728
    vertex 8.85542249418058 3.948909861279001 0.5004534276908096
    vertex 8.855422499184472 3.9489098609141426 0.000512531123740767
  endloop
endfacet
facet normal -0.382683432698162 -0.9238795323733238 -2.861656452953902e-09
  outer loop
    vertex 8.85542249418058 3.948909861279001 0.5004534276908096
    vertex 9.217193930739935 3.7990592271725734 0.0005362170178760728
    vertex 9.217193926505388 3.7990592275374317 0.500448475914765
  endloop
endfacet
facet normal 0.7933533404597731 -0.6087614287890778 1.2307884525909275e-08
  outer loop
    vertex 7.406533762304367 3.5606812933001932 0.00042768099917960266
    vertex 7.1681558210911644 3.2500211219171034 0.5004639816420546
    vertex 7.168155828674467 3.250021121552245 0.00041622082095194024
  endloop
endfacet
facet normal 0.7933533404597731 -0.6087614287890778 1.2307884525909275e-08
  outer loop
    vertex 7.1681558210911644 3.2500211219171034 0.5004639816420546
    vertex 7.406533762304367 3.5606812933001932 0.00042768099917960266
    vertex 7.4065337549325445 3.560681293665052 0.5004643918957238
  endloop
endfacet
facet normal 0.9914448614225518 0.13052619184982414 1.4225051254758226e-08
  outer loop
    vertex 6.967193934273211 2.5000211216291977 0.00041150353039307583
    vertex 7.0183051874643185 2.1117925543801066 0.5004552638352185
    vertex 7.0183051945000585 2.1117925540152482 0.00041856789361767173
  endloop
endfacet
facet normal 0.9914448614225518 0.13052619184982414 1.4225051254758226e-08
  outer loop
    vertex 7.0183051874643185 2.1117925543801066 0.5004552638352185
    vertex 6.967193934273211 2.5000211216291977 0.00041150353039307583
    vertex 6.967193926863875 2.500021121994056 0.5004592566102476
  endloop
endfacet
facet normal 0.38268343262778437 -0.9238795324024751 5.801692103119989e-09
  outer loop
    vertex 8.07896536537446 3.9489098609141426 0.00046495268382000797
    vertex 7.717193926656907 3.7990592275374317 0.5004634328947082
    vertex 7.717193933632975 3.7990592271725734 0.0004443025300903125
  endloop
endfacet
facet normal 0.38268343262778437 -0.9238795324024751 5.801692103119989e-09
  outer loop
    vertex 7.717193926656907 3.7990592275374317 0.5004634328947082
    vertex 8.07896536537446 3.9489098609141426 0.00046495268382000797
    vertex 8.078965358951448 3.948909861279001 0.5004611699933414
  endloop
endfacet
facet normal 0.9238795325497849 -0.38268343227214685 1.4301767836471091e-08
  outer loop
    vertex 7.168155828674467 3.250021121552245 0.00041622082095194024
    vertex 7.018305187385894 2.8882496896080054 0.5004622300918105
    vertex 7.018305194981991 2.8882496892431466 0.00041070298761469726
  endloop
endfacet
facet normal 0.9238795325497849 -0.38268343227214685 1.4301767836471091e-08
  outer loop
    vertex 7.018305187385894 2.8882496896080054 0.5004622300918105
    vertex 7.168155828674467 3.250021121552245 0.00041622082095194024
    vertex 7.1681558210911644 3.2500211219171034 0.5004639816420546
  endloop
endfacet
facet normal 0.6087614292817204 -0.7933533400817553 9.312850153826089e-09
  outer loop
    vertex 7.717193933632975 3.7990592271725734 0.0004443025300903125
    vertex 7.4065337549325445 3.560681293665052 0.5004643918957238
    vertex 7.406533762304367 3.5606812933001932 0.00042768099917960266
  endloop
endfacet
facet normal 0.6087614292817204 -0.7933533400817553 9.312850153826089e-09
  outer loop
    vertex 7.4065337549325445 3.560681293665052 0.5004643918957238
    vertex 7.717193933632975 3.7990592271725734 0.0004443025300903125
    vertex 7.717193926656907 3.7990592275374317 0.5004634328947082
  endloop
endfacet
facet normal 0.9238795327195336 0.3826834318623375 1.2226188362961916e-08
  outer loop
    vertex 7.0183051945000585 2.1117925540152482 0.00041856789361767173
    vertex 7.168155821242672 1.7500211220710058 0.5004505238677449
    vertex 7.16815582774345 1.7500211217061472 0.0004314146526105844
  endloop
endfacet
facet normal 0.9238795327195336 0.3826834318623375 1.2226188362961916e-08
  outer loop
    vertex 7.168155821242672 1.7500211220710058 0.5004505238677449
    vertex 7.0183051945000585 2.1117925540152482 0.00041856789361767173
    vertex 7.0183051874643185 2.1117925543801066 0.5004552638352185
  endloop
endfacet
facet normal 0.7933533406589205 0.6087614285295437 9.346957786161767e-09
  outer loop
    vertex 7.16815582774345 1.7500211217061472 0.0004314146526105844
    vertex 7.406533755146802 1.4393609503230589 0.5004453597287761
    vertex 7.406533760987703 1.4393609499582003 0.00044916832197634533
  endloop
endfacet
facet normal 0.7933533406589205 0.6087614285295437 9.346957786161767e-09
  outer loop
    vertex 7.406533755146802 1.4393609503230589 0.5004453597287761
    vertex 7.16815582774345 1.7500211217061472 0.0004314146526105844
    vertex 7.168155821242672 1.7500211220710058 0.5004505238677449
  endloop
endfacet
facet normal 0.6087614294345527 0.7933533399644829 6.082352783481505e-09
  outer loop
    vertex 7.406533755146802 1.4393609503230589 0.5004453597287761
    vertex 7.7171939320204 1.2009830160858217 0.00047061901848441943
    vertex 7.406533760987703 1.4393609499582003 0.00044916832197634533
  endloop
endfacet
facet normal 0.6087614294345527 0.7933533399644829 6.082352783481505e-09
  outer loop
    vertex 7.7171939320204 1.2009830160858217 0.00047061901848441943
    vertex 7.406533755146802 1.4393609503230589 0.5004453597287761
    vertex 7.71719392691932 1.20098301645068 0.5004401233458464
  endloop
endfacet
facet normal 0.1305261923326465 -0.991444861358987 2.312496604138507e-09
  outer loop
    vertex 8.467193932311188 4.000021121475295 0.0004882241865201919
    vertex 8.078965358951448 3.948909861279001 0.5004611699933414
    vertex 8.07896536537446 3.9489098609141426 0.00046495268382000797
  endloop
endfacet
facet normal 0.1305261923326465 -0.991444861358987 2.312496604138507e-09
  outer loop
    vertex 8.078965358951448 3.948909861279001 0.5004611699933414
    vertex 8.467193932311188 4.000021121475295 0.0004882241865201919
    vertex 8.467193926560851 4.000021121840153 0.5004577574046142
  endloop
endfacet
facet normal 0.1305261923414772 0.9914448613578244 3.0995280457460276e-10
  outer loop
    vertex 8.078965359244128 1.051132382709111 0.5004351715698019
    vertex 8.467193930449147 1.0000211217830985 0.0005186118498403002
    vertex 8.078965363575861 1.0511323823442524 0.0004943049126197252
  endloop
endfacet
facet normal 0.1305261923414772 0.9914448613578244 3.0995280457460276e-10
  outer loop
    vertex 8.467193930449147 1.0000211217830985 0.0005186118498403002
    vertex 8.078965359244128 1.051132382709111 0.5004351715698019
    vertex 8.467193926863859 1.0000211221479571 0.5004308418559973
  endloop
endfacet
facet normal -0.1305261923326689 0.991444861358984 -1.5719412751143404e-09
  outer loop
    vertex 8.467193926863859 1.0000211221479571 0.5004308418559973
    vertex 8.855422497385876 1.0511323823442524 0.0005418833525404843
    vertex 8.467193930449147 1.0000211217830985 0.0005186118498403002
  endloop
endfacet
facet normal -0.1305261923326689 0.991444861358984 -1.5719412751143404e-09
  outer loop
    vertex 8.855422497385876 1.0511323823442524 0.0005418833525404843
    vertex 8.467193926863859 1.0000211221479571 0.5004308418559973
    vertex 8.85542249447326 1.051132382709111 0.50042742926727
  endloop
endfacet
facet normal -0.9238795325498295 0.3826834322720395 -3.506480933235194e-09
  outer loop
    vertex 9.766232032333543 1.7500211220710087 0.5004246176185568
    vertex 9.916082667778339 2.111792554015251 0.0005961330487457949
    vertex 9.766232034085867 1.75002112170615 0.000590615215408552
  endloop
endfacet
facet normal -0.9238795325498295 0.3826834322720395 -3.506480933235194e-09
  outer loop
    vertex 9.916082667778339 2.111792554015251 0.0005961330487457949
    vertex 9.766232032333543 1.7500211220710087 0.5004246176185568
    vertex 9.916082666038808 2.1117925543801097 0.5004263691688011
  endloop
endfacet
facet normal -0.9238795327195738 -0.38268343186224024 -4.4659395182254465e-09
  outer loop
    vertex 9.916082665960385 2.8882496896080054 0.5004333354253929
    vertex 9.766232035016891 3.2500211215522476 0.0005754213837499078
    vertex 9.916082668260271 2.8882496892431466 0.0005882681427428205
  endloop
endfacet
facet normal -0.9238795327195738 -0.38268343186224024 -4.4659395182254465e-09
  outer loop
    vertex 9.766232035016891 3.2500211215522476 0.0005754213837499078
    vertex 9.916082665960385 2.8882496896080054 0.5004333354253929
    vertex 9.766232032182042 3.250021121917106 0.5004380753928667
  endloop
endfacet
facet normal 0.9914448613558777 -0.13052619235626384 1.4970820254200455e-08
  outer loop
    vertex 7.018305194981991 2.8882496892431466 0.00041070298761469726
    vertex 6.967193926863875 2.500021121994056 0.5004592566102476
    vertex 6.967193934273211 2.5000211216291977 0.00041150353039307583
  endloop
endfacet
facet normal 0.9914448613558777 -0.13052619235626384 1.4970820254200455e-08
  outer loop
    vertex 6.967193926863875 2.500021121994056 0.5004592566102476
    vertex 7.018305194981991 2.8882496892431466 0.00041070298761469726
    vertex 7.018305187385894 2.8882496896080054 0.5004622300918105
  endloop
endfacet
facet normal -0.7933533406589519 -0.6087614285295028 -4.578531014261702e-09
  outer loop
    vertex 9.766232032182042 3.250021121917106 0.5004380753928667
    vertex 9.527854101772627 3.5606812933001932 0.0005576677143841469
    vertex 9.766232035016891 3.2500211215522476 0.0005754213837499078
  endloop
endfacet
facet normal -0.7933533406589519 -0.6087614285295028 -4.578531014261702e-09
  outer loop
    vertex 9.527854101772627 3.5606812933001932 0.0005576677143841469
    vertex 9.766232032182042 3.250021121917106 0.5004380753928667
    vertex 9.527854098277901 3.560681293665052 0.5004432395318353
  endloop
endfacet
facet normal 0.3826834326981604 0.9238795323733243 2.9358822462186744e-09
  outer loop
    vertex 7.71719392691932 1.20098301645068 0.5004401233458464
    vertex 8.078965363575861 1.0511323823442524 0.0004943049126197252
    vertex 7.7171939320204 1.2009830160858217 0.00047061901848441943
  endloop
endfacet
facet normal 0.3826834326981604 0.9238795323733243 2.9358822462186744e-09
  outer loop
    vertex 8.078965363575861 1.0511323823442524 0.0004943049126197252
    vertex 7.71719392691932 1.20098301645068 0.5004401233458464
    vertex 8.078965359244128 1.051132382709111 0.5004351715698019
  endloop
endfacet
facet normal -0.6087614292818151 0.7933533400816823 -3.2117637760236518e-09
  outer loop
    vertex 9.2171939267678 1.2009830164506816 0.5004251663659033
    vertex 9.527854100455968 1.4393609499582016 0.0005791550371808896
    vertex 9.21719392912736 1.200983016085823 0.0005625335062701797
  endloop
endfacet
facet normal -0.6087614292818151 0.7933533400816823 -3.2117637760236518e-09
  outer loop
    vertex 9.527854100455968 1.4393609499582016 0.0005791550371808896
    vertex 9.2171939267678 1.2009830164506816 0.5004251663659033
    vertex 9.527854098492163 1.4393609503230602 0.5004242073648877
  endloop
endfacet
facet normal -0.7933533404598553 0.6087614287889705 -3.393518185133154e-09
  outer loop
    vertex 9.527854098492163 1.4393609503230602 0.5004242073648877
    vertex 9.766232034085867 1.75002112170615 0.000590615215408552
    vertex 9.527854100455968 1.4393609499582016 0.0005791550371808896
  endloop
endfacet
facet normal -0.7933533404598553 0.6087614287889705 -3.393518185133154e-09
  outer loop
    vertex 9.766232034085867 1.75002112170615 0.000590615215408552
    vertex 9.527854098492163 1.4393609503230602 0.5004242073648877
    vertex 9.766232032333543 1.7500211220710087 0.5004246176185568
  endloop
endfacet
facet normal 7.124764512336282e-05 -1.9101070664289547e-05 -0.9999999972794611
  outer loop
    vertex 3.0366916046681265 13.073531369686826 0.00015467070576127284
    vertex 2.5001018680791587 9.525801195112068 0.0001273391527618628
    vertex 2.491592272248216 12.764789696123287 0.00012690571086269032
  endloop
endfacet
facet normal 7.124764512336282e-05 -1.9101070664289547e-05 -0.9999999972794611
  outer loop
    vertex 2.5001018680791587 9.525801195112068 0.0001273391527618628
    vertex 3.0366916046681265 13.073531369686826 0.00015467070576127284
    vertex 3.1196327574671807 10.664534657501223 0.000158895368208678
  endloop
endfacet
facet normal 7.124764512336282e-05 -1.9101070664289547e-05 -0.9999999972794611
  outer loop
    vertex 3.1196327574671807 10.664534657501223 0.000158895368208678
    vertex 3.0366916046681265 13.073531369686826 0.00015467070576127284
    vertex 4.4814225830715655 13.756838233997065 0.00022825903335850216
  endloop
endfacet
facet normal 7.124764512336282e-05 -1.9101070664289547e-05 -0.9999999972794611
  outer loop
    vertex 3.1196327574671807 10.664534657501223 0.000158895368208678
    vertex 4.4814225830715655 13.756838233997065 0.00022825903335850216
    vertex 13.361793693443143 10.664532938756139 0.0006877390273254624
  endloop
endfacet
facet normal 7.124764512336282e-05 -1.9101070664289547e-05 -0.9999999972794611
  outer loop
    vertex 13.361793693443143 10.664532938756139 0.0006877390273254624
    vertex 4.4814225830715655 13.756838233997065 0.00022825903335850216
    vertex 5.47630747417835 14.22738374416744 0.0002789341530562206
  endloop
endfacet
facet normal 7.124764512336282e-05 -1.9101070664289547e-05 -0.9999999972794611
  outer loop
    vertex 13.361793693443143 10.664532938756139 0.0006877390273254624
    vertex 5.47630747417835 14.22738374416744 0.0002789341530562206
    vertex 8.01727323642443 15.136555832742808 0.00040835992416863307
  endloop
endfacet
facet normal 7.124764512336282e-05 -1.9101070664289547e-05 -0.9999999972794611
  outer loop
    vertex 13.361793693443143 10.664532938756139 0.0006877390273254624
    vertex 8.01727323642443 15.136555832742808 0.00040835992416863307
    vertex 10.63511800208271 15.792291811195899 0.0005417015781383316
  endloop
endfacet
facet normal 7.124764512336282e-05 -1.9101070664289547e-05 -0.9999999972794611
  outer loop
    vertex 13.361793693443143 10.664532938756139 0.0006877390273254624
    vertex 10.63511800208271 15.792291811195899 0.0005417015781383316
    vertex 11.969874248541533 15.990284197394187 0.0006096882700612926
  endloop
endfacet
facet normal 7.124764512336282e-05 -1.9101070664289547e-05 -0.9999999972794611
  outer loop
    vertex 13.361793693443143 10.664532938756139 0.0006877390273254624
    vertex 11.969874248541533 15.990284197394187 0.0006096882700612926
    vertex 13.304630495000358 16.188276583592483 0.0006776749619701538
  endloop
endfacet
facet normal 7.124764512336282e-05 -1.9101070664289547e-05 -0.9999999972794611
  outer loop
    vertex 13.361793693443143 10.664532938756139 0.0006877390273254624
    vertex 13.304630495000358 16.188276583592483 0.0006776749619701538
    vertex 14.55164955932776 13.70988158681363 0.000555964536502766
  endloop
endfacet
facet normal 7.124764512336282e-05 -1.9101070664289547e-05 -0.9999999972794611
  outer loop
    vertex 14.55164955932776 13.70988158681363 0.000555964536502766
    vertex 13.304630495000358 16.188276583592483 0.0006776749619701538
    vertex 14.701500193020236 14.07165301899257 0.0005614823698424942
  endloop
endfacet
facet normal 7.124764512336282e-05 -1.9101070664289547e-05 -0.9999999972794611
  outer loop
    vertex 14.701500193020236 14.07165301899257 0.0005614823698424942
    vertex 13.304630495000358 16.188276583592483 0.0006776749619701538
    vertex 16.000101850566676 16.320696600107063 0.0008149705776026028
  endloop
endfacet
facet normal 7.124764512336282e-05 -1.9101070664289547e-05 -0.9999999972794611
  outer loop
    vertex 13.361793693443143 10.664532938756139 0.0006877390273254624
    vertex 14.55164955932776 13.70988158681363 0.000555964536502766
    vertex 13.361794659149476 6.089852850652271 0.0006954128187517394
  endloop
endfacet
facet normal 7.124764512336282e-05 -1.9101070664289547e-05 -0.9999999972794611
  outer loop
    vertex 13.361794659149476 6.089852850652271 0.0006954128187517394
    vertex 14.55164955932776 13.70988158681363 0.000555964536502766
    vertex 13.5069461036855 6.089853013046713 0.0006954133576445142
  endloop
endfacet
facet normal 7.124764512336282e-05 -1.9101070664289547e-05 -0.9999999972794611
  outer loop
    vertex 13.5069461036855 6.089853013046713 0.0006954133576445142
    vertex 14.55164955932776 13.70988158681363 0.000555964536502766
    vertex 14.138250828748609 10.664533102664777 0.0006877390273254624
  endloop
endfacet
facet normal 7.124764512336282e-05 -1.9101070664289547e-05 -0.9999999972794611
  outer loop
    vertex 14.138250828748609 10.664533102664777 0.0006877390273254624
    vertex 14.55164955932776 13.70988158681363 0.000555964536502766
    vertex 14.500538298618977 13.321653019255788 0.0005567650792800722
  endloop
endfacet
facet normal 7.124764512336282e-05 -1.9101070664289547e-05 -0.9999999972794611
  outer loop
    vertex 14.701500193020236 14.07165301899257 0.0005614823698424942
    vertex 16.000101850566676 16.320696600107063 0.0008149705776026028
    vertex 14.93987812665014 14.382313190545174 0.0005729425480738874
  endloop
endfacet
facet normal 7.124764512336282e-05 -1.9101070664289547e-05 -0.9999999972794611
  outer loop
    vertex 14.93987812665014 14.382313190545174 0.0005729425480738874
    vertex 16.000101850566676 16.320696600107063 0.0008149705776026028
    vertex 15.250538297978748 14.620691124170339 0.0005895640789893202
  endloop
endfacet
facet normal 7.124764512336282e-05 -1.9101070664289547e-05 -0.9999999972794611
  outer loop
    vertex 15.250538297978748 14.620691124170339 0.0005895640789893202
    vertex 16.000101850566676 16.320696600107063 0.0008149705776026028
    vertex 15.612309729720243 14.770541757629664 0.0006102142327244073
  endloop
endfacet
facet normal 7.124764512336282e-05 -1.9101070664289547e-05 -0.9999999972794611
  outer loop
    vertex 15.612309729720243 14.770541757629664 0.0006102142327244073
    vertex 16.000101850566676 16.320696600107063 0.0008149705776026028
    vertex 16.000538296656963 14.821653017892785 0.0006334857354302841
  endloop
endfacet
facet normal 7.124764512336282e-05 -1.9101070664289547e-05 -0.9999999972794611
  outer loop
    vertex 16.000538296656963 14.821653017892785 0.0006334857354302841
    vertex 16.000101850566676 16.320696600107063 0.0008149705776026028
    vertex 18.26842821488662 16.320696600107055 0.0009305092807232684
  endloop
endfacet
facet normal 7.124764512336282e-05 -1.9101070664289547e-05 -0.9999999972794611
  outer loop
    vertex 16.000538296656963 14.821653017892785 0.0006334857354302841
    vertex 18.26842821488662 16.320696600107055 0.0009305092807232684
    vertex 16.38876686353024 14.770541757038123 0.0006577926726564651
  endloop
endfacet
facet normal 7.124764512336282e-05 -1.9101070664289547e-05 -0.9999999972794611
  outer loop
    vertex 16.38876686353024 14.770541757038123 0.0006577926726564651
    vertex 18.26842821488662 16.320696600107055 0.0009305092807232684
    vertex 16.750538295085715 14.620691123027562 0.0006814785667969087
  endloop
endfacet
facet normal 7.124764512336282e-05 -1.9101070664289547e-05 -0.9999999972794611
  outer loop
    vertex 16.750538295085715 14.620691123027562 0.0006814785667969087
    vertex 18.26842821488662 16.320696600107055 0.0009305092807232684
    vertex 17.0611984661184 14.382313188929043 0.0007029292633093026
  endloop
endfacet
facet normal 7.124764512336282e-05 -1.9101070664289547e-05 -0.9999999972794611
  outer loop
    vertex 17.0611984661184 14.382313188929043 0.0007029292633093026
    vertex 18.26842821488662 16.320696600107055 0.0009305092807232684
    vertex 17.299576399362664 14.071653017013224 0.0007206829326782705
  endloop
endfacet
facet normal 7.124764512336282e-05 -1.9101070664289547e-05 -0.9999999972794611
  outer loop
    vertex 17.299576399362664 14.071653017013224 0.0007206829326782705
    vertex 18.26842821488662 16.320696600107055 0.0009305092807232684
    vertex 17.44942703260604 13.709881584605958 0.0007335296916730567
  endloop
endfacet
facet normal 7.124764512336282e-05 -1.9101070664289547e-05 -0.9999999972794611
  outer loop
    vertex 17.44942703260604 13.709881584605958 0.0007335296916730567
    vertex 18.26842821488662 16.320696600107055 0.0009305092807232684
    vertex 17.5005382928329 13.32165301697023 0.0007405940548980699
  endloop
endfacet
facet normal 7.124764512336282e-05 -1.9101070664289547e-05 -0.9999999972794611
  outer loop
    vertex 14.138250828748609 10.664533102664777 0.0006877390273254624
    vertex 15.612309727921636 11.872764279187896 0.0006395664615216773
    vertex 21.354413290923045 10.664534657501225 0.0011004298862452133
  endloop
endfacet
facet normal 7.124764512336282e-05 -1.9101070664289547e-05 -0.9999999972794611
  outer loop
    vertex 15.612309727921636 11.872764279187896 0.0006395664615216773
    vertex 14.138250828748609 10.664533102664777 0.0006877390273254624
    vertex 15.25053829636617 12.022614913198456 0.0006158805673812333
  endloop
endfacet
facet normal 7.124764512336282e-05 -1.9101070664289547e-05 -0.9999999972794611
  outer loop
    vertex 15.25053829636617 12.022614913198456 0.0006158805673812333
    vertex 14.138250828748609 10.664533102664777 0.0006877390273254624
    vertex 14.93987812533347 12.260992847296974 0.0005944298708688392
  endloop
endfacet
facet normal 7.124764512336282e-05 -1.9101070664289547e-05 -0.9999999972794611
  outer loop
    vertex 14.93987812533347 12.260992847296974 0.0005944298708688392
    vertex 14.138250828748609 10.664533102664777 0.0006877390273254624
    vertex 14.701500192089217 12.571653019212793 0.0005766762014998723
  endloop
endfacet
facet normal 7.124764512336282e-05 -1.9101070664289547e-05 -0.9999999972794611
  outer loop
    vertex 14.701500192089217 12.571653019212793 0.0005766762014998723
    vertex 14.138250828748609 10.664533102664777 0.0006877390273254624
    vertex 14.55164955884583 12.933424451620063 0.0005638294425050841
  endloop
endfacet
facet normal 7.124764512336282e-05 -1.9101070664289547e-05 -0.9999999972794611
  outer loop
    vertex 14.55164955884583 12.933424451620063 0.0005638294425050841
    vertex 14.138250828748609 10.664533102664777 0.0006877390273254624
    vertex 14.500538298618977 13.321653019255788 0.0005567650792800722
  endloop
endfacet
facet normal 7.124764512336282e-05 -1.9101070664289547e-05 -0.9999999972794611
  outer loop
    vertex 21.354413290923045 10.664534657501225 0.0011004298862452133
    vertex 15.612309727921636 11.872764279187896 0.0006395664615216773
    vertex 16.00053829479492 11.82165301833323 0.0006638733987478587
  endloop
endfacet
facet normal 7.124764512336282e-05 -1.9101070664289547e-05 -0.9999999972794611
  outer loop
    vertex 21.354413290923045 10.664534657501225 0.0011004298862452133
    vertex 16.00053829479492 11.82165301833323 0.0006638733987478587
    vertex 16.38876686173164 11.872764278596351 0.0006871449014537342
  endloop
endfacet
facet normal 7.124764512336282e-05 -1.9101070664289547e-05 -0.9999999972794611
  outer loop
    vertex 21.354413290923045 10.664534657501225 0.0011004298862452133
    vertex 16.38876686173164 11.872764278596351 0.0006871449014537342
    vertex 16.75053829347313 12.02261491205568 0.0007077950551888219
  endloop
endfacet
facet normal 7.124764512336282e-05 -1.9101070664289547e-05 -0.9999999972794611
  outer loop
    vertex 21.354413290923045 10.664534657501225 0.0011004298862452133
    vertex 16.75053829347313 12.02261491205568 0.0007077950551888219
    vertex 17.061198464801738 12.260992845680843 0.0007244165861042535
  endloop
endfacet
facet normal 7.124764512336282e-05 -1.9101070664289547e-05 -0.9999999972794611
  outer loop
    vertex 21.354413290923045 10.664534657501225 0.0011004298862452133
    vertex 17.061198464801738 12.260992845680843 0.0007244165861042535
    vertex 17.299576398431636 12.571653017233448 0.0007358767643356474
  endloop
endfacet
facet normal 7.124764512336282e-05 -1.9101070664289547e-05 -0.9999999972794611
  outer loop
    vertex 21.354413290923045 10.664534657501225 0.0011004298862452133
    vertex 17.299576398431636 12.571653017233448 0.0007358767643356474
    vertex 17.44942703212411 12.93342444941239 0.0007413945976753764
  endloop
endfacet
facet normal 7.124764512336282e-05 -1.9101070664289547e-05 -0.9999999972794611
  outer loop
    vertex 21.354413290923045 10.664534657501225 0.0011004298862452133
    vertex 17.44942703212411 12.93342444941239 0.0007413945976753764
    vertex 17.5005382928329 13.32165301697023 0.0007405940548980699
  endloop
endfacet
facet normal 7.124764512336282e-05 -1.9101070664289547e-05 -0.9999999972794611
  outer loop
    vertex 21.354413290923045 10.664534657501225 0.0011004298862452133
    vertex 17.5005382928329 13.32165301697023 0.0007405940548980699
    vertex 18.26842821488662 16.320696600107055 0.0009305092807232684
  endloop
endfacet
facet normal 7.124764512336282e-05 -1.9101070664289547e-05 -0.9999999972794611
  outer loop
    vertex 21.354413290923045 10.664534657501225 0.0011004298862452133
    vertex 18.26842821488662 16.320696600107055 0.0009305092807232684
    vertex 18.802386680137527 16.35569408696451 0.0009577068081858542
  endloop
endfacet
facet normal 7.124764512336282e-05 -1.9101070664289547e-05 -0.9999999972794611
  outer loop
    vertex 21.354413290923045 10.664534657501225 0.0011004298862452133
    vertex 18.802386680137527 16.35569408696451 0.0009577068081858542
    vertex 19.327208968006776 16.460087730833624 0.0009844389784176455
  endloop
endfacet
facet normal 7.124764512336282e-05 -1.9101070664289547e-05 -0.9999999972794611
  outer loop
    vertex 21.354413290923045 10.664534657501225 0.0011004298862452133
    vertex 19.327208968006776 16.460087730833624 0.0009844389784176455
    vertex 19.83391522364063 16.632091327524392 0.001010248396563429
  endloop
endfacet
facet normal 7.124764512336282e-05 -1.9101070664289547e-05 -0.9999999972794611
  outer loop
    vertex 21.354413290923045 10.664534657501225 0.0011004298862452133
    vertex 19.83391522364063 16.632091327524392 0.001010248396563429
    vertex 20.313835562519706 16.868761847809033 0.0010346934563316922
  endloop
endfacet
facet normal 7.124764512336282e-05 -1.9101070664289547e-05 -0.9999999972794611
  outer loop
    vertex 21.354413290923045 10.664534657501225 0.0011004298862452133
    vertex 20.313835562519706 16.868761847809033 0.0010346934563316922
    vertex 20.758758414586737 17.166049793468 0.0010573558959707352
  endloop
endfacet
facet normal 7.124764512336282e-05 -1.9101070664289547e-05 -0.9999999972794611
  outer loop
    vertex 21.354413290923045 10.664534657501225 0.0011004298862452133
    vertex 20.758758414586737 17.166049793468 0.0010573558959707352
    vertex 21.1610710264869 17.5188684853273 0.0010778479548529285
  endloop
endfacet
facet normal 7.124764512336282e-05 -1.9101070664289547e-05 -0.9999999972794611
  outer loop
    vertex 21.354413290923045 10.664534657501225 0.0011004298862452133
    vertex 21.1610710264869 17.5188684853273 0.0010778479548529285
    vertex 21.513889717888503 17.921181097749386 0.0010958190081734153
  endloop
endfacet
facet normal 7.124764512336282e-05 -1.9101070664289547e-05 -0.9999999972794611
  outer loop
    vertex 21.354413290923045 10.664534657501225 0.0011004298862452133
    vertex 21.513889717888503 17.921181097749386 0.0010958190081734153
    vertex 21.354413290923045 6.08985314479996 0.0011004298862508533
  endloop
endfacet
facet normal 7.124764512336282e-05 -1.9101070664289547e-05 -0.9999999972794611
  outer loop
    vertex 14.13825179445494 6.08985301456091 0.0006954128187517394
    vertex 19.01830265535747 2.8884400073167784 0.001006512591265005
    vertex 18.967191394648687 2.5002114397168556 0.001007313134043116
  endloop
endfacet
facet normal 7.124764512336282e-05 -1.9101070664289547e-05 -0.9999999972794611
  outer loop
    vertex 19.01830265535747 2.8884400073167784 0.001006512591265005
    vertex 14.13825179445494 6.08985301456091 0.0006954128187517394
    vertex 19.168153289049947 3.2502114395933366 0.0010120304246028697
  endloop
endfacet
facet normal 7.124764512336282e-05 -1.9101070664289547e-05 -0.9999999972794611
  outer loop
    vertex 19.168153289049947 3.2502114395933366 0.0010120304246028697
    vertex 14.13825179445494 6.08985301456091 0.0006954128187517394
    vertex 19.40653122267985 3.5608716112924492 0.0010234906028314648
  endloop
endfacet
facet normal 7.124764512336282e-05 -1.9101070664289547e-05 -0.9999999972794611
  outer loop
    vertex 19.40653122267985 3.5608716112924492 0.0010234906028314648
    vertex 14.13825179445494 6.08985301456091 0.0006954128187517394
    vertex 21.354413290923045 6.08985314479996 0.0011004298862508533
  endloop
endfacet
facet normal 7.124764512336282e-05 -1.9101070664289547e-05 -0.9999999972794611
  outer loop
    vertex 19.40653122267985 3.5608716112924492 0.0010234906028314648
    vertex 21.354413290923045 6.08985314479996 0.0011004298862508533
    vertex 19.717191394008456 3.7992495451030255 0.0010401121337433553
  endloop
endfacet
facet normal 7.124764512336282e-05 -1.9101070664289547e-05 -0.9999999972794611
  outer loop
    vertex 19.717191394008456 3.7992495451030255 0.0010401121337433553
    vertex 21.354413290923045 6.08985314479996 0.0011004298862508533
    vertex 20.07896282574994 3.9491001787740343 0.0010607622874743985
  endloop
endfacet
facet normal 7.124764512336282e-05 -1.9101070664289547e-05 -0.9999999972794611
  outer loop
    vertex 20.07896282574994 3.9491001787740343 0.0010607622874743985
    vertex 21.354413290923045 6.08985314479996 0.0011004298862508533
    vertex 20.46719139268667 4.000211439260679 0.0010840337901760059
  endloop
endfacet
facet normal 7.124764512336282e-05 -1.9101070664289547e-05 -0.9999999972794611
  outer loop
    vertex 20.46719139268667 4.000211439260679 0.0010840337901760059
    vertex 21.354413290923045 6.08985314479996 0.0011004298862508533
    vertex 20.855419959559953 3.949100178626148 0.0011083407273979823
  endloop
endfacet
facet normal 7.124764512336282e-05 -1.9101070664289547e-05 -0.9999999972794611
  outer loop
    vertex 20.855419959559953 3.949100178626148 0.0011083407273979823
    vertex 21.354413290923045 6.08985314479996 0.0011004298862508533
    vertex 21.217191391115417 3.7992495448173313 0.0011320266215345725
  endloop
endfacet
facet normal 7.124764512336282e-05 -1.9101070664289547e-05 -0.9999999972794611
  outer loop
    vertex 21.217191391115417 3.7992495448173313 0.0011320266215345725
    vertex 21.354413290923045 6.08985314479996 0.0011004298862508533
    vertex 21.527851562148108 3.5608716108884164 0.0011534773180437267
  endloop
endfacet
facet normal 7.124764512336282e-05 -1.9101070664289547e-05 -0.9999999972794611
  outer loop
    vertex 21.527851562148108 3.5608716108884164 0.0011534773180437267
    vertex 21.354413290923045 6.08985314479996 0.0011004298862508533
    vertex 21.513889717888503 17.921181097749386 0.0010958190081734153
  endloop
endfacet
facet normal 7.124764512336282e-05 -1.9101070664289547e-05 -0.9999999972794611
  outer loop
    vertex 21.527851562148108 3.5608716108884164 0.0011534773180437267
    vertex 21.513889717888503 17.921181097749386 0.0010958190081734153
    vertex 21.81117766316179 18.3661039503936 0.0011109615662201254
  endloop
endfacet
facet normal 7.124764512336282e-05 -1.9101070664289547e-05 -0.9999999972794611
  outer loop
    vertex 21.527851562148108 3.5608716108884164 0.0011534773180437267
    vertex 21.81117766316179 18.3661039503936 0.0011109615662201254
    vertex 21.76622949539237 3.2502114390985026 0.001171230987410289
  endloop
endfacet
facet normal 7.124764512336282e-05 -1.9101070664289547e-05 -0.9999999972794611
  outer loop
    vertex 21.76622949539237 3.2502114390985026 0.001171230987410289
    vertex 21.81117766316179 18.3661039503936 0.0011109615662201254
    vertex 21.916080128635752 2.88844000676486 0.0011840777464036704
  endloop
endfacet
facet normal 7.124764512336282e-05 -1.9101070664289547e-05 -0.9999999972794611
  outer loop
    vertex 21.916080128635752 2.88844000676486 0.0011840777464036704
    vertex 21.81117766316179 18.3661039503936 0.0011109615662201254
    vertex 22.047848183139372 18.846024289895247 0.0011230165356331812
  endloop
endfacet
facet normal 7.124764512336282e-05 -1.9101070664289547e-05 -0.9999999972794611
  outer loop
    vertex 21.916080128635752 2.88844000676486 0.0011840777464036704
    vertex 22.047848183139372 18.846024289895247 0.0011230165356331812
    vertex 21.967191388862606 2.500211439145467 0.0011911421096283707
  endloop
endfacet
facet normal 7.124764512336282e-05 -1.9101070664289547e-05 -0.9999999972794611
  outer loop
    vertex 22.35924291015265 20.411511300680086 0.0011388776319316563
    vertex 28.060220332636963 18.124354646813316 0.0012669397370576707
    vertex 22.85441328897722 10.664534657501223 0.001176833377899511
  endloop
endfacet
facet normal 7.124764512336282e-05 -1.9101070664289547e-05 -0.9999999972794611
  outer loop
    vertex 28.060220332636963 18.124354646813316 0.0012669397370576707
    vertex 22.35924291015265 20.411511300680086 0.0011388776319316563
    vertex 28.29859826626687 18.435014818414757 0.0012783999152881317
  endloop
endfacet
facet normal 7.124764512336282e-05 -1.9101070664289547e-05 -0.9999999972794611
  outer loop
    vertex 28.29859826626687 18.435014818414757 0.0012783999152881317
    vertex 22.35924291015265 20.411511300680086 0.0011388776319316563
    vertex 28.60925843759548 18.673392752101726 0.0012950214462023838
  endloop
endfacet
facet normal 7.124764512336282e-05 -1.9101070664289547e-05 -0.9999999972794611
  outer loop
    vertex 28.60925843759548 18.673392752101726 0.0012950214462023838
    vertex 22.35924291015265 20.411511300680086 0.0011388776319316563
    vertex 28.971029869336967 18.823243385631613 0.0013156715999361225
  endloop
endfacet
facet normal 7.124764512336282e-05 -1.9101070664289547e-05 -0.9999999972794611
  outer loop
    vertex 28.971029869336967 18.823243385631613 0.0013156715999361225
    vertex 22.35924291015265 20.411511300680086 0.0011388776319316563
    vertex 32.85918285409609 20.41151130075785 0.0025986775672842462
  endloop
endfacet
facet normal 7.124764512336282e-05 -1.9101070664289547e-05 -0.9999999972794611
  outer loop
    vertex 22.85441328897722 10.664534657501223 0.001176833377899511
    vertex 28.060220332636963 18.124354646813316 0.0012669397370576707
    vertex 25.85924290561237 14.336060909143965 0.0013171524457616045
  endloop
endfacet
facet normal 7.124764512336282e-05 -1.9101070664289547e-05 -0.9999999972794611
  outer loop
    vertex 22.85441328897722 10.664534657501223 0.001176833377899511
    vertex 25.85924290561237 14.336060909143965 0.0013171524457616045
    vertex 25.859242905612355 10.664534657501225 0.0013171524458151839
  endloop
endfacet
facet normal 7.124764512336282e-05 -1.9101070664289547e-05 -0.9999999972794611
  outer loop
    vertex 25.85924290561237 14.336060909143965 0.0013171524457616045
    vertex 28.060220332636963 18.124354646813316 0.0012669397370576707
    vertex 27.910369698944486 17.762583214601836 0.001261421903718564
  endloop
endfacet
facet normal 7.124764512336282e-05 -1.9101070664289547e-05 -0.9999999972794611
  outer loop
    vertex 25.85924290561237 14.336060909143965 0.0013171524457616045
    vertex 27.910369698944486 17.762583214601836 0.001261421903718564
    vertex 27.859258438235706 17.374354647029968 0.0012622224464961384
  endloop
endfacet
facet normal 7.124764512336282e-05 -1.9101070664289547e-05 -0.9999999972794611
  outer loop
    vertex 28.971029869336967 18.823243385631613 0.0013156715999361225
    vertex 32.85918285409609 20.41151130075785 0.0025986775672842462
    vertex 29.35925843627369 18.87435464596924 0.0013389431026405764
  endloop
endfacet
facet normal 7.124764512336282e-05 -1.9101070664289547e-05 -0.9999999972794611
  outer loop
    vertex 29.35925843627369 18.87435464596924 0.0013389431026405764
    vertex 32.85918285409609 20.41151130075785 0.0025986775672842462
    vertex 29.74748700314697 18.823243385187954 0.001363250039865356
  endloop
endfacet
facet normal 7.124764512336282e-05 -1.9101070664289547e-05 -0.9999999972794611
  outer loop
    vertex 29.74748700314697 18.823243385187954 0.001363250039865356
    vertex 32.85918285409609 20.41151130075785 0.0025986775672842462
    vertex 30.109258434702443 18.67339275124464 0.0013869359340045147
  endloop
endfacet
facet normal 7.124764512336282e-05 -1.9101070664289547e-05 -0.9999999972794611
  outer loop
    vertex 30.109258434702443 18.67339275124464 0.0013869359340045147
    vertex 32.85918285409609 20.41151130075785 0.0025986775672842462
    vertex 30.41991860573513 18.43501481720266 0.0014083866305158288
  endloop
endfacet
facet normal 7.124764512336282e-05 -1.9101070664289547e-05 -0.9999999972794611
  outer loop
    vertex 30.41991860573513 18.43501481720266 0.0014083866305158288
    vertex 32.85918285409609 20.41151130075785 0.0025986775672842462
    vertex 30.658296538979386 18.12435464532881 0.0014261402998839948
  endloop
endfacet
facet normal 7.124764512336282e-05 -1.9101070664289547e-05 -0.9999999972794611
  outer loop
    vertex 30.658296538979386 18.12435464532881 0.0014261402998839948
    vertex 32.85918285409609 20.41151130075785 0.0025986775672842462
    vertex 30.808147172222768 17.762583212946083 0.0014389870588783131
  endloop
endfacet
facet normal 7.124764512336282e-05 -1.9101070664289547e-05 -0.9999999972794611
  outer loop
    vertex 30.808147172222768 17.762583212946083 0.0014389870588783131
    vertex 32.85918285409609 20.41151130075785 0.0025986775672842462
    vertex 30.859258432449625 17.3743546453158 0.001446051422103222
  endloop
endfacet
facet normal 7.124764512336282e-05 -1.9101070664289547e-05 -0.9999999972794611
  outer loop
    vertex 25.85924290561237 14.336060909143965 0.0013171524457616045
    vertex 28.97102986753836 15.925465907157813 0.0013450238287340043
    vertex 32.85924289653183 14.33606090914397 0.0016737020735455798
  endloop
endfacet
facet normal 7.124764512336282e-05 -1.9101070664289547e-05 -0.9999999972794611
  outer loop
    vertex 28.97102986753836 15.925465907157813 0.0013450238287340043
    vertex 25.85924290561237 14.336060909143965 0.0013171524457616045
    vertex 28.609258435982895 16.075316541101124 0.001321337934594845
  endloop
endfacet
facet normal 7.124764512336282e-05 -1.9101070664289547e-05 -0.9999999972794611
  outer loop
    vertex 28.609258435982895 16.075316541101124 0.001321337934594845
    vertex 25.85924290561237 14.336060909143965 0.0013171524457616045
    vertex 28.298598264950197 16.31369447514311 0.001299887238083531
  endloop
endfacet
facet normal 7.124764512336282e-05 -1.9101070664289547e-05 -0.9999999972794611
  outer loop
    vertex 28.298598264950197 16.31369447514311 0.001299887238083531
    vertex 25.85924290561237 14.336060909143965 0.0013171524457616045
    vertex 28.060220331705946 16.62435464701696 0.0012821335687153658
  endloop
endfacet
facet normal 7.124764512336282e-05 -1.9101070664289547e-05 -0.9999999972794611
  outer loop
    vertex 28.060220331705946 16.62435464701696 0.0012821335687153658
    vertex 25.85924290561237 14.336060909143965 0.0013171524457616045
    vertex 27.910369698462556 16.98612607939969 0.0012692868097210462
  endloop
endfacet
facet normal 7.124764512336282e-05 -1.9101070664289547e-05 -0.9999999972794611
  outer loop
    vertex 27.910369698462556 16.98612607939969 0.0012692868097210462
    vertex 25.85924290561237 14.336060909143965 0.0013171524457616045
    vertex 27.859258438235706 17.374354647029968 0.0012622224464961384
  endloop
endfacet
facet normal 7.124764512336282e-05 -1.9101070664289547e-05 -0.9999999972794611
  outer loop
    vertex 32.85924289653183 14.33606090914397 0.0016737020735455798
    vertex 28.97102986753836 15.925465907157813 0.0013450238287340043
    vertex 29.35925843441165 15.874354646376524 0.0013693307659587847
  endloop
endfacet
facet normal 7.124764512336282e-05 -1.9101070664289547e-05 -0.9999999972794611
  outer loop
    vertex 32.85924289653183 14.33606090914397 0.0016737020735455798
    vertex 29.35925843441165 15.874354646376524 0.0013693307659587847
    vertex 29.74748700134837 15.925465906714155 0.001392602268663237
  endloop
endfacet
facet normal 7.124764512336282e-05 -1.9101070664289547e-05 -0.9999999972794611
  outer loop
    vertex 32.85924289653183 14.33606090914397 0.0016737020735455798
    vertex 29.74748700134837 15.925465906714155 0.001392602268663237
    vertex 30.109258433089856 16.075316540244042 0.0014132524223969766
  endloop
endfacet
facet normal 7.124764512336282e-05 -1.9101070664289547e-05 -0.9999999972794611
  outer loop
    vertex 32.85924289653183 14.33606090914397 0.0016737020735455798
    vertex 30.109258433089856 16.075316540244042 0.0014132524223969766
    vertex 30.419918604418463 16.31369447393101 0.0014298739533112276
  endloop
endfacet
facet normal 7.124764512336282e-05 -1.9101070664289547e-05 -0.9999999972794611
  outer loop
    vertex 32.85924289653183 14.33606090914397 0.0016737020735455798
    vertex 30.419918604418463 16.31369447393101 0.0014298739533112276
    vertex 30.658296538048365 16.624354645532453 0.0014413341315416886
  endloop
endfacet
facet normal 7.124764512336282e-05 -1.9101070664289547e-05 -0.9999999972794611
  outer loop
    vertex 32.85924289653183 14.33606090914397 0.0016737020735455798
    vertex 30.658296538048365 16.624354645532453 0.0014413341315416886
    vertex 30.808147171740842 16.986126077743933 0.0014468519648807964
  endloop
endfacet
facet normal 7.124764512336282e-05 -1.9101070664289547e-05 -0.9999999972794611
  outer loop
    vertex 32.85924289653183 14.33606090914397 0.0016737020735455798
    vertex 30.808147171740842 16.986126077743933 0.0014468519648807964
    vertex 30.859258432449625 17.3743546453158 0.001446051422103222
  endloop
endfacet
facet normal 7.124764512336282e-05 -1.9101070664289547e-05 -0.9999999972794611
  outer loop
    vertex 32.85924289653183 14.33606090914397 0.0016737020735455798
    vertex 30.859258432449625 17.3743546453158 0.001446051422103222
    vertex 32.85918285409609 20.41151130075785 0.0025986775672842462
  endloop
endfacet
facet normal 7.124764512336282e-05 -1.9101070664289547e-05 -0.9999999972794611
  outer loop
    vertex 32.85924289653183 14.33606090914397 0.0016737020735455798
    vertex 32.85918285409609 20.41151130075785 0.0025986775672842462
    vertex 32.87271799965577 20.004341250943714 0.0020188349107931767
  endloop
endfacet
facet normal 7.124764512336282e-05 -1.9101070664289547e-05 -0.9999999972794611
  outer loop
    vertex 32.85924289653183 14.33606090914397 0.0016737020735455798
    vertex 32.87271799965577 20.004341250943714 0.0020188349107931767
    vertex 32.85924289653183 2.500015584310467 0.0016737020735455798
  endloop
endfacet
facet normal 7.124764512336282e-05 -1.9101070664289547e-05 -0.9999999972794611
  outer loop
    vertex 36.56174261360644 11.639569546532018 0.0024414453239062217
    vertex 36.32881348049868 4.8619729946440495 0.002456630039141824
    vertex 35.99715748382991 12.227043918871267 0.0023899985732972247
  endloop
endfacet
facet normal 7.124764512336282e-05 -1.9101070664289547e-05 -0.9999999972794611
  outer loop
    vertex 36.32881348049868 4.8619729946440495 0.002456630039141824
    vertex 36.56174261360644 11.639569546532018 0.0024414453239062217
    vertex 36.37992474120747 5.250201562229947 0.0024558294963639813
  endloop
endfacet
facet normal 7.124764512336282e-05 -1.9101070664289547e-05 -0.9999999972794611
  outer loop
    vertex 36.37992474120747 5.250201562229947 0.0024558294963639813
    vertex 36.56174261360644 11.639569546532018 0.0024414453239062217
    vertex 36.52977537489994 5.611972994473964 0.0024613473297024667
  endloop
endfacet
facet normal 7.124764512336282e-05 -1.9101070664289547e-05 -0.9999999972794611
  outer loop
    vertex 36.52977537489994 5.611972994473964 0.0024613473297024667
    vertex 36.56174261360644 11.639569546532018 0.0024414453239062217
    vertex 36.76815330852985 5.922633166124242 0.002472807507931995
  endloop
endfacet
facet normal 7.124764512336282e-05 -1.9101070664289547e-05 -0.9999999972794611
  outer loop
    vertex 36.76815330852985 5.922633166124242 0.002472807507931995
    vertex 36.56174261360644 11.639569546532018 0.0024414453239062217
    vertex 37.73133300699901 10.65521651391964 0.002543578082303743
  endloop
endfacet
facet normal 7.124764512336282e-05 -1.9101070664289547e-05 -0.9999999972794611
  outer loop
    vertex 36.76815330852985 5.922633166124242 0.002472807507931995
    vertex 37.73133300699901 10.65521651391964 0.002543578082303743
    vertex 37.078813479858454 6.161011099873014 0.002489429038845066
  endloop
endfacet
facet normal 7.124764512336282e-05 -1.9101070664289547e-05 -0.9999999972794611
  outer loop
    vertex 37.078813479858454 6.161011099873014 0.002489429038845066
    vertex 37.73133300699901 10.65521651391964 0.002543578082303743
    vertex 37.44058491159994 6.3108617334734625 0.002510079192577457
  endloop
endfacet
facet normal 7.124764512336282e-05 -1.9101070664289547e-05 -0.9999999972794611
  outer loop
    vertex 37.44058491159994 6.3108617334734625 0.002510079192577457
    vertex 37.73133300699901 10.65521651391964 0.002543578082303743
    vertex 37.82881347853667 6.361972993885598 0.002533350695280488
  endloop
endfacet
facet normal 7.124764512336282e-05 -1.9101070664289547e-05 -0.9999999972794611
  outer loop
    vertex 37.82881347853667 6.361972993885598 0.002533350695280488
    vertex 37.73133300699901 10.65521651391964 0.002543578082303743
    vertex 39.8508088095974 8.45171932643189 0.0028996767702908818
  endloop
endfacet
facet normal 7.124764512336282e-05 -1.9101070664289547e-05 -0.9999999972794611
  outer loop
    vertex 37.82881347853667 6.361972993885598 0.002533350695280488
    vertex 39.8508088095974 8.45171932643189 0.0028996767702908818
    vertex 38.21704204540995 6.310861733177689 0.0025576576325038658
  endloop
endfacet
facet normal 7.124764512336282e-05 -1.9101070664289547e-05 -0.9999999972794611
  outer loop
    vertex 38.21704204540995 6.310861733177689 0.0025576576325038658
    vertex 39.8508088095974 8.45171932643189 0.0028996767702908818
    vertex 38.578813476965415 6.161011099301626 0.00258134352664174
  endloop
endfacet
facet normal 7.124764512336282e-05 -1.9101070664289547e-05 -0.9999999972794611
  outer loop
    vertex 38.578813476965415 6.161011099301626 0.00258134352664174
    vertex 39.8508088095974 8.45171932643189 0.0028996767702908818
    vertex 38.88947364799811 5.922633165316176 0.0026027942231519746
  endloop
endfacet
facet normal 7.124764512336282e-05 -1.9101070664289547e-05 -0.9999999972794611
  outer loop
    vertex 38.88947364799811 5.922633165316176 0.0026027942231519746
    vertex 39.8508088095974 8.45171932643189 0.0028996767702908818
    vertex 39.12785158124237 5.611972993484294 0.0026205478925193384
  endloop
endfacet
facet normal 7.124764512336282e-05 -1.9101070664289547e-05 -0.9999999972794611
  outer loop
    vertex 39.12785158124237 5.611972993484294 0.0026205478925193384
    vertex 39.8508088095974 8.45171932643189 0.0028996767702908818
    vertex 39.27770221448574 5.250201561126109 0.0026333946515131883
  endloop
endfacet
facet normal 7.124764512336282e-05 -1.9101070664289547e-05 -0.9999999972794611
  outer loop
    vertex 39.27770221448574 5.250201561126109 0.0026333946515131883
    vertex 39.8508088095974 8.45171932643189 0.0028996767702908818
    vertex 39.3288134747126 4.861972993501272 0.002640459014737993
  endloop
endfacet
facet normal 7.124764512336282e-05 -1.9101070664289547e-05 -0.9999999972794611
  outer loop
    vertex 4.500101865484735 2.5204309546200675e-05 0.0003313534136932139
    vertex 7.16815582774345 1.7500211217061472 0.0004314146526105844
    vertex 8.466761684729375 2.5204309534920808e-05 0.0004334963524460944
  endloop
endfacet
facet normal 7.124764512336282e-05 -1.9101070664289547e-05 -0.9999999972794611
  outer loop
    vertex 7.16815582774345 1.7500211217061472 0.0004314146526105844
    vertex 4.500101865484735 2.5204309546200675e-05 0.0003313534136932139
    vertex 7.0183051945000585 2.1117925540152482 0.00041856789361767173
  endloop
endfacet
facet normal 7.124764512336282e-05 -1.9101070664289547e-05 -0.9999999972794611
  outer loop
    vertex 7.0183051945000585 2.1117925540152482 0.00041856789361767173
    vertex 4.500101865484735 2.5204309546200675e-05 0.0003313534136932139
    vertex 6.967193934273211 2.5000211216291977 0.00041150353039307583
  endloop
endfacet
facet normal 7.124764512336282e-05 -1.9101070664289547e-05 -0.9999999972794611
  outer loop
    vertex 8.466761684729375 2.5204309534920808e-05 0.0004334963524460944
    vertex 7.16815582774345 1.7500211217061472 0.0004314146526105844
    vertex 7.406533760987703 1.4393609499582003 0.00044916832197634533
  endloop
endfacet
facet normal 7.124764512336282e-05 -1.9101070664289547e-05 -0.9999999972794611
  outer loop
    vertex 8.466761684729375 2.5204309534920808e-05 0.0004334963524460944
    vertex 7.406533760987703 1.4393609499582003 0.00044916832197634533
    vertex 7.7171939320204 1.2009830160858217 0.00047061901848441943
  endloop
endfacet
facet normal 7.124764512336282e-05 -1.9101070664289547e-05 -0.9999999972794611
  outer loop
    vertex 8.466761684729375 2.5204309534920808e-05 0.0004334963524460944
    vertex 7.7171939320204 1.2009830160858217 0.00047061901848441943
    vertex 8.078965363575861 1.0511323823442524 0.0004943049126197252
  endloop
endfacet
facet normal 7.124764512336282e-05 -1.9101070664289547e-05 -0.9999999972794611
  outer loop
    vertex 8.466761684729375 2.5204309534920808e-05 0.0004334963524460944
    vertex 8.078965363575861 1.0511323823442524 0.0004943049126197252
    vertex 8.467193930449147 1.0000211217830985 0.0005186118498403002
  endloop
endfacet
facet normal 7.124764512336282e-05 -1.9101070664289547e-05 -0.9999999972794611
  outer loop
    vertex 8.466761684729375 2.5204309534920808e-05 0.0004334963524460944
    vertex 8.467193930449147 1.0000211217830985 0.0005186118498403002
    vertex 35.58379247397551 5.699101533980233e-05 0.0022637435205906664
  endloop
endfacet
facet normal 7.124764512336282e-05 -1.9101070664289547e-05 -0.9999999972794611
  outer loop
    vertex 35.58379247397551 5.699101533980233e-05 0.0022637435205906664
    vertex 8.467193930449147 1.0000211217830985 0.0005186118498403002
    vertex 8.855422497385876 1.0511323823442524 0.0005418833525404843
  endloop
endfacet
facet normal 7.124764512336282e-05 -1.9101070664289547e-05 -0.9999999972794611
  outer loop
    vertex 35.58379247397551 5.699101533980233e-05 0.0022637435205906664
    vertex 8.855422497385876 1.0511323823442524 0.0005418833525404843
    vertex 9.21719392912736 1.200983016085823 0.0005625335062701797
  endloop
endfacet
facet normal 7.124764512336282e-05 -1.9101070664289547e-05 -0.9999999972794611
  outer loop
    vertex 35.58379247397551 5.699101533980233e-05 0.0022637435205906664
    vertex 9.21719392912736 1.200983016085823 0.0005625335062701797
    vertex 9.527854100455968 1.4393609499582016 0.0005791550371808896
  endloop
endfacet
facet normal 7.124764512336282e-05 -1.9101070664289547e-05 -0.9999999972794611
  outer loop
    vertex 35.58379247397551 5.699101533980233e-05 0.0022637435205906664
    vertex 9.527854100455968 1.4393609499582016 0.0005791550371808896
    vertex 20.467191390824627 1.0002114396016422 0.0011144214534954805
  endloop
endfacet
facet normal 7.124764512336282e-05 -1.9101070664289547e-05 -0.9999999972794611
  outer loop
    vertex 20.467191390824627 1.0002114396016422 0.0011144214534954805
    vertex 9.527854100455968 1.4393609499582016 0.0005791550371808896
    vertex 9.766232034085867 1.75002112170615 0.000590615215408552
  endloop
endfacet
facet normal 7.124764512336282e-05 -1.9101070664289547e-05 -0.9999999972794611
  outer loop
    vertex 20.467191390824627 1.0002114396016422 0.0011144214534954805
    vertex 9.766232034085867 1.75002112170615 0.000590615215408552
    vertex 9.916082667778339 2.111792554015251 0.0005961330487457949
  endloop
endfacet
facet normal 7.124764512336282e-05 -1.9101070664289547e-05 -0.9999999972794611
  outer loop
    vertex 20.467191390824627 1.0002114396016422 0.0011144214534954805
    vertex 9.916082667778339 2.111792554015251 0.0005961330487457949
    vertex 20.078962823951343 1.0513227002361742 0.0010901145162735039
  endloop
endfacet
facet normal 7.124764512336282e-05 -1.9101070664289547e-05 -0.9999999972794611
  outer loop
    vertex 20.078962823951343 1.0513227002361742 0.0010901145162735039
    vertex 9.916082667778339 2.111792554015251 0.0005961330487457949
    vertex 9.967193928487125 2.5000211216291977 0.0005953325059674164
  endloop
endfacet
facet normal 7.124764512336282e-05 -1.9101070664289547e-05 -0.9999999972794611
  outer loop
    vertex 20.078962823951343 1.0513227002361742 0.0010901145162735039
    vertex 9.967193928487125 2.5000211216291977 0.0005953325059674164
    vertex 19.71719139239588 1.201173334044991 0.0010664286221369137
  endloop
endfacet
facet normal 7.124764512336282e-05 -1.9101070664289547e-05 -0.9999999972794611
  outer loop
    vertex 19.71719139239588 1.201173334044991 0.0010664286221369137
    vertex 9.967193928487125 2.5000211216291977 0.0005953325059674164
    vertex 19.40653122136318 1.439551267973904 0.0010449779256277599
  endloop
endfacet
facet normal 7.124764512336282e-05 -1.9101070664289547e-05 -0.9999999972794611
  outer loop
    vertex 19.40653122136318 1.439551267973904 0.0010449779256277599
    vertex 9.967193928487125 2.5000211216291977 0.0005953325059674164
    vertex 13.361794659149476 6.089852850652271 0.0006954128187517394
  endloop
endfacet
facet normal 7.124764512336282e-05 -1.9101070664289547e-05 -0.9999999972794611
  outer loop
    vertex 19.40653122136318 1.439551267973904 0.0010449779256277599
    vertex 13.361794659149476 6.089852850652271 0.0006954128187517394
    vertex 13.5069461036855 6.089853013046713 0.0006954133576445142
  endloop
endfacet
facet normal 7.124764512336282e-05 -1.9101070664289547e-05 -0.9999999972794611
  outer loop
    vertex 19.40653122136318 1.439551267973904 0.0010449779256277599
    vertex 13.5069461036855 6.089853013046713 0.0006954133576445142
    vertex 14.13825179445494 6.08985301456091 0.0006954128187517394
  endloop
endfacet
facet normal 7.124764512336282e-05 -1.9101070664289547e-05 -0.9999999972794611
  outer loop
    vertex 19.40653122136318 1.439551267973904 0.0010449779256277599
    vertex 14.13825179445494 6.08985301456091 0.0006954128187517394
    vertex 19.16815328811893 1.7502114397638195 0.0010272242562611971
  endloop
endfacet
facet normal 7.124764512336282e-05 -1.9101070664289547e-05 -0.9999999972794611
  outer loop
    vertex 19.16815328811893 1.7502114397638195 0.0010272242562611971
    vertex 14.13825179445494 6.08985301456091 0.0006954128187517394
    vertex 19.01830265487554 2.1119828720974625 0.0010143774972678158
  endloop
endfacet
facet normal 7.124764512336282e-05 -1.9101070664289547e-05 -0.9999999972794611
  outer loop
    vertex 19.01830265487554 2.1119828720974625 0.0010143774972678158
    vertex 14.13825179445494 6.08985301456091 0.0006954128187517394
    vertex 18.967191394648687 2.5002114397168556 0.001007313134043116
  endloop
endfacet
facet normal 7.124764512336282e-05 -1.9101070664289547e-05 -0.9999999972794611
  outer loop
    vertex 35.58379247397551 5.699101533980233e-05 0.0022637435205906664
    vertex 20.467191390824627 1.0002114396016422 0.0011144214534954805
    vertex 20.855419957761356 1.0513227000882879 0.0011376929561970877
  endloop
endfacet
facet normal 7.124764512336282e-05 -1.9101070664289547e-05 -0.9999999972794611
  outer loop
    vertex 35.58379247397551 5.699101533980233e-05 0.0022637435205906664
    vertex 20.855419957761356 1.0513227000882879 0.0011376929561970877
    vertex 21.21719138950284 1.201173333759298 0.001158343109928131
  endloop
endfacet
facet normal 7.124764512336282e-05 -1.9101070664289547e-05 -0.9999999972794611
  outer loop
    vertex 35.58379247397551 5.699101533980233e-05 0.0022637435205906664
    vertex 21.21719138950284 1.201173333759298 0.001158343109928131
    vertex 21.527851560831447 1.4395512675698725 0.0011749646408400214
  endloop
endfacet
facet normal 7.124764512336282e-05 -1.9101070664289547e-05 -0.9999999972794611
  outer loop
    vertex 35.58379247397551 5.699101533980233e-05 0.0022637435205906664
    vertex 21.527851560831447 1.4395512675698725 0.0011749646408400214
    vertex 21.76622949446135 1.7502114392689851 0.0011864248190686167
  endloop
endfacet
facet normal 7.124764512336282e-05 -1.9101070664289547e-05 -0.9999999972794611
  outer loop
    vertex 35.58379247397551 5.699101533980233e-05 0.0022637435205906664
    vertex 21.76622949446135 1.7502114392689851 0.0011864248190686167
    vertex 21.91608012815382 2.1119828715455466 0.0011919426524064811
  endloop
endfacet
facet normal 7.124764512336282e-05 -1.9101070664289547e-05 -0.9999999972794611
  outer loop
    vertex 35.58379247397551 5.699101533980233e-05 0.0022637435205906664
    vertex 21.91608012815382 2.1119828715455466 0.0011919426524064811
    vertex 21.967191388862606 2.500211439145467 0.0011911421096283707
  endloop
endfacet
facet normal 7.124764512336282e-05 -1.9101070664289547e-05 -0.9999999972794611
  outer loop
    vertex 35.58379247397551 5.699101533980233e-05 0.0022637435205906664
    vertex 21.967191388862606 2.500211439145467 0.0011911421096283707
    vertex 25.85924290561219 2.5000155843104785 0.0013171524458264637
  endloop
endfacet
facet normal 7.124764512336282e-05 -1.9101070664289547e-05 -0.9999999972794611
  outer loop
    vertex 25.85924290561219 2.5000155843104785 0.0013171524458264637
    vertex 21.967191388862606 2.500211439145467 0.0011911421096283707
    vertex 22.85441328897722 6.08985314479996 0.001176833377905151
  endloop
endfacet
facet normal 7.124764512336282e-05 -1.9101070664289547e-05 -0.9999999972794611
  outer loop
    vertex 22.85441328897722 6.08985314479996 0.001176833377905151
    vertex 21.967191388862606 2.500211439145467 0.0011911421096283707
    vertex 22.047848183139372 18.846024289895247 0.0011230165356331812
  endloop
endfacet
facet normal 7.124764512336282e-05 -1.9101070664289547e-05 -0.9999999972794611
  outer loop
    vertex 22.85441328897722 6.08985314479996 0.001176833377905151
    vertex 22.047848183139372 18.846024289895247 0.0011230165356331812
    vertex 22.16642858349195 19.19535088518816 0.0011290565067311187
  endloop
endfacet
facet normal 7.124764512336282e-05 -1.9101070664289547e-05 -0.9999999972794611
  outer loop
    vertex 22.85441328897722 6.08985314479996 0.001176833377905151
    vertex 22.16642858349195 19.19535088518816 0.0011290565067311187
    vertex 22.21985177960699 19.352730546186447 0.0011317776525473055
  endloop
endfacet
facet normal 7.124764512336282e-05 -1.9101070664289547e-05 -0.9999999972794611
  outer loop
    vertex 22.85441328897722 6.08985314479996 0.001176833377905151
    vertex 22.21985177960699 19.352730546186447 0.0011317776525473055
    vertex 22.32424542334064 19.877552834736488 0.0011370950118108957
  endloop
endfacet
facet normal 7.124764512336282e-05 -1.9101070664289547e-05 -0.9999999972794611
  outer loop
    vertex 22.85441328897722 6.08985314479996 0.001176833377905151
    vertex 22.32424542334064 19.877552834736488 0.0011370950118108957
    vertex 22.35924291015265 20.411511300680086 0.0011388776319316563
  endloop
endfacet
facet normal 7.124764512336282e-05 -1.9101070664289547e-05 -0.9999999972794611
  outer loop
    vertex 22.85441328897722 6.08985314479996 0.001176833377905151
    vertex 22.35924291015265 20.411511300680086 0.0011388776319316563
    vertex 22.85441328897722 10.664534657501223 0.001176833377899511
  endloop
endfacet
facet normal 7.124764512336282e-05 -1.9101070664289547e-05 -0.9999999972794611
  outer loop
    vertex 25.85924290561219 2.5000155843104785 0.0013171524458264637
    vertex 22.85441328897722 6.08985314479996 0.001176833377905151
    vertex 25.85924290561219 6.08985314479996 0.0013171524458264637
  endloop
endfacet
facet normal 7.124764512336282e-05 -1.9101070664289547e-05 -0.9999999972794611
  outer loop
    vertex 35.58379247397551 5.699101533980233e-05 0.0022637435205906664
    vertex 25.85924290561219 2.5000155843104785 0.0013171524458264637
    vertex 32.85924289653183 2.500015584310467 0.0016737020735455798
  endloop
endfacet
facet normal 7.124764512336282e-05 -1.9101070664289547e-05 -0.9999999972794611
  outer loop
    vertex 35.58379247397551 5.699101533980233e-05 0.0022637435205906664
    vertex 32.85924289653183 2.500015584310467 0.0016737020735455798
    vertex 32.96736001046644 18.78645622884222 0.002048840839142096
  endloop
endfacet
facet normal 7.124764512336282e-05 -1.9101070664289547e-05 -0.9999999972794611
  outer loop
    vertex 32.96736001046644 18.78645622884222 0.002048840839142096
    vertex 32.85924289653183 2.500015584310467 0.0016737020735455798
    vertex 32.87271799965577 20.004341250943714 0.0020188349107931767
  endloop
endfacet
facet normal 7.124764512336282e-05 -1.9101070664289547e-05 -0.9999999972794611
  outer loop
    vertex 35.58379247397551 5.699101533980233e-05 0.0022637435205906664
    vertex 32.96736001046644 18.78645622884222 0.002048840839142096
    vertex 33.10233029493906 17.982921698512694 0.0020738055239850396
  endloop
endfacet
facet normal 7.124764512336282e-05 -1.9101070664289547e-05 -0.9999999972794611
  outer loop
    vertex 35.58379247397551 5.699101533980233e-05 0.0022637435205906664
    vertex 33.10233029493906 17.982921698512694 0.0020738055239850396
    vertex 33.29058840581058 17.190127095911155 0.0021023616968635084
  endloop
endfacet
facet normal 7.124764512336282e-05 -1.9101070664289547e-05 -0.9999999972794611
  outer loop
    vertex 35.58379247397551 5.699101533980233e-05 0.0022637435205906664
    vertex 33.29058840581058 17.190127095911155 0.0021023616968635084
    vertex 33.53102675725391 16.411620094200423 0.0021343626805428338
  endloop
endfacet
facet normal 7.124764512336282e-05 -1.9101070664289547e-05 -0.9999999972794611
  outer loop
    vertex 35.58379247397551 5.699101533980233e-05 0.0022637435205906664
    vertex 33.53102675725391 16.411620094200423 0.0021343626805428338
    vertex 33.55998572545142 16.336088954437933 0.002137868664478981
  endloop
endfacet
facet normal 7.124764512336282e-05 -1.9101070664289547e-05 -0.9999999972794611
  outer loop
    vertex 35.58379247397551 5.699101533980233e-05 0.0022637435205906664
    vertex 33.55998572545142 16.336088954437933 0.002137868664478981
    vertex 33.65886665594902 16.068145908205903 0.002150031697015464
  endloop
endfacet
facet normal 7.124764512336282e-05 -1.9101070664289547e-05 -0.9999999972794611
  outer loop
    vertex 35.58379247397551 5.699101533980233e-05 0.0022637435205906664
    vertex 33.65886665594902 16.068145908205903 0.002150031697015464
    vertex 33.92154926985316 15.398998217932098 0.002181528652073594
  endloop
endfacet
facet normal 7.124764512336282e-05 -1.9101070664289547e-05 -0.9999999972794611
  outer loop
    vertex 35.58379247397551 5.699101533980233e-05 0.0022637435205906664
    vertex 33.92154926985316 15.398998217932098 0.002181528652073594
    vertex 34.164373591844324 14.911131035304317 0.0022081480987953704
  endloop
endfacet
facet normal 7.124764512336282e-05 -1.9101070664289547e-05 -0.9999999972794611
  outer loop
    vertex 35.58379247397551 5.699101533980233e-05 0.0022637435205906664
    vertex 34.164373591844324 14.911131035304317 0.0022081480987953704
    vertex 34.57915452093498 14.175606370841155 0.002251749571950112
  endloop
endfacet
facet normal 7.124764512336282e-05 -1.9101070664289547e-05 -0.9999999972794611
  outer loop
    vertex 35.58379247397551 5.699101533980233e-05 0.0022637435205906664
    vertex 34.57915452093498 14.175606370841155 0.002251749571950112
    vertex 34.859173801059455 13.716039288101426 0.0022804785096464998
  endloop
endfacet
facet normal 7.124764512336282e-05 -1.9101070664289547e-05 -0.9999999972794611
  outer loop
    vertex 35.58379247397551 5.699101533980233e-05 0.0022637435205906664
    vertex 34.859173801059455 13.716039288101426 0.0022804785096464998
    vertex 34.99129581666025 13.507994128600586 0.002293865777455273
  endloop
endfacet
facet normal 7.124764512336282e-05 -1.9101070664289547e-05 -0.9999999972794611
  outer loop
    vertex 35.58379247397551 5.699101533980233e-05 0.0022637435205906664
    vertex 34.99129581666025 13.507994128600586 0.002293865777455273
    vertex 35.47290111317036 12.85077309718607 0.002340732646203958
  endloop
endfacet
facet normal 7.124764512336282e-05 -1.9101070664289547e-05 -0.9999999972794611
  outer loop
    vertex 35.58379247397551 5.699101533980233e-05 0.0022637435205906664
    vertex 35.47290111317036 12.85077309718607 0.002340732646203958
    vertex 35.99715748382991 12.227043918871267 0.0023899985732972247
  endloop
endfacet
facet normal 7.124764512336282e-05 -1.9101070664289547e-05 -0.9999999972794611
  outer loop
    vertex 35.58379247397551 5.699101533980233e-05 0.0022637435205906664
    vertex 35.99715748382991 12.227043918871267 0.0023899985732972247
    vertex 36.32881348049868 4.8619729946440495 0.002456630039141824
  endloop
endfacet
facet normal 7.124764512336282e-05 -1.9101070664289547e-05 -0.9999999972794611
  outer loop
    vertex 35.58379247397551 5.699101533980233e-05 0.0022637435205906664
    vertex 36.32881348049868 4.8619729946440495 0.002456630039141824
    vertex 36.379924740725535 4.473744427019213 0.0024636944023666276
  endloop
endfacet
facet normal 7.124764512336282e-05 -1.9101070664289547e-05 -0.9999999972794611
  outer loop
    vertex 35.58379247397551 5.699101533980233e-05 0.0022637435205906664
    vertex 36.379924740725535 4.473744427019213 0.0024636944023666276
    vertex 36.529775373968924 4.111972994661028 0.002476541161360478
  endloop
endfacet
facet normal 7.124764512336282e-05 -1.9101070664289547e-05 -0.9999999972794611
  outer loop
    vertex 35.58379247397551 5.699101533980233e-05 0.0022637435205906664
    vertex 36.529775373968924 4.111972994661028 0.002476541161360478
    vertex 36.768153307213176 3.801312822829144 0.0024942948307278417
  endloop
endfacet
facet normal 7.124764512336282e-05 -1.9101070664289547e-05 -0.9999999972794611
  outer loop
    vertex 35.58379247397551 5.699101533980233e-05 0.0022637435205906664
    vertex 36.768153307213176 3.801312822829144 0.0024942948307278417
    vertex 37.07881347824588 3.5629348888436967 0.002515745527238076
  endloop
endfacet
facet normal 7.124764512336282e-05 -1.9101070664289547e-05 -0.9999999972794611
  outer loop
    vertex 35.58379247397551 5.699101533980233e-05 0.0022637435205906664
    vertex 37.07881347824588 3.5629348888436967 0.002515745527238076
    vertex 37.44058490980134 3.413084254967632 0.002539431421375951
  endloop
endfacet
facet normal 7.124764512336282e-05 -1.9101070664289547e-05 -0.9999999972794611
  outer loop
    vertex 35.58379247397551 5.699101533980233e-05 0.0022637435205906664
    vertex 37.44058490980134 3.413084254967632 0.002539431421375951
    vertex 37.82881347667462 3.361972994259722 0.002563738358599329
  endloop
endfacet
facet normal 7.124764512336282e-05 -1.9101070664289547e-05 -0.9999999972794611
  outer loop
    vertex 35.58379247397551 5.699101533980233e-05 0.0022637435205906664
    vertex 37.82881347667462 3.361972994259722 0.002563738358599329
    vertex 43.33960862633874 3.440174002699119 0.003600316543234805
  endloop
endfacet
facet normal 7.124764512336282e-05 -1.9101070664289547e-05 -0.9999999972794611
  outer loop
    vertex 43.33960862633874 3.440174002699119 0.003600316543234805
    vertex 37.82881347667462 3.361972994259722 0.002563738358599329
    vertex 38.21704204361135 3.4130842546718596 0.0025870098613023592
  endloop
endfacet
facet normal 7.124764512336282e-05 -1.9101070664289547e-05 -0.9999999972794611
  outer loop
    vertex 43.33960862633874 3.440174002699119 0.003600316543234805
    vertex 38.21704204361135 3.4130842546718596 0.0025870098613023592
    vertex 38.57881347535283 3.5629348882723093 0.0026076600150347503
  endloop
endfacet
facet normal 7.124764512336282e-05 -1.9101070664289547e-05 -0.9999999972794611
  outer loop
    vertex 43.33960862633874 3.440174002699119 0.003600316543234805
    vertex 38.57881347535283 3.5629348882723093 0.0026076600150347503
    vertex 38.889473646681445 3.80131282202108 0.0026242815459478212
  endloop
endfacet
facet normal 7.124764512336282e-05 -1.9101070664289547e-05 -0.9999999972794611
  outer loop
    vertex 43.33960862633874 3.440174002699119 0.003600316543234805
    vertex 38.889473646681445 3.80131282202108 0.0026242815459478212
    vertex 39.127851580311344 4.1119729936713565 0.0026357417241773496
  endloop
endfacet
facet normal 7.124764512336282e-05 -1.9101070664289547e-05 -0.9999999972794611
  outer loop
    vertex 43.33960862633874 3.440174002699119 0.003600316543234805
    vertex 39.127851580311344 4.1119729936713565 0.0026357417241773496
    vertex 39.27770221400381 4.4737444259153785 0.0026412595575158355
  endloop
endfacet
facet normal 7.124764512336282e-05 -1.9101070664289547e-05 -0.9999999972794611
  outer loop
    vertex 43.33960862633874 3.440174002699119 0.003600316543234805
    vertex 39.27770221400381 4.4737444259153785 0.0026412595575158355
    vertex 39.3288134747126 4.861972993501272 0.002640459014737993
  endloop
endfacet
facet normal 7.124764512336282e-05 -1.9101070664289547e-05 -0.9999999972794611
  outer loop
    vertex 43.33960862633874 3.440174002699119 0.003600316543234805
    vertex 39.3288134747126 4.861972993501272 0.002640459014737993
    vertex 39.8508088095974 8.45171932643189 0.0028996767702908818
  endloop
endfacet
facet normal 7.124764512336282e-05 -1.9101070664289547e-05 -0.9999999972794611
  outer loop
    vertex 43.33960862633874 3.440174002699119 0.003600316543234805
    vertex 39.8508088095974 8.45171932643189 0.0028996767702908818
    vertex 41.7271352931481 6.037804744310084 0.0030927615123302
  endloop
endfacet
facet normal 7.124764512336282e-05 -1.9101070664289547e-05 -0.9999999972794611
  outer loop
    vertex 0.013563861545552846 8.620393018370669 6.856953683076483e-07
    vertex 0.041548327434894006 5.187028641430785 2.1111026503151107e-06
    vertex 0.00010187132219821037 5.5738699302242924 0.0
  endloop
endfacet
facet normal 7.124764512336282e-05 -1.9101070664289547e-05 -0.9999999972794611
  outer loop
    vertex 0.041548327434894006 5.187028641430785 2.1111026503151107e-06
    vertex 0.013563861545552846 8.620393018370669 6.856953683076483e-07
    vertex 0.08406426430512094 9.171862656809513 4.276680000336874e-06
  endloop
endfacet
facet normal 7.124764512336282e-05 -1.9101070664289547e-05 -0.9999999972794611
  outer loop
    vertex 0.041548327434894006 5.187028641430785 2.1111026503151107e-06
    vertex 0.08406426430512094 9.171862656809513 4.276680000336874e-06
    vertex 0.14064463638939023 4.810805419167333 7.158638663340432e-06
  endloop
endfacet
facet normal 7.124764512336282e-05 -1.9101070664289547e-05 -0.9999999972794611
  outer loop
    vertex 0.14064463638939023 4.810805419167333 7.158638663340432e-06
    vertex 0.08406426430512094 9.171862656809513 4.276680000336874e-06
    vertex 0.21085674625061177 9.713169164624093 1.0734938912104751e-05
  endloop
endfacet
facet normal 7.124764512336282e-05 -1.9101070664289547e-05 -0.9999999972794611
  outer loop
    vertex 0.14064463638939023 4.810805419167333 7.158638663340432e-06
    vertex 0.21085674625061177 9.713169164624093 1.0734938912104751e-05
    vertex 0.2951411245531732 4.453741242124449 1.5028019431428952e-05
  endloop
endfacet
facet normal 7.124764512336282e-05 -1.9101070664289547e-05 -0.9999999972794611
  outer loop
    vertex 0.2951411245531732 4.453741242124449 1.5028019431428952e-05
    vertex 0.21085674625061177 9.713169164624093 1.0734938912104751e-05
    vertex 0.39259905323667715 10.238582147607698 1.9992103460064745e-05
  endloop
endfacet
facet normal 7.124764512336282e-05 -1.9101070664289547e-05 -0.9999999972794611
  outer loop
    vertex 0.2951411245531732 4.453741242124449 1.5028019431428952e-05
    vertex 0.39259905323667715 10.238582147607698 1.9992103460064745e-05
    vertex 0.4721968762035227 4.170815595761235 2.404647120817227e-05
  endloop
endfacet
facet normal 7.124764512336282e-05 -1.9101070664289547e-05 -0.9999999972794611
  outer loop
    vertex 0.4721968762035227 4.170815595761235 2.404647120817227e-05
    vertex 0.39259905323667715 10.238582147607698 1.9992103460064745e-05
    vertex 0.6273672197316755 10.742539464033996 3.195017524906252e-05
  endloop
endfacet
facet normal 7.124764512336282e-05 -1.9101070664289547e-05 -0.9999999972794611
  outer loop
    vertex 0.4721968762035227 4.170815595761235 2.404647120817227e-05
    vertex 0.6273672197316755 10.742539464033996 3.195017524906252e-05
    vertex 0.5015304294480819 4.123942142430924 2.554059512887008e-05
  endloop
endfacet
facet normal 7.124764512336282e-05 -1.9101070664289547e-05 -0.9999999972794611
  outer loop
    vertex 0.5015304294480819 4.123942142430924 2.554059512887008e-05
    vertex 0.6273672197316755 10.742539464033996 3.195017524906252e-05
    vertex 0.7551271235121987 3.8288951833937057 3.845771041870449e-05
  endloop
endfacet
facet normal 7.124764512336282e-05 -1.9101070664289547e-05 -0.9999999972794611
  outer loop
    vertex 0.7551271235121987 3.8288951833937057 3.845771041870449e-05
    vertex 0.6273672197316755 10.742539464033996 3.195017524906252e-05
    vertex 0.9126759363558894 11.219706106758618 4.648256336112766e-05
  endloop
endfacet
facet normal 7.124764512336282e-05 -1.9101070664289547e-05 -0.9999999972794611
  outer loop
    vertex 0.7551271235121987 3.8288951833937057 3.845771041870449e-05
    vertex 0.9126759363558894 11.219706106758618 4.648256336112766e-05
    vertex 1.0501740821666687 3.575298489000668 5.348612233306848e-05
  endloop
endfacet
facet normal 7.124764512336282e-05 -1.9101070664289547e-05 -0.9999999972794611
  outer loop
    vertex 1.0501740821666687 3.575298489000668 5.348612233306848e-05
    vertex 0.9126759363558894 11.219706106758618 4.648256336112766e-05
    vertex 1.2455048599335317 11.665030680822063 6.343542464606333e-05
  endloop
endfacet
facet normal 7.124764512336282e-05 -1.9101070664289547e-05 -0.9999999972794611
  outer loop
    vertex 1.0501740821666687 3.575298489000668 5.348612233306848e-05
    vertex 1.2455048599335317 11.665030680822063 6.343542464606333e-05
    vertex 1.3799731814323426 3.3689091838380203 7.028465750906765e-05
  endloop
endfacet
facet normal 7.124764512336282e-05 -1.9101070664289547e-05 -0.9999999972794611
  outer loop
    vertex 1.3799731814323426 3.3689091838380203 7.028465750906765e-05
    vertex 1.2455048599335317 11.665030680822063 6.343542464606333e-05
    vertex 1.622330587534829 12.073798878669386 8.262929222107028e-05
  endloop
endfacet
facet normal 7.124764512336282e-05 -1.9101070664289547e-05 -0.9999999972794611
  outer loop
    vertex 1.3799731814323426 3.3689091838380203 7.028465750906765e-05
    vertex 1.622330587534829 12.073798878669386 8.262929222107028e-05
    vertex 1.7370373580120475 3.2144126954738166 8.84719574184789e-05
  endloop
endfacet
facet normal 7.124764512336282e-05 -1.9101070664289547e-05 -0.9999999972794611
  outer loop
    vertex 1.7370373580120475 3.2144126954738166 8.84719574184789e-05
    vertex 1.622330587534829 12.073798878669386 8.262929222107028e-05
    vertex 2.039163956023635 12.441683386885687 0.00010386097545136418
  endloop
endfacet
facet normal 7.124764512336282e-05 -1.9101070664289547e-05 -0.9999999972794611
  outer loop
    vertex 1.7370373580120475 3.2144126954738166 8.84719574184789e-05
    vertex 2.039163956023635 12.441683386885687 0.00010386097545136418
    vertex 2.1132605797874526 3.115316386390741 0.00010763513597786822
  endloop
endfacet
facet normal 7.124764512336282e-05 -1.9101070664289547e-05 -0.9999999972794611
  outer loop
    vertex 2.1132605797874526 3.115316386390741 0.00010763513597786822
    vertex 2.039163956023635 12.441683386885687 0.00010386097545136418
    vertex 2.3349641358388853 12.65293211059396 0.00011892775317046134
  endloop
endfacet
facet normal 7.124764512336282e-05 -1.9101070664289547e-05 -0.9999999972794611
  outer loop
    vertex 2.1132605797874526 3.115316386390741 0.00010763513597786822
    vertex 2.3349641358388853 12.65293211059396 0.00011892775317046134
    vertex 2.5001018680791587 3.073869930224286 0.00012733915276750274
  endloop
endfacet
facet normal 7.124764512336282e-05 -1.9101070664289547e-05 -0.9999999972794611
  outer loop
    vertex 2.5001018680791587 3.073869930224286 0.00012733915276750274
    vertex 2.3349641358388853 12.65293211059396 0.00011892775317046134
    vertex 2.491592272248216 12.764789696123287 0.00012690571086269032
  endloop
endfacet
facet normal 7.124764512336282e-05 -1.9101070664289547e-05 -0.9999999972794611
  outer loop
    vertex 2.5001018680791587 3.073869930224286 0.00012733915276750274
    vertex 2.491592272248216 12.764789696123287 0.00012690571086269032
    vertex 2.5001018680791587 9.525801195112068 0.0001273391527618628
  endloop
endfacet
facet normal 7.124764512336282e-05 -1.9101070664289547e-05 -0.9999999972794611
  outer loop
    vertex 2.5001018680791587 3.073869930224286 0.00012733915276750274
    vertex 2.5001018680791587 9.525801195112068 0.0001273391527618628
    vertex 2.5001018680791587 9.241416910193454 0.0001273391527618628
  endloop
endfacet
facet normal 7.124764512336282e-05 -1.9101070664289547e-05 -0.9999999972794611
  outer loop
    vertex 2.5001018680791587 3.073869930224286 0.00012733915276750274
    vertex 2.5001018680791587 9.241416910193454 0.0001273391527618628
    vertex 2.5001018680791645 6.08985314479996 0.0001273391527618628
  endloop
endfacet
facet normal 7.124764512336282e-05 -1.9101070664289547e-05 -0.9999999972794611
  outer loop
    vertex 2.5001018680791587 3.073869930224286 0.00012733915276750274
    vertex 2.5001018680791645 6.08985314479996 0.0001273391527618628
    vertex 3.5001018667819106 3.073869930224286 0.00017827481385532804
  endloop
endfacet
facet normal 7.124764512336282e-05 -1.9101070664289547e-05 -0.9999999972794611
  outer loop
    vertex 3.5001018667819106 3.073869930224286 0.00017827481385532804
    vertex 2.5001018680791645 6.08985314479996 0.0001273391527618628
    vertex 13.361794659149476 6.089852850652271 0.0006954128187517394
  endloop
endfacet
facet normal 7.124764512336282e-05 -1.9101070664289547e-05 -0.9999999972794611
  outer loop
    vertex 3.5001018667819106 3.073869930224286 0.00017827481385532804
    vertex 13.361794659149476 6.089852850652271 0.0006954128187517394
    vertex 3.7589209115487163 3.0397957565133598 0.00019145793302748347
  endloop
endfacet
facet normal 7.124764512336282e-05 -1.9101070664289547e-05 -0.9999999972794611
  outer loop
    vertex 3.7589209115487163 3.0397957565133598 0.00019145793302748347
    vertex 13.361794659149476 6.089852850652271 0.0006954128187517394
    vertex 4.000101866133312 2.939895334008732 0.00020374264440488064
  endloop
endfacet
facet normal 7.124764512336282e-05 -1.9101070664289547e-05 -0.9999999972794611
  outer loop
    vertex 4.000101866133312 2.939895334008732 0.00020374264440488064
    vertex 13.361794659149476 6.089852850652271 0.0006954128187517394
    vertex 4.207208647051232 2.780976711410837 0.00021429176522107517
  endloop
endfacet
facet normal 7.124764512336282e-05 -1.9101070664289547e-05 -0.9999999972794611
  outer loop
    vertex 4.207208647051232 2.780976711410837 0.00021429176522107517
    vertex 13.361794659149476 6.089852850652271 0.0006954128187517394
    vertex 4.366127269442965 2.5738699302242867 0.000222386390324103
  endloop
endfacet
facet normal 7.124764512336282e-05 -1.9101070664289547e-05 -0.9999999972794611
  outer loop
    vertex 4.366127269442965 2.5738699302242867 0.000222386390324103
    vertex 13.361794659149476 6.089852850652271 0.0006954128187517394
    vertex 8.07896536537446 3.9489098609141426 0.00046495268382000797
  endloop
endfacet
facet normal 7.124764512336282e-05 -1.9101070664289547e-05 -0.9999999972794611
  outer loop
    vertex 4.366127269442965 2.5738699302242867 0.000222386390324103
    vertex 8.07896536537446 3.9489098609141426 0.00046495268382000797
    vertex 7.717193933632975 3.7990592271725734 0.0004443025300903125
  endloop
endfacet
facet normal 7.124764512336282e-05 -1.9101070664289547e-05 -0.9999999972794611
  outer loop
    vertex 4.366127269442965 2.5738699302242867 0.000222386390324103
    vertex 7.717193933632975 3.7990592271725734 0.0004443025300903125
    vertex 4.4814225830715655 2.215753166620708 0.00022825903335850216
  endloop
endfacet
facet normal 7.124764512336282e-05 -1.9101070664289547e-05 -0.9999999972794611
  outer loop
    vertex 4.4814225830715655 2.215753166620708 0.00022825903335850216
    vertex 7.717193933632975 3.7990592271725734 0.0004443025300903125
    vertex 4.50010186548473 2.0738699302242876 0.0002292104749572532
  endloop
endfacet
facet normal 7.124764512336282e-05 -1.9101070664289547e-05 -0.9999999972794611
  outer loop
    vertex 4.50010186548473 2.0738699302242876 0.0002292104749572532
    vertex 7.717193933632975 3.7990592271725734 0.0004443025300903125
    vertex 7.406533762304367 3.5606812933001932 0.00042768099917960266
  endloop
endfacet
facet normal 7.124764512336282e-05 -1.9101070664289547e-05 -0.9999999972794611
  outer loop
    vertex 4.50010186548473 2.0738699302242876 0.0002292104749572532
    vertex 7.406533762304367 3.5606812933001932 0.00042768099917960266
    vertex 4.500101865484735 2.5204309546200675e-05 0.0003313534136932139
  endloop
endfacet
facet normal 7.124764512336282e-05 -1.9101070664289547e-05 -0.9999999972794611
  outer loop
    vertex 4.500101865484735 2.5204309546200675e-05 0.0003313534136932139
    vertex 7.406533762304367 3.5606812933001932 0.00042768099917960266
    vertex 7.168155828674467 3.250021121552245 0.00041622082095194024
  endloop
endfacet
facet normal 7.124764512336282e-05 -1.9101070664289547e-05 -0.9999999972794611
  outer loop
    vertex 4.500101865484735 2.5204309546200675e-05 0.0003313534136932139
    vertex 7.168155828674467 3.250021121552245 0.00041622082095194024
    vertex 7.018305194981991 2.8882496892431466 0.00041070298761469726
  endloop
endfacet
facet normal 7.124764512336282e-05 -1.9101070664289547e-05 -0.9999999972794611
  outer loop
    vertex 4.500101865484735 2.5204309546200675e-05 0.0003313534136932139
    vertex 7.018305194981991 2.8882496892431466 0.00041070298761469726
    vertex 6.967193934273211 2.5000211216291977 0.00041150353039307583
  endloop
endfacet
facet normal 7.124764512336282e-05 -1.9101070664289547e-05 -0.9999999972794611
  outer loop
    vertex 8.07896536537446 3.9489098609141426 0.00046495268382000797
    vertex 13.361794659149476 6.089852850652271 0.0006954128187517394
    vertex 8.467193932311188 4.000021121475295 0.0004882241865201919
  endloop
endfacet
facet normal 7.124764512336282e-05 -1.9101070664289547e-05 -0.9999999972794611
  outer loop
    vertex 8.467193932311188 4.000021121475295 0.0004882241865201919
    vertex 13.361794659149476 6.089852850652271 0.0006954128187517394
    vertex 8.855422499184472 3.9489098609141426 0.000512531123740767
  endloop
endfacet
facet normal 7.124764512336282e-05 -1.9101070664289547e-05 -0.9999999972794611
  outer loop
    vertex 8.855422499184472 3.9489098609141426 0.000512531123740767
    vertex 13.361794659149476 6.089852850652271 0.0006954128187517394
    vertex 9.217193930739935 3.7990592271725734 0.0005362170178760728
  endloop
endfacet
facet normal 7.124764512336282e-05 -1.9101070664289547e-05 -0.9999999972794611
  outer loop
    vertex 9.217193930739935 3.7990592271725734 0.0005362170178760728
    vertex 13.361794659149476 6.089852850652271 0.0006954128187517394
    vertex 9.527854101772627 3.5606812933001932 0.0005576677143841469
  endloop
endfacet
facet normal 7.124764512336282e-05 -1.9101070664289547e-05 -0.9999999972794611
  outer loop
    vertex 9.527854101772627 3.5606812933001932 0.0005576677143841469
    vertex 13.361794659149476 6.089852850652271 0.0006954128187517394
    vertex 9.766232035016891 3.2500211215522476 0.0005754213837499078
  endloop
endfacet
facet normal 7.124764512336282e-05 -1.9101070664289547e-05 -0.9999999972794611
  outer loop
    vertex 9.766232035016891 3.2500211215522476 0.0005754213837499078
    vertex 13.361794659149476 6.089852850652271 0.0006954128187517394
    vertex 9.916082668260271 2.8882496892431466 0.0005882681427428205
  endloop
endfacet
facet normal 7.124764512336282e-05 -1.9101070664289547e-05 -0.9999999972794611
  outer loop
    vertex 9.916082668260271 2.8882496892431466 0.0005882681427428205
    vertex 13.361794659149476 6.089852850652271 0.0006954128187517394
    vertex 9.967193928487125 2.5000211216291977 0.0005953325059674164
  endloop
endfacet
facet normal 7.124764512336282e-05 -1.9101070664289547e-05 -0.9999999972794611
  outer loop
    vertex 14.13825179445494 6.08985301456091 0.0006954128187517394
    vertex 13.5069461036855 6.089853013046713 0.0006954133576445142
    vertex 14.138250828748609 10.664533102664777 0.0006877390273254624
  endloop
endfacet
facet normal 0.9914448611782256 -0.13052619370566437 1.4970846473272224e-08
  outer loop
    vertex 19.01830265535747 2.8884400073167784 0.001006512591265005
    vertex 18.967191387239367 2.500220991529155 0.5010550660314548
    vertex 18.967191394648687 2.5002114397168556 0.001007313134043116
  endloop
endfacet
facet normal 0.9914448611782256 -0.13052619370566437 1.4970846473272224e-08
  outer loop
    vertex 18.967191387239367 2.500220991529155 0.5010550660314548
    vertex 19.01830265535747 2.8884400073167784 0.001006512591265005
    vertex 19.018302647761388 2.8884495592011663 0.5010580395130165
  endloop
endfacet
facet normal 0.7933533411266447 0.6087614279199938 9.3469762900658e-09
  outer loop
    vertex 19.16815328811893 1.7502114397638195 0.0010272242562611971
    vertex 19.406531215522296 1.4395608188013205 0.5010411691500035
    vertex 19.40653122136318 1.439551267973904 0.0010449779256277599
  endloop
endfacet
facet normal 0.7933533411266447 0.6087614279199938 9.3469762900658e-09
  outer loop
    vertex 19.406531215522296 1.4395608188013205 0.5010411691500035
    vertex 19.16815328811893 1.7502114397638195 0.0010272242562611971
    vertex 19.168153281618164 1.7502209910289908 0.501046333288963
  endloop
endfacet
facet normal 0.9238795331392964 0.3826834308489402 1.2226211046618117e-08
  outer loop
    vertex 19.01830265487554 2.1119828720974625 0.0010143774972678158
    vertex 19.168153281618164 1.7502209910289908 0.501046333288963
    vertex 19.16815328811893 1.7502114397638195 0.0010272242562611971
  endloop
endfacet
facet normal 0.9238795331392964 0.3826834308489402 1.2226211046618117e-08
  outer loop
    vertex 19.168153281618164 1.7502209910289908 0.501046333288963
    vertex 19.01830265487554 2.1119828720974625 0.0010143774972678158
    vertex 19.01830264783981 2.111992423698559 0.5010510732564298
  endloop
endfacet
facet normal -0.07813010160848881 0.5934054513256074 -0.8011027759031294
  outer loop
    vertex 20.46720135939726 2.3502502197173434 1.501052437267767
    vertex 20.855419954848752 1.051332248802257 0.5010232386885429
    vertex 20.467191387239353 1.000220988825306 0.5010266512772591
  endloop
endfacet
facet normal -0.07813010160848881 0.5934054513256074 -0.8011027759031294
  outer loop
    vertex 20.855419954848752 1.051332248802257 0.5010232386885429
    vertex 20.46720135939726 2.3502502197173434 1.501052437267767
    vertex 20.50602421765043 2.3553613461150977 1.5010730403612607
  endloop
endfacet
facet normal -0.7933533411267203 -0.6087614279198954 -4.578549517086439e-09
  outer loop
    vertex 21.766229492557535 3.250220987375212 0.5010338848141517
    vertex 21.527851562148108 3.5608716108884164 0.0011534773180437267
    vertex 21.76622949539237 3.2502114390985026 0.001171230987410289
  endloop
endfacet
facet normal -0.7933533411267203 -0.6087614279198954 -4.578549517086439e-09
  outer loop
    vertex 21.527851562148108 3.5608716108884164 0.0011534773180437267
    vertex 21.766229492557535 3.250220987375212 0.5010338848141517
    vertex 21.527851558653392 3.560881159602881 0.5010390489531111
  endloop
endfacet
facet normal -0.9914448615940714 -0.13052619054700357 -4.096119221951955e-09
  outer loop
    vertex 21.967191386936324 2.5002209868750476 0.50102515207166
    vertex 21.916080128635752 2.88844000676486 0.0011840777464036704
    vertex 21.967191388862606 2.500211439145467 0.0011911421096283707
  endloop
endfacet
facet normal -0.9914448615940714 -0.13052619054700357 -4.096119221951955e-09
  outer loop
    vertex 21.916080128635752 2.88844000676486 0.0011840777464036704
    vertex 21.967191386936324 2.5002209868750476 0.50102515207166
    vertex 21.916080126335878 2.8884495547056437 0.5010291448466848
  endloop
endfacet
facet normal 0.6087614288117891 -0.7933533404423463 9.312868732311385e-09
  outer loop
    vertex 19.717191394008456 3.7992495451030255 0.0010401121337433553
    vertex 19.40653121530804 3.560881162893831 0.5010602013169367
    vertex 19.40653122267985 3.5608716112924492 0.0010234906028314648
  endloop
endfacet
facet normal 0.6087614288117891 -0.7933533404423463 9.312868732311385e-09
  outer loop
    vertex 19.40653121530804 3.560881162893831 0.5010602013169367
    vertex 19.717191394008456 3.7992495451030255 0.0010401121337433553
    vertex 19.7171913870324 3.799259096368601 0.5010592423159288
  endloop
endfacet
facet normal 0.22904417509105293 0.5529461386252414 -0.8011175529448187
  outer loop
    vertex 20.392201356325362 2.3703464084460344 1.5010101718686648
    vertex 20.07896281961962 1.0513322500068287 0.5010309809910518
    vertex 19.717191387294815 1.2011828843626557 0.5010359327670845
  endloop
endfacet
facet normal 0.22904417509105293 0.5529461386252414 -0.8011175529448187
  outer loop
    vertex 20.07896281961962 1.0513322500068287 0.5010309809910518
    vertex 20.392201356325362 2.3703464084460344 1.5010101718686648
    vertex 20.428378501076654 2.3553613454176348 1.501030993995718
  endloop
endfacet
facet normal 0.6087614297647173 0.7933533397111386 6.082365844711351e-09
  outer loop
    vertex 19.406531215522296 1.4395608188013205 0.5010411691500035
    vertex 19.71719139239588 1.201173334044991 0.0010664286221369137
    vertex 19.40653122136318 1.439551267973904 0.0010449779256277599
  endloop
endfacet
facet normal 0.6087614297647173 0.7933533397111386 6.082365844711351e-09
  outer loop
    vertex 19.71719139239588 1.201173334044991 0.0010664286221369137
    vertex 19.406531215522296 1.4395608188013205 0.5010411691500035
    vertex 19.717191387294815 1.2011828843626557 0.5010359327670845
  endloop
endfacet
facet normal -0.9238795320806437 0.3826834334047541 -3.5065062796739085e-09
  outer loop
    vertex 21.766229492709037 1.750220986998418 0.501020427039852
    vertex 21.91608012815382 2.1119828715455466 0.0011919426524064811
    vertex 21.76622949446135 1.7502114392689851 0.0011864248190686167
  endloop
endfacet
facet normal -0.9238795320806437 0.3826834334047541 -3.5065062796739085e-09
  outer loop
    vertex 21.91608012815382 2.1119828715455466 0.0011919426524064811
    vertex 21.766229492709037 1.750220986998418 0.501020427039852
    vertex 21.916080126414304 2.1119924192030393 0.5010221785900982
  endloop
endfacet
facet normal 0.7933533398848068 -0.6087614295383886 1.2307907256792295e-08
  outer loop
    vertex 19.40653122267985 3.5608716112924492 0.0010234906028314648
    vertex 19.168153281466658 3.2502209914057847 0.5010597910632628
    vertex 19.168153289049947 3.2502114395933366 0.0010120304246028697
  endloop
endfacet
facet normal 0.7933533398848068 -0.6087614295383886 1.2307907256792295e-08
  outer loop
    vertex 19.168153281466658 3.2502209914057847 0.5010597910632628
    vertex 19.40653122267985 3.5608716112924492 0.0010234906028314648
    vertex 19.40653121530804 3.560881162893831 0.5010602013169367
  endloop
endfacet
facet normal 0.13052619234105833 0.9914448613578797 3.099527427440459e-10
  outer loop
    vertex 20.07896281961962 1.0513322500068287 0.5010309809910518
    vertex 20.467191390824627 1.0002114396016422 0.0011144214534954805
    vertex 20.078962823951343 1.0513227002361742 0.0010901145162735039
  endloop
endfacet
facet normal 0.13052619234105833 0.9914448613578797 3.099527427440459e-10
  outer loop
    vertex 20.467191390824627 1.0002114396016422 0.0011144214534954805
    vertex 20.07896281961962 1.0513322500068287 0.5010309809910518
    vertex 20.467191387239353 1.000220988825306 0.5010266512772591
  endloop
endfacet
facet normal 0.9238795320806721 -0.3826834334046854 1.4301793173517301e-08
  outer loop
    vertex 19.168153289049947 3.2502114395933366 0.0010120304246028697
    vertex 19.018302647761388 2.8884495592011663 0.5010580395130165
    vertex 19.01830265535747 2.8884400073167784 0.001006512591265005
  endloop
endfacet
facet normal 0.9238795320806721 -0.3826834334046854 1.4301793173517301e-08
  outer loop
    vertex 19.018302647761388 2.8884495592011663 0.5010580395130165
    vertex 19.168153289049947 3.2502114395933366 0.0010120304246028697
    vertex 19.168153281466658 3.2502209914057847 0.5010597910632628
  endloop
endfacet
facet normal -0.3826834328226843 -0.9238795323217448 -2.8616631813302296e-09
  outer loop
    vertex 21.217191391115417 3.7992495448173313 0.0011320266215345725
    vertex 20.855419954556073 3.949109728397374 0.501049237112063
    vertex 20.855419959559953 3.949100178626148 0.0011083407273979823
  endloop
endfacet
facet normal -0.3826834328226843 -0.9238795323217448 -2.8616631813302296e-09
  outer loop
    vertex 20.855419954556073 3.949109728397374 0.501049237112063
    vertex 21.217191391115417 3.7992495448173313 0.0011320266215345725
    vertex 21.21719138688088 3.7992590940415467 0.5010442853360302
  endloop
endfacet
facet normal -0.6087614297647767 -0.7933533397110931 -4.127220074283676e-09
  outer loop
    vertex 21.527851562148108 3.5608716108884164 0.0011534773180437267
    vertex 21.21719138688088 3.7992590940415467 0.5010442853360302
    vertex 21.217191391115417 3.7992495448173313 0.0011320266215345725
  endloop
endfacet
facet normal -0.6087614297647767 -0.7933533397110931 -4.127220074283676e-09
  outer loop
    vertex 21.21719138688088 3.7992590940415467 0.5010442853360302
    vertex 21.527851562148108 3.5608716108884164 0.0011534773180437267
    vertex 21.527851558653392 3.560881159602881 0.5010390489531111
  endloop
endfacet
facet normal -0.9914448611782001 0.13052619370585958 -3.7309876598949155e-09
  outer loop
    vertex 21.916080126414304 2.1119924192030393 0.5010221785900982
    vertex 21.967191388862606 2.500211439145467 0.0011911421096283707
    vertex 21.91608012815382 2.1119828715455466 0.0011919426524064811
  endloop
endfacet
facet normal -0.9914448611782001 0.13052619370585958 -3.7309876598949155e-09
  outer loop
    vertex 21.967191388862606 2.500211439145467 0.0011911421096283707
    vertex 21.916080126414304 2.1119924192030393 0.5010221785900982
    vertex 21.967191386936324 2.5002209868750476 0.50102515207166
  endloop
endfacet
facet normal -0.9238795331393892 -0.3826834308487165 -4.465962201192033e-09
  outer loop
    vertex 21.916080126335878 2.8884495547056437 0.5010291448466848
    vertex 21.76622949539237 3.2502114390985026 0.001171230987410289
    vertex 21.916080128635752 2.88844000676486 0.0011840777464036704
  endloop
endfacet
facet normal -0.9238795331393892 -0.3826834308487165 -4.465962201192033e-09
  outer loop
    vertex 21.76622949539237 3.2502114390985026 0.001171230987410289
    vertex 21.916080126335878 2.8884495547056437 0.5010291448466848
    vertex 21.766229492557535 3.250220987375212 0.5010338848141517
  endloop
endfacet
facet normal 0.9914448615940427 0.13052619054722076 1.4225076569581923e-08
  outer loop
    vertex 18.967191394648687 2.5002114397168556 0.001007313134043116
    vertex 19.01830264783981 2.111992423698559 0.5010510732564298
    vertex 19.01830265487554 2.1119828720974625 0.0010143774972678158
  endloop
endfacet
facet normal 0.9914448615940427 0.13052619054722076 1.4225076569581923e-08
  outer loop
    vertex 19.01830264783981 2.111992423698559 0.5010510732564298
    vertex 18.967191394648687 2.5002114397168556 0.001007313134043116
    vertex 18.967191387239367 2.500220991529155 0.5010550660314548
  endloop
endfacet
facet normal 0.3826834323841067 -0.9238795325034098 5.801705264353639e-09
  outer loop
    vertex 20.07896282574994 3.9491001787740343 0.0010607622874743985
    vertex 19.7171913870324 3.799259096368601 0.5010592423159288
    vertex 19.717191394008456 3.7992495451030255 0.0010401121337433553
  endloop
endfacet
facet normal 0.3826834323841067 -0.9238795325034098 5.801705264353639e-09
  outer loop
    vertex 19.7171913870324 3.799259096368601 0.5010592423159288
    vertex 20.07896282574994 3.9491001787740343 0.0010607622874743985
    vertex 20.078962819326943 3.949109729601945 0.5010569794145718
  endloop
endfacet
facet normal -0.13052619234104476 -0.9914448613578813 -6.802982653086647e-10
  outer loop
    vertex 20.855419959559953 3.949100178626148 0.0011083407273979823
    vertex 20.467191386936346 4.000220989578895 0.5010535668258556
    vertex 20.46719139268667 4.000211439260679 0.0010840337901760059
  endloop
endfacet
facet normal -0.13052619234104476 -0.9914448613578813 -6.802982653086647e-10
  outer loop
    vertex 20.467191386936346 4.000220989578895 0.5010535668258556
    vertex 20.855419959559953 3.949100178626148 0.0011083407273979823
    vertex 20.855419954556073 3.949109728397374 0.501049237112063
  endloop
endfacet
facet normal 0.4748268165666285 0.3643260633176178 -0.8011279634719342
  outer loop
    vertex 20.337297543243807 2.4252502184387077 1.5009759279916755
    vertex 19.406531215522296 1.4395608188013205 0.5010411691500035
    vertex 19.168153281618164 1.7502209910289908 0.501046333288963
  endloop
endfacet
facet normal 0.4748268165666285 0.3643260633176178 -0.8011279634719342
  outer loop
    vertex 19.406531215522296 1.4395608188013205 0.5010411691500035
    vertex 20.337297543243807 2.4252502184387077 1.5009759279916755
    vertex 20.361135337772634 2.3941842015211434 1.5009913898801566
  endloop
endfacet
facet normal 0.07811727898183289 -0.5934112320406925 -0.8010997443592288
  outer loop
    vertex 20.467191386936346 4.000220989578895 0.5010535668258556
    vertex 20.428378499165238 2.645139092872554 1.5010071768322286
    vertex 20.078962819326943 3.949109729601945 0.5010569794145718
  endloop
endfacet
facet normal 0.07811727898183289 -0.5934112320406925 -0.8010997443592288
  outer loop
    vertex 20.428378499165238 2.645139092872554 1.5010071768322286
    vertex 20.467191386936346 4.000220989578895 0.5010535668258556
    vertex 20.46720135741841 2.650250219270309 1.5010277799257257
  endloop
endfacet
facet normal 0.13052619228625909 -0.991444861365094 2.3125034501879523e-09
  outer loop
    vertex 20.46719139268667 4.000211439260679 0.0010840337901760059
    vertex 20.078962819326943 3.949109729601945 0.5010569794145718
    vertex 20.07896282574994 3.9491001787740343 0.0010607622874743985
  endloop
endfacet
facet normal 0.13052619228625909 -0.991444861365094 2.3125034501879523e-09
  outer loop
    vertex 20.078962819326943 3.949109729601945 0.5010569794145718
    vertex 20.46719139268667 4.000211439260679 0.0010840337901760059
    vertex 20.467191386936346 4.000220989578895 0.5010535668258556
  endloop
endfacet
facet normal 0.5529283333568892 -0.22905605262865356 -0.801126446277585
  outer loop
    vertex 19.168153281466658 3.2502209914057847 0.5010597910632628
    vertex 20.322312478530037 2.5390730748998718 1.5009584581156417
    vertex 19.018302647761388 2.8884495592011663 0.5010580395130165
  endloop
endfacet
facet normal 0.5529283333568892 -0.22905605262865356 -0.801126446277585
  outer loop
    vertex 20.322312478530037 2.5390730748998718 1.5009584581156417
    vertex 19.168153281466658 3.2502209914057847 0.5010597910632628
    vertex 20.33729754225438 2.5752502182151904 1.5009635993206518
  endloop
endfacet
facet normal -0.6087614288118276 0.7933533404423166 -3.2117823614433508e-09
  outer loop
    vertex 21.21719138714329 1.2011828820356034 0.5010209757871859
    vertex 21.527851560831447 1.4395512675698725 0.0011749646408400214
    vertex 21.21719138950284 1.201173333759298 0.001158343109928131
  endloop
endfacet
facet normal -0.6087614288118276 0.7933533404423166 -3.2117823614433508e-09
  outer loop
    vertex 21.527851560831447 1.4395512675698725 0.0011749646408400214
    vertex 21.21719138714329 1.2011828820356034 0.5010209757871859
    vertex 21.527851558867656 1.439560815510371 0.501020016786178
  endloop
endfacet
facet normal 0.5529402787887111 0.2290127186464245 -0.8011305903479384
  outer loop
    vertex 20.3223124790422 2.4614273614848163 1.5009648399053643
    vertex 19.168153281618164 1.7502209910289908 0.501046333288963
    vertex 19.01830264783981 2.111992423698559 0.5010510732564298
  endloop
endfacet
facet normal 0.5529402787887111 0.2290127186464245 -0.8011305903479384
  outer loop
    vertex 19.168153281618164 1.7502209910289908 0.501046333288963
    vertex 20.3223124790422 2.4614273614848163 1.5009648399053643
    vertex 20.337297543243807 2.4252502184387077 1.5009759279916755
  endloop
endfacet
facet normal -0.7933533398848067 0.6087614295383885 -3.393540925724541e-09
  outer loop
    vertex 21.527851558867656 1.439560815510371 0.501020016786178
    vertex 21.76622949446135 1.7502114392689851 0.0011864248190686167
    vertex 21.527851560831447 1.4395512675698725 0.0011749646408400214
  endloop
endfacet
facet normal -0.7933533398848067 0.6087614295383885 -3.393540925724541e-09
  outer loop
    vertex 21.76622949446135 1.7502114392689851 0.0011864248190686167
    vertex 21.527851558867656 1.439560815510371 0.501020016786178
    vertex 21.766229492709037 1.750220986998418 0.501020427039852
  endloop
endfacet
facet normal -0.36437002108199595 -0.47487568571769356 -0.8010790041255957
  outer loop
    vertex 21.21719138688088 3.7992590940415467 0.5010442853360302
    vertex 20.57326737904304 2.6063162374665083 1.501088827313336
    vertex 20.542201360490306 2.630154030541617 1.5010700453248274
  endloop
endfacet
facet normal -0.36437002108199595 -0.47487568571769356 -0.8010790041255957
  outer loop
    vertex 20.57326737904304 2.6063162374665083 1.501088827313336
    vertex 21.21719138688088 3.7992590940415467 0.5010442853360302
    vertex 21.527851558653392 3.560881159602881 0.5010390489531111
  endloop
endfacet
facet normal 0.36435252021402453 0.4748140183604762 -0.8011235166827064
  outer loop
    vertex 20.361135337772634 2.3941842015211434 1.5009913898801566
    vertex 19.717191387294815 1.2011828843626557 0.5010359327670845
    vertex 19.406531215522296 1.4395608188013205 0.5010411691500035
  endloop
endfacet
facet normal 0.36435252021402453 0.4748140183604762 -0.8011235166827064
  outer loop
    vertex 19.717191387294815 1.2011828843626557 0.5010359327670845
    vertex 20.361135337772634 2.3941842015211434 1.5009913898801566
    vertex 20.392201356325362 2.3703464084460344 1.5010101718686648
  endloop
endfacet
facet normal 0.5933716471007432 0.07809519403971596 -0.8011312183936226
  outer loop
    vertex 20.317201352529164 2.500250218146433 1.500958881255984
    vertex 19.01830264783981 2.111992423698559 0.5010510732564298
    vertex 18.967191387239367 2.500220991529155 0.5010550660314548
  endloop
endfacet
facet normal 0.5933716471007432 0.07809519403971596 -0.8011312183936226
  outer loop
    vertex 19.01830264783981 2.111992423698559 0.5010510732564298
    vertex 20.317201352529164 2.500250218146433 1.500958881255984
    vertex 20.3223124790422 2.4614273614848163 1.5009648399053643
  endloop
endfacet
facet normal -0.4748818555349989 0.3643474516997657 -0.8010856119813434
  outer loop
    vertex 37.95872726041133 4.7870404271615765 1.5025659342306654
    vertex 38.88947364471766 3.801331917537216 0.5024693335089169
    vertex 37.934889466292326 4.755974409644739 1.502555579044928
  endloop
endfacet
facet normal -0.4748818555349989 0.3643474516997657 -0.8010856119813434
  outer loop
    vertex 38.88947364471766 3.801331917537216 0.5024693335089169
    vertex 37.95872726041133 4.7870404271615765 1.5025659342306654
    vertex 39.127851578559046 4.111992088765361 0.5024697437625958
  endloop
endfacet
facet normal -0.5530087535340475 0.22903809097693417 -0.8010760709173385
  outer loop
    vertex 20.612090238285635 2.4614273640877804 1.5011217590778505
    vertex 21.766229492709037 1.750220986998418 0.501020427039852
    vertex 20.597105174561293 2.4252502207724613 1.5011166178728403
  endloop
endfacet
facet normal -0.5530087535340475 0.22903809097693417 -0.8010760709173385
  outer loop
    vertex 21.766229492709037 1.750220986998418 0.501020427039852
    vertex 20.612090238285635 2.4614273640877804 1.5011217590778505
    vertex 21.916080126414304 2.1119924192030393 0.5010221785900982
  endloop
endfacet
facet normal -0.22906191129278225 0.552971509472254 -0.80109496971762
  outer loop
    vertex 20.542201362204032 2.3703464097934277 1.501091399209427
    vertex 20.855419954848752 1.051332248802257 0.5010232386885429
    vertex 20.50602421765043 2.3553613461150977 1.5010730403612607
  endloop
endfacet
facet normal -0.22906191129278225 0.552971509472254 -0.80109496971762
  outer loop
    vertex 20.855419954848752 1.051332248802257 0.5010232386885429
    vertex 20.542201362204032 2.3703464097934277 1.501091399209427
    vertex 21.21719138714329 1.2011828820356034 0.5010209757871859
  endloop
endfacet
facet normal 0.3643362022902396 -0.47484103322596266 -0.8011149261283464
  outer loop
    vertex 19.7171913870324 3.799259096368601 0.5010592423159288
    vertex 20.361135336373376 2.6063162355610068 1.5009739545063925
    vertex 19.40653121530804 3.560881162893831 0.5010602013169367
  endloop
endfacet
facet normal 0.3643362022902396 -0.47484103322596266 -0.8011149261283464
  outer loop
    vertex 20.361135336373376 2.6063162355610068 1.5009739545063925
    vertex 19.7171913870324 3.799259096368601 0.5010592423159288
    vertex 20.392201354611633 2.6301540291942236 1.5009888179840651
  endloop
endfacet
facet normal 0.3826834328226823 0.9238795323217457 2.935888974590349e-09
  outer loop
    vertex 19.717191387294815 1.2011828843626557 0.5010359327670845
    vertex 20.078962823951343 1.0513227002361742 0.0010901145162735039
    vertex 19.71719139239588 1.201173334044991 0.0010664286221369137
  endloop
endfacet
facet normal 0.3826834328226823 0.9238795323217457 2.935888974590349e-09
  outer loop
    vertex 20.078962823951343 1.0513227002361742 0.0010901145162735039
    vertex 19.717191387294815 1.2011828843626557 0.5010359327670845
    vertex 20.07896281961962 1.0513322500068287 0.5010309809910518
  endloop
endfacet
facet normal -0.5529968071207132 -0.2290814186706838 -0.8010719286893804
  outer loop
    vertex 21.766229492557535 3.250220987375212 0.5010338848141517
    vertex 20.612090237773472 2.5390730775028354 1.5011153772881278
    vertex 20.59710517357187 2.575250220548944 1.5011042892018172
  endloop
endfacet
facet normal -0.5529968071207132 -0.2290814186706838 -0.8010719286893804
  outer loop
    vertex 20.612090237773472 2.5390730775028354 1.5011153772881278
    vertex 21.766229492557535 3.250220987375212 0.5010338848141517
    vertex 21.916080126335878 2.8884495547056437 0.5010291448466848
  endloop
endfacet
facet normal 0.07812165131993218 0.5933961649701425 -0.8011104786443469
  outer loop
    vertex 20.428378501076654 2.3553613454176348 1.501030993995718
    vertex 20.467191387239353 1.000220988825306 0.5010266512772591
    vertex 20.07896281961962 1.0513322500068287 0.5010309809910518
  endloop
endfacet
facet normal 0.07812165131993218 0.5933961649701425 -0.8011104786443469
  outer loop
    vertex 20.467191387239353 1.000220988825306 0.5010266512772591
    vertex 20.428378501076654 2.3553613454176348 1.501030993995718
    vertex 20.46720135939726 2.3502502197173434 1.501052437267767
  endloop
endfacet
facet normal 0.000541515500033116 -0.00012039326000003383 -0.9999998461332014
  outer loop
    vertex 20.322312478530037 2.5390730748998718 1.5009584581156417
    vertex 20.3223124790422 2.4614273614848163 1.5009648399053643
    vertex 20.317201352529164 2.500250218146433 1.500958881255984
  endloop
endfacet
facet normal 0.000541515500033116 -0.00012039326000003383 -0.9999998461332014
  outer loop
    vertex 20.3223124790422 2.4614273614848163 1.5009648399053643
    vertex 20.322312478530037 2.5390730748998718 1.5009584581156417
    vertex 20.33729754225438 2.5752502182151904 1.5009635993206518
  endloop
endfacet
facet normal 0.000541515500033116 -0.00012039326000003383 -0.9999998461332014
  outer loop
    vertex 20.3223124790422 2.4614273614848163 1.5009648399053643
    vertex 20.33729754225438 2.5752502182151904 1.5009635993206518
    vertex 20.337297543243807 2.4252502184387077 1.5009759279916755
  endloop
endfacet
facet normal 0.000541515500033116 -0.00012039326000003383 -0.9999998461332014
  outer loop
    vertex 20.337297543243807 2.4252502184387077 1.5009759279916755
    vertex 20.33729754225438 2.5752502182151904 1.5009635993206518
    vertex 20.361135336373376 2.6063162355610068 1.5009739545063925
  endloop
endfacet
facet normal 0.000541515500033116 -0.00012039326000003383 -0.9999998461332014
  outer loop
    vertex 20.337297543243807 2.4252502184387077 1.5009759279916755
    vertex 20.361135336373376 2.6063162355610068 1.5009739545063925
    vertex 20.361135337772634 2.3941842015211434 1.5009913898801566
  endloop
endfacet
facet normal 0.000541515500033116 -0.00012039326000003383 -0.9999998461332014
  outer loop
    vertex 20.361135337772634 2.3941842015211434 1.5009913898801566
    vertex 20.361135336373376 2.6063162355610068 1.5009739545063925
    vertex 20.392201354611633 2.6301540291942236 1.5009888179840651
  endloop
endfacet
facet normal 0.000541515500033116 -0.00012039326000003383 -0.9999998461332014
  outer loop
    vertex 20.361135337772634 2.3941842015211434 1.5009913898801566
    vertex 20.392201354611633 2.6301540291942236 1.5009888179840651
    vertex 20.392201356325362 2.3703464084460344 1.5010101718686648
  endloop
endfacet
facet normal 0.000541515500033116 -0.00012039326000003383 -0.9999998461332014
  outer loop
    vertex 20.392201356325362 2.3703464084460344 1.5010101718686648
    vertex 20.392201354611633 2.6301540291942236 1.5009888179840651
    vertex 20.428378499165238 2.645139092872554 1.5010071768322286
  endloop
endfacet
facet normal 0.000541515500033116 -0.00012039326000003383 -0.9999998461332014
  outer loop
    vertex 20.392201356325362 2.3703464084460344 1.5010101718686648
    vertex 20.428378499165238 2.645139092872554 1.5010071768322286
    vertex 20.428378501076654 2.3553613454176348 1.501030993995718
  endloop
endfacet
facet normal 0.000541515500033116 -0.00012039326000003383 -0.9999998461332014
  outer loop
    vertex 20.428378501076654 2.3553613454176348 1.501030993995718
    vertex 20.428378499165238 2.645139092872554 1.5010071768322286
    vertex 20.46720135741841 2.650250219270309 1.5010277799257257
  endloop
endfacet
facet normal 0.000541515500033116 -0.00012039326000003383 -0.9999998461332014
  outer loop
    vertex 20.428378501076654 2.3553613454176348 1.501030993995718
    vertex 20.46720135741841 2.650250219270309 1.5010277799257257
    vertex 20.46720135939726 2.3502502197173434 1.501052437267767
  endloop
endfacet
facet normal 0.000541515500033116 -0.00012039326000003383 -0.9999998461332014
  outer loop
    vertex 20.46720135939726 2.3502502197173434 1.501052437267767
    vertex 20.46720135741841 2.650250219270309 1.5010277799257257
    vertex 20.506024215739018 2.645139093570016 1.5010492231977743
  endloop
endfacet
facet normal 0.000541515500033116 -0.00012039326000003383 -0.9999998461332014
  outer loop
    vertex 20.46720135939726 2.3502502197173434 1.501052437267767
    vertex 20.506024215739018 2.645139093570016 1.5010492231977743
    vertex 20.50602421765043 2.3553613461150977 1.5010730403612607
  endloop
endfacet
facet normal 0.000541515500033116 -0.00012039326000003383 -0.9999998461332014
  outer loop
    vertex 20.50602421765043 2.3553613461150977 1.5010730403612607
    vertex 20.506024215739018 2.645139093570016 1.5010492231977743
    vertex 20.542201360490306 2.630154030541617 1.5010700453248274
  endloop
endfacet
facet normal 0.000541515500033116 -0.00012039326000003383 -0.9999998461332014
  outer loop
    vertex 20.50602421765043 2.3553613461150977 1.5010730403612607
    vertex 20.542201360490306 2.630154030541617 1.5010700453248274
    vertex 20.542201362204032 2.3703464097934277 1.501091399209427
  endloop
endfacet
facet normal 0.000541515500033116 -0.00012039326000003383 -0.9999998461332014
  outer loop
    vertex 20.542201362204032 2.3703464097934277 1.501091399209427
    vertex 20.542201360490306 2.630154030541617 1.5010700453248274
    vertex 20.57326737904304 2.6063162374665083 1.501088827313336
  endloop
endfacet
facet normal 0.000541515500033116 -0.00012039326000003383 -0.9999998461332014
  outer loop
    vertex 20.542201362204032 2.3703464097934277 1.501091399209427
    vertex 20.57326737904304 2.6063162374665083 1.501088827313336
    vertex 20.573267380442292 2.394184203426645 1.5011062626871
  endloop
endfacet
facet normal 0.000541515500033116 -0.00012039326000003383 -0.9999998461332014
  outer loop
    vertex 20.573267380442292 2.394184203426645 1.5011062626871
    vertex 20.57326737904304 2.6063162374665083 1.501088827313336
    vertex 20.59710517357187 2.575250220548944 1.5011042892018172
  endloop
endfacet
facet normal 0.000541515500033116 -0.00012039326000003383 -0.9999998461332014
  outer loop
    vertex 20.573267380442292 2.394184203426645 1.5011062626871
    vertex 20.59710517357187 2.575250220548944 1.5011042892018172
    vertex 20.597105174561293 2.4252502207724613 1.5011166178728403
  endloop
endfacet
facet normal 0.000541515500033116 -0.00012039326000003383 -0.9999998461332014
  outer loop
    vertex 20.597105174561293 2.4252502207724613 1.5011166178728403
    vertex 20.59710517357187 2.575250220548944 1.5011042892018172
    vertex 20.612090237773472 2.5390730775028354 1.5011153772881278
  endloop
endfacet
facet normal 0.000541515500033116 -0.00012039326000003383 -0.9999998461332014
  outer loop
    vertex 20.597105174561293 2.4252502207724613 1.5011166178728403
    vertex 20.612090237773472 2.5390730775028354 1.5011153772881278
    vertex 20.612090238285635 2.4614273640877804 1.5011217590778505
  endloop
endfacet
facet normal 0.000541515500033116 -0.00012039326000003383 -0.9999998461332014
  outer loop
    vertex 20.612090238285635 2.4614273640877804 1.5011217590778505
    vertex 20.612090237773472 2.5390730775028354 1.5011153772881278
    vertex 20.617201364286505 2.500250220841219 1.5011213359375082
  endloop
endfacet
facet normal -0.5934450346108282 -0.07815218315548292 -0.801071299675494
  outer loop
    vertex 21.916080126335878 2.8884495547056437 0.5010291448466848
    vertex 20.617201364286505 2.500250220841219 1.5011213359375082
    vertex 20.612090237773472 2.5390730775028354 1.5011153772881278
  endloop
endfacet
facet normal -0.5934450346108282 -0.07815218315548292 -0.801071299675494
  outer loop
    vertex 20.617201364286505 2.500250220841219 1.5011213359375082
    vertex 21.916080126335878 2.8884495547056437 0.5010291448466848
    vertex 21.967191386936324 2.5002209868750476 0.50102515207166
  endloop
endfacet
facet normal -0.13052619228627962 0.9914448613650912 -1.5719481216987345e-09
  outer loop
    vertex 20.467191387239353 1.000220988825306 0.5010266512772591
    vertex 20.855419957761356 1.0513227000882879 0.0011376929561970877
    vertex 20.467191390824627 1.0002114396016422 0.0011144214534954805
  endloop
endfacet
facet normal -0.13052619228627962 0.9914448613650912 -1.5719481216987345e-09
  outer loop
    vertex 20.855419957761356 1.0513227000882879 0.0011376929561970877
    vertex 20.467191387239353 1.000220988825306 0.5010266512772591
    vertex 20.855419954848752 1.051332248802257 0.5010232386885429
  endloop
endfacet
facet normal 0.0005415154988606168 -0.0001394943281369128 -0.9999998436511363
  outer loop
    vertex 37.68393456438007 4.9008632786626976 1.502407774473517
    vertex 37.68393456489223 4.823217565355376 1.5024141562632374
    vertex 37.6788234383792 4.862040421917214 1.502408197613859
  endloop
endfacet
facet normal 0.0005415154988606168 -0.0001394943281369128 -0.9999998436511363
  outer loop
    vertex 37.68393456489223 4.823217565355376 1.5024141562632374
    vertex 37.68393456438007 4.9008632786626976 1.502407774473517
    vertex 37.69891962810441 4.937040422062425 1.5024129156785255
  endloop
endfacet
facet normal 0.0005415154988606168 -0.0001394943281369128 -0.9999998436511363
  outer loop
    vertex 37.68393456489223 4.823217565355376 1.5024141562632374
    vertex 37.69891962810441 4.937040422062425 1.5024129156785255
    vertex 37.698919629093844 4.787040422494069 1.5024252443495452
  endloop
endfacet
facet normal 0.0005415154988606168 -0.0001394943281369128 -0.9999998436511363
  outer loop
    vertex 37.698919629093844 4.787040422494069 1.5024252443495452
    vertex 37.69891962810441 4.937040422062425 1.5024129156785255
    vertex 37.72275742222341 4.9681064395792625 1.5024232708642626
  endloop
endfacet
facet normal 0.0005415154988606168 -0.0001394943281369128 -0.9999998436511363
  outer loop
    vertex 37.698919629093844 4.787040422494069 1.5024252443495452
    vertex 37.72275742222341 4.9681064395792625 1.5024232708642626
    vertex 37.72275742362267 4.755974405833736 1.5024407062380212
  endloop
endfacet
facet normal 0.0005415154988606168 -0.0001394943281369128 -0.9999998436511363
  outer loop
    vertex 37.72275742362267 4.755974405833736 1.5024407062380212
    vertex 37.72275742222341 4.9681064395792625 1.5024232708642626
    vertex 37.753823440461666 4.991944233458459 1.5024381343419309
  endloop
endfacet
facet normal 0.0005415154988606168 -0.0001394943281369128 -0.9999998436511363
  outer loop
    vertex 37.72275742362267 4.755974405833736 1.5024407062380212
    vertex 37.753823440461666 4.991944233458459 1.5024381343419309
    vertex 37.753823442175396 4.7321366130707565 1.5024594882265236
  endloop
endfacet
facet normal 0.0005415154988606168 -0.0001394943281369128 -0.9999998436511363
  outer loop
    vertex 37.753823442175396 4.7321366130707565 1.5024594882265236
    vertex 37.753823440461666 4.991944233458459 1.5024381343419309
    vertex 37.79000058501527 5.006929297440962 1.5024564931900886
  endloop
endfacet
facet normal 0.0005415154988606168 -0.0001394943281369128 -0.9999998436511363
  outer loop
    vertex 37.753823442175396 4.7321366130707565 1.5024594882265236
    vertex 37.79000058501527 5.006929297440962 1.5024564931900886
    vertex 37.79000058692669 4.717151550388114 1.5024803103535702
  endloop
endfacet
facet normal 0.0005415154988606168 -0.0001394943281369128 -0.9999998436511363
  outer loop
    vertex 37.79000058692669 4.717151550388114 1.5024803103535702
    vertex 37.79000058501527 5.006929297440962 1.5024564931900886
    vertex 37.82882344326844 5.0120404241803564 1.502477096283579
  endloop
endfacet
facet normal 0.0005415154988606168 -0.0001394943281369128 -0.9999998436511363
  outer loop
    vertex 37.79000058692669 4.717151550388114 1.5024803103535702
    vertex 37.82882344326844 5.0120404241803564 1.502477096283579
    vertex 37.828823445247295 4.712040425043646 1.5025017536256122
  endloop
endfacet
facet normal 0.0005415154988606168 -0.0001394943281369128 -0.9999998436511363
  outer loop
    vertex 37.828823445247295 4.712040425043646 1.5025017536256122
    vertex 37.82882344326844 5.0120404241803564 1.502477096283579
    vertex 37.867646301589055 5.006929298835887 1.502498539555621
  endloop
endfacet
facet normal 0.0005415154988606168 -0.0001394943281369128 -0.9999998436511363
  outer loop
    vertex 37.828823445247295 4.712040425043646 1.5025017536256122
    vertex 37.867646301589055 5.006929298835887 1.502498539555621
    vertex 37.867646303500464 4.717151551783039 1.5025223567190997
  endloop
endfacet
facet normal 0.0005415154988606168 -0.0001394943281369128 -0.9999998436511363
  outer loop
    vertex 37.867646303500464 4.717151551783039 1.5025223567190997
    vertex 37.867646301589055 5.006929298835887 1.502498539555621
    vertex 37.90382344634034 4.991944236153246 1.502519361682667
  endloop
endfacet
facet normal 0.0005415154988606168 -0.0001394943281369128 -0.9999998436511363
  outer loop
    vertex 37.867646303500464 4.717151551783039 1.5025223567190997
    vertex 37.90382344634034 4.991944236153246 1.502519361682667
    vertex 37.90382344805407 4.732136615765542 1.50254071556726
  endloop
endfacet
facet normal 0.0005415154988606168 -0.0001394943281369128 -0.9999998436511363
  outer loop
    vertex 37.90382344805407 4.732136615765542 1.50254071556726
    vertex 37.90382344634034 4.991944236153246 1.502519361682667
    vertex 37.93488946489307 4.968106443390266 1.50253814367117
  endloop
endfacet
facet normal 0.0005415154988606168 -0.0001394943281369128 -0.9999998436511363
  outer loop
    vertex 37.90382344805407 4.732136615765542 1.50254071556726
    vertex 37.93488946489307 4.968106443390266 1.50253814367117
    vertex 37.934889466292326 4.755974409644739 1.502555579044928
  endloop
endfacet
facet normal 0.0005415154988606168 -0.0001394943281369128 -0.9999998436511363
  outer loop
    vertex 37.934889466292326 4.755974409644739 1.502555579044928
    vertex 37.93488946489307 4.968106443390266 1.50253814367117
    vertex 37.9587272594219 4.937040426729932 1.5025536055596462
  endloop
endfacet
facet normal 0.0005415154988606168 -0.0001394943281369128 -0.9999998436511363
  outer loop
    vertex 37.934889466292326 4.755974409644739 1.502555579044928
    vertex 37.9587272594219 4.937040426729932 1.5025536055596462
    vertex 37.95872726041133 4.7870404271615765 1.5025659342306654
  endloop
endfacet
facet normal 0.0005415154988606168 -0.0001394943281369128 -0.9999998436511363
  outer loop
    vertex 37.95872726041133 4.7870404271615765 1.5025659342306654
    vertex 37.9587272594219 4.937040426729932 1.5025536055596462
    vertex 37.9737123236235 4.900863283868625 1.5025646936459534
  endloop
endfacet
facet normal 0.0005415154988606168 -0.0001394943281369128 -0.9999998436511363
  outer loop
    vertex 37.95872726041133 4.7870404271615765 1.5025659342306654
    vertex 37.9737123236235 4.900863283868625 1.5025646936459534
    vertex 37.97371232413567 4.8232175705613045 1.502571075435674
  endloop
endfacet
facet normal 0.0005415154988606168 -0.0001394943281369128 -0.9999998436511363
  outer loop
    vertex 37.97371232413567 4.8232175705613045 1.502571075435674
    vertex 37.9737123236235 4.900863283868625 1.5025646936459534
    vertex 37.97882345013654 4.862040427306788 1.5025706522953317
  endloop
endfacet
facet normal -0.593449407311719 0.078104483010642 -0.8010727124893282
  outer loop
    vertex 20.617201364286505 2.500250220841219 1.5011213359375082
    vertex 21.916080126414304 2.1119924192030393 0.5010221785900982
    vertex 20.612090238285635 2.4614273640877804 1.5011217590778505
  endloop
endfacet
facet normal -0.593449407311719 0.078104483010642 -0.8010727124893282
  outer loop
    vertex 21.916080126414304 2.1119924192030393 0.5010221785900982
    vertex 20.617201364286505 2.500250220841219 1.5011213359375082
    vertex 21.967191386936324 2.5002209868750476 0.50102515207166
  endloop
endfacet
facet normal -0.36438634002569176 0.47484867577455725 -0.801087592163198
  outer loop
    vertex 20.573267380442292 2.394184203426645 1.5011062626871
    vertex 21.21719138714329 1.2011828820356034 0.5010209757871859
    vertex 20.542201362204032 2.3703464097934277 1.501091399209427
  endloop
endfacet
facet normal -0.36438634002569176 0.47484867577455725 -0.801087592163198
  outer loop
    vertex 21.21719138714329 1.2011828820356034 0.5010209757871859
    vertex 20.573267380442292 2.394184203426645 1.5011062626871
    vertex 21.527851558867656 1.439560815510371 0.501020016786178
  endloop
endfacet
facet normal -0.22904996505056602 -0.5529909468043633 -0.8010849681917321
  outer loop
    vertex 20.855419954556073 3.949109728397374 0.501049237112063
    vertex 20.542201360490306 2.630154030541617 1.5010700453248274
    vertex 20.506024215739018 2.645139093570016 1.5010492231977743
  endloop
endfacet
facet normal -0.22904996505056602 -0.5529909468043633 -0.8010849681917321
  outer loop
    vertex 20.542201360490306 2.630154030541617 1.5010700453248274
    vertex 20.855419954556073 3.949109728397374 0.501049237112063
    vertex 21.21719138688088 3.7992590940415467 0.5010442853360302
  endloop
endfacet
facet normal 0.4748104987328658 -0.36436182367972203 -0.8011213714149901
  outer loop
    vertex 19.40653121530804 3.560881162893831 0.5010602013169367
    vertex 20.33729754225438 2.5752502182151904 1.5009635993206518
    vertex 19.168153281466658 3.2502209914057847 0.5010597910632628
  endloop
endfacet
facet normal 0.4748104987328658 -0.36436182367972203 -0.8011213714149901
  outer loop
    vertex 20.33729754225438 2.5752502182151904 1.5009635993206518
    vertex 19.40653121530804 3.560881162893831 0.5010602013169367
    vertex 20.361135336373376 2.6063162355610068 1.5009739545063925
  endloop
endfacet
facet normal 0.5933672747793682 -0.07814290059308866 -0.8011298049054252
  outer loop
    vertex 19.018302647761388 2.8884495592011663 0.5010580395130165
    vertex 20.317201352529164 2.500250218146433 1.500958881255984
    vertex 18.967191387239367 2.500220991529155 0.5010550660314548
  endloop
endfacet
facet normal 0.5933672747793682 -0.07814290059308866 -0.8011298049054252
  outer loop
    vertex 20.317201352529164 2.500250218146433 1.500958881255984
    vertex 19.018302647761388 2.8884495592011663 0.5010580395130165
    vertex 20.322312478530037 2.5390730748998718 1.5009584581156417
  endloop
endfacet
facet normal -0.07812572892427848 -0.5934205172185095 -0.8010920422923741
  outer loop
    vertex 20.855419954556073 3.949109728397374 0.501049237112063
    vertex 20.46720135741841 2.650250219270309 1.5010277799257257
    vertex 20.467191386936346 4.000220989578895 0.5010535668258556
  endloop
endfacet
facet normal -0.07812572892427848 -0.5934205172185095 -0.8010920422923741
  outer loop
    vertex 20.46720135741841 2.650250219270309 1.5010277799257257
    vertex 20.855419954556073 3.949109728397374 0.501049237112063
    vertex 20.506024215739018 2.645139093570016 1.5010492231977743
  endloop
endfacet
facet normal 0.22903222948803964 -0.5529655792788695 -0.8011075495765364
  outer loop
    vertex 20.078962819326943 3.949109729601945 0.5010569794145718
    vertex 20.392201354611633 2.6301540291942236 1.5009888179840651
    vertex 19.7171913870324 3.799259096368601 0.5010592423159288
  endloop
endfacet
facet normal 0.22903222948803964 -0.5529655792788695 -0.8011075495765364
  outer loop
    vertex 20.392201354611633 2.6301540291942236 1.5009888179840651
    vertex 20.078962819326943 3.949109729601945 0.5010569794145718
    vertex 20.428378499165238 2.645139092872554 1.5010071768322286
  endloop
endfacet
facet normal -0.47487920800156636 0.3643607212060693 -0.8010811461081818
  outer loop
    vertex 20.597105174561293 2.4252502207724613 1.5011166178728403
    vertex 21.527851558867656 1.439560815510371 0.501020016786178
    vertex 20.573267380442292 2.394184203426645 1.5011062626871
  endloop
endfacet
facet normal -0.47487920800156636 0.3643607212060693 -0.8010811461081818
  outer loop
    vertex 21.527851558867656 1.439560815510371 0.501020016786178
    vertex 20.597105174561293 2.4252502207724613 1.5011166178728403
    vertex 21.766229492709037 1.750220986998418 0.501020427039852
  endloop
endfacet
facet normal -0.38268343238415625 0.9238795325033893 -2.692440934612438e-09
  outer loop
    vertex 20.855419954848752 1.051332248802257 0.5010232386885429
    vertex 21.21719138950284 1.201173333759298 0.001158343109928131
    vertex 20.855419957761356 1.0513227000882879 0.0011376929561970877
  endloop
endfacet
facet normal -0.38268343238415625 0.9238795325033893 -2.692440934612438e-09
  outer loop
    vertex 21.21719138950284 1.201173333759298 0.001158343109928131
    vertex 20.855419954848752 1.051332248802257 0.5010232386885429
    vertex 21.21719138714329 1.2011828820356034 0.5010209757871859
  endloop
endfacet
facet normal -0.4748628889678627 -0.36439647569712436 -0.8010745565679953
  outer loop
    vertex 21.527851558653392 3.560881159602881 0.5010390489531111
    vertex 20.59710517357187 2.575250220548944 1.5011042892018172
    vertex 20.57326737904304 2.6063162374665083 1.501088827313336
  endloop
endfacet
facet normal -0.4748628889678627 -0.36439647569712436 -0.8010745565679953
  outer loop
    vertex 20.59710517357187 2.575250220548944 1.5011042892018172
    vertex 21.527851558653392 3.560881159602881 0.5010390489531111
    vertex 21.766229492557535 3.250220987375212 0.5010338848141517
  endloop
endfacet
facet normal 0.3826834329472042 0.9238795322701671 2.9358957029660724e-09
  outer loop
    vertex 37.07881347314483 3.562953989114166 0.5024852494897714
    vertex 37.44058490980134 3.413084254967632 0.002539431421375951
    vertex 37.07881347824588 3.5629348888436967 0.002515745527238076
  endloop
endfacet
facet normal 0.3826834329472042 0.9238795322701671 2.9358957029660724e-09
  outer loop
    vertex 37.44058490980134 3.413084254967632 0.002539431421375951
    vertex 37.07881347314483 3.562953989114166 0.5024852494897714
    vertex 37.44058490546963 3.413103354144081 0.5024802977137505
  endloop
endfacet
facet normal -0.3826834321404575 0.9238795326043324 -2.6924540989748873e-09
  outer loop
    vertex 38.217042040698765 3.413103351734937 0.5024725554112647
    vertex 38.57881347535283 3.5629348882723093 0.0026076600150347503
    vertex 38.21704204361135 3.4130842546718596 0.0025870098613023592
  endloop
endfacet
facet normal -0.3826834321404575 0.9238795326043324 -2.6924540989748873e-09
  outer loop
    vertex 38.57881347535283 3.5629348882723093 0.0026076600150347503
    vertex 38.217042040698765 3.413103351734937 0.5024725554112647
    vertex 38.5788134729933 3.5629539844600595 0.5024702925099173
  endloop
endfacet
facet normal -0.5934443250581032 -0.07816739022060046 -0.8010703415820815
  outer loop
    vertex 39.277702212185886 5.250220656642816 0.5024784615694254
    vertex 37.97882345013654 4.862040427306788 1.5025706522953317
    vertex 37.9737123236235 4.900863283868625 1.5025646936459534
  endloop
endfacet
facet normal -0.5934443250581032 -0.07816739022060046 -0.8010703415820815
  outer loop
    vertex 37.97882345013654 4.862040427306788 1.5025706522953317
    vertex 39.277702212185886 5.250220656642816 0.5024784615694254
    vertex 39.32881347278633 4.861992088595573 0.5024744687944048
  endloop
endfacet
facet normal 0.13052619234063945 0.9914448613579347 3.099526809140289e-10
  outer loop
    vertex 37.44058490546963 3.413103354144081 0.5024802977137505
    vertex 37.82881347667462 3.361972994259722 0.002563738358599329
    vertex 37.44058490980134 3.413084254967632 0.002539431421375951
  endloop
endfacet
facet normal 0.13052619234063945 0.9914448613579347 3.099526809140289e-10
  outer loop
    vertex 37.82881347667462 3.361972994259722 0.002563738358599329
    vertex 37.44058490546963 3.413103354144081 0.5024802977137505
    vertex 37.82881347308936 3.3619920923421893 0.5024759679999695
  endloop
endfacet
facet normal 0.07811656966255937 -0.5934211456960269 -0.8010924699340081
  outer loop
    vertex 37.82881347278636 6.361992094157172 0.5025028835485458
    vertex 37.79000058501527 5.006929297440962 1.5024564931900886
    vertex 37.440584905176955 6.310880834764424 0.502506296137251
  endloop
endfacet
facet normal 0.07811656966255937 -0.5934211456960269 -0.8010924699340081
  outer loop
    vertex 37.79000058501527 5.006929297440962 1.5024564931900886
    vertex 37.82881347278636 6.361992094157172 0.5025028835485458
    vertex 37.82882344326844 5.0120404241803564 1.502477096283579
  endloop
endfacet
facet normal -0.60876142834184 0.7933533408029507 -3.2118009468573203e-09
  outer loop
    vertex 38.5788134729933 3.5629539844600595 0.5024702925099173
    vertex 38.889473646681445 3.80131282202108 0.0026242815459478212
    vertex 38.57881347535283 3.5629348882723093 0.0026076600150347503
  endloop
endfacet
facet normal -0.60876142834184 0.7933533408029507 -3.2118009468573203e-09
  outer loop
    vertex 38.889473646681445 3.80131282202108 0.0026242815459478212
    vertex 38.5788134729933 3.5629539844600595 0.5024702925099173
    vertex 38.88947364471766 3.801331917537216 0.5024693335089169
  endloop
endfacet
facet normal -0.5530106915860982 0.2290235929846878 -0.8010788780437601
  outer loop
    vertex 37.97371232413567 4.8232175705613045 1.502571075435674
    vertex 39.127851578559046 4.111992088765361 0.5024697437625958
    vertex 37.95872726041133 4.7870404271615765 1.5025659342306654
  endloop
endfacet
facet normal -0.5530106915860982 0.2290235929846878 -0.8010788780437601
  outer loop
    vertex 39.127851578559046 4.111992088765361 0.5024697437625958
    vertex 37.97371232413567 4.8232175705613045 1.502571075435674
    vertex 39.27770221226431 4.4737635208655036 0.5024714953128441
  endloop
endfacet
facet normal -0.793353339309758 0.6087614302878065 -3.393563666309455e-09
  outer loop
    vertex 38.88947364471766 3.801331917537216 0.5024693335089169
    vertex 39.127851580311344 4.1119729936713565 0.0026357417241773496
    vertex 38.889473646681445 3.80131282202108 0.0026242815459478212
  endloop
endfacet
facet normal -0.793353339309758 0.6087614302878065 -3.393563666309455e-09
  outer loop
    vertex 39.127851580311344 4.1119729936713565 0.0026357417241773496
    vertex 38.88947364471766 3.801331917537216 0.5024693335089169
    vertex 39.127851578559046 4.111992088765361 0.5024697437625958
  endloop
endfacet
facet normal -0.2290638494864287 0.5529608869190724 -0.8011017478423897
  outer loop
    vertex 37.90382344805407 4.732136615765542 1.50254071556726
    vertex 38.217042040698765 3.413103351734937 0.5024725554112647
    vertex 37.867646303500464 4.717151551783039 1.5025223567190997
  endloop
endfacet
facet normal -0.2290638494864287 0.5529608869190724 -0.8011017478423897
  outer loop
    vertex 38.217042040698765 3.413103351734937 0.5024725554112647
    vertex 37.90382344805407 4.732136615765542 1.50254071556726
    vertex 38.5788134729933 3.5629539844600595 0.5024702925099173
  endloop
endfacet
facet normal -0.13052619223989037 0.9914448613711987 -1.571954968276212e-09
  outer loop
    vertex 37.82881347308936 3.3619920923421893 0.5024759679999695
    vertex 38.21704204361135 3.4130842546718596 0.0025870098613023592
    vertex 37.82881347667462 3.361972994259722 0.002563738358599329
  endloop
endfacet
facet normal -0.13052619223989037 0.9914448613711987 -1.571954968276212e-09
  outer loop
    vertex 38.21704204361135 3.4130842546718596 0.0025870098613023592
    vertex 37.82881347308936 3.3619920923421893 0.5024759679999695
    vertex 38.217042040698765 3.413103351734937 0.5024725554112647
  endloop
endfacet
facet normal -0.36436737360447236 -0.4748875362628172 -0.8010731832702991
  outer loop
    vertex 38.57881347273089 6.1610301973851955 0.5024936020587439
    vertex 37.93488946489307 4.968106443390266 1.50253814367117
    vertex 37.90382344634034 4.991944236153246 1.502519361682667
  endloop
endfacet
facet normal -0.36436737360447236 -0.4748875362628172 -0.8010731832702991
  outer loop
    vertex 37.93488946489307 4.968106443390266 1.50253814367117
    vertex 38.57881347273089 6.1610301973851955 0.5024936020587439
    vertex 38.889473644503404 5.922652262380243 0.5024883656758358
  endloop
endfacet
facet normal 0.5529263952614898 -0.22907055286684705 -0.8011236379188994
  outer loop
    vertex 36.52977536731666 5.611992097733999 0.5025091077859195
    vertex 37.68393456438007 4.9008632786626976 1.502407774473517
    vertex 36.3799247336114 5.2502206656338615 0.5025073562356711
  endloop
endfacet
facet normal 0.5529263952614898 -0.22907055286684705 -0.8011236379188994
  outer loop
    vertex 37.68393456438007 4.9008632786626976 1.502407774473517
    vertex 36.52977536731666 5.611992097733999 0.5025091077859195
    vertex 37.69891962810441 4.937040422062425 1.5024129156785255
  endloop
endfacet
facet normal -0.5934501165779961 0.0780892758150427 -0.8010736696061388
  outer loop
    vertex 37.97882345013654 4.862040427306788 1.5025706522953317
    vertex 39.27770221226431 4.4737635208655036 0.5024714953128441
    vertex 37.97371232413567 4.8232175705613045 1.502571075435674
  endloop
endfacet
facet normal -0.5934501165779961 0.0780892758150427 -0.8010736696061388
  outer loop
    vertex 39.27770221226431 4.4737635208655036 0.5024714953128441
    vertex 37.97882345013654 4.862040427306788 1.5025706522953317
    vertex 39.32881347278633 4.861992088595573 0.5024744687944048
  endloop
endfacet
facet normal -0.4748602414198947 -0.364409744759574 -0.801070089968975
  outer loop
    vertex 38.889473644503404 5.922652262380243 0.5024883656758358
    vertex 37.9587272594219 4.937040426729932 1.5025536055596462
    vertex 37.93488946489307 4.968106443390266 1.50253814367117
  endloop
endfacet
facet normal -0.4748602414198947 -0.364409744759574 -0.801070089968975
  outer loop
    vertex 37.9587272594219 4.937040426729932 1.5025536055596462
    vertex 38.889473644503404 5.922652262380243 0.5024883656758358
    vertex 39.127851578407544 5.611992089672852 0.5024832015368854
  endloop
endfacet
facet normal 0.22903029153420987 -0.5529762026613746 -0.801100770721113
  outer loop
    vertex 37.440584905176955 6.310880834764424 0.502506296137251
    vertex 37.753823440461666 4.991944233458459 1.5024381343419309
    vertex 37.07881347288241 6.161030202039304 0.5025085590385981
  endloop
endfacet
facet normal 0.22903029153420987 -0.5529762026613746 -0.801100770721113
  outer loop
    vertex 37.753823440461666 4.991944233458459 1.5024381343419309
    vertex 37.440584905176955 6.310880834764424 0.502506296137251
    vertex 37.79000058501527 5.006929297440962 1.5024564931900886
  endloop
endfacet
facet normal 0.3826834321404289 -0.9238795326043443 5.8017184255922295e-09
  outer loop
    vertex 37.44058491159994 6.3108617334734625 0.002510079192577457
    vertex 37.07881347288241 6.161030202039304 0.5025085590385981
    vertex 37.078813479858454 6.161011099873014 0.002489429038845066
  endloop
endfacet
facet normal 0.3826834321404289 -0.9238795326043443 5.8017184255922295e-09
  outer loop
    vertex 37.07881347288241 6.161030202039304 0.5025085590385981
    vertex 37.44058491159994 6.3108617334734625 0.002510079192577457
    vertex 37.440584905176955 6.310880834764424 0.502506296137251
  endloop
endfacet
facet normal 0.2290461131792623 0.5529355149104264 -0.8011243314169246
  outer loop
    vertex 37.753823442175396 4.7321366130707565 1.5024594882265236
    vertex 37.44058490546963 3.413103354144081 0.5024802977137505
    vertex 37.07881347314483 3.562953989114166 0.5024852494897714
  endloop
endfacet
facet normal 0.2290461131792623 0.5529355149104264 -0.8011243314169246
  outer loop
    vertex 37.44058490546963 3.413103354144081 0.5024802977137505
    vertex 37.753823442175396 4.7321366130707565 1.5024594882265236
    vertex 37.79000058692669 4.717151550388114 1.5024803103535702
  endloop
endfacet
facet normal 0.593372356316365 0.07807998410590129 -0.8011321756374455
  outer loop
    vertex 37.6788234383792 4.862040421917214 1.502408197613859
    vertex 36.37992473368982 4.473763529856546 0.5025003899790899
    vertex 36.328813473089376 4.861992097903789 0.5025043827541107
  endloop
endfacet
facet normal 0.593372356316365 0.07807998410590129 -0.8011321756374455
  outer loop
    vertex 36.37992473368982 4.473763529856546 0.5025003899790899
    vertex 37.6788234383792 4.862040421917214 1.502408197613859
    vertex 37.68393456489223 4.823217565355376 1.5024141562632374
  endloop
endfacet
facet normal -0.7933533415944884 -0.6087614273102879 -4.578568019911307e-09
  outer loop
    vertex 39.127851578407544 5.611992089672852 0.5024832015368854
    vertex 38.88947364799811 5.922633165316176 0.0026027942231519746
    vertex 39.12785158124237 5.611972993484294 0.0026205478925193384
  endloop
endfacet
facet normal -0.7933533415944884 -0.6087614273102879 -4.578568019911307e-09
  outer loop
    vertex 38.88947364799811 5.922633165316176 0.0026027942231519746
    vertex 39.127851578407544 5.611992089672852 0.5024832015368854
    vertex 38.889473644503404 5.922652262380243 0.5024883656758358
  endloop
endfacet
facet normal 0.9914448610005737 -0.13052619505506494 1.497087269234363e-08
  outer loop
    vertex 36.37992474120747 5.250201562229947 0.0024558294963639813
    vertex 36.328813473089376 4.861992097903789 0.5025043827541107
    vertex 36.32881348049868 4.8619729946440495 0.002456630039141824
  endloop
endfacet
facet normal 0.9914448610005737 -0.13052619505506494 1.497087269234363e-08
  outer loop
    vertex 36.328813473089376 4.861992097903789 0.5025043827541107
    vertex 36.37992474120747 5.250201562229947 0.0024558294963639813
    vertex 36.3799247336114 5.2502206656338615 0.5025073562356711
  endloop
endfacet
facet normal -0.9238795335592045 -0.3826834298351927 -4.465984884151602e-09
  outer loop
    vertex 39.277702212185886 5.250220656642816 0.5024784615694254
    vertex 39.12785158124237 5.611972993484294 0.0026205478925193384
    vertex 39.27770221448574 5.250201561126109 0.0026333946515131883
  endloop
endfacet
facet normal -0.9238795335592045 -0.3826834298351927 -4.465984884151602e-09
  outer loop
    vertex 39.12785158124237 5.611972993484294 0.0026205478925193384
    vertex 39.277702212185886 5.250220656642816 0.5024784615694254
    vertex 39.127851578407544 5.611992089672852 0.5024832015368854
  endloop
endfacet
facet normal -0.9238795316114581 0.3826834345374688 -3.50653162611164e-09
  outer loop
    vertex 39.127851578559046 4.111992088765361 0.5024697437625958
    vertex 39.27770221400381 4.4737444259153785 0.0026412595575158355
    vertex 39.127851580311344 4.1119729936713565 0.0026357417241773496
  endloop
endfacet
facet normal -0.9238795316114581 0.3826834345374688 -3.50653162611164e-09
  outer loop
    vertex 39.27770221400381 4.4737444259153785 0.0026412595575158355
    vertex 39.127851578559046 4.111992088765361 0.5024697437625958
    vertex 39.27770221226431 4.4737635208655036 0.5024714953128441
  endloop
endfacet
facet normal -0.3826834329472067 -0.9238795322701661 -2.8616699097025648e-09
  outer loop
    vertex 38.578813476965415 6.161011099301626 0.00258134352664174
    vertex 38.21704204040608 6.310880832355281 0.5024985538347649
    vertex 38.21704204540995 6.310861733177689 0.0025576576325038658
  endloop
endfacet
facet normal -0.3826834329472067 -0.9238795322701661 -2.8616699097025648e-09
  outer loop
    vertex 38.21704204040608 6.310880832355281 0.5024985538347649
    vertex 38.578813476965415 6.161011099301626 0.00258134352664174
    vertex 38.57881347273089 6.1610301973851955 0.5024936020587439
  endloop
endfacet
facet normal 0.9914448617655337 0.1305261892446174 1.4225101884415164e-08
  outer loop
    vertex 36.32881348049868 4.8619729946440495 0.002456630039141824
    vertex 36.37992473368982 4.473763529856546 0.5025003899790899
    vertex 36.379924740725535 4.473744427019213 0.0024636944023666276
  endloop
endfacet
facet normal 0.9914448617655337 0.1305261892446174 1.4225101884415164e-08
  outer loop
    vertex 36.37992473368982 4.473763529856546 0.5025003899790899
    vertex 36.32881348049868 4.8619729946440495 0.002456630039141824
    vertex 36.328813473089376 4.861992097903789 0.5025043827541107
  endloop
endfacet
facet normal -0.3643889876126594 0.4748368248081166 -0.8010934124762026
  outer loop
    vertex 37.934889466292326 4.755974409644739 1.502555579044928
    vertex 38.5788134729933 3.5629539844600595 0.5024702925099173
    vertex 37.90382344805407 4.732136615765542 1.50254071556726
  endloop
endfacet
facet normal -0.3643889876126594 0.4748368248081166 -0.8010934124762026
  outer loop
    vertex 38.5788134729933 3.5629539844600595 0.5024702925099173
    vertex 37.934889466292326 4.755974409644739 1.502555579044928
    vertex 38.88947364471766 3.801331917537216 0.5024693335089169
  endloop
endfacet
facet normal 0.6087614283418578 -0.7933533408029371 9.312887310806788e-09
  outer loop
    vertex 37.078813479858454 6.161011099873014 0.002489429038845066
    vertex 36.76815330115805 5.922652268962145 0.5025095180395985
    vertex 36.76815330852985 5.922633166124242 0.002472807507931995
  endloop
endfacet
facet normal 0.6087614283418578 -0.7933533408029371 9.312887310806788e-09
  outer loop
    vertex 36.76815330115805 5.922652268962145 0.5025095180395985
    vertex 37.078813479858454 6.161011099873014 0.002489429038845066
    vertex 37.07881347288241 6.161030202039304 0.5025085590385981
  endloop
endfacet
facet normal -0.5529948688932407 -0.2290959163182736 -0.8010691206781336
  outer loop
    vertex 39.127851578407544 5.611992089672852 0.5024832015368854
    vertex 37.9737123236235 4.900863283868625 1.5025646936459534
    vertex 37.9587272594219 4.937040426729932 1.5025536055596462
  endloop
endfacet
facet normal -0.5529948688932407 -0.2290959163182736 -0.8010691206781336
  outer loop
    vertex 37.9737123236235 4.900863283868625 1.5025646936459534
    vertex 39.127851578407544 5.611992089672852 0.5024832015368854
    vertex 39.277702212185886 5.250220656642816 0.5024784615694254
  endloop
endfacet
facet normal 0.7933533393098402 -0.6087614302876994 1.2307929987660044e-08
  outer loop
    vertex 36.76815330852985 5.922633166124242 0.002472807507931995
    vertex 36.52977536731666 5.611992097733999 0.5025091077859195
    vertex 36.52977537489994 5.611972994473964 0.0024613473297024667
  endloop
endfacet
facet normal 0.7933533393098402 -0.6087614302876994 1.2307929987660044e-08
  outer loop
    vertex 36.52977536731666 5.611992097733999 0.5025091077859195
    vertex 36.76815330852985 5.922633166124242 0.002472807507931995
    vertex 36.76815330115805 5.922652268962145 0.5025095180395985
  endloop
endfacet
facet normal 0.36435516765230164 0.4748021655907685 -0.8011293374701615
  outer loop
    vertex 37.72275742362267 4.755974405833736 1.5024407062380212
    vertex 37.07881347314483 3.562953989114166 0.5024852494897714
    vertex 36.7681533013723 3.8013319241191166 0.5024904858726795
  endloop
endfacet
facet normal 0.36435516765230164 0.4748021655907685 -0.8011293374701615
  outer loop
    vertex 37.07881347314483 3.562953989114166 0.5024852494897714
    vertex 37.72275742362267 4.755974405833736 1.5024407062380212
    vertex 37.753823442175396 4.7321366130707565 1.5024594882265236
  endloop
endfacet
facet normal 0.36433355496131836 -0.47485288557416994 -0.8011091047985487
  outer loop
    vertex 37.07881347288241 6.161030202039304 0.5025085590385981
    vertex 37.72275742222341 4.9681064395792625 1.5024232708642626
    vertex 36.76815330115805 5.922652268962145 0.5025095180395985
  endloop
endfacet
facet normal 0.36433355496131836 -0.47485288557416994 -0.8011091047985487
  outer loop
    vertex 37.72275742222341 4.9681064395792625 1.5024232708642626
    vertex 37.07881347288241 6.161030202039304 0.5025085590385981
    vertex 37.753823440461666 4.991944233458459 1.5024381343419309
  endloop
endfacet
facet normal -0.22904802699138507 -0.5530015690253639 -0.8010781896836536
  outer loop
    vertex 38.21704204040608 6.310880832355281 0.5024985538347649
    vertex 37.90382344634034 4.991944236153246 1.502519361682667
    vertex 37.867646301589055 5.006929298835887 1.502498539555621
  endloop
endfacet
facet normal -0.22904802699138507 -0.5530015690253639 -0.8010781896836536
  outer loop
    vertex 37.90382344634034 4.991944236153246 1.502519361682667
    vertex 38.21704204040608 6.310880832355281 0.5024985538347649
    vertex 38.57881347273089 6.1610301973851955 0.5024936020587439
  endloop
endfacet
facet normal 0.07812236069793915 0.593386251056441 -0.8011177527780565
  outer loop
    vertex 37.79000058692669 4.717151550388114 1.5024803103535702
    vertex 37.82881347308936 3.3619920923421893 0.5024759679999695
    vertex 37.44058490546963 3.413103354144081 0.5024802977137505
  endloop
endfacet
facet normal 0.07812236069793915 0.593386251056441 -0.8011177527780565
  outer loop
    vertex 37.82881347308936 3.3619920923421893 0.5024759679999695
    vertex 37.79000058692669 4.717151550388114 1.5024803103535702
    vertex 37.828823445247295 4.712040425043646 1.5025017536256122
  endloop
endfacet
facet normal 0.5529422167085721 0.22899821806342874 -0.801133397821602
  outer loop
    vertex 37.68393456489223 4.823217565355376 1.5024141562632374
    vertex 36.529775367468176 4.11199209682651 0.50249565001163
    vertex 36.37992473368982 4.473763529856546 0.5025003899790899
  endloop
endfacet
facet normal 0.5529422167085721 0.22899821806342874 -0.801133397821602
  outer loop
    vertex 36.529775367468176 4.11199209682651 0.50249565001163
    vertex 37.68393456489223 4.823217565355376 1.5024141562632374
    vertex 37.698919629093844 4.787040422494069 1.5024252443495452
  endloop
endfacet
facet normal 0.7933533415943689 0.6087614273104438 9.34699479396132e-09
  outer loop
    vertex 36.529775373968924 4.111972994661028 0.002476541161360478
    vertex 36.7681533013723 3.8013319241191166 0.5024904858726795
    vertex 36.768153307213176 3.801312822829144 0.0024942948307278417
  endloop
endfacet
facet normal 0.7933533415943689 0.6087614273104438 9.34699479396132e-09
  outer loop
    vertex 36.7681533013723 3.8013319241191166 0.5024904858726795
    vertex 36.529775373968924 4.111972994661028 0.002476541161360478
    vertex 36.529775367468176 4.11199209682651 0.50249565001163
  endloop
endfacet
facet normal -0.13052619234062499 -0.9914448613579367 -6.802982033414284e-10
  outer loop
    vertex 38.21704204540995 6.310861733177689 0.0025576576325038658
    vertex 37.82881347278636 6.361992094157172 0.5025028835485458
    vertex 37.82881347853667 6.361972993885598 0.002533350695280488
  endloop
endfacet
facet normal -0.13052619234062499 -0.9914448613579367 -6.802982033414284e-10
  outer loop
    vertex 37.82881347278636 6.361992094157172 0.5025028835485458
    vertex 38.21704204540995 6.310861733177689 0.0025576576325038658
    vertex 38.21704204040608 6.310880832355281 0.5024985538347649
  endloop
endfacet
facet normal 0.47480785135042447 -0.36437509502488247 -0.8011169043414332
  outer loop
    vertex 36.76815330115805 5.922652268962145 0.5025095180395985
    vertex 37.69891962810441 4.937040422062425 1.5024129156785255
    vertex 36.52977536731666 5.611992097733999 0.5025091077859195
  endloop
endfacet
facet normal 0.47480785135042447 -0.36437509502488247 -0.8011169043414332
  outer loop
    vertex 37.69891962810441 4.937040422062425 1.5024129156785255
    vertex 36.76815330115805 5.922652268962145 0.5025095180395985
    vertex 37.72275742222341 4.9681064395792625 1.5024232708642626
  endloop
endfacet
facet normal 0.9238795335590594 0.38268342983554293 1.2226233730282417e-08
  outer loop
    vertex 36.379924740725535 4.473744427019213 0.0024636944023666276
    vertex 36.529775367468176 4.11199209682651 0.50249565001163
    vertex 36.529775373968924 4.111972994661028 0.002476541161360478
  endloop
endfacet
facet normal 0.9238795335590594 0.38268342983554293 1.2226233730282417e-08
  outer loop
    vertex 36.529775367468176 4.11199209682651 0.50249565001163
    vertex 36.379924740725535 4.473744427019213 0.0024636944023666276
    vertex 36.37992473368982 4.473763529856546 0.5025003899790899
  endloop
endfacet
facet normal -0.0781250195338971 -0.5934304304721544 -0.8010847679942878
  outer loop
    vertex 38.21704204040608 6.310880832355281 0.5024985538347649
    vertex 37.82882344326844 5.0120404241803564 1.502477096283579
    vertex 37.82881347278636 6.361992094157172 0.5025028835485458
  endloop
endfacet
facet normal -0.0781250195338971 -0.5934304304721544 -0.8010847679942878
  outer loop
    vertex 37.82882344326844 5.0120404241803564 1.502477096283579
    vertex 38.21704204040608 6.310880832355281 0.5024985538347649
    vertex 37.867646301589055 5.006929298835887 1.502498539555621
  endloop
endfacet
facet normal 0.5933665652771689 -0.0781581103963671 -0.8011288466847545
  outer loop
    vertex 36.3799247336114 5.2502206656338615 0.5025073562356711
    vertex 37.6788234383792 4.862040421917214 1.502408197613859
    vertex 36.328813473089376 4.861992097903789 0.5025043827541107
  endloop
endfacet
facet normal 0.5933665652771689 -0.0781581103963671 -0.8011288466847545
  outer loop
    vertex 37.6788234383792 4.862040421917214 1.502408197613859
    vertex 36.3799247336114 5.2502206656338615 0.5025073562356711
    vertex 37.68393456438007 4.9008632786626976 1.502407774473517
  endloop
endfacet
facet normal -0.07813081105769117 0.5933955378136414 -0.8011100499097029
  outer loop
    vertex 37.828823445247295 4.712040425043646 1.5025017536256122
    vertex 38.217042040698765 3.413103351734937 0.5024725554112647
    vertex 37.82881347308936 3.3619920923421893 0.5024759679999695
  endloop
endfacet
facet normal -0.07813081105769117 0.5933955378136414 -0.8011100499097029
  outer loop
    vertex 38.217042040698765 3.413103351734937 0.5024725554112647
    vertex 37.828823445247295 4.712040425043646 1.5025017536256122
    vertex 37.867646303500464 4.717151551783039 1.5025223567190997
  endloop
endfacet
facet normal -0.9914448617655873 -0.13052618924421003 -4.096144538736755e-09
  outer loop
    vertex 39.32881347278633 4.861992088595573 0.5024744687944048
    vertex 39.27770221448574 5.250201561126109 0.0026333946515131883
    vertex 39.3288134747126 4.861972993501272 0.002640459014737993
  endloop
endfacet
facet normal -0.9914448617655873 -0.13052618924421003 -4.096144538736755e-09
  outer loop
    vertex 39.27770221448574 5.250201561126109 0.0026333946515131883
    vertex 39.32881347278633 4.861992088595573 0.5024744687944048
    vertex 39.277702212185886 5.250220656642816 0.5024784615694254
  endloop
endfacet
facet normal 0.13052619223987166 -0.991444861371201 2.3125102962334922e-09
  outer loop
    vertex 37.82881347853667 6.361972993885598 0.002533350695280488
    vertex 37.440584905176955 6.310880834764424 0.502506296137251
    vertex 37.44058491159994 6.3108617334734625 0.002510079192577457
  endloop
endfacet
facet normal 0.13052619223987166 -0.991444861371201 2.3125102962334922e-09
  outer loop
    vertex 37.440584905176955 6.310880834764424 0.502506296137251
    vertex 37.82881347853667 6.361972993885598 0.002533350695280488
    vertex 37.82881347278636 6.361992094157172 0.5025028835485458
  endloop
endfacet
facet normal -0.07812431014454796 -0.5934403434557548 -0.8010774937067915
  outer loop
    vertex 29.747486998143113 18.82327203377191 0.5013041460597226
    vertex 29.3592684010055 17.524450726549123 1.5012826881436878
    vertex 29.35925843052339 18.874383296194168 0.5013084757734915
  endloop
endfacet
facet normal -0.07812431014454796 -0.5934403434557548 -0.8010774937067915
  outer loop
    vertex 29.3592684010055 17.524450726549123 1.5012826881436878
    vertex 29.747486998143113 18.82327203377191 0.5013041460597226
    vertex 29.398091259326115 17.51933960156048 1.501304131415723
  endloop
endfacet
facet normal 0.0781230700769773 0.593376336872676 -0.8011250269223353
  outer loop
    vertex 29.32044554466376 17.229561852817312 1.501285902213678
    vertex 29.3592584308264 15.874383293317793 0.5012815602249356
    vertex 28.97102986320667 15.925494555740055 0.5012858899387047
  endloop
endfacet
facet normal 0.0781230700769773 0.593376336872676 -0.8011250269223353
  outer loop
    vertex 29.3592584308264 15.874383293317793 0.5012815602249356
    vertex 29.32044554466376 17.229561852817312 1.501285902213678
    vertex 29.35926840298435 17.224450727828664 1.501307345485713
  endloop
endfacet
facet normal -0.7933533387347094 0.6087614310372245 -3.3935864068943694e-09
  outer loop
    vertex 30.419918602454697 16.313723117022782 0.5012749257339114
    vertex 30.658296538048365 16.624354645532453 0.0014413341315416886
    vertex 30.419918604418463 16.31369447393101 0.0014298739533112276
  endloop
endfacet
facet normal -0.7933533387347094 0.6087614310372245 -3.3935864068943694e-09
  outer loop
    vertex 30.658296538048365 16.624354645532453 0.0014413341315416886
    vertex 30.419918602454697 16.313723117022782 0.5012749257339114
    vertex 30.65829653629608 16.624383287991026 0.5012753359875954
  endloop
endfacet
facet normal -0.36439163517202383 0.47482497358335896 -0.8010992327285185
  outer loop
    vertex 29.46533442402939 17.268384713321552 1.501361170905012
    vertex 30.109258430730332 16.075345184343238 0.5012758847349043
    vertex 29.434268405791123 17.244546919196377 1.5013463074273492
  endloop
endfacet
facet normal -0.36439163517202383 0.47482497358335896 -0.8010992327285185
  outer loop
    vertex 30.109258430730332 16.075345184343238 0.5012758847349043
    vertex 29.46533442402939 17.268384713321552 1.501361170905012
    vertex 30.419918602454697 16.313723117022782 0.5012749257339114
  endloop
endfacet
facet normal 0.22902835357594523 -0.5529868257742062 -0.8010939918501823
  outer loop
    vertex 28.97102986291399 18.823272037385625 0.5013118883621855
    vertex 29.284268398198726 17.504354535181413 1.5012437262020522
    vertex 28.609258430619445 18.673421405168728 0.5013141512635231
  endloop
endfacet
facet normal 0.22902835357594523 -0.5529868257742062 -0.8010939918501823
  outer loop
    vertex 29.284268398198726 17.504354535181413 1.5012437262020522
    vertex 28.97102986291399 18.823272037385625 0.5013118883621855
    vertex 29.320445542752335 17.51933959946809 1.501262085050204
  endloop
endfacet
facet normal 0.9238795316115592 -0.382683434537224 1.4301818510563131e-08
  outer loop
    vertex 36.52977537489994 5.611972994473964 0.0024613473297024667
    vertex 36.3799247336114 5.2502206656338615 0.5025073562356711
    vertex 36.37992474120747 5.250201562229947 0.0024558294963639813
  endloop
endfacet
facet normal 0.9238795316115592 -0.382683434537224 1.4301818510563131e-08
  outer loop
    vertex 36.3799247336114 5.2502206656338615 0.5025073562356711
    vertex 36.52977537489994 5.611972994473964 0.0024613473297024667
    vertex 36.52977536731666 5.611992097733999 0.5025091077859195
  endloop
endfacet
facet normal 0.6087614300948818 0.7933533394577944 6.082378905945843e-09
  outer loop
    vertex 36.7681533013723 3.8013319241191166 0.5024904858726795
    vertex 37.07881347824588 3.5629348888436967 0.002515745527238076
    vertex 36.768153307213176 3.801312822829144 0.0024942948307278417
  endloop
endfacet
facet normal 0.6087614300948818 0.7933533394577944 6.082378905945843e-09
  outer loop
    vertex 37.07881347824588 3.5629348888436967 0.002515745527238076
    vertex 36.7681533013723 3.8013319241191166 0.5024904858726795
    vertex 37.07881347314483 3.562953989114166 0.5024852494897714
  endloop
endfacet
facet normal 0.5933658556385554 -0.07817332014507387 -0.8011278882799057
  outer loop
    vertex 27.910369691348436 17.762611869525276 0.5013129484605815
    vertex 29.209268396116258 17.374450723146715 1.5012137894739899
    vertex 27.859258430826408 17.374383301737144 0.5013099749790221
  endloop
endfacet
facet normal 0.5933658556385554 -0.07817332014507387 -0.8011278882799057
  outer loop
    vertex 29.209268396116258 17.374450723146715 1.5012137894739899
    vertex 27.910369691348436 17.762611869525276 0.5013129484605815
    vertex 29.21437952211713 17.41327357988424 1.501213366333648
  endloop
endfacet
facet normal 0.4748294639344348 0.3643127915284115 -0.801132429819511
  outer loop
    vertex 37.698919629093844 4.787040422494069 1.5024252443495452
    vertex 36.7681533013723 3.8013319241191166 0.5024904858726795
    vertex 36.529775367468176 4.11199209682651 0.50249565001163
  endloop
endfacet
facet normal 0.4748294639344348 0.3643127915284115 -0.801132429819511
  outer loop
    vertex 36.7681533013723 3.8013319241191166 0.5024904858726795
    vertex 37.698919629093844 4.787040422494069 1.5024252443495452
    vertex 37.72275742362267 4.755974405833736 1.5024407062380212
  endloop
endfacet
facet normal 0.36433090760479037 -0.47486473766400766 -0.8011032834080528
  outer loop
    vertex 28.609258430619445 18.673421405168728 0.5013141512635231
    vertex 29.25320237996047 17.48051674105624 1.5012288627243888
    vertex 28.298598258895083 18.43504347248918 0.5013151102645159
  endloop
endfacet
facet normal 0.36433090760479037 -0.47486473766400766 -0.8011032834080528
  outer loop
    vertex 29.25320237996047 17.48051674105624 1.5012288627243888
    vertex 28.609258430619445 18.673421405168728 0.5013141512635231
    vertex 29.284268398198726 17.504354535181413 1.5012437262020522
  endloop
endfacet
facet normal -0.1305261921935011 0.9914448613773059 -1.5719618148570768e-09
  outer loop
    vertex 29.3592584308264 15.874383293317793 0.5012815602249356
    vertex 29.74748700134837 15.925465906714155 0.001392602268663237
    vertex 29.35925843441165 15.874354646376524 0.0013693307659587847
  endloop
endfacet
facet normal -0.1305261921935011 0.9914448613773059 -1.5719618148570768e-09
  outer loop
    vertex 29.74748700134837 15.925465906714155 0.001392602268663237
    vertex 29.3592584308264 15.874383293317793 0.5012815602249356
    vertex 29.747486998435804 15.92549455212634 0.5012781476362418
  endloop
endfacet
facet normal -0.6087614300949593 -0.7933533394577349 -4.127233135169192e-09
  outer loop
    vertex 38.88947364799811 5.922633165316176 0.0026027942231519746
    vertex 38.57881347273089 6.1610301973851955 0.5024936020587439
    vertex 38.578813476965415 6.161011099301626 0.00258134352664174
  endloop
endfacet
facet normal -0.6087614300949593 -0.7933533394577349 -4.127233135169192e-09
  outer loop
    vertex 38.57881347273089 6.1610301973851955 0.5024936020587439
    vertex 38.88947364799811 5.922633165316176 0.0026027942231519746
    vertex 38.889473644503404 5.922652262380243 0.5024883656758358
  endloop
endfacet
facet normal -0.4748575938050414 -0.3644230136000746 -0.801065623257125
  outer loop
    vertex 30.419918602240436 18.435043462616328 0.5012939579008161
    vertex 29.489172217158963 17.449450730369637 1.5013591974197311
    vertex 29.465334422630132 17.480516746772743 1.5013437355312595
  endloop
endfacet
facet normal -0.4748575938050414 -0.3644230136000746 -0.801065623257125
  outer loop
    vertex 29.489172217158963 17.449450730369637 1.5013591974197311
    vertex 30.419918602240436 18.435043462616328 0.5012939579008161
    vertex 30.658296536144583 18.124383289429215 0.5012887937618749
  endloop
endfacet
facet normal -0.9914448610005204 0.13052619505547117 -3.7310138850649545e-09
  outer loop
    vertex 39.27770221226431 4.4737635208655036 0.5024714953128441
    vertex 39.3288134747126 4.861972993501272 0.002640459014737993
    vertex 39.27770221400381 4.4737444259153785 0.0026412595575158355
  endloop
endfacet
facet normal -0.9914448610005204 0.13052619505547117 -3.7310138850649545e-09
  outer loop
    vertex 39.3288134747126 4.861972993501272 0.002640459014737993
    vertex 39.27770221226431 4.4737635208655036 0.5024714953128441
    vertex 39.32881347278633 4.861992088595573 0.5024744687944048
  endloop
endfacet
facet normal 0.5529441545193149 0.22898371732798029 -0.8011362051371664
  outer loop
    vertex 29.214379522629294 17.335627866684653 1.5012197481233664
    vertex 28.060220325205208 16.62438330008275 0.5013012422365526
    vertex 27.910369691426858 16.986154733473256 0.5013059822040055
  endloop
endfacet
facet normal 0.5529441545193149 0.22898371732798029 -0.8011362051371664
  outer loop
    vertex 28.060220325205208 16.62438330008275 0.5013012422365526
    vertex 29.214379522629294 17.335627866684653 1.5012197481233664
    vertex 29.229364586830904 17.29945072400815 1.5012308362096705
  endloop
endfacet
facet normal 0.36435781506296366 0.4747903125626951 -0.8011351581968935
  outer loop
    vertex 29.253202381359728 17.268384707605048 1.5012462980981418
    vertex 28.60925843088186 16.0753451913244 0.5012908417147138
    vertex 28.298598259109337 16.313723126895635 0.5012960780976112
  endloop
endfacet
facet normal 0.36435781506296366 0.4747903125626951 -0.8011351581968935
  outer loop
    vertex 28.60925843088186 16.0753451913244 0.5012908417147138
    vertex 29.253202381359728 17.268384707605048 1.5012462980981418
    vertex 29.28426839991246 17.244546915154196 1.501265080086638
  endloop
endfacet
facet normal -0.22904608892777392 -0.5530121909767265 -0.8010714111600857
  outer loop
    vertex 29.747486998143113 18.82327203377191 0.5013041460597226
    vertex 29.434268404077404 17.50435453922359 1.501324953542763
    vertex 29.398091259326115 17.51933960156048 1.501304131415723
  endloop
endfacet
facet normal -0.22904608892777392 -0.5530121909767265 -0.8010714111600857
  outer loop
    vertex 29.434268404077404 17.50435453922359 1.501324953542763
    vertex 29.747486998143113 18.82327203377191 0.5013041460597226
    vertex 30.10925843046793 18.673421398187568 0.5012991942837134
  endloop
endfacet
facet normal -0.5529929305566897 -0.22911041381341252 -0.8010663125088779
  outer loop
    vertex 30.658296536144583 18.124383289429215 0.5012887937618749
    vertex 29.504157281360573 17.413273587693133 1.5013702855060345
    vertex 29.489172217158963 17.449450730369637 1.5013591974197311
  endloop
endfacet
facet normal -0.5529929305566897 -0.22911041381341252 -0.8010663125088779
  outer loop
    vertex 29.504157281360573 17.413273587693133 1.5013702855060345
    vertex 30.658296536144583 18.124383289429215 0.5012887937618749
    vertex 30.808147169922925 17.76261185603871 0.5012840537944216
  endloop
endfacet
facet normal 0.07811586034431738 -0.5934310590813037 -0.8010851955193713
  outer loop
    vertex 29.35925843052339 18.874383296194168 0.5013084757734915
    vertex 29.320445542752335 17.51933959946809 1.501262085050204
    vertex 28.97102986291399 18.823272037385625 0.5013118883621855
  endloop
endfacet
facet normal 0.07811586034431738 -0.5934310590813037 -0.8010851955193713
  outer loop
    vertex 29.320445542752335 17.51933959946809 1.501262085050204
    vertex 29.35925843052339 18.874383296194168 0.5013084757734915
    vertex 29.3592684010055 17.524450726549123 1.5012826881436878
  endloop
endfacet
facet normal -0.5934508257078849 0.07807406856492995 -0.8010746265388441
  outer loop
    vertex 29.509268407873602 17.37445073123107 1.501376244155411
    vertex 30.808147170001345 16.98615471998669 0.5012770875378455
    vertex 29.50415728187273 17.335627874493547 1.5013766672957531
  endloop
endfacet
facet normal -0.5934508257078849 0.07807406856492995 -0.8010746265388441
  outer loop
    vertex 30.808147170001345 16.98615471998669 0.5012770875378455
    vertex 29.509268407873602 17.37445073123107 1.501376244155411
    vertex 30.85925843052337 17.374383287774823 0.5012800610194051
  endloop
endfacet
facet normal 0.5933730653955672 0.0780647741175601 -0.8011331326970833
  outer loop
    vertex 29.209268396116258 17.374450723146715 1.5012137894739899
    vertex 27.910369691426858 16.986154733473256 0.5013059822040055
    vertex 27.859258430826408 17.374383301737144 0.5013099749790221
  endloop
endfacet
facet normal 0.5933730653955672 0.0780647741175601 -0.8011331326970833
  outer loop
    vertex 27.910369691426858 16.986154733473256 0.5013059822040055
    vertex 29.209268396116258 17.374450723146715 1.5012137894739899
    vertex 29.214379522629294 17.335627866684653 1.5012197481233664
  endloop
endfacet
facet normal -0.474884503001533 0.3643341819715309 -0.80109007774165
  outer loop
    vertex 29.489172218148383 17.299450731009408 1.5013715260907463
    vertex 30.419918602454697 16.313723117022782 0.5012749257339114
    vertex 29.46533442402939 17.268384713321552 1.501361170905012
  endloop
endfacet
facet normal -0.474884503001533 0.3643341819715309 -0.80109007774165
  outer loop
    vertex 30.419918602454697 16.313723117022782 0.5012749257339114
    vertex 29.489172218148383 17.299450731009408 1.5013715260907463
    vertex 30.65829653629608 16.624383287991026 0.5012753359875954
  endloop
endfacet
facet normal -0.7933533420622566 -0.6087614267006805 -4.578586522742953e-09
  outer loop
    vertex 30.658296536144583 18.124383289429215 0.5012887937618749
    vertex 30.41991860573513 18.43501481720266 0.0014083866305158288
    vertex 30.658296538979386 18.12435464532881 0.0014261402998839948
  endloop
endfacet
facet normal -0.7933533420622566 -0.6087614267006805 -4.578586522742953e-09
  outer loop
    vertex 30.41991860573513 18.43501481720266 0.0014083866305158288
    vertex 30.658296536144583 18.124383289429215 0.5012887937618749
    vertex 30.419918602240436 18.435043462616328 0.5012939579008161
  endloop
endfacet
facet normal -0.5530126295290577 0.2290090948400245 -0.8010816850121527
  outer loop
    vertex 29.50415728187273 17.335627874493547 1.5013766672957531
    vertex 30.65829653629608 16.624383287991026 0.5012753359875954
    vertex 29.489172218148383 17.299450731009408 1.5013715260907463
  endloop
endfacet
facet normal -0.5530126295290577 0.2290090948400245 -0.8010816850121527
  outer loop
    vertex 30.65829653629608 16.624383287991026 0.5012753359875954
    vertex 29.50415728187273 17.335627874493547 1.5013766672957531
    vertex 30.808147170001345 16.98615471998669 0.5012770875378455
  endloop
endfacet
facet normal 0.5529244570569846 -0.22908505295255385 -0.801120829402135
  outer loop
    vertex 28.060220325053695 18.124383301520936 0.5013147000108319
    vertex 29.21437952211713 17.41327357988424 1.501213366333648
    vertex 27.910369691348436 17.762611869525276 0.5013129484605815
  endloop
endfacet
facet normal 0.5529244570569846 -0.22908505295255385 -0.801120829402135
  outer loop
    vertex 29.21437952211713 17.41327357988424 1.501213366333648
    vertex 28.060220325053695 18.124383301520936 0.5013147000108319
    vertex 29.229364585841473 17.449450723368376 1.501218507538655
  endloop
endfacet
facet normal 0.22904805126303368 0.5529248909259338 -0.8011311098735031
  outer loop
    vertex 29.28426839991246 17.244546915154196 1.501265080086638
    vertex 28.97102986320667 15.925494555740055 0.5012858899387047
    vertex 28.60925843088186 16.0753451913244 0.5012908417147138
  endloop
endfacet
facet normal 0.22904805126303368 0.5529248909259338 -0.8011311098735031
  outer loop
    vertex 28.97102986320667 15.925494555740055 0.5012858899387047
    vertex 29.28426839991246 17.244546915154196 1.501265080086638
    vertex 29.32044554466376 17.229561852817312 1.501285902213678
  endloop
endfacet
facet normal 0.3826834330717261 0.9238795322185884 2.9359024313384076e-09
  outer loop
    vertex 28.60925843088186 16.0753451913244 0.5012908417147138
    vertex 28.97102986753836 15.925465907157813 0.0013450238287340043
    vertex 28.609258435982895 16.075316541101124 0.001321337934594845
  endloop
endfacet
facet normal 0.3826834330717261 0.9238795322185884 2.9359024313384076e-09
  outer loop
    vertex 28.97102986753836 15.925465907157813 0.0013450238287340043
    vertex 28.60925843088186 16.0753451913244 0.5012908417147138
    vertex 28.97102986320667 15.925494555740055 0.5012858899387047
  endloop
endfacet
facet normal 0.7933533420620931 0.6087614267008938 9.347013297856838e-09
  outer loop
    vertex 28.060220331705946 16.62435464701696 0.0012821335687153658
    vertex 28.298598259109337 16.313723126895635 0.5012960780976112
    vertex 28.298598264950197 16.31369447514311 0.001299887238083531
  endloop
endfacet
facet normal 0.7933533420620931 0.6087614267008938 9.347013297856838e-09
  outer loop
    vertex 28.298598259109337 16.313723126895635 0.5012960780976112
    vertex 28.060220331705946 16.62435464701696 0.0012821335687153658
    vertex 28.060220325205208 16.62438330008275 0.5013012422365526
  endloop
endfacet
facet normal 0.3826834318967512 -0.923879532705279 5.8017315868308215e-09
  outer loop
    vertex 28.971029869336967 18.823243385631613 0.0013156715999361225
    vertex 28.609258430619445 18.673421405168728 0.5013141512635231
    vertex 28.60925843759548 18.673392752101726 0.0012950214462023838
  endloop
endfacet
facet normal 0.3826834318967512 -0.923879532705279 5.8017315868308215e-09
  outer loop
    vertex 28.609258430619445 18.673421405168728 0.5013141512635231
    vertex 28.971029869336967 18.823243385631613 0.0013156715999361225
    vertex 28.97102986291399 18.823272037385625 0.5013118883621855
  endloop
endfacet
facet normal -0.3826834318967589 0.9238795327052758 -2.692467263337337e-09
  outer loop
    vertex 29.747486998435804 15.92549455212634 0.5012781476362418
    vertex 30.109258433089856 16.075316540244042 0.0014132524223969766
    vertex 29.74748700134837 15.925465906714155 0.001392602268663237
  endloop
endfacet
facet normal -0.3826834318967589 0.9238795327052758 -2.692467263337337e-09
  outer loop
    vertex 30.109258433089856 16.075316540244042 0.0014132524223969766
    vertex 29.747486998435804 15.92549455212634 0.5012781476362418
    vertex 30.109258430730332 16.075345184343238 0.5012758847349043
  endloop
endfacet
facet normal -0.6087614278718524 0.7933533411635848 -3.2118195322780653e-09
  outer loop
    vertex 30.109258430730332 16.075345184343238 0.5012758847349043
    vertex 30.419918604418463 16.31369447393101 0.0014298739533112276
    vertex 30.109258433089856 16.075316540244042 0.0014132524223969766
  endloop
endfacet
facet normal -0.6087614278718524 0.7933533411635848 -3.2118195322780653e-09
  outer loop
    vertex 30.419918604418463 16.31369447393101 0.0014298739533112276
    vertex 30.109258430730332 16.075345184343238 0.5012758847349043
    vertex 30.419918602454697 16.313723117022782 0.5012749257339114
  endloop
endfacet
facet normal 0.0005415154974905452 -0.00015859539613156154 -0.9999998408042204
  outer loop
    vertex 29.21437952211713 17.41327357988424 1.501213366333648
    vertex 29.214379522629294 17.335627866684653 1.5012197481233664
    vertex 29.209268396116258 17.374450723146715 1.5012137894739899
  endloop
endfacet
facet normal 0.0005415154974905452 -0.00015859539613156154 -0.9999998408042204
  outer loop
    vertex 29.214379522629294 17.335627866684653 1.5012197481233664
    vertex 29.21437952211713 17.41327357988424 1.501213366333648
    vertex 29.229364585841473 17.449450723368376 1.501218507538655
  endloop
endfacet
facet normal 0.0005415154974905452 -0.00015859539613156154 -0.9999998408042204
  outer loop
    vertex 29.214379522629294 17.335627866684653 1.5012197481233664
    vertex 29.229364585841473 17.449450723368376 1.501218507538655
    vertex 29.229364586830904 17.29945072400815 1.5012308362096705
  endloop
endfacet
facet normal 0.0005415154974905452 -0.00015859539613156154 -0.9999998408042204
  outer loop
    vertex 29.229364586830904 17.29945072400815 1.5012308362096705
    vertex 29.229364585841473 17.449450723368376 1.501218507538655
    vertex 29.25320237996047 17.48051674105624 1.5012288627243888
  endloop
endfacet
facet normal 0.0005415154974905452 -0.00015859539613156154 -0.9999998408042204
  outer loop
    vertex 29.229364586830904 17.29945072400815 1.5012308362096705
    vertex 29.25320237996047 17.48051674105624 1.5012288627243888
    vertex 29.253202381359728 17.268384707605048 1.5012462980981418
  endloop
endfacet
facet normal 0.0005415154974905452 -0.00015859539613156154 -0.9999998408042204
  outer loop
    vertex 29.253202381359728 17.268384707605048 1.5012462980981418
    vertex 29.25320237996047 17.48051674105624 1.5012288627243888
    vertex 29.284268398198726 17.504354535181413 1.5012437262020522
  endloop
endfacet
facet normal 0.0005415154974905452 -0.00015859539613156154 -0.9999998408042204
  outer loop
    vertex 29.253202381359728 17.268384707605048 1.5012462980981418
    vertex 29.284268398198726 17.504354535181413 1.5012437262020522
    vertex 29.28426839991246 17.244546915154196 1.501265080086638
  endloop
endfacet
facet normal 0.0005415154974905452 -0.00015859539613156154 -0.9999998408042204
  outer loop
    vertex 29.28426839991246 17.244546915154196 1.501265080086638
    vertex 29.284268398198726 17.504354535181413 1.5012437262020522
    vertex 29.320445542752335 17.51933959946809 1.501262085050204
  endloop
endfacet
facet normal 0.0005415154974905452 -0.00015859539613156154 -0.9999998408042204
  outer loop
    vertex 29.28426839991246 17.244546915154196 1.501265080086638
    vertex 29.320445542752335 17.51933959946809 1.501262085050204
    vertex 29.32044554466376 17.229561852817312 1.501285902213678
  endloop
endfacet
facet normal 0.0005415154974905452 -0.00015859539613156154 -0.9999998408042204
  outer loop
    vertex 29.32044554466376 17.229561852817312 1.501285902213678
    vertex 29.320445542752335 17.51933959946809 1.501262085050204
    vertex 29.3592684010055 17.524450726549123 1.5012826881436878
  endloop
endfacet
facet normal 0.0005415154974905452 -0.00015859539613156154 -0.9999998408042204
  outer loop
    vertex 29.32044554466376 17.229561852817312 1.501285902213678
    vertex 29.3592684010055 17.524450726549123 1.5012826881436878
    vertex 29.35926840298435 17.224450727828664 1.501307345485713
  endloop
endfacet
facet normal 0.0005415154974905452 -0.00015859539613156154 -0.9999998408042204
  outer loop
    vertex 29.35926840298435 17.224450727828664 1.501307345485713
    vertex 29.3592684010055 17.524450726549123 1.5012826881436878
    vertex 29.398091259326115 17.51933960156048 1.501304131415723
  endloop
endfacet
facet normal 0.0005415154974905452 -0.00015859539613156154 -0.9999998408042204
  outer loop
    vertex 29.35926840298435 17.224450727828664 1.501307345485713
    vertex 29.398091259326115 17.51933960156048 1.501304131415723
    vertex 29.39809126123753 17.2295618549097 1.5013279485791944
  endloop
endfacet
facet normal 0.0005415154974905452 -0.00015859539613156154 -0.9999998408042204
  outer loop
    vertex 29.39809126123753 17.2295618549097 1.5013279485791944
    vertex 29.398091259326115 17.51933960156048 1.501304131415723
    vertex 29.434268404077404 17.50435453922359 1.501324953542763
  endloop
endfacet
facet normal 0.0005415154974905452 -0.00015859539613156154 -0.9999998408042204
  outer loop
    vertex 29.39809126123753 17.2295618549097 1.5013279485791944
    vertex 29.434268404077404 17.50435453922359 1.501324953542763
    vertex 29.434268405791123 17.244546919196377 1.5013463074273492
  endloop
endfacet
facet normal 0.0005415154974905452 -0.00015859539613156154 -0.9999998408042204
  outer loop
    vertex 29.434268405791123 17.244546919196377 1.5013463074273492
    vertex 29.434268404077404 17.50435453922359 1.501324953542763
    vertex 29.465334422630132 17.480516746772743 1.5013437355312595
  endloop
endfacet
facet normal 0.0005415154974905452 -0.00015859539613156154 -0.9999998408042204
  outer loop
    vertex 29.434268405791123 17.244546919196377 1.5013463074273492
    vertex 29.465334422630132 17.480516746772743 1.5013437355312595
    vertex 29.46533442402939 17.268384713321552 1.501361170905012
  endloop
endfacet
facet normal 0.0005415154974905452 -0.00015859539613156154 -0.9999998408042204
  outer loop
    vertex 29.46533442402939 17.268384713321552 1.501361170905012
    vertex 29.465334422630132 17.480516746772743 1.5013437355312595
    vertex 29.489172217158963 17.449450730369637 1.5013591974197311
  endloop
endfacet
facet normal 0.0005415154974905452 -0.00015859539613156154 -0.9999998408042204
  outer loop
    vertex 29.46533442402939 17.268384713321552 1.501361170905012
    vertex 29.489172217158963 17.449450730369637 1.5013591974197311
    vertex 29.489172218148383 17.299450731009408 1.5013715260907463
  endloop
endfacet
facet normal 0.0005415154974905452 -0.00015859539613156154 -0.9999998408042204
  outer loop
    vertex 29.489172218148383 17.299450731009408 1.5013715260907463
    vertex 29.489172217158963 17.449450730369637 1.5013591974197311
    vertex 29.504157281360573 17.413273587693133 1.5013702855060345
  endloop
endfacet
facet normal 0.0005415154974905452 -0.00015859539613156154 -0.9999998408042204
  outer loop
    vertex 29.489172218148383 17.299450731009408 1.5013715260907463
    vertex 29.504157281360573 17.413273587693133 1.5013702855060345
    vertex 29.50415728187273 17.335627874493547 1.5013766672957531
  endloop
endfacet
facet normal 0.0005415154974905452 -0.00015859539613156154 -0.9999998408042204
  outer loop
    vertex 29.50415728187273 17.335627874493547 1.5013766672957531
    vertex 29.504157281360573 17.413273587693133 1.5013702855060345
    vertex 29.509268407873602 17.37445073123107 1.501376244155411
  endloop
endfacet
facet normal -0.22906578767564192 0.5529502640962491 -0.8011085259516505
  outer loop
    vertex 29.434268405791123 17.244546919196377 1.5013463074273492
    vertex 29.747486998435804 15.92549455212634 0.5012781476362418
    vertex 29.39809126123753 17.2295618549097 1.5013279485791944
  endloop
endfacet
facet normal -0.22906578767564192 0.5529502640962491 -0.8011085259516505
  outer loop
    vertex 29.747486998435804 15.92549455212634 0.5012781476362418
    vertex 29.434268405791123 17.244546919196377 1.5013463074273492
    vertex 30.109258430730332 16.075345184343238 0.5012758847349043
  endloop
endfacet
facet normal -0.9238795311422722 0.38268343567018337 -3.50655697254937e-09
  outer loop
    vertex 30.65829653629608 16.624383287991026 0.5012753359875954
    vertex 30.808147171740842 16.986126077743933 0.0014468519648807964
    vertex 30.658296538048365 16.624354645532453 0.0014413341315416886
  endloop
endfacet
facet normal -0.9238795311422722 0.38268343567018337 -3.50655697254937e-09
  outer loop
    vertex 30.808147171740842 16.986126077743933 0.0014468519648807964
    vertex 30.65829653629608 16.624383287991026 0.5012753359875954
    vertex 30.808147170001345 16.98615471998669 0.5012770875378455
  endloop
endfacet
facet normal 0.13052619234022056 0.9914448613579898 3.0995261908231775e-10
  outer loop
    vertex 28.97102986320667 15.925494555740055 0.5012858899387047
    vertex 29.35925843441165 15.874354646376524 0.0013693307659587847
    vertex 28.97102986753836 15.925465907157813 0.0013450238287340043
  endloop
endfacet
facet normal 0.13052619234022056 0.9914448613579898 3.0995261908231775e-10
  outer loop
    vertex 29.35925843441165 15.874354646376524 0.0013693307659587847
    vertex 28.97102986320667 15.925494555740055 0.5012858899387047
    vertex 29.3592584308264 15.874383293317793 0.5012815602249356
  endloop
endfacet
facet normal 0.9914448619370247 0.13052618794201404 1.4225127199234849e-08
  outer loop
    vertex 27.859258438235706 17.374354647029968 0.0012622224464961384
    vertex 27.910369691426858 16.986154733473256 0.5013059822040055
    vertex 27.910369698462556 16.98612607939969 0.0012692868097210462
  endloop
endfacet
facet normal 0.9914448619370247 0.13052618794201404 1.4225127199234849e-08
  outer loop
    vertex 27.910369691426858 16.986154733473256 0.5013059822040055
    vertex 27.859258438235706 17.374354647029968 0.0012622224464961384
    vertex 27.859258430826408 17.374383301737144 0.5013099749790221
  endloop
endfacet
facet normal -0.5934436153689955 -0.07818259723115949 -0.8010693833045714
  outer loop
    vertex 30.808147169922925 17.76261185603871 0.5012840537944216
    vertex 29.509268407873602 17.37445073123107 1.501376244155411
    vertex 29.504157281360573 17.413273587693133 1.5013702855060345
  endloop
endfacet
facet normal -0.5934436153689955 -0.07818259723115949 -0.8010693833045714
  outer loop
    vertex 29.509268407873602 17.37445073123107 1.501376244155411
    vertex 30.808147169922925 17.76261185603871 0.5012840537944216
    vertex 30.85925843052337 17.374383287774823 0.5012800610194051
  endloop
endfacet
facet normal -0.36436472609935394 -0.47489938654962 -0.8010673623543387
  outer loop
    vertex 30.10925843046793 18.673421398187568 0.5012991942837134
    vertex 29.465334422630132 17.480516746772743 1.5013437355312595
    vertex 29.434268404077404 17.50435453922359 1.501324953542763
  endloop
endfacet
facet normal -0.36436472609935394 -0.47489938654962 -0.8010673623543387
  outer loop
    vertex 29.465334422630132 17.480516746772743 1.5013437355312595
    vertex 30.10925843046793 18.673421398187568 0.5012991942837134
    vertex 30.419918602240436 18.435043462616328 0.5012939579008161
  endloop
endfacet
facet normal -0.793353342530025 -0.6087614260910731 -4.57860502555427e-09
  outer loop
    vertex 17.29957639652787 14.071691209025477 0.5005833362122938
    vertex 17.0611984661184 14.382313188929043 0.0007029292633093026
    vertex 17.299576399362664 14.071653017013224 0.0007206829326782705
  endloop
endfacet
facet normal -0.793353342530025 -0.6087614260910731 -4.57860502555427e-09
  outer loop
    vertex 17.0611984661184 14.382313188929043 0.0007029292633093026
    vertex 17.29957639652787 14.071691209025477 0.5005833362122938
    vertex 17.06119846262372 14.382351382692313 0.5005885003512259
  endloop
endfacet
facet normal 0.6087614278719266 -0.7933533411635281 9.31290588928864e-09
  outer loop
    vertex 28.60925843759548 18.673392752101726 0.0012950214462023838
    vertex 28.298598258895083 18.43504347248918 0.5013151102645159
    vertex 28.29859826626687 18.435014818414757 0.0012783999152881317
  endloop
endfacet
facet normal 0.6087614278719266 -0.7933533411635281 9.31290588928864e-09
  outer loop
    vertex 28.298598258895083 18.43504347248918 0.5013151102645159
    vertex 28.60925843759548 18.673392752101726 0.0012950214462023838
    vertex 28.609258430619445 18.673421405168728 0.5013141512635231
  endloop
endfacet
facet normal -0.9914448619371035 -0.13052618794141652 -4.096169855494452e-09
  outer loop
    vertex 30.85925843052337 17.374383287774823 0.5012800610194051
    vertex 30.808147172222768 17.762583212946083 0.0014389870588783131
    vertex 30.859258432449625 17.3743546453158 0.001446051422103222
  endloop
endfacet
facet normal -0.9914448619371035 -0.13052618794141652 -4.096169855494452e-09
  outer loop
    vertex 30.808147172222768 17.762583212946083 0.0014389870588783131
    vertex 30.85925843052337 17.374383287774823 0.5012800610194051
    vertex 30.808147169922925 17.76261185603871 0.5012840537944216
  endloop
endfacet
facet normal -0.13052619234020518 -0.9914448613579919 -6.802981413691098e-10
  outer loop
    vertex 29.74748700314697 18.823243385187954 0.001363250039865356
    vertex 29.35925843052339 18.874383296194168 0.5013084757734915
    vertex 29.35925843627369 18.87435464596924 0.0013389431026405764
  endloop
endfacet
facet normal -0.13052619234020518 -0.9914448613579919 -6.802981413691098e-10
  outer loop
    vertex 29.35925843052339 18.874383296194168 0.5013084757734915
    vertex 29.74748700314697 18.823243385187954 0.001363250039865356
    vertex 29.747486998143113 18.82327203377191 0.5013041460597226
  endloop
endfacet
facet normal 0.4748321112353225 0.3642995195172252 -0.8011368960541796
  outer loop
    vertex 29.229364586830904 17.29945072400815 1.5012308362096705
    vertex 28.298598259109337 16.313723126895635 0.5012960780976112
    vertex 28.060220325205208 16.62438330008275 0.5013012422365526
  endloop
endfacet
facet normal 0.4748321112353225 0.3642995195172252 -0.8011368960541796
  outer loop
    vertex 28.298598259109337 16.313723126895635 0.5012960780976112
    vertex 29.229364586830904 17.29945072400815 1.5012308362096705
    vertex 29.253202381359728 17.268384707605048 1.5012462980981418
  endloop
endfacet
facet normal -0.07812360075623169 -0.5934502561693162 -0.8010702194298913
  outer loop
    vertex 16.3887668585264 14.77057995502844 0.5005986885101099
    vertex 16.000548261388815 13.471777748757784 1.5005772302292266
    vertex 16.000538290906675 14.821691218071065 0.500603018223867
  endloop
endfacet
facet normal -0.07812360075623169 -0.5934502561693162 -0.8010702194298913
  outer loop
    vertex 16.000548261388815 13.471777748757784 1.5005772302292266
    vertex 16.3887668585264 14.77057995502844 0.5005986885101099
    vertex 16.039371119709426 13.466666624124962 1.5005986735012549
  endloop
endfacet
facet normal -0.6087614304251421 -0.7933533392043769 -4.127246196051321e-09
  outer loop
    vertex 30.41991860573513 18.43501481720266 0.0014083866305158288
    vertex 30.10925843046793 18.673421398187568 0.5012991942837134
    vertex 30.109258434702443 18.67339275124464 0.0013869359340045147
  endloop
endfacet
facet normal -0.6087614304251421 -0.7933533392043769 -4.127246196051321e-09
  outer loop
    vertex 30.10925843046793 18.673421398187568 0.5012991942837134
    vertex 30.41991860573513 18.43501481720266 0.0014083866305158288
    vertex 30.419918602240436 18.435043462616328 0.5012939579008161
  endloop
endfacet
facet normal 0.9238795339788224 0.38268342882214573 1.2226256413933168e-08
  outer loop
    vertex 27.910369698462556 16.98612607939969 0.0012692868097210462
    vertex 28.060220325205208 16.62438330008275 0.5013012422365526
    vertex 28.060220331705946 16.62435464701696 0.0012821335687153658
  endloop
endfacet
facet normal 0.9238795339788224 0.38268342882214573 1.2226256413933168e-08
  outer loop
    vertex 28.060220325205208 16.62438330008275 0.5013012422365526
    vertex 27.910369698462556 16.98612607939969 0.0012692868097210462
    vertex 27.910369691426858 16.986154733473256 0.5013059822040055
  endloop
endfacet
facet normal -0.07813152050792538 0.5933856240316248 -0.8011173239268509
  outer loop
    vertex 29.35926840298435 17.224450727828664 1.501307345485713
    vertex 29.747486998435804 15.92549455212634 0.5012781476362418
    vertex 29.3592584308264 15.874383293317793 0.5012815602249356
  endloop
endfacet
facet normal -0.07813152050792538 0.5933856240316248 -0.8011173239268509
  outer loop
    vertex 29.747486998435804 15.92549455212634 0.5012781476362418
    vertex 29.35926840298435 17.224450727828664 1.501307345485713
    vertex 29.39809126123753 17.2295618549097 1.5013279485791944
  endloop
endfacet
facet normal 0.4748052039010778 -0.3643883661480452 -0.801112437154994
  outer loop
    vertex 28.298598258895083 18.43504347248918 0.5013151102645159
    vertex 29.229364585841473 17.449450723368376 1.501218507538655
    vertex 28.060220325053695 18.124383301520936 0.5013147000108319
  endloop
endfacet
facet normal 0.4748052039010778 -0.3643883661480452 -0.801112437154994
  outer loop
    vertex 29.229364585841473 17.449450723368376 1.501218507538655
    vertex 28.298598258895083 18.43504347248918 0.5013151102645159
    vertex 29.25320237996047 17.48051674105624 1.5012288627243888
  endloop
endfacet
facet normal -0.9914448608228406 0.13052619640508273 -3.731040110234993e-09
  outer loop
    vertex 30.808147170001345 16.98615471998669 0.5012770875378455
    vertex 30.859258432449625 17.3743546453158 0.001446051422103222
    vertex 30.808147171740842 16.986126077743933 0.0014468519648807964
  endloop
endfacet
facet normal -0.9914448608228406 0.13052619640508273 -3.731040110234993e-09
  outer loop
    vertex 30.859258432449625 17.3743546453158 0.001446051422103222
    vertex 30.808147170001345 16.98615471998669 0.5012770875378455
    vertex 30.85925843052337 17.374383287774823 0.5012800610194051
  endloop
endfacet
facet normal 0.7933533387348739 -0.6087614310370102 1.2307952718527797e-08
  outer loop
    vertex 28.29859826626687 18.435014818414757 0.0012783999152881317
    vertex 28.060220325053695 18.124383301520936 0.5013147000108319
    vertex 28.060220332636963 18.124354646813316 0.0012669397370576707
  endloop
endfacet
facet normal 0.7933533387348739 -0.6087614310370102 1.2307952718527797e-08
  outer loop
    vertex 28.060220325053695 18.124383301520936 0.5013147000108319
    vertex 28.29859826626687 18.435014818414757 0.0012783999152881317
    vertex 28.298598258895083 18.43504347248918 0.5013151102645159
  endloop
endfacet
facet normal -0.38268343307172914 -0.9238795322185873 -2.8616766380799826e-09
  outer loop
    vertex 30.109258434702443 18.67339275124464 0.0013869359340045147
    vertex 29.747486998143113 18.82327203377191 0.5013041460597226
    vertex 29.74748700314697 18.823243385187954 0.001363250039865356
  endloop
endfacet
facet normal -0.38268343307172914 -0.9238795322185873 -2.8616766380799826e-09
  outer loop
    vertex 29.747486998143113 18.82327203377191 0.5013041460597226
    vertex 30.109258434702443 18.67339275124464 0.0013869359340045147
    vertex 30.10925843046793 18.673421398187568 0.5012991942837134
  endloop
endfacet
facet normal 0.9238795311424464 -0.38268343566976254 1.430184384760896e-08
  outer loop
    vertex 28.060220332636963 18.124354646813316 0.0012669397370576707
    vertex 27.910369691348436 17.762611869525276 0.5013129484605815
    vertex 27.910369698944486 17.762583214601836 0.001261421903718564
  endloop
endfacet
facet normal 0.9238795311424464 -0.38268343566976254 1.430184384760896e-08
  outer loop
    vertex 27.910369691348436 17.762611869525276 0.5013129484605815
    vertex 28.060220332636963 18.124354646813316 0.0012669397370576707
    vertex 28.060220325053695 18.124383301520936 0.5013147000108319
  endloop
endfacet
facet normal -0.7933533381596609 0.6087614317866425 -3.3936091474792845e-09
  outer loop
    vertex 17.061198462837982 12.26103103634825 0.5005694681843356
    vertex 17.299576398431636 12.571653017233448 0.0007358767643356474
    vertex 17.061198464801738 12.260992845680843 0.0007244165861042535
  endloop
endfacet
facet normal -0.7933533381596609 0.6087614317866425 -3.3936091474792845e-09
  outer loop
    vertex 17.299576398431636 12.571653017233448 0.0007358767643356474
    vertex 17.061198462837982 12.26103103634825 0.5005694681843356
    vertex 17.299576396679367 12.571691207056594 0.5005698784380246
  endloop
endfacet
facet normal 0.6087614304250464 0.7933533392044502 6.082391967180337e-09
  outer loop
    vertex 28.298598259109337 16.313723126895635 0.5012960780976112
    vertex 28.609258435982895 16.075316541101124 0.001321337934594845
    vertex 28.298598264950197 16.31369447514311 0.001299887238083531
  endloop
endfacet
facet normal 0.6087614304250464 0.7933533392044502 6.082391967180337e-09
  outer loop
    vertex 28.609258435982895 16.075316541101124 0.001321337934594845
    vertex 28.298598259109337 16.313723126895635 0.5012960780976112
    vertex 28.60925843088186 16.0753451913244 0.5012908417147138
  endloop
endfacet
facet normal 0.13052619219348424 -0.991444861377308 2.3125171422824207e-09
  outer loop
    vertex 29.35925843627369 18.87435464596924 0.0013389431026405764
    vertex 28.97102986291399 18.823272037385625 0.5013118883621855
    vertex 28.971029869336967 18.823243385631613 0.0013156715999361225
  endloop
endfacet
facet normal 0.13052619219348424 -0.991444861377308 2.3125171422824207e-09
  outer loop
    vertex 28.97102986291399 18.823272037385625 0.5013118883621855
    vertex 29.35925843627369 18.87435464596924 0.0013389431026405764
    vertex 29.35925843052339 18.874383296194168 0.5013084757734915
  endloop
endfacet
facet normal 0.9914448608229218 -0.1305261964044655 1.497089891141503e-08
  outer loop
    vertex 27.910369698944486 17.762583214601836 0.001261421903718564
    vertex 27.859258430826408 17.374383301737144 0.5013099749790221
    vertex 27.859258438235706 17.374354647029968 0.0012622224464961384
  endloop
endfacet
facet normal 0.9914448608229218 -0.1305261964044655 1.497089891141503e-08
  outer loop
    vertex 27.859258430826408 17.374383301737144 0.5013099749790221
    vertex 27.910369698944486 17.762583214601836 0.001261421903718564
    vertex 27.910369691348436 17.762611869525276 0.5013129484605815
  endloop
endfacet
facet normal -0.9238795339790198 -0.38268342882166895 -4.466007567117947e-09
  outer loop
    vertex 30.808147169922925 17.76261185603871 0.5012840537944216
    vertex 30.658296538979386 18.12435464532881 0.0014261402998839948
    vertex 30.808147172222768 17.762583212946083 0.0014389870588783131
  endloop
endfacet
facet normal -0.9238795339790198 -0.38268342882166895 -4.466007567117947e-09
  outer loop
    vertex 30.658296538979386 18.12435464532881 0.0014261402998839948
    vertex 30.808147169922925 17.76261185603871 0.5012840537944216
    vertex 30.658296536144583 18.124383289429215 0.5012887937618749
  endloop
endfacet
facet normal 0.5529460922209352 0.2289692164400866 -0.8011390122946265
  outer loop
    vertex 15.855659383012604 13.28295488785383 1.5005142902089248
    vertex 14.701500185588495 12.571691223178892 0.5005957846869047
    vertex 14.551649551810142 12.933462656929864 0.5006005246543507
  endloop
endfacet
facet normal 0.5529460922209352 0.2289692164400866 -0.8011390122946265
  outer loop
    vertex 14.701500185588495 12.571691223178892 0.5005957846869047
    vertex 15.855659383012604 13.28295488785383 1.5005142902089248
    vertex 15.870644447214218 13.246777745362124 1.5005253782952255
  endloop
endfacet
facet normal -0.1305261921471118 0.9914448613834131 -1.5719686614345538e-09
  outer loop
    vertex 16.000538291209683 11.821691214133299 0.5005761026753314
    vertex 16.38876686173164 11.872764278596351 0.0006871449014537342
    vertex 16.00053829479492 11.82165301833323 0.0006638733987478587
  endloop
endfacet
facet normal -0.1305261921471118 0.9914448613834131 -1.5719686614345538e-09
  outer loop
    vertex 16.38876686173164 11.872764278596351 0.0006871449014537342
    vertex 16.000538291209683 11.821691214133299 0.5005761026753314
    vertex 16.388766858819086 11.872802472357643 0.5005726900866487
  endloop
endfacet
facet normal -0.2290441508597346 -0.5530228126584551 -0.8010646326210356
  outer loop
    vertex 16.3887668585264 14.77057995502844 0.5005986885101099
    vertex 16.075548264460718 13.451681562133835 1.5006194956282881
    vertex 16.039371119709426 13.466666624124962 1.5005986735012549
  endloop
endfacet
facet normal -0.2290441508597346 -0.5530228126584551 -0.8010646326210356
  outer loop
    vertex 16.075548264460718 13.451681562133835 1.5006194956282881
    vertex 16.3887668585264 14.77057995502844 0.5005986885101099
    vertex 16.750538290851214 14.620729318829838 0.5005937367341123
  endloop
endfacet
facet normal -0.4748871504011644 0.36432091202136807 -0.8010945433890938
  outer loop
    vertex 16.130452078531697 13.246777754697138 1.5006660681762567
    vertex 17.061198462837982 12.26103103634825 0.5005694681843356
    vertex 16.1066142844127 13.21571173683826 1.5006557129905256
  endloop
endfacet
facet normal -0.4748871504011644 0.36432091202136807 -0.8010945433890938
  outer loop
    vertex 17.061198462837982 12.26103103634825 0.5005694681843356
    vertex 16.130452078531697 13.246777754697138 1.5006660681762567
    vertex 17.299576396679367 12.571691207056594 0.5005698784380246
  endloop
endfacet
facet normal -0.5530145673629225 0.2289945965429517 -0.8010844918225108
  outer loop
    vertex 16.145437142256046 13.282954898265688 1.5006712093812618
    vertex 17.299576396679367 12.571691207056594 0.5005698784380246
    vertex 16.130452078531697 13.246777754697138 1.5006660681762567
  endloop
endfacet
facet normal -0.5530145673629225 0.2289945965429517 -0.8010844918225108
  outer loop
    vertex 17.299576396679367 12.571691207056594 0.5005698784380246
    vertex 16.145437142256046 13.282954898265688 1.5006712093812618
    vertex 17.449427030384626 12.933462638947775 0.5005716299882765
  endloop
endfacet
facet normal 0.36432826022065906 -0.4748765894954767 -0.8010974619568659
  outer loop
    vertex 15.250538291002732 14.620729328138053 0.5006086937138776
    vertex 15.894482240343782 13.427843762373108 1.5005234048099445
    vertex 14.939878119278363 14.382351395856118 0.5006096527148628
  endloop
endfacet
facet normal 0.36432826022065906 -0.4748765894954767 -0.8010974619568659
  outer loop
    vertex 15.894482240343782 13.427843762373108 1.5005234048099445
    vertex 15.250538291002732 14.620729328138053 0.5006086937138776
    vertex 15.925548258582033 13.451681556744264 1.500538268287603
  endloop
endfacet
facet normal 0.593365145863529 -0.07818852983919863 -0.801126929690881
  outer loop
    vertex 14.551649551731721 13.709919793256592 0.5006074909109216
    vertex 15.85054825649957 13.32177774421611 1.5005083315595502
    vertex 14.500538291209693 13.3216912254104 0.5006045174293633
  endloop
endfacet
facet normal 0.593365145863529 -0.07818852983919863 -0.801126929690881
  outer loop
    vertex 15.85054825649957 13.32177774421611 1.5005083315595502
    vertex 14.551649551731721 13.709919793256592 0.5006074909109216
    vertex 15.855659382500445 13.360600600945682 1.5005079084192086
  endloop
endfacet
facet normal 0.5529225187433775 -0.22909955288576642 -0.8011180207272968
  outer loop
    vertex 14.70150018543698 14.071691225147772 0.500609242461174
    vertex 15.855659382500445 13.360600600945682 1.5005079084192086
    vertex 14.551649551731721 13.709919793256592 0.5006074909109216
  endloop
endfacet
facet normal 0.5529225187433775 -0.22909955288576642 -0.8011180207272968
  outer loop
    vertex 15.855659382500445 13.360600600945682 1.5005079084192086
    vertex 14.70150018543698 14.071691225147772 0.500609242461174
    vertex 15.870644446224786 13.396777744514225 1.5005130496242138
  endloop
endfacet
facet normal 0.22904998934236517 0.5529142666717601 -0.8011378883145475
  outer loop
    vertex 15.92554826029577 13.191873937077531 1.5005596221721822
    vertex 15.612309723589954 11.872802477175929 0.5005804323890886
    vertex 15.250538291265144 12.02265311337453 0.500585384165086
  endloop
endfacet
facet normal 0.22904998934236517 0.5529142666717601 -0.8011378883145475
  outer loop
    vertex 15.612309723589954 11.872802477175929 0.5005804323890886
    vertex 15.92554826029577 13.191873937077531 1.5005596221721822
    vertex 15.96172540504707 13.176888875086407 1.5005804442992152
  endloop
endfacet
facet normal 0.1305261923398017 0.9914448613580451 3.099525572506067e-10
  outer loop
    vertex 15.612309723589954 11.872802477175929 0.5005804323890886
    vertex 16.00053829479492 11.82165301833323 0.0006638733987478587
    vertex 15.612309727921636 11.872764279187896 0.0006395664615216773
  endloop
endfacet
facet normal 0.1305261923398017 0.9914448613580451 3.099525572506067e-10
  outer loop
    vertex 16.00053829479492 11.82165301833323 0.0006638733987478587
    vertex 15.612309723589954 11.872802477175929 0.5005804323890886
    vertex 16.000538291209683 11.821691214133299 0.5005761026753314
  endloop
endfacet
facet normal 0.22902641561324752 -0.552997448617368 -0.8010872129637506
  outer loop
    vertex 15.61230972329728 14.770579959846726 0.5006064308125499
    vertex 15.925548258582033 13.451681556744264 1.500538268287603
    vertex 15.250538291002732 14.620729328138053 0.5006086937138776
  endloop
endfacet
facet normal 0.22902641561324752 -0.552997448617368 -0.8010872129637506
  outer loop
    vertex 15.925548258582033 13.451681556744264 1.500538268287603
    vertex 15.61230972329728 14.770579959846726 0.5006064308125499
    vertex 15.961725403135643 13.466666621335113 1.5005566271357493
  endloop
endfacet
facet normal -0.5934515347013838 0.07805886126031406 -0.801075583287442
  outer loop
    vertex 16.150548268256916 13.321777754995257 1.50067078624092
    vertex 17.449427030384626 12.933462638947775 0.5005716299882765
    vertex 16.145437142256046 13.282954898265688 1.5006712093812618
  endloop
endfacet
facet normal -0.5934515347013838 0.07805886126031406 -0.801075583287442
  outer loop
    vertex 17.449427030384626 12.933462638947775 0.5005716299882765
    vertex 16.150548268256916 13.321777754995257 1.50067078624092
    vertex 17.500538290906654 13.32169120679397 0.5005746034698352
  endloop
endfacet
facet normal -0.3826834316530603 0.9238795328062192 -2.6924804276930105e-09
  outer loop
    vertex 16.388766858819086 11.872802472357643 0.5005726900866487
    vertex 16.75053829347313 12.02261491205568 0.0007077950551888219
    vertex 16.38876686173164 11.872764278596351 0.0006871449014537342
  endloop
endfacet
facet normal -0.3826834316530603 0.9238795328062192 -2.6924804276930105e-09
  outer loop
    vertex 16.75053829347313 12.02261491205568 0.0007077950551888219
    vertex 16.388766858819086 11.872802472357643 0.5005726900866487
    vertex 16.75053829111362 12.022653104066316 0.5005704271853207
  endloop
endfacet
facet normal 0.0005415154959229013 -0.00017769646396307285 -0.999999837592454
  outer loop
    vertex 15.855659382500445 13.360600600945682 1.5005079084192086
    vertex 15.855659383012604 13.28295488785383 1.5005142902089248
    vertex 15.85054825649957 13.32177774421611 1.5005083315595502
  endloop
endfacet
facet normal 0.0005415154959229013 -0.00017769646396307285 -0.999999837592454
  outer loop
    vertex 15.855659383012604 13.28295488785383 1.5005142902089248
    vertex 15.855659382500445 13.360600600945682 1.5005079084192086
    vertex 15.870644446224786 13.396777744514225 1.5005130496242138
  endloop
endfacet
facet normal 0.0005415154959229013 -0.00017769646396307285 -0.999999837592454
  outer loop
    vertex 15.855659383012604 13.28295488785383 1.5005142902089248
    vertex 15.870644446224786 13.396777744514225 1.5005130496242138
    vertex 15.870644447214218 13.246777745362124 1.5005253782952255
  endloop
endfacet
facet normal 0.0005415154959229013 -0.00017769646396307285 -0.999999837592454
  outer loop
    vertex 15.870644447214218 13.246777745362124 1.5005253782952255
    vertex 15.870644446224786 13.396777744514225 1.5005130496242138
    vertex 15.894482240343782 13.427843762373108 1.5005234048099445
  endloop
endfacet
facet normal 0.0005415154959229013 -0.00017769646396307285 -0.999999837592454
  outer loop
    vertex 15.870644447214218 13.246777745362124 1.5005253782952255
    vertex 15.894482240343782 13.427843762373108 1.5005234048099445
    vertex 15.894482241743038 13.215711729216254 1.5005408401836917
  endloop
endfacet
facet normal 0.0005415154959229013 -0.00017769646396307285 -0.999999837592454
  outer loop
    vertex 15.894482241743038 13.215711729216254 1.5005408401836917
    vertex 15.894482240343782 13.427843762373108 1.5005234048099445
    vertex 15.925548258582033 13.451681556744264 1.500538268287603
  endloop
endfacet
facet normal 0.0005415154959229013 -0.00017769646396307285 -0.999999837592454
  outer loop
    vertex 15.894482241743038 13.215711729216254 1.5005408401836917
    vertex 15.925548258582033 13.451681556744264 1.500538268287603
    vertex 15.92554826029577 13.191873937077531 1.5005596221721822
  endloop
endfacet
facet normal 0.0005415154959229013 -0.00017769646396307285 -0.999999837592454
  outer loop
    vertex 15.92554826029577 13.191873937077531 1.5005596221721822
    vertex 15.925548258582033 13.451681556744264 1.500538268287603
    vertex 15.961725403135643 13.466666621335113 1.5005566271357493
  endloop
endfacet
facet normal 0.0005415154959229013 -0.00017769646396307285 -0.999999837592454
  outer loop
    vertex 15.92554826029577 13.191873937077531 1.5005596221721822
    vertex 15.961725403135643 13.466666621335113 1.5005566271357493
    vertex 15.96172540504707 13.176888875086407 1.5005804442992152
  endloop
endfacet
facet normal 0.0005415154959229013 -0.00017769646396307285 -0.999999837592454
  outer loop
    vertex 15.96172540504707 13.176888875086407 1.5005804442992152
    vertex 15.961725403135643 13.466666621335113 1.5005566271357493
    vertex 16.000548261388815 13.471777748757784 1.5005772302292266
  endloop
endfacet
facet normal 0.0005415154959229013 -0.00017769646396307285 -0.999999837592454
  outer loop
    vertex 15.96172540504707 13.176888875086407 1.5005804442992152
    vertex 16.000548261388815 13.471777748757784 1.5005772302292266
    vertex 16.000548263367662 13.171777750453582 1.5006018875712437
  endloop
endfacet
facet normal 0.0005415154959229013 -0.00017769646396307285 -0.999999837592454
  outer loop
    vertex 16.000548263367662 13.171777750453582 1.5006018875712437
    vertex 16.000548261388815 13.471777748757784 1.5005772302292266
    vertex 16.039371119709426 13.466666624124962 1.5005986735012549
  endloop
endfacet
facet normal 0.0005415154959229013 -0.00017769646396307285 -0.999999837592454
  outer loop
    vertex 16.000548263367662 13.171777750453582 1.5006018875712437
    vertex 16.039371119709426 13.466666624124962 1.5005986735012549
    vertex 16.03937112162084 13.176888877876255 1.5006224906647183
  endloop
endfacet
facet normal 0.0005415154959229013 -0.00017769646396307285 -0.999999837592454
  outer loop
    vertex 16.03937112162084 13.176888877876255 1.5006224906647183
    vertex 16.039371119709426 13.466666624124962 1.5005986735012549
    vertex 16.075548264460718 13.451681562133835 1.5006194956282881
  endloop
endfacet
facet normal 0.0005415154959229013 -0.00017769646396307285 -0.999999837592454
  outer loop
    vertex 16.03937112162084 13.176888877876255 1.5006224906647183
    vertex 16.075548264460718 13.451681562133835 1.5006194956282881
    vertex 16.075548266174437 13.191873942467105 1.5006408495128676
  endloop
endfacet
facet normal 0.0005415154959229013 -0.00017769646396307285 -0.999999837592454
  outer loop
    vertex 16.075548266174437 13.191873942467105 1.5006408495128676
    vertex 16.075548264460718 13.451681562133835 1.5006194956282881
    vertex 16.106614283013442 13.427843769995114 1.5006382776167788
  endloop
endfacet
facet normal 0.0005415154959229013 -0.00017769646396307285 -0.999999837592454
  outer loop
    vertex 16.075548266174437 13.191873942467105 1.5006408495128676
    vertex 16.106614283013442 13.427843769995114 1.5006382776167788
    vertex 16.1066142844127 13.21571173683826 1.5006557129905256
  endloop
endfacet
facet normal 0.0005415154959229013 -0.00017769646396307285 -0.999999837592454
  outer loop
    vertex 16.1066142844127 13.21571173683826 1.5006557129905256
    vertex 16.106614283013442 13.427843769995114 1.5006382776167788
    vertex 16.13045207754228 13.39677775384924 1.5006537395052455
  endloop
endfacet
facet normal 0.0005415154959229013 -0.00017769646396307285 -0.999999837592454
  outer loop
    vertex 16.1066142844127 13.21571173683826 1.5006557129905256
    vertex 16.13045207754228 13.39677775384924 1.5006537395052455
    vertex 16.130452078531697 13.246777754697138 1.5006660681762567
  endloop
endfacet
facet normal 0.0005415154959229013 -0.00017769646396307285 -0.999999837592454
  outer loop
    vertex 16.130452078531697 13.246777754697138 1.5006660681762567
    vertex 16.13045207754228 13.39677775384924 1.5006537395052455
    vertex 16.145437141743884 13.360600611357539 1.5006648275915453
  endloop
endfacet
facet normal 0.0005415154959229013 -0.00017769646396307285 -0.999999837592454
  outer loop
    vertex 16.130452078531697 13.246777754697138 1.5006660681762567
    vertex 16.145437141743884 13.360600611357539 1.5006648275915453
    vertex 16.145437142256046 13.282954898265688 1.5006712093812618
  endloop
endfacet
facet normal 0.0005415154959229013 -0.00017769646396307285 -0.999999837592454
  outer loop
    vertex 16.145437142256046 13.282954898265688 1.5006712093812618
    vertex 16.145437141743884 13.360600611357539 1.5006648275915453
    vertex 16.150548268256916 13.321777754995257 1.50067078624092
  endloop
endfacet
facet normal -0.47485494612330714 -0.3644362822186232 -0.8010611564324531
  outer loop
    vertex 17.06119846262372 14.382351382692313 0.5005885003512259
    vertex 16.13045207754228 13.39677775384924 1.5006537395052455
    vertex 16.106614283013442 13.427843769995114 1.5006382776167788
  endloop
endfacet
facet normal -0.47485494612330714 -0.3644362822186232 -0.8010611564324531
  outer loop
    vertex 16.13045207754228 13.39677775384924 1.5006537395052455
    vertex 17.06119846262372 14.382351382692313 0.5005885003512259
    vertex 17.29957639652787 14.071691209025477 0.5005833362122938
  endloop
endfacet
facet normal -0.36439428270378177 0.4748131221002835 -0.8011050529201384
  outer loop
    vertex 16.1066142844127 13.21571173683826 1.5006557129905256
    vertex 16.75053829111362 12.022653104066316 0.5005704271853207
    vertex 16.075548266174437 13.191873942467105 1.5006408495128676
  endloop
endfacet
facet normal -0.36439428270378177 0.4748131221002835 -0.8011050529201384
  outer loop
    vertex 16.75053829111362 12.022653104066316 0.5005704271853207
    vertex 16.1066142844127 13.21571173683826 1.5006557129905256
    vertex 17.061198462837982 12.26103103634825 0.5005694681843356
  endloop
endfacet
facet normal 0.07811515102710762 -0.5934409721965285 -0.8010779211153253
  outer loop
    vertex 16.000538290906675 14.821691218071065 0.500603018223867
    vertex 15.961725403135643 13.466666621335113 1.5005566271357493
    vertex 15.61230972329728 14.770579959846726 0.5006064308125499
  endloop
endfacet
facet normal 0.07811515102710762 -0.5934409721965285 -0.8010779211153253
  outer loop
    vertex 15.961725403135643 13.466666621335113 1.5005566271357493
    vertex 16.000538290906675 14.821691218071065 0.500603018223867
    vertex 16.000548261388815 13.471777748757784 1.5005772302292266
  endloop
endfacet
facet normal 0.36436046244600717 0.47477845927625495 -0.8011409788628949
  outer loop
    vertex 15.894482241743038 13.215711729216254 1.5005408401836917
    vertex 15.250538291265144 12.02265311337453 0.500585384165086
    vertex 14.939878119492619 12.261031049512052 0.5005906205479725
  endloop
endfacet
facet normal 0.36436046244600717 0.47477845927625495 -0.8011409788628949
  outer loop
    vertex 15.250538291265144 12.02265311337453 0.500585384165086
    vertex 15.894482241743038 13.215711729216254 1.5005408401836917
    vertex 15.92554826029577 13.191873937077531 1.5005596221721822
  endloop
endfacet
facet normal -0.552990992111064 -0.2291249111560929 -0.8010635041816184
  outer loop
    vertex 17.29957639652787 14.071691209025477 0.5005833362122938
    vertex 16.145437141743884 13.360600611357539 1.5006648275915453
    vertex 16.13045207754228 13.39677775384924 1.5006537395052455
  endloop
endfacet
facet normal -0.552990992111064 -0.2291249111560929 -0.8010635041816184
  outer loop
    vertex 16.145437141743884 13.360600611357539 1.5006648275915453
    vertex 17.29957639652787 14.071691209025477 0.5005833362122938
    vertex 17.44942703030621 13.709919775274503 0.5005785962448475
  endloop
endfacet
facet normal 0.07812377945704597 0.5933664224188416 -0.8011323010771764
  outer loop
    vertex 15.96172540504707 13.176888875086407 1.5005804442992152
    vertex 16.000538291209683 11.821691214133299 0.5005761026753314
    vertex 15.612309723589954 11.872802477175929 0.5005804323890886
  endloop
endfacet
facet normal 0.07812377945704597 0.5933664224188416 -0.8011323010771764
  outer loop
    vertex 16.000538291209683 11.821691214133299 0.5005761026753314
    vertex 15.96172540504707 13.176888875086407 1.5005804442992152
    vertex 16.000548263367662 13.171777750453582 1.5006018875712437
  endloop
endfacet
facet normal -0.6087614274018649 0.7933533415242191 -3.211838117705588e-09
  outer loop
    vertex 16.75053829111362 12.022653104066316 0.5005704271853207
    vertex 17.061198464801738 12.260992845680843 0.0007244165861042535
    vertex 16.75053829347313 12.02261491205568 0.0007077950551888219
  endloop
endfacet
facet normal -0.6087614274018649 0.7933533415242191 -3.211838117705588e-09
  outer loop
    vertex 17.061198464801738 12.260992845680843 0.0007244165861042535
    vertex 16.75053829111362 12.022653104066316 0.5005704271853207
    vertex 17.061198462837982 12.26103103634825 0.5005694681843356
  endloop
endfacet
facet normal 0.47480255638482993 -0.364401637049207 -0.8011079698556796
  outer loop
    vertex 14.939878119278363 14.382351395856118 0.5006096527148628
    vertex 15.870644446224786 13.396777744514225 1.5005130496242138
    vertex 14.70150018543698 14.071691225147772 0.500609242461174
  endloop
endfacet
facet normal 0.47480255638482993 -0.364401637049207 -0.8011079698556796
  outer loop
    vertex 15.870644446224786 13.396777744514225 1.5005130496242138
    vertex 14.939878119278363 14.382351395856118 0.5006096527148628
    vertex 15.894482240343782 13.427843762373108 1.5005234048099445
  endloop
endfacet
facet normal -0.9914448621086194 -0.13052618663862298 -4.0961951722657e-09
  outer loop
    vertex 17.500538290906654 13.32169120679397 0.5005746034698352
    vertex 17.44942703260604 13.709881584605958 0.0007335296916730567
    vertex 17.5005382928329 13.32165301697023 0.0007405940548980699
  endloop
endfacet
facet normal -0.9914448621086194 -0.13052618663862298 -4.0961951722657e-09
  outer loop
    vertex 17.44942703260604 13.709881584605958 0.0007335296916730567
    vertex 17.500538290906654 13.32169120679397 0.5005746034698352
    vertex 17.44942703030621 13.709919775274503 0.5005785962448475
  endloop
endfacet
facet normal 0.47483475846928735 0.36428624728406217 -0.8011413621759327
  outer loop
    vertex 15.870644447214218 13.246777745362124 1.5005253782952255
    vertex 14.939878119492619 12.261031049512052 0.5005906205479725
    vertex 14.701500185588495 12.571691223178892 0.5005957846869047
  endloop
endfacet
facet normal 0.47483475846928735 0.36428624728406217 -0.8011413621759327
  outer loop
    vertex 14.939878119492619 12.261031049512052 0.5005906205479725
    vertex 15.870644447214218 13.246777745362124 1.5005253782952255
    vertex 15.894482241743038 13.215711729216254 1.5005408401836917
  endloop
endfacet
facet normal 0.5933737743383484 0.07804956407470272 -0.8011340895725334
  outer loop
    vertex 15.85054825649957 13.32177774421611 1.5005083315595502
    vertex 14.551649551810142 12.933462656929864 0.5006005246543507
    vertex 14.500538291209693 13.3216912254104 0.5006045174293633
  endloop
endfacet
facet normal 0.5933737743383484 0.07804956407470272 -0.8011340895725334
  outer loop
    vertex 14.551649551810142 12.933462656929864 0.5006005246543507
    vertex 15.85054825649957 13.32177774421611 1.5005083315595502
    vertex 15.855659383012604 13.28295488785383 1.5005142902089248
  endloop
endfacet
facet normal 0.7933533381599075 -0.6087614317863209 1.2307975449409102e-08
  outer loop
    vertex 14.93987812665014 14.382313190545174 0.0005729425480738874
    vertex 14.70150018543698 14.071691225147772 0.500609242461174
    vertex 14.701500193020236 14.07165301899257 0.0005614823698424942
  endloop
endfacet
facet normal 0.7933533381599075 -0.6087614317863209 1.2307975449409102e-08
  outer loop
    vertex 14.70150018543698 14.071691225147772 0.500609242461174
    vertex 14.93987812665014 14.382313190545174 0.0005729425480738874
    vertex 14.939878119278363 14.382351395856118 0.5006096527148628
  endloop
endfacet
facet normal 0.13052619214709682 -0.991444861383415 2.3125239883313492e-09
  outer loop
    vertex 16.000538296656963 14.821653017892785 0.0006334857354302841
    vertex 15.61230972329728 14.770579959846726 0.5006064308125499
    vertex 15.612309729720243 14.770541757629664 0.0006102142327244073
  endloop
endfacet
facet normal 0.13052619214709682 -0.991444861383415 2.3125239883313492e-09
  outer loop
    vertex 15.61230972329728 14.770579959846726 0.5006064308125499
    vertex 16.000538296656963 14.821653017892785 0.0006334857354302841
    vertex 16.000538290906675 14.821691218071065 0.500603018223867
  endloop
endfacet
facet normal -0.36436207856664415 -0.47491123657810286 -0.801061541377722
  outer loop
    vertex 16.750538290851214 14.620729318829838 0.5005937367341123
    vertex 16.106614283013442 13.427843769995114 1.5006382776167788
    vertex 16.075548264460718 13.451681562133835 1.5006194956282881
  endloop
endfacet
facet normal -0.36436207856664415 -0.47491123657810286 -0.801061541377722
  outer loop
    vertex 16.106614283013442 13.427843769995114 1.5006382776167788
    vertex 16.750538290851214 14.620729318829838 0.5005937367341123
    vertex 17.06119846262372 14.382351382692313 0.5005885003512259
  endloop
endfacet
facet normal -0.9238795343988351 -0.3826834278081452 -4.4660302500707395e-09
  outer loop
    vertex 17.44942703030621 13.709919775274503 0.5005785962448475
    vertex 17.299576399362664 14.071653017013224 0.0007206829326782705
    vertex 17.44942703260604 13.709881584605958 0.0007335296916730567
  endloop
endfacet
facet normal -0.9238795343988351 -0.3826834278081452 -4.4660302500707395e-09
  outer loop
    vertex 17.299576399362664 14.071653017013224 0.0007206829326782705
    vertex 17.44942703030621 13.709919775274503 0.5005785962448475
    vertex 17.29957639652787 14.071691209025477 0.5005833362122938
  endloop
endfacet
facet normal 0.9238795306733335 -0.3826834368023011 1.4301869184641237e-08
  outer loop
    vertex 14.701500193020236 14.07165301899257 0.0005614823698424942
    vertex 14.551649551731721 13.709919793256592 0.5006074909109216
    vertex 14.55164955932776 13.70988158681363 0.000555964536502766
  endloop
endfacet
facet normal 0.9238795306733335 -0.3826834368023011 1.4301869184641237e-08
  outer loop
    vertex 14.551649551731721 13.709919793256592 0.5006074909109216
    vertex 14.701500193020236 14.07165301899257 0.0005614823698424942
    vertex 14.70150018543698 14.071691225147772 0.500609242461174
  endloop
endfacet
facet normal 0.6087614274019952 -0.7933533415241188 9.312924467777266e-09
  outer loop
    vertex 15.250538297978748 14.620691124170339 0.0005895640789893202
    vertex 14.939878119278363 14.382351395856118 0.5006096527148628
    vertex 14.93987812665014 14.382313190545174 0.0005729425480738874
  endloop
endfacet
facet normal 0.6087614274019952 -0.7933533415241188 9.312924467777266e-09
  outer loop
    vertex 14.939878119278363 14.382351395856118 0.5006096527148628
    vertex 15.250538297978748 14.620691124170339 0.0005895640789893202
    vertex 15.250538291002732 14.620729328138053 0.5006086937138776
  endloop
endfacet
facet normal -0.1305261923397854 -0.9914448613580473 -6.802980794001794e-10
  outer loop
    vertex 16.38876686353024 14.770541757038123 0.0006577926726564651
    vertex 16.000538290906675 14.821691218071065 0.500603018223867
    vertex 16.000538296656963 14.821653017892785 0.0006334857354302841
  endloop
endfacet
facet normal -0.1305261923397854 -0.9914448613580473 -6.802980794001794e-10
  outer loop
    vertex 16.000538290906675 14.821691218071065 0.500603018223867
    vertex 16.38876686353024 14.770541757038123 0.0006577926726564651
    vertex 16.3887668585264 14.77057995502844 0.5005986885101099
  endloop
endfacet
facet normal 0.7933533425298172 0.6087614260913438 9.347031801759131e-09
  outer loop
    vertex 14.701500192089217 12.571653019212793 0.0005766762014998723
    vertex 14.939878119492619 12.261031049512052 0.5005906205479725
    vertex 14.93987812533347 12.260992847296974 0.0005944298708688392
  endloop
endfacet
facet normal 0.7933533425298172 0.6087614260913438 9.347031801759131e-09
  outer loop
    vertex 14.939878119492619 12.261031049512052 0.5005906205479725
    vertex 14.701500192089217 12.571653019212793 0.0005766762014998723
    vertex 14.701500185588495 12.571691223178892 0.5005957846869047
  endloop
endfacet
facet normal -0.6087614307553247 -0.7933533389510187 -4.127259256936837e-09
  outer loop
    vertex 17.0611984661184 14.382313188929043 0.0007029292633093026
    vertex 16.750538290851214 14.620729318829838 0.5005937367341123
    vertex 16.750538295085715 14.620691123027562 0.0006814785667969087
  endloop
endfacet
facet normal -0.6087614307553247 -0.7933533389510187 -4.127259256936837e-09
  outer loop
    vertex 16.750538290851214 14.620729318829838 0.5005937367341123
    vertex 17.0611984661184 14.382313188929043 0.0007029292633093026
    vertex 17.06119846262372 14.382351382692313 0.5005885003512259
  endloop
endfacet
facet normal 0.382683433196248 0.9238795321670098 2.935909159710743e-09
  outer loop
    vertex 15.250538291265144 12.02265311337453 0.500585384165086
    vertex 15.612309727921636 11.872764279187896 0.0006395664615216773
    vertex 15.25053829636617 12.022614913198456 0.0006158805673812333
  endloop
endfacet
facet normal 0.382683433196248 0.9238795321670098 2.935909159710743e-09
  outer loop
    vertex 15.612309727921636 11.872764279187896 0.0006395664615216773
    vertex 15.250538291265144 12.02265311337453 0.500585384165086
    vertex 15.612309723589954 11.872802477175929 0.5005804323890886
  endloop
endfacet
facet normal 0.9914448606452699 -0.13052619775386606 1.497092513047288e-08
  outer loop
    vertex 14.55164955932776 13.70988158681363 0.000555964536502766
    vertex 14.500538291209693 13.3216912254104 0.5006045174293633
    vertex 14.500538298618977 13.321653019255788 0.0005567650792800722
  endloop
endfacet
facet normal 0.9914448606452699 -0.13052619775386606 1.497092513047288e-08
  outer loop
    vertex 14.500538291209693 13.3216912254104 0.5006045174293633
    vertex 14.55164955932776 13.70988158681363 0.000555964536502766
    vertex 14.551649551731721 13.709919793256592 0.5006074909109216
  endloop
endfacet
facet normal 0.608761430755211 0.7933533389511059 6.082405028404667e-09
  outer loop
    vertex 14.939878119492619 12.261031049512052 0.5005906205479725
    vertex 15.25053829636617 12.022614913198456 0.0006158805673812333
    vertex 14.93987812533347 12.260992847296974 0.0005944298708688392
  endloop
endfacet
facet normal 0.608761430755211 0.7933533389511059 6.082405028404667e-09
  outer loop
    vertex 15.25053829636617 12.022614913198456 0.0006158805673812333
    vertex 14.939878119492619 12.261031049512052 0.5005906205479725
    vertex 15.250538291265144 12.02265311337453 0.500585384165086
  endloop
endfacet
facet normal 0.3826834316530735 -0.9238795328062137 5.801744748069415e-09
  outer loop
    vertex 15.612309729720243 14.770541757629664 0.0006102142327244073
    vertex 15.250538291002732 14.620729328138053 0.5006086937138776
    vertex 15.250538297978748 14.620691124170339 0.0005895640789893202
  endloop
endfacet
facet normal 0.3826834316530735 -0.9238795328062137 5.801744748069415e-09
  outer loop
    vertex 15.250538291002732 14.620729328138053 0.5006086937138776
    vertex 15.612309729720243 14.770541757629664 0.0006102142327244073
    vertex 15.61230972329728 14.770579959846726 0.5006064308125499
  endloop
endfacet
facet normal -0.9914448606451609 0.13052619775469432 -3.73106633539148e-09
  outer loop
    vertex 17.449427030384626 12.933462638947775 0.5005716299882765
    vertex 17.5005382928329 13.32165301697023 0.0007405940548980699
    vertex 17.44942703212411 12.93342444941239 0.0007413945976753764
  endloop
endfacet
facet normal -0.9914448606451609 0.13052619775469432 -3.73106633539148e-09
  outer loop
    vertex 17.5005382928329 13.32165301697023 0.0007405940548980699
    vertex 17.449427030384626 12.933462638947775 0.5005716299882765
    vertex 17.500538290906654 13.32169120679397 0.5005746034698352
  endloop
endfacet
facet normal -0.9238795306730864 0.38268343680289796 -3.506582318987101e-09
  outer loop
    vertex 17.299576396679367 12.571691207056594 0.5005698784380246
    vertex 17.44942703212411 12.93342444941239 0.0007413945976753764
    vertex 17.299576398431636 12.571653017233448 0.0007358767643356474
  endloop
endfacet
facet normal -0.9238795306730864 0.38268343680289796 -3.506582318987101e-09
  outer loop
    vertex 17.44942703212411 12.93342444941239 0.0007413945976753764
    vertex 17.299576396679367 12.571691207056594 0.5005698784380246
    vertex 17.449427030384626 12.933462638947775 0.5005716299882765
  endloop
endfacet
facet normal 0.9238795343985852 0.38268342780874837 1.2226279097583912e-08
  outer loop
    vertex 14.55164955884583 12.933424451620063 0.0005638294425050841
    vertex 14.701500185588495 12.571691223178892 0.5005957846869047
    vertex 14.701500192089217 12.571653019212793 0.0005766762014998723
  endloop
endfacet
facet normal 0.9238795343985852 0.38268342780874837 1.2226279097583912e-08
  outer loop
    vertex 14.701500185588495 12.571691223178892 0.5005957846869047
    vertex 14.55164955884583 12.933424451620063 0.0005638294425050841
    vertex 14.551649551810142 12.933462656929864 0.5006005246543507
  endloop
endfacet
facet normal 0.9914448621085156 0.13052618663941065 1.422515251405453e-08
  outer loop
    vertex 14.500538298618977 13.321653019255788 0.0005567650792800722
    vertex 14.551649551810142 12.933462656929864 0.5006005246543507
    vertex 14.55164955884583 12.933424451620063 0.0005638294425050841
  endloop
endfacet
facet normal 0.9914448621085156 0.13052618663941065 1.422515251405453e-08
  outer loop
    vertex 14.551649551810142 12.933462656929864 0.5006005246543507
    vertex 14.500538298618977 13.321653019255788 0.0005567650792800722
    vertex 14.500538291209693 13.3216912254104 0.5006045174293633
  endloop
endfacet
facet normal -0.5934429055435063 -0.07819780418714956 -0.8010684248429653
  outer loop
    vertex 17.44942703030621 13.709919775274503 0.5005785962448475
    vertex 16.150548268256916 13.321777754995257 1.50067078624092
    vertex 16.145437141743884 13.360600611357539 1.5006648275915453
  endloop
endfacet
facet normal -0.5934429055435063 -0.07819780418714956 -0.8010684248429653
  outer loop
    vertex 16.150548268256916 13.321777754995257 1.50067078624092
    vertex 17.44942703030621 13.709919775274503 0.5005785962448475
    vertex 17.500538290906654 13.32169120679397 0.5005746034698352
  endloop
endfacet
facet normal -0.07813222995919078 0.5933757099795521 -0.8011245979545669
  outer loop
    vertex 16.000548263367662 13.171777750453582 1.5006018875712437
    vertex 16.388766858819086 11.872802472357643 0.5005726900866487
    vertex 16.000538291209683 11.821691214133299 0.5005761026753314
  endloop
endfacet
facet normal -0.07813222995919078 0.5933757099795521 -0.8011245979545669
  outer loop
    vertex 16.388766858819086 11.872802472357643 0.5005726900866487
    vertex 16.000548263367662 13.171777750453582 1.5006018875712437
    vertex 16.03937112162084 13.176888877876255 1.5006224906647183
  endloop
endfacet
facet normal -0.3826834331962514 -0.9238795321670084 -2.8616833664557055e-09
  outer loop
    vertex 16.750538295085715 14.620691123027562 0.0006814785667969087
    vertex 16.3887668585264 14.77057995502844 0.5005986885101099
    vertex 16.38876686353024 14.770541757038123 0.0006577926726564651
  endloop
endfacet
facet normal -0.3826834331962514 -0.9238795321670084 -2.8616833664557055e-09
  outer loop
    vertex 16.3887668585264 14.77057995502844 0.5005986885101099
    vertex 16.750538295085715 14.620691123027562 0.0006814785667969087
    vertex 16.750538290851214 14.620729318829838 0.5005937367341123
  endloop
endfacet
facet normal -0.22906772586042 0.5529396410037802 -0.8011153040453953
  outer loop
    vertex 16.075548266174437 13.191873942467105 1.5006408495128676
    vertex 16.388766858819086 11.872802472357643 0.5005726900866487
    vertex 16.03937112162084 13.176888877876255 1.5006224906647183
  endloop
endfacet
facet normal -0.22906772586042 0.5529396410037802 -0.8011153040453953
  outer loop
    vertex 16.388766858819086 11.872802472357643 0.5005726900866487
    vertex 16.075548266174437 13.191873942467105 1.5006408495128676
    vertex 16.75053829111362 12.022653104066316 0.5005704271853207
  endloop
endfacet
endsolid UpB_Rid 7021
